# VPXTOOL table OBJ file
# VPXTOOL OBJ file
# numVerts: 1562 numFaces: 1489
o playfield_mesh
v 158.4331 468.10867 0.125862
v 167.9016 458.79742 0.000035
v 158.44975 468.90433 0.000035
v 136.83893 474.58136 0.000036
v 149.82689 472.47748 0.125863
v 150.56335 472.9123 0.000036
v 162.35225 415.8552 4.700047
v 166.19183 415.4222 4.700047
v 161.29382 416.98767 5.725169
v 903.1395 289.53763 0.486677
v 913.8312 286.26614 0.486677
v 903.3338 289.85593 1.026994
v 620.51685 903.69464 4.206028
v 637.5942 813.19714 4.20602
v 621.4754 905.0177 1.178773
v 619.08093 910.1248 1.165821
v 618.2316 908.5538 4.206028
v 620.3466 907.6804 1.175073
v 897.3126 414.93 0.125859
v 897.00543 415.4759 0.000032
v 888.7416 406.92517 0.125858
v 162.5595 384.64636 4.572368
v 161.92111 384.73148 4.700045
v 163.10721 384.59085 4.211539
v 548.9581 902.33093 1.058497
v 550.7197 901.4631 3.253071
v 552.0428 903.4356 1.086253
v 891.53754 363.87378 4.82587
v 891.93536 364.2457 5.186698
v 885.37573 373.3571 4.825872
v 166.62297 458.62903 0.48669
v 158.42015 467.43512 0.48669
v 166.15112 458.68643 1.027007
v 834.35925 314.5324 0.000066
v 884.58374 316.1908 0.000024
v 834.35925 365.54395 0.000088
v 130.48651 409.93393 6.361706
v 130.44765 409.80255 5.725169
v 141.35945 408.62012 6.361706
v 615.9501 911.56256 3.160552
v 616.4293 912.67834 1.154719
v 613.16895 912.8708 3.160552
v 99.96971 392.20154 0.125857
v 100.510025 392.17932 0.486685
v 107.539696 447.29904 0.125861
v 883.801 397.20502 0.125857
v 882.49646 387.6625 0.125856
v 884.3154 396.99408 0.486685
v 134.04854 356.3852 0.486682
v 134.07813 355.8412 0.125854
v 144.91594 358.9184 0.486682
v 631.053 798.9565 4.896219
v 631.1955 798.838 4.280035
v 633.7713 800.4553 4.896218
v 545.28326 888.86743 4.905478
v 545.24255 891.8299 4.905478
v 545.1019 888.9211 4.300397
v 550.93994 901.28357 3.711971
v 548.4216 899.2981 4.292996
v 551.1638 901.1504 4.291146
v 944.5182 399.8215 0.488536
v 946.6517 391.05615 0.488535
v 945.05664 399.8992 0.125857
v 123.14782 358.2023 1.663536
v 113.37771 363.1558 1.663537
v 123.10711 358.0709 1.026999
v 614.09595 915.42615 0.087038
v 613.885 914.86926 0.334991
v 617.1177 914.00323 0.087038
v 613.0264 912.4471 4.255989
v 610.26746 913.0133 4.255989
v 612.98206 912.3157 4.879575
v 561.64453 791.37726 0.310927
v 562.09235 791.6974 0.656952
v 559.9792 794.2546 0.081477
v 111.2479 455.96265 1.027006
v 108.420494 447.0992 1.027006
v 111.35337 455.86456 1.661693
v 946.8848 309.163 4.572361
v 948.1727 319.5974 4.572362
v 946.276 309.34988 4.700039
v 636.43585 803.1902 4.280035
v 636.29333 803.3012 4.896219
v 633.9137 800.3406 4.280035
v 913.95514 287.26904 4.213383
v 913.9107 286.90268 3.673066
v 924.71704 287.83527 4.213383
v 621.02014 908.1319 0.344243
v 621.50867 908.4372 0.088888
v 619.71747 910.68915 0.342392
v 562.8843 796.8581 4.896219
v 562.9065 796.9747 5.449488
v 911.322 353.12662 4.700043
v 886.0696 321.69388 4.574214
v 947.5288 319.57333 4.70004
v 622.64484 905.74304 0.088888
v 623.15924 906.0151 0.000069
v 559.47217 793.9826 0.00006
v 559.9792 794.2546 0.081477
v 540.27423 889.3356 0.000067
v 108.26691 436.25958 5.467965
v 108.13109 438.33005 23.500113
v 107.59891 439.5644 4.70005
v 610.7264 914.9987 0.695819
v 607.14954 914.6934 0.684717
v 610.682 914.63794 1.128813
v 894.60736 296.4248 1.026994
v 894.3816 296.12692 0.486677
v 903.3338 289.85593 1.026994
v 885.2147 316.27408 0.125852
v 887.7146 305.41592 0.125851
v 636.65234 803.0292 3.691609
v 636.43585 803.1902 4.280035
v 634.10803 800.15924 3.691608
v 148.63893 471.77798 1.663545
v 158.4072 466.8245 1.663545
v 148.78511 471.86496 1.027008
v 545.06305 891.88727 4.298546
v 545.596 895.39374 4.298547
v 544.7911 891.952 3.728623
v 101.00038 392.159 3.036536
v 102.26235 400.8022 4.700047
v 107.68033 433.27856 4.70005
v 631.27875 795.11505 0.079628
v 575.43555 784.15326 0.079627
v 631.4879 794.5877 0.00006
v 903.48004 290.08908 3.673066
v 913.9107 286.90268 3.673066
v 903.64844 290.4166 4.213383
v 112.35444 422.30753 4.825876
v 120.0891 414.04736 4.825874
v 112.811485 422.60547 5.186704
v 942.08124 299.7278 4.572361
v 946.8848 309.163 4.572361
v 941.5724 300.11267 4.700039
v 110.937035 456.1754 0.486689
v 117.44859 464.86862 0.486691
v 924.8614 287.21167 1.026994
v 924.94464 286.8527 0.486677
v 934.99786 291.51944 1.026993
v 639.2577 801.25464 0.307227
v 638.7562 801.5322 0.647701
v 636.33777 797.96466 0.307227
v 100.87086 392.16452 1.027002
v 108.06706 447.17877 0.486689
v 576.1942 787.6024 3.687906
v 629.3266 798.0294 3.687908
v 576.2701 787.84296 4.278184
v 884.6596 396.8368 1.027002
v 884.778 396.7572 1.66169
v 889.58905 406.53287 1.027002
v 563.99084 794.01776 5.449487
v 562.8843 796.8581 4.896219
v 563.976 793.91785 4.896218
v 637.9513 805.83075 3.691609
v 638.44354 808.7914 3.689759
v 637.7256 805.96765 4.280035
v 897.7179 414.12506 1.027004
v 897.56244 414.45444 0.486687
v 122.8425 357.1975 0.125854
v 112.67456 362.3564 0.125855
v 122.65747 356.58688 0.000027
v 563.58 788.4314 0.309076
v 563.9538 788.8681 0.649549
v 886.11035 316.39435 1.026996
v 888.56946 305.712 1.026995
v 886.238 316.41098 1.661683
v 949.2219 319.7269 3.030979
v 949.0887 319.68066 3.669367
v 947.8896 308.85583 3.032829
v 546.92456 897.66235 4.294847
v 546.6655 897.77527 3.721222
v 545.596 895.39374 4.298547
v 883.52716 387.61255 1.661688
v 884.778 396.7572 4.700046
v 630.96423 798.9824 5.445788
v 631.053 798.9565 4.896219
v 633.70465 800.48676 5.447639
v 930.35706 417.04684 0.000032
v 929.9833 416.49545 0.125859
v 938.6728 410.78882 0.000031
v 105.892845 371.14954 1.661687
v 105.807724 371.03113 1.027
v 633.30865 796.3252 0.307227
v 633.60657 795.7978 0.079628
v 949.51056 308.43207 0.000023
v 950.891 319.68622 0.000024
v 948.90173 308.60233 0.12585
v 153.86076 365.35593 3.034684
v 153.86076 365.35593 1.663538
v 160.43524 374.11572 3.032834
v 630.96423 798.9824 5.445788
v 633.70465 800.48676 5.447639
v 630.96423 798.9824 23.50014
v 546.375 897.9251 3.266024
v 545.3277 895.48627 3.724923
v 639.79614 800.95123 0.079627
v 641.18396 803.9877 0.079628
v 892.2037 364.49548 5.725165
v 892.3036 364.58987 6.361702
v 886.2121 373.71976 5.725166
v 613.0264 912.4471 4.255989
v 612.98206 912.3157 4.879575
v 615.77423 911.1518 4.255988
v 541.403 896.88336 0.075934
v 540.7775 892.80133 0.075933
v 541.9932 896.6594 0.292431
v 541.38635 892.7199 0.288729
v 541.4474 889.4003 0.286879
v 541.95624 892.63855 0.608849
v 642.29974 807.3776 0.000061
v 642.0555 810.9896 0.000061
v 641.73724 807.47754 0.081479
v 924.8318 287.34308 3.036528
v 913.89404 286.76758 3.036528
v 924.8318 287.34308 1.663531
v 170.82338 439.54773 4.700048
v 170.82338 439.54773 23.500114
v 170.58096 434.64047 23.500113
v 560.501 794.5544 0.314628
v 540.8386 889.367 0.074083
v 141.35945 408.62012 23.50011
v 130.48651 409.93393 23.50011
v 163.61607 384.5964 1.665389
v 163.61607 384.5964 3.030985
v 160.43524 374.11572 1.665388
v 615.70215 910.9834 23.500149
v 615.70215 910.9834 5.425441
v 612.9654 912.2694 23.500149
v 158.4072 466.8245 4.700051
v 148.63893 471.77798 4.700052
v 158.4072 466.8245 23.500116
v 111.35337 455.86456 23.500114
v 117.925995 464.62436 23.500116
v 111.35337 455.86456 4.70005
v 622.1434 905.4581 0.344243
v 621.7326 905.2046 0.727275
v 640.89526 810.89526 0.314629
v 888.7046 305.73975 3.03653
v 886.238 316.41098 3.03653
v 888.7046 305.73975 1.661683
v 947.8896 308.85583 1.665383
v 948.0228 308.83176 1.026995
v 949.2219 319.7269 1.665384
v 149.20331 472.11108 0.486691
v 158.41089 466.98358 1.027007
v 619.43994 906.22974 23.500147
v 619.43994 906.22974 4.206028
v 618.2316 908.5538 23.500149
v 123.14782 358.2023 3.036533
v 134.02078 356.88852 3.036533
v 572.3824 783.996 0.079627
v 575.43 783.5852 0.000059
v 137.76598 473.0918 4.700052
v 148.63893 471.77798 23.500114
v 554.4002 902.1477 23.500149
v 554.4002 902.1477 5.449496
v 551.48584 901.08563 23.500149
v 934.91095 291.62488 1.663532
v 934.91095 291.62488 3.034678
v 165.89206 458.83075 1.663545
v 165.89206 458.83075 4.700051
v 170.1924 448.75717 1.665394
v 638.2492 811.76495 3.689759
v 638.2178 808.90424 4.278186
v 638.51385 811.6243 3.216056
v 101.0966 381.16574 0.486684
v 108.54631 447.06958 1.661693
v 108.54631 447.06958 3.03654
v 929.2487 415.64798 4.700047
v 929.2487 415.64798 1.663541
v 918.77356 418.8473 4.700047
v 167.2373 458.6679 0.125862
v 164.63008 384.3984 0.127707
v 161.3882 373.69012 0.125856
v 165.25368 384.2689 0.000029
v 163.10721 384.59085 4.211539
v 162.5595 384.64636 4.572368
v 159.98375 374.34518 4.211539
v 576.2701 787.84296 4.278184
v 629.1693 798.2237 4.278185
v 576.3534 788.0076 4.896218
v 137.76598 473.0918 1.663545
v 137.55318 473.2065 1.027008
v 127.09843 470.6067 1.663545
v 99.333176 392.22745 0.00003
v 100.56554 381.07324 0.125856
v 640.2902 800.6699 0.00006
v 639.79614 800.95123 0.079627
v 637.0853 797.0598 0.00006
v 945.05664 399.8992 0.125857
v 947.18646 391.17456 0.127707
v 945.6673 400.03613 0.00003
v 572.46936 784.5936 0.307226
v 575.4503 784.7528 0.307226
v 572.55634 785.13763 0.647699
v 575.4707 785.29126 0.64955
v 630.8403 796.1587 0.649551
v 575.4966 785.68536 1.051087
v 567.55096 789.2289 3.687907
v 570.4358 787.7671 3.687906
v 567.6935 789.46204 4.278185
v 170.66425 449.07358 0.488539
v 170.31082 448.87744 1.027006
v 171.32298 439.60693 0.488539
v 548.4216 899.2981 4.292996
v 548.1773 899.42395 3.715671
v 546.92456 897.66235 4.294847
v 568.96655 784.305 0.079627
v 572.3065 783.4335 0.00006
v 569.3274 785.43005 0.645849
v 572.55634 785.13763 0.647699
v 569.46436 785.84454 1.045535
v 551.57465 904.19617 0.318337
v 551.8393 903.7446 0.669913
v 607.1181 915.1912 0.325739
v 551.0232 905.2342 0.000068
v 551.2878 904.7198 0.083336
v 607.0293 916.3366 0.000069
v 572.55634 785.13763 0.647699
v 575.4707 785.29126 0.64955
v 572.6303 785.54474 1.047386
v 108.9349 432.95474 6.361709
v 159.49893 374.59128 4.572367
v 158.929 374.87994 4.700044
v 943.6929 298.3807 0.12585
v 943.2803 298.73785 0.486678
v 924.94464 286.8527 0.486677
v 925.0668 286.32166 0.125849
v 935.21625 291.2178 0.486677
v 560.95984 794.8375 0.664354
v 560.501 794.5544 0.314628
v 562.4217 791.9435 1.06404
v 548.34015 903.0563 0.310935
v 548.6899 902.6344 0.653259
v 551.2878 904.7198 0.083336
v 613.6981 914.38074 0.705071
v 610.7264 914.9987 0.695819
v 613.56116 914.0347 1.141766
v 620.3466 907.6804 1.175073
v 620.61304 907.8655 0.725425
v 565.60626 791.17926 4.278185
v 565.70245 791.3402 4.898069
v 563.8761 793.75684 4.274483
v 573.3705 787.1879 3.214204
v 576.14056 787.323 3.214204
v 573.4501 787.47656 3.687906
v 552.0428 903.4356 1.086253
v 553.6767 902.5419 3.24937
v 607.1662 914.3493 1.110309
v 834.35925 270.25 0.000044
v 887.1243 305.19388 0.000023
v 641.4856 810.9415 0.081479
v 137.30339 473.5303 0.486691
v 127.08548 470.7473 1.027008
v 144.75494 359.25333 1.026999
v 153.93108 365.23566 1.026999
v 144.68648 359.3736 1.663537
v 137.05173 474.01328 0.125863
v 126.98925 471.0989 0.486691
v 563.58 788.4314 0.309076
v 566.1484 787.0325 0.645849
v 638.22144 805.69006 3.219757
v 638.71 808.69147 3.217907
v 637.9513 805.83075 3.691609
v 613.0912 912.64136 3.652759
v 610.3193 913.2131 3.652759
v 161.19945 417.08755 23.500113
v 161.19945 417.08755 6.361707
v 167.77391 425.84738 23.50011
v 544.4561 901.89233 0.000068
v 544.8595 901.5001 0.079635
v 547.61664 903.9926 0.000068
v 629.0305 798.3458 4.896219
v 628.9288 798.3754 5.445788
v 576.3534 788.0076 4.896218
v 548.7195 899.24817 5.451346
v 548.6122 899.23706 4.901777
v 547.19476 897.6068 5.453197
v 559.47217 793.9826 0.00006
v 560.67303 790.71106 0.00006
v 561.1467 791.0312 0.081477
v 168.38086 425.65924 5.331035
v 544.408 898.68933 1.012236
v 546.375 897.9251 3.266024
v 546.029 900.4065 1.034442
v 544.4691 892.01306 3.278976
v 544.52094 888.9932 3.284527
v 171.8337 449.5658 0.000034
v 171.199 449.31412 0.125861
v 929.9833 416.49545 0.125859
v 929.6409 416.03467 0.486687
v 938.33594 410.22446 0.125858
v 544.408 898.68933 1.012236
v 543.9824 898.87067 0.625503
v 542.97766 896.28015 0.997433
v 134.02817 356.75342 1.026999
v 620.3466 907.6804 1.175073
v 621.4754 905.0177 1.178773
v 548.1773 899.42395 3.715671
v 547.9164 899.5942 3.258623
v 546.6655 897.77527 3.721222
v 885.75134 316.34622 0.48668
v 888.2235 305.59726 0.486679
v 889.23566 406.67538 0.486686
v 562.4217 791.9435 1.06404
v 561.2874 795.0577 1.075143
v 918.97894 420.5219 0.000032
v 638.51385 811.6243 3.216056
v 640.0071 810.836 1.075143
v 111.821526 421.95782 4.700047
v 164.09903 384.50574 0.488535
v 160.89783 373.9196 0.488534
v 565.4471 790.9609 3.684206
v 565.60626 791.17926 4.278185
v 563.70404 793.5589 3.678655
v 110.467026 456.47336 0.125861
v 106.919815 447.43784 0.000034
v 108.54631 447.06958 23.500114
v 163.4773 384.57233 3.669373
v 160.31311 374.1768 3.671222
v 948.7204 319.63626 4.211535
v 948.1727 319.5974 4.572362
v 947.4066 309.00388 4.211534
v 907.45654 419.91498 0.000031
v 907.6009 419.29324 0.125859
v 573.5426 787.7208 4.278184
v 573.4501 787.47656 3.687906
v 576.1942 787.6024 3.687906
v 543.9824 898.87067 0.625503
v 543.44586 899.11676 0.296131
v 542.5447 896.44666 0.616251
v 55.590485 386.844 0.000099
v 55.590485 445.141 0.000127
v 900.5749 357.06613 4.82587
v 900.2862 356.49808 4.700043
v 545.7107 900.6952 0.638456
v 548.34015 903.0563 0.310935
v 545.2999 901.0801 0.303534
v 632.81647 797.15234 1.049237
v 633.0311 796.8008 0.6477
v 635.69934 798.7326 1.049237
v 630.8403 796.1587 0.649551
v 631.0512 795.66833 0.307227
v 569.15344 784.8897 0.307226
v 572.46936 784.5936 0.307226
v 569.3274 785.43005 0.645849
v 636.65234 803.0292 3.691609
v 637.9513 805.83075 3.691609
v 894.0263 295.7087 0.125849
v 903.1395 289.53763 0.486677
v 562.381 796.35297 3.19015
v 562.60114 796.5213 3.673104
v 572.46936 784.5936 0.307226
v 569.15344 784.8897 0.307226
v 144.48848 359.83804 4.211538
v 153.51472 365.72418 4.211539
v 144.27568 360.3395 4.574216
v 108.33907 433.10834 5.186705
v 546.029 900.4065 1.034442
v 548.9581 902.33093 1.058497
v 548.1773 899.42395 3.715671
v 550.7197 901.4631 3.253071
v 547.9164 899.5942 3.258623
v 160.56291 374.0695 1.027
v 562.78436 787.5358 0.000059
v 563.16925 787.96326 0.079626
v 924.8003 287.4763 3.673066
v 934.8369 291.73962 3.671216
v 924.71704 287.83527 4.213383
v 907.72296 418.76218 0.486687
v 897.56244 414.45444 0.486687
v 907.8062 418.4032 1.027003
v 163.74374 384.5742 1.028852
v 621.7326 905.2046 0.727275
v 946.6517 391.05615 0.488535
v 946.29456 390.9636 1.028852
v 949.7123 319.72137 0.48853
v 101.457436 381.21756 1.027001
v 883.39764 387.61996 1.027001
v 947.75824 308.8965 3.671217
v 101.74055 381.212 3.673073
v 106.00757 371.22354 3.673073
v 102.11803 381.24902 4.21339
v 610.84296 916.096 0.085187
v 165.89206 458.83075 23.500114
v 170.1924 448.75717 4.70005
v 123.294 358.68524 4.213388
v 123.18668 358.33182 3.673071
v 133.99301 357.39365 4.213388
v 612.98206 912.3157 4.879575
v 612.9654 912.2694 5.425442
v 615.7206 911.02594 4.879574
v 563.99084 794.01776 23.500141
v 562.9065 796.9747 23.50014
v 563.99084 794.01776 5.449487
v 565.4471 790.9609 3.684206
v 567.6935 789.46204 4.278185
v 638.0679 809.01337 4.89622
v 637.8754 811.96295 4.894369
v 638.01794 809.10223 5.445788
v 573.7091 787.94104 5.447637
v 573.7091 787.94104 23.50014
v 570.6985 788.226 5.449487
v 610.9003 916.66595 0.000069
v 564.2332 789.20483 1.052938
v 563.9538 788.8681 0.649549
v 566.4352 787.373 1.047386
v 548.7195 899.24817 5.451346
v 551.48584 901.08563 5.449496
v 551.35443 901.0801 4.901778
v 117.925995 464.62436 1.661695
v 117.925995 464.62436 4.700051
v 161.9174 416.3215 4.825875
v 152.43965 410.1393 4.825875
v 544.8337 888.96545 3.732324
v 545.06305 891.88727 4.298546
v 153.76823 365.45587 3.671221
v 937.9955 409.0587 4.700047
v 554.34467 902.17914 4.899927
v 551.48584 901.08563 5.449496
v 554.4002 902.1477 5.449496
v 555.60114 902.3864 4.206028
v 554.1874 902.26434 4.289295
v 554.34467 902.17914 4.899927
v 555.60114 902.3864 4.206028
v 554.34467 902.17914 4.899927
v 555.60114 902.3864 4.206028
v 553.9542 902.39197 3.71012
v 554.1874 902.26434 4.289295
v 553.9542 902.39197 3.71012
v 565.0456 785.6595 0.000059
v 606.872 912.55066 4.206029
v 561.2874 795.0577 1.075143
v 542.4392 889.4466 0.977078
v 606.872 912.55066 23.500149
v 609.0074 912.732 4.206029
v 551.8393 903.7446 0.669913
v 548.9581 902.33093 1.058497
v 552.0428 903.4356 1.086253
v 511.1978 961.5218 0.000308
v 598.1835 961.5218 0.000308
v 620.1597 911.06854 0.088888
v 620.6001 911.4386 0.000068
v 617.1177 914.00323 0.087038
v 565.0456 785.6595 0.000059
v 568.7945 783.76654 0.000059
v 565.39716 786.1054 0.079626
v 631.5452 798.4106 3.217906
v 632.81647 797.15234 1.049237
v 634.32825 799.939 3.219756
v 562.777 796.699 4.272634
v 562.8843 796.8581 4.896219
v 547.61664 903.9926 0.000068
v 547.96265 903.5337 0.081486
v 551.57465 904.19617 0.318337
v 607.07556 915.7685 0.085187
v 551.35443 901.0801 4.901778
v 554.1874 902.26434 4.289295
v 144.63281 359.49942 3.671221
v 134.01338 357.02545 3.673071
v 884.58374 316.1908 0.000024
v 881.8599 387.69397 0.000029
v 575.4503 784.7528 0.307226
v 575.43555 784.15326 0.079627
v 566.4352 787.373 1.047386
v 567.38074 788.9551 3.212353
v 638.22144 805.69006 3.219757
v 636.90765 802.846 3.221607
v 639.7203 804.68713 1.056639
v 907.6009 419.29324 0.125859
v 907.72296 418.76218 0.486687
v 940.55096 367.13046 23.500107
v 940.55096 367.13046 6.361702
v 945.52106 376.89133 23.500109
v 542.0099 889.4281 0.603298
v 542.39667 892.5737 0.98633
v 636.29333 803.3012 4.896219
v 637.58124 806.0787 4.896219
v 636.24524 803.3475 5.447639
v 134.02078 356.88852 1.663536
v 945.52106 376.89133 23.500109
v 945.4563 376.4195 4.700044
v 946.77386 386.036 23.500109
v 902.862 289.06024 0.125849
v 913.76636 285.72583 0.125849
v 903.8945 290.90326 4.57421
v 914.0218 287.8094 4.57421
v 542.87775 899.38696 0.077785
v 105.53386 370.77576 0.486683
v 113.27594 363.0596 1.026999
v 543.9824 898.87067 0.625503
v 641.18396 803.9877 0.079628
v 640.6196 804.24866 0.309078
v 614.29767 915.96466 0.000069
v 610.9003 916.66595 0.000069
v 614.09595 915.42615 0.087038
v 545.3055 891.78735 5.453197
v 545.84766 895.3124 5.453197
v 545.24255 891.8299 4.905478
v 610.37854 913.4462 3.160552
v 610.682 914.63794 1.128813
v 170.95662 439.5792 1.028856
v 170.82338 439.54773 1.665394
v 609.0074 912.732 4.206029
v 610.3193 913.2131 3.652759
v 610.37854 913.4462 3.160552
v 911.5256 354.80127 6.361701
v 911.51074 354.66617 5.725165
v 922.46326 355.37674 6.361701
v 609.0074 912.732 4.206029
v 610.26746 913.0133 4.255989
v 610.3193 913.2131 3.652759
v 883.801 397.20502 0.125857
v 567.786 789.6212 4.898069
v 570.64484 788.17236 4.898068
v 567.8156 789.6804 5.449488
v 610.23413 912.8819 4.879575
v 610.26746 913.0133 4.255989
v 141.45198 406.93442 4.700046
v 129.998 408.3185 4.700047
v 133.9301 358.57422 4.700044
v 616.58105 910.13776 4.206028
v 615.9501 911.56256 3.160552
v 615.8557 911.3405 3.652759
v 618.2316 908.5538 4.206028
v 615.9501 911.56256 3.160552
v 616.58105 910.13776 4.206028
v 616.58105 910.13776 4.206028
v 615.8557 911.3405 3.652759
v 615.77423 911.1518 4.255988
v 567.6935 789.46204 4.278185
v 570.55237 788.01135 4.280034
v 567.786 789.6212 4.898069
v 610.2231 912.83563 5.425442
v 610.23413 912.8819 4.879575
v 883.52716 387.61255 4.700045
v 610.2231 912.83563 5.425442
v 610.2231 912.83563 23.500149
v 907.8377 418.27182 23.500113
v 918.77356 418.8473 23.500113
v 907.8377 418.27182 4.700047
v 616.58105 910.13776 4.206028
v 615.77423 911.1518 4.255988
v 615.7206 911.02594 4.879574
v 610.23413 912.8819 4.879575
v 612.9654 912.2694 5.425442
v 127.09843 470.6067 4.700052
v 137.76598 473.0918 23.500114
v 615.7206 911.02594 4.879574
v 615.70215 910.9834 5.425441
v 615.70215 910.9834 23.500149
v 613.16895 912.8708 3.160552
v 613.0912 912.64136 3.652759
v 152.02701 411.10522 23.50011
v 889.7482 406.5181 1.66169
v 889.7482 406.5181 4.700046
v 897.7549 413.99 1.66354
v 685.1692 825.08966 0.00022
v 685.1692 877.3174 0.000264
v 570.31177 787.4803 3.214204
v 573.3705 787.1879 3.214204
v 570.4358 787.7671 3.687906
v 929.6409 416.03467 0.486687
v 929.3837 415.7368 1.027004
v 938.088 409.69708 0.486686
v 897.7549 413.99 1.66354
v 897.7179 414.12506 1.027004
v 889.7482 406.5181 1.66169
v 619.08093 910.1248 1.165821
v 619.33813 910.358 0.719874
v 616.4293 912.67834 1.154719
v 640.3772 810.8582 0.664355
v 570.55237 788.01135 4.280034
v 570.64484 788.17236 4.898068
v 104.608665 370.03375 0.000028
v 105.11383 370.42603 0.125855
v 99.945656 380.95667 0.000029
v 565.24915 790.7166 3.206803
v 563.4894 793.35345 3.199401
v 621.02014 908.1319 0.344243
v 562.09235 791.6974 0.656952
v 108.779465 432.9936 5.725171
v 542.97766 896.28015 0.997433
v 545.0131 895.5936 3.273425
v 640.2199 807.79767 1.065892
v 639.7203 804.68713 1.056639
v 640.6122 807.70514 0.658804
v 883.0349 387.6366 0.486684
v 630.67554 796.5158 1.051088
v 630.8403 796.1587 0.649551
v 632.81647 797.15234 1.049237
v 641.1451 807.5923 0.312779
v 640.6122 807.70514 0.658804
v 638.7562 801.5322 0.647701
v 640.107 804.49286 0.651402
v 638.3677 801.74133 1.051088
v 925.0668 286.32166 0.125849
v 925.2112 285.6999 0.000022
v 935.5289 290.76633 0.125849
v 641.71136 803.7527 0.000061
v 123.63633 359.81583 4.700044
v 114.39173 364.50476 4.700044
v 123.45129 359.20706 4.574216
v 892.2037 364.49548 5.725165
v 885.8735 373.57355 5.1867
v 947.18646 391.17456 0.127707
v 946.6517 391.05615 0.488535
v 950.25446 319.70657 0.127702
v 565.7839 786.58655 0.307226
v 569.15344 784.8897 0.307226
v 566.1484 787.0325 0.645849
v 152.22687 410.64078 5.186702
v 152.08069 410.9794 5.725169
v 141.3872 408.11496 5.186701
v 567.38074 788.9551 3.212353
v 570.31177 787.4803 3.214204
v 567.55096 789.2289 3.687907
v 894.77014 296.64874 3.673066
v 903.48004 290.08908 3.673066
v 895.04034 296.90036 4.213384
v 613.6981 914.38074 0.705071
v 613.56116 914.0347 1.141766
v 616.5921 913.0133 0.712473
v 621.7326 905.2046 0.727275
v 108.30206 442.16235 23.500114
v 545.35175 888.8138 22.806248
v 545.3055 891.78735 23.500147
v 545.3055 891.78735 5.453197
v 546.029 900.4065 1.034442
v 547.9164 899.5942 3.258623
v 548.9581 902.33093 1.058497
v 565.70245 791.3402 4.898069
v 565.60626 791.17926 4.278185
v 567.786 789.6212 4.898069
v 944.13324 399.81223 1.027002
v 946.29456 390.9636 1.028852
v 640.0071 810.836 1.075143
v 637.5942 813.19714 4.20602
v 638.2492 811.76495 3.689759
v 638.51385 811.6243 3.216056
v 620.51685 903.69464 23.500149
v 944.1832 297.97174 0.000023
v 943.6929 298.3807 0.12585
v 638.0253 811.88336 4.278186
v 637.8218 811.99066 5.443938
v 637.8218 811.99066 23.500141
v 637.8218 811.99066 5.443938
v 637.8754 811.96295 4.894369
v 637.8754 811.96295 4.894369
v 561.1467 791.0312 0.081477
v 559.47217 793.9826 0.00006
v 547.19476 897.6068 5.453197
v 548.7195 899.24817 23.500149
v 884.1801 381.52316 4.700044
v 886.33606 373.7734 6.361703
v 884.1304 382.73672 23.500109
v 545.35175 888.8138 5.451346
v 636.90765 802.846 3.221607
v 636.65234 803.0292 3.691609
v 935.89166 290.2371 0.000022
v 944.1832 297.97174 0.000023
v 893.59705 295.23502 0.000022
v 902.862 289.06024 0.125849
v 948.37805 308.74295 0.488529
v 949.7123 319.72137 0.48853
v 943.01013 298.98947 1.026995
v 942.9195 299.09683 1.663533
v 101.00038 392.159 1.661689
v 101.59436 381.2231 3.036535
v 613.0912 912.64136 3.652759
v 613.0264 912.4471 4.255989
v 615.8557 911.3405 3.652759
v 126.82457 471.60962 0.125863
v 570.64484 788.17236 4.898068
v 573.6333 787.88367 4.896218
v 570.6985 788.226 5.449487
v 891.0694 363.4389 4.700043
v 884.7891 373.10358 4.700045
v 894.6702 296.5562 1.661681
v 894.60736 296.4248 1.026994
v 903.41895 289.96695 1.663531
v 631.1955 798.838 4.280035
v 631.3676 798.6456 3.689758
v 633.9137 800.3406 4.280035
v 171.8707 439.631 0.127711
v 631.0512 795.66833 0.307227
v 631.27875 795.11505 0.079628
v 547.96265 903.5337 0.081486
v 918.7902 418.9824 1.027003
v 154.15498 364.94144 0.486682
v 629.0305 798.3458 4.896219
v 629.1693 798.2237 4.278185
v 631.053 798.9565 4.896219
v 607.14954 914.6934 0.684717
v 616.83453 913.47955 0.338692
v 897.7549 413.99 4.700047
v 543.44586 899.11676 0.296131
v 637.58124 806.0787 4.896219
v 638.0679 809.01337 4.89622
v 637.5368 806.1471 5.445788
v 640.6196 804.24866 0.309078
v 640.107 804.49286 0.651402
v 565.70245 791.3402 4.898069
v 565.71906 791.4179 5.449488
v 563.976 793.91785 4.896218
v 613.885 914.86926 0.334991
v 613.6981 914.38074 0.705071
v 628.9288 798.3754 5.445788
v 629.0305 798.3458 4.896219
v 630.96423 798.9824 5.445788
v 553.9542 902.39197 3.71012
v 551.35443 901.0801 4.901778
v 636.29333 803.3012 4.896219
v 636.24524 803.3475 5.447639
v 633.7713 800.4553 4.896218
v 545.35175 888.8138 22.806248
v 576.43475 788.07245 5.445787
v 576.43475 788.07245 23.50014
v 947.81934 391.29852 0.00003
v 950.891 319.68622 0.000024
v 883.39764 387.61996 1.027001
v 570.31177 787.4803 3.214204
v 569.46436 785.84454 1.045535
v 612.9654 912.2694 5.425442
v 610.2231 912.83563 23.500149
v 565.4471 790.9609 3.684206
v 565.24915 790.7166 3.206803
v 548.6122 899.23706 4.901777
v 548.4216 899.2981 4.292996
v 547.1096 897.60315 4.903627
v 892.3036 364.58987 23.500107
v 886.33606 373.7734 23.500109
v 892.3036 364.58987 6.361702
v 562.381 796.35297 3.19015
v 563.70404 793.5589 3.678655
v 573.4501 787.47656 3.687906
v 924.8614 287.21167 1.026994
v 934.91095 291.62488 1.663532
v 113.23523 422.88116 6.361707
v 113.12051 422.8053 5.72517
v 943.2803 298.73785 0.486678
v 640.3772 810.8582 0.664355
v 640.2199 807.79767 1.065892
v 113.681175 363.5592 4.213388
v 113.460976 363.26315 3.673071
v 943.9631 399.87515 1.66539
v 946.1687 390.9118 1.66539
v 563.4894 793.35345 3.199401
v 562.4217 791.9435 1.06404
v 565.24915 790.7166 3.206803
v 540.21875 892.87537 0.000067
v 102.66944 381.3249 4.574217
v 106.77178 371.72314 4.574216
v 103.313385 381.43036 4.700045
v 637.5368 806.1471 5.445788
v 637.5368 806.1471 22.806242
v 636.24524 803.3475 5.447639
v 562.8843 796.8581 4.896219
v 542.36334 899.64044 0.000068
v 541.403 896.88336 0.075934
v 117.772415 464.6669 1.027007
v 172.51465 439.6458 0.000034
v 542.5447 896.44666 0.616251
v 154.50099 364.5177 0.125854
v 545.7792 895.33453 4.905478
v 161.95996 373.41812 0.000028
v 145.14723 358.42062 0.125854
v 154.91364 364.03104 0.000027
v 106.31659 371.42526 4.213389
v 933.116 358.7796 4.825871
v 932.82 359.23666 5.186698
v 922.70013 354.35532 4.82587
v 547.19476 897.6068 5.453197
v 547.1096 897.60315 4.903627
v 545.84766 895.3124 5.453197
v 629.1693 798.2237 4.278185
v 629.3266 798.0294 3.687908
v 114.0087 363.99405 4.574216
v 107.30655 372.07104 4.700045
v 622.0046 908.73517 0.000069
v 576.14056 787.323 3.214204
v 629.4765 797.79254 3.216055
v 576.1942 787.6024 3.687906
v 638.01794 809.10223 5.445788
v 637.5368 806.1471 22.806242
v 141.41682 407.5728 4.825874
v 152.68945 409.55273 4.700047
v 120.41663 414.4822 5.186703
v 122.999794 357.71933 0.486682
v 540.8664 897.0869 0.000068
v 541.403 896.88336 0.075934
v 902.5474 288.49588 0.000022
v 913.68866 285.093 0.000021
v 911.3978 353.7595 4.82587
v 540.8386 889.367 0.074083
v 113.027985 362.78018 0.486682
v 545.7107 900.6952 0.638456
v 109.90821 456.8064 0.000034
v 116.50858 465.60504 0.000035
v 565.71906 791.4179 5.449488
v 565.70245 791.3402 4.898069
v 567.8156 789.6804 5.449488
v 900.9894 357.8803 5.725164
v 563.16925 787.96326 0.079626
v 565.39716 786.1054 0.079626
v 542.5447 896.44666 0.616251
v 891.0694 363.4389 4.700043
v 885.96594 324.96725 4.70004
v 937.9955 409.0587 1.663541
v 901.0523 358.00058 6.361702
v 900.9894 357.8803 5.725164
v 911.5256 354.80127 6.361701
v 126.61547 472.19986 0.000036
v 117.004486 465.19794 0.125863
v 903.3338 289.85593 1.026994
v 913.8774 286.6325 1.026994
v 903.41895 289.96695 1.663531
v 637.7256 805.96765 4.280035
v 636.29333 803.3012 4.896219
v 894.3816 296.12692 0.486677
v 638.3677 801.74133 1.051088
v 635.9769 798.3995 0.6477
v 884.6596 396.8368 1.027002
v 903.8945 290.90326 4.57421
v 904.185 291.4713 4.700039
v 940.9543 366.827 5.186698
v 941.38916 366.49948 4.825871
v 545.0131 895.5936 3.273425
v 573.3705 787.1879 3.214204
v 572.6303 785.54474 1.047386
v 566.1484 787.0325 0.645849
v 569.3274 785.43005 0.645849
v 566.4352 787.373 1.047386
v 942.9195 299.09683 3.034679
v 932.54425 359.65857 23.500109
v 922.46326 355.37674 23.500107
v 932.54425 359.65857 6.361702
v 943.9631 399.87515 4.700047
v 946.1687 390.9118 4.700046
v 907.8377 418.27182 1.663541
v 884.778 396.7572 23.50011
v 889.7482 406.5181 23.50011
v 144.68648 359.3736 3.034684
v 105.892845 371.14954 3.036535
v 101.59436 381.2231 1.661688
v 897.7549 413.99 23.50011
v 907.8377 418.27182 23.500113
v 127.09843 470.6067 23.500114
v 170.1924 448.75717 23.500113
v 619.43994 906.22974 23.500147
v 567.8156 789.6804 23.50014
v 570.6985 788.226 23.50014
v 120.71824 414.8856 23.50011
v 113.23523 422.88116 23.500113
v 120.71824 414.8856 6.361707
v 918.97894 420.5219 0.000032
v 889.7482 406.5181 4.700046
v 576.14056 787.323 3.214204
v 573.3705 787.1879 3.214204
v 575.4966 785.68536 1.051087
v 913.89404 286.76758 3.036528
v 903.41895 289.96695 3.036528
v 913.89404 286.76758 1.663532
v 946.1687 390.9118 4.700046
v 946.1687 390.9118 23.500109
v 946.77386 386.036 23.500109
v 937.9955 409.0587 4.700047
v 937.9955 409.0587 23.50011
v 945.79126 366.6142 4.700044
v 946.1687 390.9118 4.700046
v 631.4879 794.5877 0.00006
v 113.37771 363.1558 3.036534
v 929.2487 415.64798 23.500113
v 907.8062 418.4032 1.027003
v 918.83466 419.34875 0.486687
v 633.70465 800.48676 23.50014
v 636.24524 803.3475 23.500141
v 120.63683 414.7764 5.725169
v 545.84766 895.3124 23.500147
v 901.0523 358.00058 6.361702
v 883.52716 387.61255 23.500109
v 884.1304 382.73672 23.500109
v 108.9349 432.95474 23.500113
v 884.1801 381.52316 4.700044
v 883.52716 387.61255 4.700045
v 161.54547 416.71936 5.186703
v 934.8369 291.73962 3.671216
v 133.96341 357.93582 4.574215
v 884.7891 373.10358 4.700045
v 894.60736 296.4248 1.026994
v 894.6702 296.5562 1.661681
v 888.56946 305.712 1.026995
v 942.8103 299.17822 3.671216
v 942.51605 299.4003 4.211533
v 565.7839 786.58655 0.307226
v 918.90125 419.88907 0.125859
v 907.6009 419.29324 0.125859
v 941.89984 366.11462 4.700044
v 933.46387 358.24487 4.700043
v 884.7891 373.10358 4.700045
v 629.4765 797.79254 3.216055
v 630.67554 796.5158 1.051088
v 911.322 353.12662 4.700043
v 922.84265 353.73358 4.700043
v 153.1428 366.122 4.572367
v 152.70796 366.5883 4.700044
v 545.7107 900.6952 0.638456
v 548.6899 902.6344 0.653259
v 542.39667 892.5737 0.98633
v 934.3392 292.50568 4.574211
v 942.08124 299.7278 4.572361
v 933.99133 293.04044 4.700037
v 904.185 291.4713 4.700039
v 924.45056 288.98807 4.700038
v 894.60736 296.4248 1.026994
v 948.1727 319.5974 4.572362
v 947.5288 319.57333 4.70004
v 890.2571 306.39847 4.700039
v 886.21765 317.06235 3.673068
v 895.9045 297.70715 4.700038
v 933.46387 358.24487 4.700043
v 619.33813 910.358 0.719874
v 619.71747 910.68915 0.342392
v 616.5921 913.0133 0.712473
v 629.3266 798.0294 3.687908
v 629.4765 797.79254 3.216055
v 631.3676 798.6456 3.689758
v 634.10803 800.15924 3.691608
v 895.04034 296.90036 4.213384
v 617.3971 914.50836 0.000069
v 130.34033 409.45096 5.186702
v 888.7046 305.73975 3.03653
v 894.6702 296.5562 3.036528
v 888.83044 305.79343 3.673067
v 551.48584 901.08563 5.449496
v 548.7195 899.24817 5.451346
v 610.78186 915.50946 0.331291
v 610.78186 915.50946 0.331291
v 607.1181 915.1912 0.325739
v 886.11035 316.39435 1.026996
v 637.7256 805.96765 4.280035
v 638.2178 808.90424 4.278186
v 130.18304 408.92914 4.825875
v 943.9631 399.87515 23.50011
v 934.91095 291.62488 3.034678
v 942.8103 299.17822 3.671216
v 894.6702 296.5562 1.661681
v 903.41895 289.96695 1.663531
v 633.88226 795.30005 0.00006
v 636.7282 797.4947 0.079627
v 913.8774 286.6325 1.026994
v 913.89404 286.76758 1.663532
v 551.1638 901.1504 4.291146
v 548.6122 899.23706 4.901777
v 551.35443 901.0801 4.901778
v 914.0995 288.4422 4.700038
v 576.2701 787.84296 4.278184
v 573.6333 787.88367 4.896218
v 929.3837 415.7368 1.027004
v 937.96967 409.28815 1.027003
v 119.70608 413.53665 4.700047
v 563.8761 793.75684 4.274483
v 900.5749 357.06613 4.82587
v 940.9543 366.827 5.186698
v 940.66016 367.04904 5.725165
v 932.82 359.23666 5.186698
v 922.49286 355.24536 5.725165
v 932.6183 359.5457 5.725164
v 922.46326 355.37674 6.361701
v 911.4645 354.29977 5.186697
v 922.5762 354.88638 5.186697
v 563.8761 793.75684 4.274483
v 562.60114 796.5213 3.673104
v 889.6705 306.15054 4.574212
v 895.43823 297.2723 4.574211
v 914.0995 288.4422 4.700038
v 949.0887 319.68066 3.669367
v 949.2219 319.7269 3.030979
v 947.5288 319.57333 4.70004
v 890.2571 306.39847 4.700039
v 886.0696 321.69388 4.574214
v 886.15845 318.91644 4.213386
v 621.02014 908.1319 0.344243
v 619.33813 910.358 0.719874
v 886.238 316.41098 3.03653
v 886.17505 318.0708 4.70004
v 886.0696 321.69388 4.574214
v 885.96594 324.96725 4.70004
v 885.96594 324.96725 4.70004
v 889.6705 306.15054 4.574212
v 889.169 305.93774 4.213385
v 886.17505 318.0708 4.70004
v 886.15845 318.91644 4.213386
v 886.21765 317.06235 3.673068
v 886.17505 318.0708 4.70004
v 886.238 316.41098 3.03653
v 886.21765 317.06235 3.673068
v 576.43475 788.07245 5.445787
v 628.9288 798.3754 23.50014
v 547.19476 897.6068 23.500149
v 545.84766 895.3124 5.453197
v 565.71906 791.4179 23.500141
v 628.9288 798.3754 23.50014
v 628.9288 798.3754 5.445788
v 630.96423 798.9824 23.50014
v 607.07556 915.7685 0.085187
v 610.78186 915.50946 0.331291
v 911.5256 354.80127 23.500107
v 940.66016 367.04904 5.725165
v 940.55096 367.13046 6.361702
v 903.48004 290.08908 3.673066
v 903.41895 289.96695 3.036528
v 894.6702 296.5562 3.036528
v 895.04034 296.90036 4.213384
v 550.93994 901.28357 3.711971
v 550.7197 901.4631 3.253071
v 548.4216 899.2981 4.292996
v 542.87775 899.38696 0.077785
v 947.4066 309.00388 4.211534
v 942.51605 299.4003 4.211533
v 943.2803 298.73785 0.486678
v 943.01013 298.98947 1.026995
v 934.3392 292.50568 4.574211
v 934.6371 292.04865 4.211533
v 942.08124 299.7278 4.572361
v 900.8229 357.55096 5.186698
v 883.1941 397.43817 0.00003
v 883.801 397.20502 0.125857
v 924.71704 287.83527 4.213383
v 922.49286 355.24536 5.725165
v 911.51074 354.66617 5.725165
v 895.9045 297.70715 4.700038
v 561.2874 795.0577 1.075143
v 542.0099 889.4281 0.603298
v 937.96967 409.28815 1.027003
v 134.11328 355.20465 0.000027
v 925.0668 286.32166 0.125849
v 913.68866 285.093 0.000021
v 211.64561 462.5201 0.000132
v 211.64561 433.3781 0.00011
v 144.02405 360.92606 4.700044
v 161.92111 384.73148 4.700045
v 101.37047 394.69034 4.213391
v 895.04034 296.90036 4.213384
v 895.43823 297.2723 4.574211
v 889.169 305.93774 4.213385
v 911.51074 354.66617 5.725165
v 900.9894 357.8803 5.725164
v 152.02701 411.10522 6.361706
v 950.25446 319.70657 0.127702
v 613.16895 912.8708 3.160552
v 610.37854 913.4462 3.160552
v 613.0912 912.64136 3.652759
v 937.9955 409.0587 23.50011
v 924.595 288.36633 4.57421
v 942.8103 299.17822 3.671216
v 949.34955 319.7288 1.028847
v 907.8062 418.4032 1.027003
v 907.8377 418.27182 1.663541
v 563.99084 794.01776 5.449487
v 563.99084 794.01776 23.500141
v 888.1828 407.24158 0.00003
v 913.8312 286.26614 0.486677
v 924.94464 286.8527 0.486677
v 934.6371 292.04865 4.211533
v 639.79614 800.95123 0.079627
v 639.2577 801.25464 0.307227
v 636.7282 797.4947 0.079627
v 101.0966 392.81772 3.673074
v 101.7794 397.49554 4.574219
v 563.58 788.4314 0.309076
v 885.37573 373.3571 4.825872
v 575.4707 785.29126 0.64955
v 550.93994 901.28357 3.711971
v 551.1638 901.1504 4.291146
v 553.6767 902.5419 3.24937
v 620.1597 911.06854 0.088888
v 617.1177 914.00323 0.087038
v 616.83453 913.47955 0.338692
v 946.276 309.34988 4.700039
v 613.56116 914.0347 1.141766
v 913.95514 287.26904 4.213383
v 943.2803 298.73785 0.486678
v 918.97894 420.5219 0.000032
v 637.58124 806.0787 4.896219
v 637.5368 806.1471 5.445788
v 636.24524 803.3475 5.447639
v 631.5452 798.4106 3.217906
v 897.56244 414.45444 0.486687
v 901.0523 358.00058 6.361702
v 901.0523 358.00058 23.500109
v 940.55096 367.13046 6.361702
v 615.9501 911.56256 3.160552
v 631.5452 798.4106 3.217906
v 634.32825 799.939 3.219756
v 634.10803 800.15924 3.691608
v 570.55237 788.01135 4.280034
v 890.2571 306.39847 4.700039
v 553.9542 902.39197 3.71012
v 551.1638 901.1504 4.291146
v 546.375 897.9251 3.266024
v 547.9164 899.5942 3.258623
v 546.029 900.4065 1.034442
v 633.7713 800.4553 4.896218
v 885.37573 373.3571 4.825872
v 941.38916 366.49948 4.825871
v 946.1687 390.9118 23.500109
v 573.6333 787.88367 4.896218
v 573.7091 787.94104 5.447637
v 570.6985 788.226 5.449487
v 924.45056 288.98807 4.700038
v 550.7197 901.4631 3.253071
v 545.28326 888.86743 4.905478
v 545.1019 888.9211 4.300397
v 619.33813 910.358 0.719874
v 619.08093 910.1248 1.165821
v 948.1727 319.5974 4.572362
v 610.23413 912.8819 4.879575
v 610.2231 912.83563 5.425442
v 612.9654 912.2694 5.425442
v 642.0555 810.9896 0.000061
v 573.4501 787.47656 3.687906
v 882.49646 387.6625 0.125856
v 929.2487 415.64798 1.663541
v 929.2487 415.64798 1.663541
v 950.25446 319.70657 0.127702
v 638.22144 805.69006 3.219757
v 620.6001 911.4386 0.000068
v 640.6196 804.24866 0.309078
v 941.38916 366.49948 4.825871
v 631.1955 798.838 4.280035
v 573.6333 787.88367 4.896218
v 888.1828 407.24158 0.00003
v 550.7197 901.4631 3.253071
v 548.1773 899.42395 3.715671
v 548.4216 899.2981 4.292996
v 568.7945 783.76654 0.000059
v 563.9538 788.8681 0.649549
v 562.09235 791.6974 0.656952
v 918.90125 419.88907 0.125859
v 929.6409 416.03467 0.486687
v 620.61304 907.8655 0.725425
v 545.7107 900.6952 0.638456
v 631.3676 798.6456 3.689758
v 637.5942 813.19714 4.20602
v 615.70215 910.9834 5.425441
v 612.9654 912.2694 23.500149
v 949.34955 319.7288 1.028847
v 544.8337 888.96545 3.732324
v 544.52094 888.9932 3.284527
v 575.4503 784.7528 0.307226
v 575.4707 785.29126 0.64955
v 622.64484 905.74304 0.088888
v 551.2878 904.7198 0.083336
v 572.3065 783.4335 0.00006
v 885.75134 316.34622 0.48668
v 543.44586 899.11676 0.296131
v 630.8403 796.1587 0.649551
v 630.67554 796.5158 1.051088
v 575.4966 785.68536 1.051087
v 559.9792 794.2546 0.081477
v 623.15924 906.0151 0.000069
v 622.0046 908.73517 0.000069
v 913.8774 286.6325 1.026994
v 903.41895 289.96695 1.663531
v 634.10803 800.15924 3.691608
v 633.9137 800.3406 4.280035
v 570.64484 788.17236 4.898068
v 570.6985 788.226 5.449487
v 567.8156 789.6804 5.449488
v 112.26747 361.85498 0.000027
v 540.21875 892.87537 0.000067
v 567.6935 789.46204 4.278185
v 631.27875 795.11505 0.079628
v 633.30865 796.3252 0.307227
v 638.7562 801.5322 0.647701
v 570.31177 787.4803 3.214204
v 570.4358 787.7671 3.687906
v 944.13324 399.81223 1.027002
v 937.9955 409.0587 1.663541
v 613.56116 914.0347 1.141766
v 616.4293 912.67834 1.154719
v 616.5921 913.0133 0.712473
v 924.71704 287.83527 4.213383
v 572.6303 785.54474 1.047386
v 545.0131 895.5936 3.273425
v 546.375 897.9251 3.266024
v 567.786 789.6212 4.898069
v 572.6303 785.54474 1.047386
v 913.89404 286.76758 3.036528
v 565.4471 790.9609 3.684206
v 563.4894 793.35345 3.199401
v 629.4765 797.79254 3.216055
v 629.3266 798.0294 3.687908
v 576.1942 787.6024 3.687906
v 887.7146 305.41592 0.125851
v 620.51685 903.69464 4.206028
v 881.8599 387.69397 0.000029
v 637.7256 805.96765 4.280035
v 637.58124 806.0787 4.896219
v 561.64453 791.37726 0.310927
v 630.96423 798.9824 23.50014
v 633.7713 800.4553 4.896218
v 891.93536 364.2457 5.186698
v 900.8229 357.55096 5.186698
v 925.0668 286.32166 0.125849
v 935.5289 290.76633 0.125849
v 935.21625 291.2178 0.486677
v 911.5256 354.80127 6.361701
v 569.15344 784.8897 0.307226
v 903.41895 289.96695 1.663531
v 639.7203 804.68713 1.056639
v 907.72296 418.76218 0.486687
v 565.7839 786.58655 0.307226
v 563.99084 794.01776 5.449487
v 563.976 793.91785 4.896218
v 619.71747 910.68915 0.342392
v 562.777 796.699 4.272634
v 562.60114 796.5213 3.673104
v 563.70404 793.5589 3.678655
v 547.19476 897.6068 23.500149
v 545.84766 895.3124 5.453197
v 636.33777 797.96466 0.307227
v 924.8318 287.34308 3.036528
v 924.8003 287.4763 3.673066
v 631.0512 795.66833 0.307227
v 900.8229 357.55096 5.186698
v 573.4501 787.47656 3.687906
v 576.14056 787.323 3.214204
v 573.3705 787.1879 3.214204
v 573.4501 787.47656 3.687906
v 630.8403 796.1587 0.649551
v 633.0311 796.8008 0.6477
v 632.81647 797.15234 1.049237
v 616.5921 913.0133 0.712473
v 562.8843 796.8581 4.896219
v 563.976 793.91785 4.896218
v 633.7713 800.4553 4.896218
v 633.70465 800.48676 5.447639
v 629.1693 798.2237 4.278185
v 576.3534 788.0076 4.896218
v 545.35175 888.8138 22.806248
v 545.35175 888.8138 5.451346
v 544.4561 901.89233 0.000068
v 542.36334 899.64044 0.000068
v 886.238 316.41098 1.661683
v 638.44354 808.7914 3.689759
v 610.26746 913.0133 4.255989
v 913.8774 286.6325 1.026994
v 565.60626 791.17926 4.278185
v 607.1181 915.1912 0.325739
v 893.59705 295.23502 0.000022
v 902.5474 288.49588 0.000022
v 613.0264 912.4471 4.255989
v 884.6596 396.8368 1.027002
v 889.58905 406.53287 1.027002
v 884.778 396.7572 1.66169
v 884.778 396.7572 4.700046
v 576.1942 787.6024 3.687906
v 576.2701 787.84296 4.278184
v 573.5426 787.7208 4.278184
v 548.6122 899.23706 4.901777
v 548.7195 899.24817 5.451346
v 918.77356 418.8473 1.663541
v 633.0311 796.8008 0.6477
v 635.9769 798.3995 0.6477
v 635.69934 798.7326 1.049237
v 551.57465 904.19617 0.318337
v 637.0853 797.0598 0.00006
v 884.778 396.7572 1.66169
v 924.8003 287.4763 3.673066
v 576.2701 787.84296 4.278184
v 576.3534 788.0076 4.896218
v 573.6333 787.88367 4.896218
v 918.7902 418.9824 1.027003
v 918.77356 418.8473 1.663541
v 929.2487 415.64798 1.663541
v 932.6183 359.5457 5.725164
v 637.0853 797.0598 0.00006
v 938.088 409.69708 0.486686
v 938.088 409.69708 0.486686
v 569.3274 785.43005 0.645849
v 141.36687 408.48322 5.725169
v 636.24524 803.3475 5.447639
v 618.2316 908.5538 23.500149
v 638.01794 809.10223 23.500141
v 542.5447 896.44666 0.616251
v 934.91095 291.62488 1.663532
v 640.6122 807.70514 0.658804
v 635.69934 798.7326 1.049237
v 918.83466 419.34875 0.486687
v 903.3338 289.85593 1.026994
v 913.76636 285.72583 0.125849
v 932.82 359.23666 5.186698
v 922.5762 354.88638 5.186697
v 544.8595 901.5001 0.079635
v 638.22144 805.69006 3.219757
v 640.2199 807.79767 1.065892
v 569.46436 785.84454 1.045535
v 636.24524 803.3475 5.447639
v 929.6409 416.03467 0.486687
v 619.71747 910.68915 0.342392
v 562.777 796.699 4.272634
v 544.8337 888.96545 3.732324
v 913.9107 286.90268 3.673066
v 901.0523 358.00058 6.361702
v 575.4966 785.68536 1.051087
v 545.2999 901.0801 0.303534
v 543.9824 898.87067 0.625503
v 897.7549 413.99 1.66354
v 545.3277 895.48627 3.724923
v 913.76636 285.72583 0.125849
v 554.4002 902.1477 23.500149
v 613.16895 912.8708 3.160552
v 613.56116 914.0347 1.141766
v 610.682 914.63794 1.128813
v 629.0305 798.3458 4.896219
v 631.053 798.9565 4.896219
v 541.95624 892.63855 0.608849
v 924.595 288.36633 4.57421
v 551.57465 904.19617 0.318337
v 560.501 794.5544 0.314628
v 562.09235 791.6974 0.656952
v 610.37854 913.4462 3.160552
v 938.6728 410.78882 0.000031
v 938.6728 410.78882 0.000031
v 883.52716 387.61255 4.700045
v 640.89526 810.89526 0.314629
v 638.2178 808.90424 4.278186
v 638.2492 811.76495 3.689759
v 145.41368 357.8359 0.000027
v 545.24255 891.8299 4.905478
v 946.1687 390.9118 4.700046
v 621.4754 905.0177 1.178773
v 545.1019 888.9211 4.300397
v 548.1773 899.42395 3.715671
v 546.6655 897.77527 3.721222
v 546.92456 897.66235 4.294847
v 540.27423 889.3356 0.000067
v 628.9288 798.3754 5.445788
v 576.43475 788.07245 5.445787
v 544.8337 888.96545 3.732324
v 544.7911 891.952 3.728623
v 638.71 808.69147 3.217907
v 547.19476 897.6068 23.500149
v 548.7195 899.24817 23.500149
v 629.4765 797.79254 3.216055
v 610.7264 914.9987 0.695819
v 610.682 914.63794 1.128813
v 636.65234 803.0292 3.691609
v 542.97766 896.28015 0.997433
v 545.84766 895.3124 23.500147
v 613.0912 912.64136 3.652759
v 615.8557 911.3405 3.652759
v 565.24915 790.7166 3.206803
v 567.38074 788.9551 3.212353
v 567.55096 789.2289 3.687907
v 545.596 895.39374 4.298547
v 943.01013 298.98947 1.026995
v 942.9195 299.09683 1.663533
v 944.13324 399.81223 1.027002
v 545.1019 888.9211 4.300397
v 545.06305 891.88727 4.298546
v 922.84265 353.73358 4.700043
v 891.53754 363.87378 4.82587
v 610.84296 916.096 0.085187
v 569.3274 785.43005 0.645849
v 554.1874 902.26434 4.289295
v 547.1096 897.60315 4.903627
v 545.7792 895.33453 4.905478
v 545.84766 895.3124 5.453197
v 637.8754 811.96295 4.894369
v 637.8218 811.99066 5.443938
v 566.4352 787.373 1.047386
v 607.14954 914.6934 0.684717
v 607.1662 914.3493 1.110309
v 610.682 914.63794 1.128813
v 637.5368 806.1471 22.806242
v 636.90765 802.846 3.221607
v 897.7549 413.99 1.66354
v 907.8377 418.27182 1.663541
v 635.69934 798.7326 1.049237
v 634.32825 799.939 3.219756
v 563.9538 788.8681 0.649549
v 548.6122 899.23706 4.901777
v 636.43585 803.1902 4.280035
v 934.91095 291.62488 1.663532
v 629.3266 798.0294 3.687908
v 612.98206 912.3157 4.879575
v 615.7206 911.02594 4.879574
v 546.6655 897.77527 3.721222
v 610.3193 913.2131 3.652759
v 610.26746 913.0133 4.255989
v 918.97894 420.5219 0.000032
v 615.7206 911.02594 4.879574
v 546.92456 897.66235 4.294847
v 948.37805 308.74295 0.488529
v 575.4966 785.68536 1.051087
v 895.04034 296.90036 4.213384
v 570.4358 787.7671 3.687906
v 895.43823 297.2723 4.574211
v 542.87775 899.38696 0.077785
v 551.1638 901.1504 4.291146
v 553.6767 902.5419 3.24937
v 911.5256 354.80127 23.500107
v 616.4293 912.67834 1.154719
v 910.6119 433.3781 0.00011
v 834.35925 433.3781 0.00011
v 907.45654 419.91498 0.000031
v 983.54926 433.3781 0.00011
v 883.0349 387.6366 0.486684
v 983.54926 270.25 0.000044
v 910.6119 270.25 0.000044
v 685.1692 961.5218 0.000308
v 946.6517 391.05615 0.488535
v 685.1692 744.546 0.000176
v 598.1835 744.546 0.000176
v 511.1978 744.546 0.000176
v 511.1978 825.08966 0.00022
v 55.590485 503.438 0.000154
v 133.61804 503.438 0.000154
v 211.64561 503.438 0.000154
v 548.6122 899.23706 4.901777
v 551.1638 901.1504 4.291146
v 211.64561 365.54395 0.000088
v 211.64561 314.5324 0.000066
v 211.64561 270.25 0.000044
v 551.57465 904.19617 0.318337
v 888.7416 406.92517 0.125858
v 55.590485 328.547 0.000072
v 573.6333 787.88367 4.896218
v 573.7091 787.94104 5.447637
v 897.56244 414.45444 0.486687
v 897.7179 414.12506 1.027004
v 935.21625 291.2178 0.486677
v 616.5921 913.0133 0.712473
v 0 961.5218 0.000308
v 511.1978 877.3174 0.000264
v 133.61804 270.25 0.000044
v 540.5 2162 0.000352
v 0 1561.761 0.00033
v 1081 1561.761 0.00033
v 983.54926 365.54395 0.000088
v 55.590485 270.25 0.000044
v 0 503.438 0.000154
v 1081 961.5218 0.000308
v 0 386.844 0.000099
v 0 445.141 0.000127
v 0 328.547 0.000072
v 983.54926 314.5324 0.000066
v 1081 0 0
v 0 1261.6414 0.000319
v 0 0 0
v 0 270.25 0.000044
v 1081 1861.8805 0.000341
v 1081 2162 0.000352
v 810.75 2162 0.000352
v 1081 1261.6414 0.000319
v 0 1861.8805 0.000341
v 270.25 2162 0.000352
v 0 2162 0.000352
vt 0.146562 0.78348398
vt 0.155321 0.78779
vt 0.146577 0.78311503
vt 0.126586 0.78048998
vt 0.1386 0.78146303
vt 0.139282 0.78126198
vt 0.150187 0.80765301
vt 0.153739 0.80785298
vt 0.149208 0.80712903
vt 0.835467 0.86607897
vt 0.845357 0.86759198
vt 0.835646 0.86593199
vt 0.574021 0.58200997
vt 0.589819 0.623868
vt 0.574908 0.581398
vt 0.572693 0.579036
vt 0.571907 0.57976198
vt 0.573864 0.58016598
vt 0.830076 0.80808097
vt 0.829792 0.80782801
vt 0.822147 0.81178302
vt 0.150379 0.822088
vt 0.149788 0.82204801
vt 0.150886 0.82211399
vt 0.507824 0.582641
vt 0.509454 0.58304203
vt 0.510678 0.58213
vt 0.824734 0.83169597
vt 0.825102 0.83152401
vt 0.819034 0.82730901
vt 0.154138 0.78786802
vt 0.14655 0.783795
vt 0.153701 0.78784102
vt 0.77184 0.854518
vt 0.818301 0.853751
vt 0.77184 0.83092302
vt 0.120709 0.81039101
vt 0.120673 0.81045198
vt 0.130767 0.81099898
vt 0.569796 0.578371
vt 0.57024 0.577855
vt 0.567224 0.577766
vt 0.092479 0.81859303
vt 0.092979 0.81860298
vt 0.099482 0.793109
vt 0.817577 0.816279
vt 0.81637 0.82069302
vt 0.818053 0.81637698
vt 0.124004 0.835159
vt 0.124031 0.83541101
vt 0.134057 0.83398801
vt 0.583768 0.63045502
vt 0.583899 0.63050997
vt 0.586282 0.629762
vt 0.504425 0.58886802
vt 0.504387 0.587498
vt 0.504257 0.588843
vt 0.509658 0.583125
vt 0.507328 0.58404303
vt 0.509865 0.58318698
vt 0.873745 0.81506902
vt 0.875718 0.81912303
vt 0.874243 0.81503302
vt 0.113921 0.834319
vt 0.104882 0.83202797
vt 0.113883 0.83437997
vt 0.568081 0.57658398
vt 0.567886 0.576841
vt 0.570876 0.57724202
vt 0.567092 0.57796198
vt 0.56454 0.57770002
vt 0.567051 0.578022
vt 0.51956 0.63396102
vt 0.519974 0.63381302
vt 0.518019 0.63263
vt 0.102912 0.789101
vt 0.100296 0.79320103
vt 0.10301 0.78914702
vt 0.875934 0.857001
vt 0.877125 0.852175
vt 0.875371 0.856915
vt 0.588747 0.628497
vt 0.588615 0.62844503
vt 0.586414 0.62981498
vt 0.845472 0.86712801
vt 0.845431 0.867298
vt 0.855427 0.86686599
vt 0.574486 0.57995802
vt 0.574939 0.57981598
vt 0.573281 0.578775
vt 0.520707 0.63142598
vt 0.520727 0.63137197
vt 0.843036 0.836667
vt 0.819676 0.851206
vt 0.87653 0.85218602
vt 0.57599 0.58106202
vt 0.576465 0.58093703
vt 0.517551 0.632756
vt 0.518019 0.63263
vt 0.499791 0.588651
vt 0.100154 0.79821497
vt 0.100029 0.797257
vt 0.099536 0.796686
vt 0.564964 0.57678097
vt 0.561655 0.576923
vt 0.564923 0.576949
vt 0.827574 0.86289299
vt 0.827365 0.86303103
vt 0.835646 0.86593199
vt 0.818885 0.85371202
vt 0.821198 0.85873502
vt 0.588948 0.62857097
vt 0.588747 0.628497
vt 0.586594 0.62989902
vt 0.137501 0.78178602
vt 0.146537 0.784078
vt 0.137636 0.78174597
vt 0.504221 0.587471
vt 0.504714 0.585849
vt 0.503969 0.58744103
vt 0.093432 0.818613
vt 0.094599 0.81461501
vt 0.099612 0.79959399
vt 0.583977 0.632232
vt 0.532318 0.63730198
vt 0.58417 0.63247597
vt 0.835781 0.86582398
vt 0.845431 0.867298
vt 0.835937 0.86567199
vt 0.103936 0.80466801
vt 0.11109 0.80848902
vt 0.104358 0.80453002
vt 0.87149 0.86136502
vt 0.875934 0.857001
vt 0.87102 0.86118698
vt 0.102624 0.78900301
vt 0.108648 0.78498203
vt 0.855561 0.86715502
vt 0.855638 0.86732101
vt 0.864938 0.86516201
vt 0.591358 0.62939203
vt 0.590894 0.629264
vt 0.588656 0.63091397
vt 0.093313 0.81861001
vt 0.099969 0.79316401
vt 0.533019 0.63570702
vt 0.582171 0.630884
vt 0.53309 0.63559502
vt 0.818371 0.81645
vt 0.818481 0.816486
vt 0.822931 0.81196499
vt 0.521731 0.632739
vt 0.520707 0.63142598
vt 0.521717 0.63278502
vt 0.590149 0.627275
vt 0.590604 0.625906
vt 0.58994 0.627212
vt 0.830451 0.80845302
vt 0.830307 0.80830002
vt 0.113637 0.83478397
vt 0.104232 0.832398
vt 0.113467 0.83506602
vt 0.521351 0.635323
vt 0.521696 0.635121
vt 0.819713 0.853657
vt 0.821988 0.858598
vt 0.819831 0.85364902
vt 0.878096 0.85211498
vt 0.877972 0.85213703
vt 0.876863 0.857144
vt 0.505943 0.5848
vt 0.505703 0.58474803
vt 0.504714 0.585849
vt 0.817324 0.82071602
vt 0.818481 0.816486
vt 0.583686 0.63044298
vt 0.583768 0.63045502
vt 0.586221 0.62974697
vt 0.860644 0.80710101
vt 0.860299 0.807356
vt 0.868337 0.80999601
vt 0.097958 0.828331
vt 0.097879 0.828385
vt 0.585854 0.63167202
vt 0.58613 0.631916
vt 0.878363 0.85733998
vt 0.87964 0.85213399
vt 0.8778 0.857261
vt 0.142332 0.83100998
vt 0.142332 0.83100998
vt 0.148414 0.826958
vt 0.583686 0.63044298
vt 0.586221 0.62974697
vt 0.583686 0.63044298
vt 0.505435 0.584679
vt 0.504466 0.58580703
vt 0.591856 0.62953198
vt 0.593139 0.628128
vt 0.82535 0.83140802
vt 0.825442 0.83136499
vt 0.819807 0.827142
vt 0.567092 0.57796198
vt 0.567051 0.578022
vt 0.569634 0.578561
vt 0.500835 0.58516002
vt 0.500256 0.587048
vt 0.501381 0.58526403
vt 0.50082 0.58708602
vt 0.500876 0.58862102
vt 0.501347 0.587124
vt 0.594172 0.62655997
vt 0.593946 0.62488902
vt 0.593651 0.62651402
vt 0.855533 0.86709398
vt 0.845415 0.86736
vt 0.855533 0.86709398
vt 0.158023 0.79669398
vt 0.158023 0.79669398
vt 0.157799 0.79896402
vt 0.518502 0.632491
vt 0.500313 0.588637
vt 0.130767 0.81099898
vt 0.120709 0.81039101
vt 0.151356 0.82211101
vt 0.151356 0.82211101
vt 0.148414 0.826958
vt 0.569567 0.57863897
vt 0.569567 0.57863897
vt 0.567035 0.578044
vt 0.146537 0.784078
vt 0.137501 0.78178602
vt 0.146537 0.784078
vt 0.10301 0.78914702
vt 0.10909 0.78509498
vt 0.10301 0.78914702
vt 0.575526 0.58119398
vt 0.575146 0.581311
vt 0.592872 0.624933
vt 0.822113 0.858585
vt 0.819831 0.85364902
vt 0.822113 0.858585
vt 0.876863 0.857144
vt 0.876987 0.85715503
vt 0.878096 0.85211498
vt 0.138023 0.781632
vt 0.146541 0.78400397
vt 0.573025 0.580837
vt 0.573025 0.580837
vt 0.571907 0.57976198
vt 0.113921 0.834319
vt 0.123978 0.83492702
vt 0.529493 0.637375
vt 0.532313 0.63756502
vt 0.127443 0.78117901
vt 0.137501 0.78178602
vt 0.512859 0.582725
vt 0.512859 0.582725
vt 0.510163 0.58321702
vt 0.864857 0.86511397
vt 0.864857 0.86511397
vt 0.153462 0.78777498
vt 0.153462 0.78777498
vt 0.15744 0.79243398
vt 0.590425 0.62453097
vt 0.590396 0.62585402
vt 0.59067 0.624596
vt 0.093521 0.82369798
vt 0.100413 0.79321498
vt 0.100413 0.79321498
vt 0.859619 0.80774897
vt 0.859619 0.80774897
vt 0.849929 0.80626899
vt 0.154706 0.78785002
vt 0.152294 0.82220203
vt 0.149295 0.827155
vt 0.152871 0.82226199
vt 0.150886 0.82211399
vt 0.150379 0.822088
vt 0.147996 0.82685202
vt 0.53309 0.63559502
vt 0.582025 0.630794
vt 0.533167 0.63551903
vt 0.127443 0.78117901
vt 0.127246 0.78112602
vt 0.117575 0.78232801
vt 0.09189 0.81858099
vt 0.09303 0.82374
vt 0.592313 0.62966198
vt 0.591856 0.62953198
vt 0.589348 0.63133198
vt 0.874243 0.81503302
vt 0.876213 0.81906801
vt 0.874808 0.81497002
vt 0.529574 0.637098
vt 0.532331 0.637025
vt 0.529654 0.63684702
vt 0.53235 0.63677597
vt 0.583571 0.63174897
vt 0.532374 0.63659298
vt 0.525024 0.63495398
vt 0.527693 0.63563
vt 0.525156 0.63484597
vt 0.157876 0.792288
vt 0.157549 0.79237902
vt 0.158486 0.79666698
vt 0.507328 0.58404303
vt 0.507102 0.58398497
vt 0.505943 0.5848
vt 0.526333 0.637232
vt 0.529423 0.637635
vt 0.526667 0.636711
vt 0.529654 0.63684702
vt 0.526794 0.63652003
vt 0.510245 0.581778
vt 0.51049 0.58198702
vt 0.561626 0.576692
vt 0.509735 0.581298
vt 0.509979 0.581536
vt 0.561544 0.576163
vt 0.529654 0.63684702
vt 0.53235 0.63677597
vt 0.529723 0.636658
vt 0.100772 0.799743
vt 0.147547 0.826738
vt 0.14702 0.82660502
vt 0.872981 0.86198902
vt 0.872599 0.86182398
vt 0.855638 0.86732101
vt 0.855751 0.867567
vt 0.86514 0.86530203
vt 0.518927 0.63235998
vt 0.518502 0.632491
vt 0.520279 0.633699
vt 0.507252 0.582305
vt 0.507576 0.58249998
vt 0.509979 0.581536
vt 0.567713 0.57706702
vt 0.564964 0.57678097
vt 0.567586 0.577227
vt 0.573864 0.58016598
vt 0.57411 0.580081
vt 0.523225 0.63405198
vt 0.523314 0.633978
vt 0.521624 0.63286
vt 0.530407 0.635898
vt 0.53297 0.635836
vt 0.530481 0.63576502
vt 0.510678 0.58213
vt 0.512189 0.58254302
vt 0.561671 0.57708198
vt 0.77184 0.875
vt 0.820651 0.85883701
vt 0.593418 0.624911
vt 0.127015 0.780976
vt 0.117563 0.78226298
vt 0.133908 0.83383298
vt 0.142396 0.83106601
vt 0.133845 0.83377701
vt 0.126782 0.780752
vt 0.117474 0.78210002
vt 0.521351 0.635323
vt 0.523726 0.63597
vt 0.590399 0.62734097
vt 0.590851 0.625952
vt 0.590149 0.627275
vt 0.567152 0.57787198
vt 0.564588 0.577608
vt 0.149121 0.80708301
vt 0.149121 0.80708301
vt 0.155203 0.80303103
vt 0.50366 0.582843
vt 0.504033 0.58302498
vt 0.506583 0.581872
vt 0.581897 0.630737
vt 0.581803 0.630724
vt 0.533167 0.63551903
vt 0.507604 0.584067
vt 0.507504 0.584072
vt 0.506193 0.584826
vt 0.517551 0.632756
vt 0.518661 0.634269
vt 0.5191 0.634121
vt 0.155764 0.80311799
vt 0.503615 0.58432502
vt 0.505435 0.584679
vt 0.505114 0.58353102
vt 0.503672 0.587413
vt 0.503719 0.58881003
vt 0.158958 0.79206002
vt 0.158371 0.79217702
vt 0.860299 0.807356
vt 0.859982 0.80756998
vt 0.868026 0.81025702
vt 0.503615 0.58432502
vt 0.503221 0.58424097
vt 0.502292 0.58543903
vt 0.123985 0.83498901
vt 0.573864 0.58016598
vt 0.574908 0.581398
vt 0.507102 0.58398497
vt 0.50686 0.583906
vt 0.505703 0.58474803
vt 0.819381 0.853679
vt 0.821668 0.85865098
vt 0.822605 0.811899
vt 0.520279 0.633699
vt 0.51923 0.632258
vt 0.850119 0.80549401
vt 0.59067 0.624596
vt 0.592051 0.62496
vt 0.103442 0.80483001
vt 0.151803 0.82215297
vt 0.148841 0.82704902
vt 0.523078 0.634153
vt 0.523225 0.63405198
vt 0.521465 0.63295197
vt 0.10219 0.78886497
vt 0.098908 0.79304397
vt 0.100413 0.79321498
vt 0.151228 0.82212198
vt 0.148301 0.82692999
vt 0.877632 0.852157
vt 0.877125 0.852175
vt 0.876416 0.85707498
vt 0.83946 0.80577499
vt 0.839594 0.80606198
vt 0.530566 0.635652
vt 0.530481 0.63576502
vt 0.533019 0.63570702
vt 0.503221 0.58424097
vt 0.502725 0.584127
vt 0.501891 0.58536202
vt 0.051425 0.82107103
vt 0.051425 0.79410702
vt 0.833094 0.834845
vt 0.832827 0.83510703
vt 0.50482 0.58339697
vt 0.507252 0.582305
vt 0.50444 0.583219
vt 0.585399 0.631289
vt 0.585597 0.63145202
vt 0.588066 0.63055903
vt 0.583571 0.63174897
vt 0.583766 0.631976
vt 0.526506 0.63696098
vt 0.529574 0.637098
vt 0.526667 0.636711
vt 0.588948 0.62857097
vt 0.590149 0.627275
vt 0.827036 0.86322498
vt 0.835467 0.86607897
vt 0.520241 0.63165897
vt 0.520445 0.631581
vt 0.529574 0.637098
vt 0.526506 0.63696098
vt 0.133662 0.83356202
vt 0.142012 0.83083999
vt 0.133465 0.83333099
vt 0.100221 0.79967201
vt 0.505114 0.58353102
vt 0.507824 0.582641
vt 0.507102 0.58398497
vt 0.509454 0.58304203
vt 0.50686 0.583906
vt 0.148532 0.82698
vt 0.520614 0.635737
vt 0.520971 0.63554
vt 0.855504 0.86703199
vt 0.864789 0.86505997
vt 0.855427 0.86686599
vt 0.839706 0.80630797
vt 0.830307 0.80830002
vt 0.839784 0.80647397
vt 0.151474 0.82212102
vt 0.575146 0.581311
vt 0.875718 0.81912303
vt 0.875388 0.819166
vt 0.87855 0.85211802
vt 0.093855 0.82367402
vt 0.817204 0.82071197
vt 0.876742 0.85712498
vt 0.094117 0.82367599
vt 0.098065 0.828296
vt 0.094466 0.823659
vt 0.565072 0.57627398
vt 0.153462 0.78777498
vt 0.15744 0.79243398
vt 0.114056 0.83409601
vt 0.113956 0.83425897
vt 0.123953 0.83469301
vt 0.567051 0.578022
vt 0.567035 0.578044
vt 0.569584 0.578619
vt 0.521731 0.632739
vt 0.520727 0.63137197
vt 0.521731 0.632739
vt 0.523078 0.634153
vt 0.525156 0.63484597
vt 0.590257 0.625803
vt 0.590079 0.624439
vt 0.590211 0.625762
vt 0.530721 0.63555002
vt 0.530721 0.63555002
vt 0.527936 0.635418
vt 0.565125 0.57601
vt 0.521955 0.634965
vt 0.521696 0.635121
vt 0.523992 0.635813
vt 0.507604 0.584067
vt 0.510163 0.58321702
vt 0.510041 0.583219
vt 0.10909 0.78509498
vt 0.10909 0.78509498
vt 0.149784 0.807437
vt 0.141017 0.810296
vt 0.504009 0.58882302
vt 0.504221 0.587471
vt 0.142246 0.83096403
vt 0.867711 0.81079602
vt 0.512807 0.58271098
vt 0.510163 0.58321702
vt 0.512859 0.582725
vt 0.513969 0.58261502
vt 0.512662 0.582672
vt 0.512807 0.58271098
vt 0.513969 0.58261502
vt 0.512807 0.58271098
vt 0.513969 0.58261502
vt 0.512446 0.582613
vt 0.512662 0.582672
vt 0.512446 0.582613
vt 0.522706 0.63660502
vt 0.561399 0.577914
vt 0.51923 0.632258
vt 0.501794 0.58859998
vt 0.561399 0.577914
vt 0.563374 0.57783002
vt 0.51049 0.58198702
vt 0.507824 0.582641
vt 0.510678 0.58213
vt 0.472893 0.55526298
vt 0.553361 0.55526298
vt 0.573691 0.57859898
vt 0.574098 0.57842797
vt 0.570876 0.57724202
vt 0.522706 0.63660502
vt 0.526174 0.63748097
vt 0.523031 0.63639897
vt 0.584223 0.63070798
vt 0.585399 0.631289
vt 0.586797 0.63
vt 0.520608 0.631499
vt 0.520707 0.63142598
vt 0.506583 0.581872
vt 0.506903 0.582084
vt 0.510245 0.581778
vt 0.561587 0.57642502
vt 0.510041 0.583219
vt 0.512662 0.582672
vt 0.133795 0.83371902
vt 0.123971 0.834863
vt 0.818301 0.853751
vt 0.815781 0.820678
vt 0.532331 0.637025
vt 0.532318 0.63730198
vt 0.523992 0.635813
vt 0.524866 0.635081
vt 0.590399 0.62734097
vt 0.589184 0.62865603
vt 0.591785 0.62780398
vt 0.839594 0.80606198
vt 0.839706 0.80630797
vt 0.870075 0.83019
vt 0.870075 0.83019
vt 0.874672 0.82567501
vt 0.501397 0.58860898
vt 0.501755 0.58715397
vt 0.588615 0.62844503
vt 0.589807 0.62716103
vt 0.588571 0.628424
vt 0.123978 0.83492702
vt 0.874672 0.82567501
vt 0.874613 0.82589298
vt 0.875831 0.82144499
vt 0.83521 0.86629999
vt 0.845297 0.86784202
vt 0.836165 0.86544698
vt 0.845533 0.86687797
vt 0.5022 0.58400202
vt 0.097626 0.82850301
vt 0.104788 0.83207202
vt 0.503221 0.58424097
vt 0.593139 0.628128
vt 0.592617 0.628007
vt 0.568268 0.576335
vt 0.565125 0.57601
vt 0.568081 0.57658398
vt 0.504445 0.58751798
vt 0.504947 0.585887
vt 0.504387 0.587498
vt 0.564642 0.5775
vt 0.564923 0.576949
vt 0.158147 0.79667902
vt 0.158023 0.79669398
vt 0.563374 0.57783002
vt 0.564588 0.577608
vt 0.564642 0.5775
vt 0.843224 0.83589202
vt 0.84321 0.83595502
vt 0.853342 0.835626
vt 0.563374 0.57783002
vt 0.56454 0.57770002
vt 0.564588 0.577608
vt 0.817577 0.816279
vt 0.525241 0.63477302
vt 0.527886 0.63544297
vt 0.525269 0.63474602
vt 0.564509 0.57775998
vt 0.56454 0.57770002
vt 0.130853 0.81177902
vt 0.120257 0.81113899
vt 0.123894 0.83414698
vt 0.57038 0.57902998
vt 0.569796 0.578371
vt 0.569709 0.57847297
vt 0.571907 0.57976198
vt 0.569796 0.578371
vt 0.57038 0.57902998
vt 0.57038 0.57902998
vt 0.569709 0.57847297
vt 0.569634 0.578561
vt 0.525156 0.63484597
vt 0.5278 0.635517
vt 0.525241 0.63477302
vt 0.564499 0.57778198
vt 0.564509 0.57775998
vt 0.817324 0.82071602
vt 0.564499 0.57778198
vt 0.564499 0.57778198
vt 0.839813 0.806535
vt 0.849929 0.80626899
vt 0.839813 0.806535
vt 0.57038 0.57902998
vt 0.569634 0.578561
vt 0.569584 0.578619
vt 0.564509 0.57775998
vt 0.567035 0.578044
vt 0.117575 0.78232801
vt 0.127443 0.78117901
vt 0.569584 0.578619
vt 0.569567 0.57863897
vt 0.569567 0.57863897
vt 0.567224 0.577766
vt 0.567152 0.57787198
vt 0.140635 0.80984998
vt 0.823079 0.81197101
vt 0.823079 0.81197101
vt 0.830485 0.80851501
vt 0.633829 0.61836702
vt 0.633829 0.59421003
vt 0.527578 0.635763
vt 0.530407 0.635898
vt 0.527693 0.63563
vt 0.859982 0.80756998
vt 0.859744 0.80770701
vt 0.867796 0.81050098
vt 0.830485 0.80851501
vt 0.830451 0.80845302
vt 0.823079 0.81197101
vt 0.572693 0.579036
vt 0.572931 0.578928
vt 0.57024 0.577855
vt 0.592393 0.62495
vt 0.5278 0.635517
vt 0.527886 0.63544297
vt 0.09677 0.82884699
vt 0.097238 0.82866502
vt 0.092457 0.823794
vt 0.522895 0.63426602
vt 0.521267 0.63304698
vt 0.574486 0.57995802
vt 0.519974 0.63381302
vt 0.100628 0.799725
vt 0.502292 0.58543903
vt 0.504175 0.58575702
vt 0.592248 0.626365
vt 0.591785 0.62780398
vt 0.592611 0.62640798
vt 0.816868 0.820705
vt 0.583419 0.631584
vt 0.583571 0.63174897
vt 0.585399 0.631289
vt 0.593103 0.62646103
vt 0.592611 0.62640798
vt 0.590894 0.629264
vt 0.592143 0.62789398
vt 0.590534 0.62916702
vt 0.855751 0.867567
vt 0.855884 0.867854
vt 0.865429 0.865511
vt 0.593627 0.628236
vt 0.114372 0.83357298
vt 0.10582 0.83140397
vt 0.114201 0.83385402
vt 0.82535 0.83140802
vt 0.819494 0.827209
vt 0.876213 0.81906801
vt 0.875718 0.81912303
vt 0.879051 0.85212499
vt 0.523389 0.636176
vt 0.526506 0.63696098
vt 0.523726 0.63597
vt 0.14082 0.81006402
vt 0.140685 0.80990797
vt 0.130793 0.81123298
vt 0.524866 0.635081
vt 0.527578 0.635763
vt 0.525024 0.63495398
vt 0.827724 0.86278999
vt 0.835781 0.86582398
vt 0.827974 0.86267298
vt 0.567713 0.57706702
vt 0.567586 0.577227
vt 0.57039 0.57770002
vt 0.575146 0.581311
vt 0.100187 0.79548502
vt 0.504488 0.588893
vt 0.504445 0.58751798
vt 0.504445 0.58751798
vt 0.505114 0.58353102
vt 0.50686 0.583906
vt 0.507824 0.582641
vt 0.523314 0.633978
vt 0.523225 0.63405198
vt 0.525241 0.63477302
vt 0.873389 0.81507301
vt 0.875388 0.819166
vt 0.592051 0.62496
vt 0.589819 0.623868
vt 0.590425 0.62453097
vt 0.59067 0.624596
vt 0.574021 0.58200997
vt 0.873435 0.86217803
vt 0.872981 0.86198902
vt 0.590218 0.62447602
vt 0.590029 0.624426
vt 0.590029 0.624426
vt 0.590029 0.624426
vt 0.590079 0.624439
vt 0.590079 0.624439
vt 0.5191 0.634121
vt 0.517551 0.632756
vt 0.506193 0.584826
vt 0.507604 0.584067
vt 0.817928 0.82353199
vt 0.819922 0.82711703
vt 0.817882 0.82297099
vt 0.504488 0.588893
vt 0.589184 0.62865603
vt 0.588948 0.62857097
vt 0.865764 0.86575502
vt 0.873435 0.86217803
vt 0.826639 0.86344397
vt 0.83521 0.86629999
vt 0.877315 0.85719597
vt 0.87855 0.85211802
vt 0.87235 0.86170697
vt 0.872266 0.86165702
vt 0.093432 0.818613
vt 0.093982 0.82367098
vt 0.567152 0.57787198
vt 0.567092 0.57796198
vt 0.569709 0.57847297
vt 0.117321 0.78186399
vt 0.527886 0.63544297
vt 0.53065 0.635576
vt 0.527936 0.635418
vt 0.824301 0.83189702
vt 0.818491 0.82742703
vt 0.827632 0.86283302
vt 0.827574 0.86289299
vt 0.835725 0.86588001
vt 0.583899 0.63050997
vt 0.584059 0.63059902
vt 0.586414 0.62981498
vt 0.158992 0.796655
vt 0.583766 0.631976
vt 0.583977 0.632232
vt 0.506903 0.582084
vt 0.849944 0.80620599
vt 0.142604 0.83120197
vt 0.581897 0.630737
vt 0.582025 0.630794
vt 0.583768 0.63045502
vt 0.561655 0.576923
vt 0.570614 0.577484
vt 0.830485 0.80851501
vt 0.502725 0.584127
vt 0.589807 0.62716103
vt 0.590257 0.625803
vt 0.589766 0.62712902
vt 0.592617 0.628007
vt 0.592143 0.62789398
vt 0.523314 0.633978
vt 0.523329 0.633942
vt 0.521717 0.63278502
vt 0.567886 0.576841
vt 0.567713 0.57706702
vt 0.581803 0.630724
vt 0.581897 0.630737
vt 0.583686 0.63044298
vt 0.512446 0.582613
vt 0.510041 0.583219
vt 0.588615 0.62844503
vt 0.588571 0.628424
vt 0.586282 0.629762
vt 0.504488 0.588893
vt 0.533242 0.635489
vt 0.533242 0.635489
vt 0.876798 0.81901097
vt 0.87964 0.85213399
vt 0.817204 0.82071197
vt 0.527578 0.635763
vt 0.526794 0.63652003
vt 0.567035 0.578044
vt 0.564499 0.57778198
vt 0.523078 0.634153
vt 0.522895 0.63426602
vt 0.507504 0.584072
vt 0.507328 0.58404303
vt 0.506114 0.584827
vt 0.825442 0.83136499
vt 0.819922 0.82711703
vt 0.825442 0.83136499
vt 0.520241 0.63165897
vt 0.521465 0.63295197
vt 0.530481 0.63576502
vt 0.855561 0.86715502
vt 0.864857 0.86511397
vt 0.10475 0.804403
vt 0.104644 0.804438
vt 0.872599 0.86182398
vt 0.592393 0.62495
vt 0.592248 0.626365
vt 0.105163 0.83184099
vt 0.104959 0.83197802
vt 0.873231 0.81504399
vt 0.875272 0.81919003
vt 0.521267 0.63304698
vt 0.520279 0.633699
vt 0.522895 0.63426602
vt 0.49974 0.58701402
vt 0.094976 0.82362401
vt 0.098771 0.82806498
vt 0.095572 0.82357502
vt 0.589766 0.62712902
vt 0.589766 0.62712902
vt 0.588571 0.628424
vt 0.520707 0.63142598
vt 0.501724 0.583885
vt 0.500835 0.58516002
vt 0.108947 0.78507501
vt 0.159588 0.79664898
vt 0.501891 0.58536202
vt 0.142924 0.83139801
vt 0.504883 0.585877
vt 0.149824 0.827281
vt 0.134271 0.83421803
vt 0.143306 0.83162302
vt 0.09835 0.82820302
vt 0.863197 0.83405203
vt 0.862923 0.83384103
vt 0.853561 0.83609802
vt 0.506193 0.584826
vt 0.506114 0.584827
vt 0.504947 0.585887
vt 0.582025 0.630794
vt 0.582171 0.630884
vt 0.105466 0.83164
vt 0.099266 0.82790399
vt 0.575397 0.579679
vt 0.53297 0.635836
vt 0.582309 0.630993
vt 0.533019 0.63570702
vt 0.590211 0.625762
vt 0.589766 0.62712902
vt 0.13082 0.81148303
vt 0.141248 0.81056798
vt 0.111394 0.80828798
vt 0.113783 0.83454198
vt 0.500339 0.58506602
vt 0.500835 0.58516002
vt 0.834919 0.866561
vt 0.845225 0.86813498
vt 0.843106 0.83637398
vt 0.500313 0.588637
vt 0.104558 0.83220202
vt 0.50482 0.58339697
vt 0.101673 0.78871101
vt 0.107778 0.78464198
vt 0.523329 0.633942
vt 0.523314 0.633978
vt 0.525269 0.63474602
vt 0.833477 0.834468
vt 0.520971 0.63554
vt 0.523031 0.63639897
vt 0.501891 0.58536202
vt 0.824301 0.83189702
vt 0.81958 0.84969097
vt 0.867711 0.81079602
vt 0.833535 0.83441299
vt 0.833477 0.834468
vt 0.843224 0.83589202
vt 0.117128 0.781591
vt 0.108238 0.78482997
vt 0.835646 0.86593199
vt 0.8454 0.867423
vt 0.835725 0.86588001
vt 0.58994 0.627212
vt 0.588615 0.62844503
vt 0.827365 0.86303103
vt 0.590534 0.62916702
vt 0.588323 0.630713
vt 0.818371 0.81645
vt 0.836165 0.86544698
vt 0.836434 0.86518401
vt 0.870448 0.83033001
vt 0.87085 0.830481
vt 0.504175 0.58575702
vt 0.530407 0.635898
vt 0.529723 0.636658
vt 0.523726 0.63597
vt 0.526667 0.636711
vt 0.523992 0.635813
vt 0.872266 0.86165702
vt 0.862668 0.833646
vt 0.853342 0.835626
vt 0.862668 0.833646
vt 0.873231 0.81504399
vt 0.875272 0.81919003
vt 0.839813 0.806535
vt 0.818481 0.816486
vt 0.823079 0.81197101
vt 0.133845 0.83377701
vt 0.097958 0.828331
vt 0.093982 0.82367098
vt 0.830485 0.80851501
vt 0.839813 0.806535
vt 0.117575 0.78232801
vt 0.15744 0.79243398
vt 0.573025 0.580837
vt 0.525269 0.63474602
vt 0.527936 0.635418
vt 0.111673 0.808101
vt 0.10475 0.804403
vt 0.111673 0.808101
vt 0.850119 0.80549401
vt 0.823079 0.81197101
vt 0.53297 0.635836
vt 0.530407 0.635898
vt 0.532374 0.63659298
vt 0.845415 0.86736
vt 0.835725 0.86588001
vt 0.845415 0.86736
vt 0.875272 0.81919003
vt 0.875272 0.81919003
vt 0.875831 0.82144499
vt 0.867711 0.81079602
vt 0.867711 0.81079602
vt 0.874922 0.830428
vt 0.875272 0.81919003
vt 0.58417 0.63247597
vt 0.104882 0.83202797
vt 0.859619 0.80774897
vt 0.839784 0.80647397
vt 0.849986 0.80603701
vt 0.586221 0.62974697
vt 0.588571 0.628424
vt 0.111597 0.808151
vt 0.504947 0.585887
vt 0.833535 0.83441299
vt 0.817324 0.82071602
vt 0.817882 0.82297099
vt 0.100772 0.799743
vt 0.817928 0.82353199
vt 0.817324 0.82071602
vt 0.149441 0.807253
vt 0.864789 0.86505997
vt 0.123926 0.83444202
vt 0.818491 0.82742703
vt 0.827574 0.86289299
vt 0.827632 0.86283302
vt 0.821988 0.858598
vt 0.872165 0.86162001
vt 0.871892 0.86151701
vt 0.523389 0.636176
vt 0.850047 0.80578703
vt 0.839594 0.80606198
vt 0.871323 0.83065897
vt 0.863519 0.83429998
vt 0.818491 0.82742703
vt 0.582309 0.630993
vt 0.583419 0.631584
vt 0.843036 0.836667
vt 0.853693 0.83638602
vt 0.141667 0.83065599
vt 0.141265 0.83043998
vt 0.50482 0.58339697
vt 0.507576 0.58249998
vt 0.501755 0.58715397
vt 0.864328 0.86470598
vt 0.87149 0.86136502
vt 0.864007 0.86445898
vt 0.836434 0.86518401
vt 0.855181 0.86633301
vt 0.827574 0.86289299
vt 0.877125 0.852175
vt 0.87653 0.85218602
vt 0.823549 0.85828
vt 0.819813 0.85334802
vt 0.828773 0.86229998
vt 0.863519 0.83429998
vt 0.572931 0.578928
vt 0.573281 0.578775
vt 0.57039 0.57770002
vt 0.582171 0.630884
vt 0.582309 0.630993
vt 0.584059 0.63059902
vt 0.586594 0.62989902
vt 0.827974 0.86267298
vt 0.571135 0.577008
vt 0.120573 0.810615
vt 0.822113 0.858585
vt 0.827632 0.86283302
vt 0.82223 0.85856003
vt 0.510163 0.58321702
vt 0.507604 0.584067
vt 0.565016 0.576545
vt 0.565016 0.576545
vt 0.561626 0.576692
vt 0.819713 0.853657
vt 0.58994 0.627212
vt 0.590396 0.62585402
vt 0.120428 0.81085598
vt 0.873231 0.81504399
vt 0.864857 0.86511397
vt 0.872165 0.86162001
vt 0.827632 0.86283302
vt 0.835725 0.86588001
vt 0.586385 0.632146
vt 0.589018 0.631131
vt 0.8454 0.867423
vt 0.845415 0.86736
vt 0.509865 0.58318698
vt 0.507504 0.584072
vt 0.510041 0.583219
vt 0.845605 0.86658603
vt 0.53309 0.63559502
vt 0.53065 0.635576
vt 0.859744 0.80770701
vt 0.867687 0.81068999
vt 0.110736 0.808725
vt 0.521624 0.63286
vt 0.833094 0.834845
vt 0.870448 0.83033001
vt 0.870176 0.83022702
vt 0.862923 0.83384103
vt 0.85337 0.83568698
vt 0.862736 0.83369797
vt 0.853342 0.835626
vt 0.843168 0.836124
vt 0.853447 0.83585298
vt 0.521624 0.63286
vt 0.520445 0.631581
vt 0.823007 0.85839498
vt 0.828342 0.86250103
vt 0.845605 0.86658603
vt 0.877972 0.85213703
vt 0.878096 0.85211498
vt 0.87653 0.85218602
vt 0.823549 0.85828
vt 0.819676 0.851206
vt 0.819758 0.85249001
vt 0.574486 0.57995802
vt 0.572931 0.578928
vt 0.819831 0.85364902
vt 0.819773 0.85288101
vt 0.819676 0.851206
vt 0.81958 0.84969097
vt 0.81958 0.84969097
vt 0.823007 0.85839498
vt 0.822543 0.85849297
vt 0.819773 0.85288101
vt 0.819758 0.85249001
vt 0.819813 0.85334802
vt 0.819773 0.85288101
vt 0.819831 0.85364902
vt 0.819813 0.85334802
vt 0.533242 0.635489
vt 0.581803 0.630724
vt 0.506193 0.584826
vt 0.504947 0.585887
vt 0.523329 0.633942
vt 0.581803 0.630724
vt 0.581803 0.630724
vt 0.583686 0.63044298
vt 0.561587 0.57642502
vt 0.565016 0.576545
vt 0.843224 0.83589202
vt 0.870176 0.83022702
vt 0.870075 0.83019
vt 0.835781 0.86582398
vt 0.835725 0.86588001
vt 0.827632 0.86283302
vt 0.827974 0.86267298
vt 0.509658 0.583125
vt 0.509454 0.58304203
vt 0.507328 0.58404303
vt 0.5022 0.58400202
vt 0.876416 0.85707498
vt 0.871892 0.86151701
vt 0.872599 0.86182398
vt 0.87235 0.86170697
vt 0.864328 0.86470598
vt 0.864604 0.86491698
vt 0.87149 0.86136502
vt 0.833323 0.83462
vt 0.817016 0.81617099
vt 0.817577 0.816279
vt 0.855427 0.86686599
vt 0.85337 0.83568698
vt 0.84321 0.83595502
vt 0.828773 0.86229998
vt 0.51923 0.632258
vt 0.501397 0.58860898
vt 0.867687 0.81068999
vt 0.124064 0.835706
vt 0.855751 0.867567
vt 0.845225 0.86813498
vt 0.195787 0.78606802
vt 0.195787 0.79954702
vt 0.133232 0.83305901
vt 0.149788 0.82204801
vt 0.093775 0.817442
vt 0.827974 0.86267298
vt 0.828342 0.86250103
vt 0.822543 0.85849297
vt 0.84321 0.83595502
vt 0.833477 0.834468
vt 0.140635 0.80984998
vt 0.879051 0.85212499
vt 0.567224 0.577766
vt 0.564642 0.5775
vt 0.567152 0.57787198
vt 0.867711 0.81079602
vt 0.855314 0.86662102
vt 0.872165 0.86162001
vt 0.878214 0.85211402
vt 0.839784 0.80647397
vt 0.839813 0.806535
vt 0.521731 0.632739
vt 0.521731 0.632739
vt 0.821631 0.81163698
vt 0.845357 0.86759198
vt 0.855638 0.86732101
vt 0.864604 0.86491698
vt 0.591856 0.62953198
vt 0.591358 0.62939203
vt 0.589018 0.631131
vt 0.093521 0.818308
vt 0.094153 0.816145
vt 0.521351 0.635323
vt 0.819034 0.82730901
vt 0.53235 0.63677597
vt 0.509658 0.583125
vt 0.509865 0.58318698
vt 0.512189 0.58254302
vt 0.573691 0.57859898
vt 0.570876 0.57724202
vt 0.570614 0.577484
vt 0.875371 0.856915
vt 0.567586 0.577227
vt 0.845472 0.86712801
vt 0.872599 0.86182398
vt 0.850119 0.80549401
vt 0.589807 0.62716103
vt 0.589766 0.62712902
vt 0.588571 0.628424
vt 0.584223 0.63070798
vt 0.830307 0.80830002
vt 0.833535 0.83441299
vt 0.833535 0.83441299
vt 0.870075 0.83019
vt 0.569796 0.578371
vt 0.584223 0.63070798
vt 0.586797 0.63
vt 0.586594 0.62989902
vt 0.5278 0.635517
vt 0.823549 0.85828
vt 0.512446 0.582613
vt 0.509865 0.58318698
vt 0.505435 0.584679
vt 0.50686 0.583906
vt 0.505114 0.58353102
vt 0.586282 0.629762
vt 0.819034 0.82730901
vt 0.87085 0.830481
vt 0.875272 0.81919003
vt 0.53065 0.635576
vt 0.530721 0.63555002
vt 0.527936 0.635418
vt 0.855181 0.86633301
vt 0.509454 0.58304203
vt 0.504425 0.58886802
vt 0.504257 0.588843
vt 0.572931 0.578928
vt 0.572693 0.579036
vt 0.877125 0.852175
vt 0.564509 0.57775998
vt 0.564499 0.57778198
vt 0.567035 0.578044
vt 0.593946 0.62488902
vt 0.530481 0.63576502
vt 0.81637 0.82069302
vt 0.859619 0.80774897
vt 0.859619 0.80774897
vt 0.879051 0.85212499
vt 0.590399 0.62734097
vt 0.574098 0.57842797
vt 0.592617 0.628007
vt 0.87085 0.830481
vt 0.583899 0.63050997
vt 0.53065 0.635576
vt 0.821631 0.81163698
vt 0.509454 0.58304203
vt 0.507102 0.58398497
vt 0.507328 0.58404303
vt 0.526174 0.63748097
vt 0.521696 0.635121
vt 0.519974 0.63381302
vt 0.850047 0.80578703
vt 0.859982 0.80756998
vt 0.57411 0.580081
vt 0.50482 0.58339697
vt 0.584059 0.63059902
vt 0.589819 0.623868
vt 0.569567 0.57863897
vt 0.567035 0.578044
vt 0.878214 0.85211402
vt 0.504009 0.58882302
vt 0.503719 0.58881003
vt 0.532331 0.637025
vt 0.53235 0.63677597
vt 0.57599 0.58106202
vt 0.509979 0.581536
vt 0.529423 0.637635
vt 0.819381 0.853679
vt 0.502725 0.584127
vt 0.583571 0.63174897
vt 0.583419 0.631584
vt 0.532374 0.63659298
vt 0.518019 0.63263
vt 0.576465 0.58093703
vt 0.575397 0.579679
vt 0.8454 0.867423
vt 0.835725 0.86588001
vt 0.586594 0.62989902
vt 0.586414 0.62981498
vt 0.527886 0.63544297
vt 0.527936 0.635418
vt 0.525269 0.63474602
vt 0.103855 0.83262902
vt 0.49974 0.58701402
vt 0.525156 0.63484597
vt 0.583977 0.632232
vt 0.585854 0.63167202
vt 0.590894 0.629264
vt 0.527578 0.635763
vt 0.527693 0.63563
vt 0.873389 0.81507301
vt 0.867711 0.81079602
vt 0.567586 0.577227
vt 0.57024 0.577855
vt 0.57039 0.57770002
vt 0.855427 0.86686599
vt 0.529723 0.636658
vt 0.504175 0.58575702
vt 0.505435 0.584679
vt 0.525241 0.63477302
vt 0.529723 0.636658
vt 0.845415 0.86736
vt 0.523078 0.634153
vt 0.521267 0.63304698
vt 0.582309 0.630993
vt 0.582171 0.630884
vt 0.533019 0.63570702
vt 0.821198 0.85873502
vt 0.574021 0.58200997
vt 0.815781 0.820678
vt 0.58994 0.627212
vt 0.589807 0.62716103
vt 0.51956 0.63396102
vt 0.583686 0.63044298
vt 0.586282 0.629762
vt 0.825102 0.83152401
vt 0.833323 0.83462
vt 0.855751 0.867567
vt 0.865429 0.865511
vt 0.86514 0.86530203
vt 0.843224 0.83589202
vt 0.526506 0.63696098
vt 0.835725 0.86588001
vt 0.591785 0.62780398
vt 0.839706 0.80630797
vt 0.523389 0.636176
vt 0.521731 0.632739
vt 0.521717 0.63278502
vt 0.573281 0.578775
vt 0.520608 0.631499
vt 0.520445 0.631581
vt 0.521465 0.63295197
vt 0.506193 0.584826
vt 0.504947 0.585887
vt 0.588656 0.63091397
vt 0.855533 0.86709398
vt 0.855504 0.86703199
vt 0.583766 0.631976
vt 0.833323 0.83462
vt 0.530481 0.63576502
vt 0.53297 0.635836
vt 0.530407 0.635898
vt 0.530481 0.63576502
vt 0.583571 0.63174897
vt 0.585597 0.63145202
vt 0.585399 0.631289
vt 0.57039 0.57770002
vt 0.520707 0.63142598
vt 0.521717 0.63278502
vt 0.586282 0.629762
vt 0.586221 0.62974697
vt 0.582025 0.630794
vt 0.533167 0.63551903
vt 0.504488 0.588893
vt 0.504488 0.588893
vt 0.50366 0.582843
vt 0.501724 0.583885
vt 0.819831 0.85364902
vt 0.590604 0.625906
vt 0.56454 0.57770002
vt 0.8454 0.867423
vt 0.523225 0.63405198
vt 0.561626 0.576692
vt 0.826639 0.86344397
vt 0.834919 0.866561
vt 0.567092 0.57796198
vt 0.818371 0.81645
vt 0.822931 0.81196499
vt 0.818481 0.816486
vt 0.818481 0.816486
vt 0.533019 0.63570702
vt 0.53309 0.63559502
vt 0.530566 0.635652
vt 0.507504 0.584072
vt 0.507604 0.584067
vt 0.849929 0.80626899
vt 0.585597 0.63145202
vt 0.588323 0.630713
vt 0.588066 0.63055903
vt 0.510245 0.581778
vt 0.589348 0.63133198
vt 0.818481 0.816486
vt 0.855504 0.86703199
vt 0.53309 0.63559502
vt 0.533167 0.63551903
vt 0.53065 0.635576
vt 0.849944 0.80620599
vt 0.849929 0.80626899
vt 0.859619 0.80774897
vt 0.862736 0.83369797
vt 0.589348 0.63133198
vt 0.867796 0.81050098
vt 0.867796 0.81050098
vt 0.526667 0.636711
vt 0.130774 0.81106198
vt 0.588571 0.628424
vt 0.571907 0.57976198
vt 0.590211 0.625762
vt 0.501891 0.58536202
vt 0.864857 0.86511397
vt 0.592611 0.62640798
vt 0.588066 0.63055903
vt 0.849986 0.80603701
vt 0.835646 0.86593199
vt 0.845297 0.86784202
vt 0.862923 0.83384103
vt 0.853447 0.83585298
vt 0.504033 0.58302498
vt 0.590399 0.62734097
vt 0.592248 0.626365
vt 0.526794 0.63652003
vt 0.588571 0.628424
vt 0.859982 0.80756998
vt 0.573281 0.578775
vt 0.520608 0.631499
vt 0.504009 0.58882302
vt 0.845431 0.867298
vt 0.833535 0.83441299
vt 0.532374 0.63659298
vt 0.50444 0.583219
vt 0.503221 0.58424097
vt 0.830485 0.80851501
vt 0.504466 0.58580703
vt 0.845297 0.86784202
vt 0.512859 0.582725
vt 0.567224 0.577766
vt 0.567586 0.577227
vt 0.564923 0.576949
vt 0.581897 0.630737
vt 0.583768 0.63045502
vt 0.501347 0.587124
vt 0.855314 0.86662102
vt 0.510245 0.581778
vt 0.518502 0.632491
vt 0.519974 0.63381302
vt 0.564642 0.5775
vt 0.868337 0.80999601
vt 0.868337 0.80999601
vt 0.817324 0.82071602
vt 0.592872 0.624933
vt 0.590396 0.62585402
vt 0.590425 0.62453097
vt 0.134517 0.83448797
vt 0.504387 0.587498
vt 0.875272 0.81919003
vt 0.574908 0.581398
vt 0.504257 0.588843
vt 0.507102 0.58398497
vt 0.505703 0.58474803
vt 0.505943 0.5848
vt 0.499791 0.588651
vt 0.581803 0.630724
vt 0.533242 0.635489
vt 0.504009 0.58882302
vt 0.503969 0.58744103
vt 0.590851 0.625952
vt 0.506193 0.584826
vt 0.507604 0.584067
vt 0.582309 0.630993
vt 0.564964 0.57678097
vt 0.564923 0.576949
vt 0.588948 0.62857097
vt 0.502292 0.58543903
vt 0.504947 0.585887
vt 0.567152 0.57787198
vt 0.569709 0.57847297
vt 0.522895 0.63426602
vt 0.524866 0.635081
vt 0.525024 0.63495398
vt 0.504714 0.585849
vt 0.87235 0.86170697
vt 0.872266 0.86165702
vt 0.873389 0.81507301
vt 0.504257 0.588843
vt 0.504221 0.587471
vt 0.853693 0.83638602
vt 0.824734 0.83169597
vt 0.565072 0.57627398
vt 0.526667 0.636711
vt 0.512662 0.582672
vt 0.506114 0.584827
vt 0.504883 0.585877
vt 0.504947 0.585887
vt 0.590079 0.624439
vt 0.590029 0.624426
vt 0.523992 0.635813
vt 0.561655 0.576923
vt 0.561671 0.57708198
vt 0.564923 0.576949
vt 0.589766 0.62712902
vt 0.589184 0.62865603
vt 0.830485 0.80851501
vt 0.839813 0.806535
vt 0.588066 0.63055903
vt 0.586797 0.63
vt 0.521696 0.635121
vt 0.507504 0.584072
vt 0.588747 0.628497
vt 0.864857 0.86511397
vt 0.582171 0.630884
vt 0.567051 0.578022
vt 0.569584 0.578619
vt 0.505703 0.58474803
vt 0.564588 0.577608
vt 0.56454 0.57770002
vt 0.850119 0.80549401
vt 0.569584 0.578619
vt 0.505943 0.5848
vt 0.877315 0.85719597
vt 0.532374 0.63659298
vt 0.827974 0.86267298
vt 0.527693 0.63563
vt 0.828342 0.86250103
vt 0.5022 0.58400202
vt 0.509865 0.58318698
vt 0.512189 0.58254302
vt 0.843224 0.83589202
vt 0.57024 0.577855
vt 0.842379 0.79954797
vt 0.77184 0.79954797
vt 0.83946 0.80577499
vt 0.909851 0.79954797
vt 0.816868 0.820705
vt 0.909851 0.875
vt 0.842379 0.875
vt 0.633829 0.55526298
vt 0.875718 0.81912303
vt 0.633829 0.655622
vt 0.553361 0.655622
vt 0.472893 0.655622
vt 0.472893 0.61836702
vt 0.051425 0.767142
vt 0.123606 0.767142
vt 0.195787 0.767142
vt 0.507504 0.584072
vt 0.509865 0.58318698
vt 0.195787 0.83092302
vt 0.195787 0.854518
vt 0.195787 0.875
vt 0.510245 0.581778
vt 0.822147 0.81178302
vt 0.051425 0.84803599
vt 0.53065 0.635576
vt 0.530721 0.63555002
vt 0.830307 0.80830002
vt 0.830451 0.80845302
vt 0.86514 0.86530203
vt 0.57039 0.57770002
vt 0 0.55526298
vt 0.472893 0.59421003
vt 0.123606 0.875
vt 0.5 0
vt 0 0.27763104
vt 1 0.27763104
vt 0.909851 0.83092302
vt 0.051425 0.875
vt 0 0.767142
vt 1 0.55526298
vt 0 0.82107103
vt 0 0.79410702
vt 0 0.84803498
vt 0.909851 0.854518
vt 1 1
vt 0 0.41644704
vt 0 1
vt 0 0.875
vt 1 0.138816
vt 1 0
vt 0.75 0
vt 1 0.41644704
vt 0 0.138816
vt 0.25 0
vt 0 0
vn -0.2121 -0.2886 -0.9336
vn -0.0744 -0.0445 -0.9962
vn -0.0454 -0.0685 -0.9966
vn 0.011 -0.0957 -0.9953
vn -0.1128 -0.3487 -0.9304
vn -0.0295 -0.0771 -0.9966
vn 0.0543 0.361 -0.931
vn 0.146 0.0474 -0.9882
vn -0.4504 0.7118 -0.539
vn 0.3119 0.6128 -0.726
vn 0.0843 0.6859 -0.7228
vn 0.4146 0.8151 -0.4046
vn -0.9403 -0.2745 -0.2014
vn -0.9407 -0.2063 -0.2692
vn -0.8375 -0.2586 -0.4814
vn -0.6664 -0.5052 -0.5484
vn -0.7824 -0.572 -0.2463
vn -0.7788 -0.3688 -0.5073
vn 0.199 -0.3081 -0.9303
vn 0.0476 -0.0742 -0.9961
vn 0.2897 -0.2157 -0.9325
vn -0.3364 0.4142 -0.8457
vn -0.1155 0.0217 -0.9931
vn -0.6629 0.1303 -0.7373
vn 0.3546 -0.6706 -0.6515
vn 0.3718 -0.7609 -0.5318
vn 0.2232 -0.7777 -0.5876
vn 0.2641 0.2465 -0.9325
vn 0.5056 0.4717 -0.7224
vn 0.3378 0.1198 -0.9336
vn -0.5835 -0.3789 -0.7183
vn -0.4241 -0.5527 -0.7174
vn -0.767 -0.5037 -0.3974
vn -0 -0 -1
vn 0.0908 0.0121 -0.9958
vn -0 -0 -1
vn 0.2889 0.9514 -0.1071
vn 0.2658 0.876 -0.4024
vn -0.054 0.9928 -0.1071
vn -0.5048 -0.7164 -0.4815
vn -0.4619 -0.6706 -0.5805
vn -0.2768 -0.8309 -0.4827
vn 0.3713 -0.0155 -0.9284
vn 0.7002 -0.0292 -0.7133
vn 0.3635 -0.0824 -0.9279
vn 0.3406 -0.1075 -0.934
vn 0.3726 -0.0182 -0.9278
vn 0.6544 -0.2047 -0.7279
vn -0.0376 0.69 -0.7228
vn -0.0197 0.3609 -0.9324
vn -0.2703 0.6335 -0.725
vn -0.3811 0.9062 -0.1832
vn -0.3676 0.8725 -0.3219
vn -0.6116 0.7651 -0.2013
vn 0.9753 0.0998 -0.1971
vn 0.9762 -0.0678 -0.2058
vn 0.9317 0.0948 -0.3507
vn 0.4088 -0.8062 -0.4278
vn 0.616 -0.7093 -0.3427
vn 0.4427 -0.8449 -0.3002
vn -0.6459 -0.2793 -0.7105
vn -0.6897 -0.0981 -0.7175
vn -0.3436 -0.1455 -0.9278
vn 0.2887 0.9514 -0.1074
vn 0.5951 0.7964 -0.1079
vn 0.266 0.8762 -0.4019
vn -0.0824 -0.2471 -0.9655
vn -0.1506 -0.4536 -0.8784
vn -0.1469 -0.2148 -0.9656
vn -0.3042 -0.9132 -0.2713
vn 0.0156 -0.9652 -0.2612
vn -0.3123 -0.9373 -0.1546
vn 0.386 0.2134 -0.8975
vn 0.5456 0.2949 -0.7845
vn 0.2518 0.0529 -0.9663
vn 0.8125 -0.418 -0.4064
vn 0.8983 -0.2035 -0.3894
vn 0.885 -0.4528 -0.1084
vn -0.3817 0.1168 -0.9169
vn -0.2813 -0.6266 -0.7268
vn -0.1048 0.032 -0.994
vn -0.7834 0.5127 -0.3513
vn -0.8195 0.5364 -0.2017
vn -0.5862 0.7324 -0.3464
vn 0.0867 0.7073 -0.7016
vn 0.1121 0.9154 -0.3865
vn -0.1605 0.6944 -0.7015
vn -0.4674 -0.2181 -0.8568
vn -0.2534 -0.1185 -0.9601
vn -0.397 -0.2945 -0.8693
vn 0.9508 0.2644 -0.1616
vn 0.964 0.2619 -0.0465
vn 0.0106 0.0868 -0.9962
vn -0.6926 -0.0098 -0.7213
vn -0.2532 -0.1637 -0.9535
vn -0.2652 -0.0825 -0.9607
vn -0.0685 -0.0218 -0.9974
vn 0.0759 0.0142 -0.997
vn 0.2518 0.0528 -0.9663
vn 0.0612 0.0066 -0.9981
vn 0.9755 0.1622 -0.1487
vn 0.998 0.0617 -0.0168
vn 0.9747 0.0166 0.2229
vn -0.0381 -0.6707 -0.7407
vn 0.0967 -0.6784 -0.7283
vn -0.0494 -0.8117 -0.582
vn 0.6703 0.6242 -0.4012
vn 0.5052 0.4717 -0.7227
vn 0.4147 0.8151 -0.4046
vn 0.3683 0.049 -0.9284
vn 0.3357 0.1418 -0.9312
vn -0.7294 0.4772 -0.4901
vn -0.7835 0.5127 -0.3511
vn -0.5464 0.6842 -0.4831
vn -0.2796 -0.9552 -0.0966
vn -0.6036 -0.791 -0.1001
vn -0.2528 -0.8913 -0.3763
vn 0.9289 -0.0641 -0.3647
vn 0.873 -0.309 -0.3773
vn 0.8554 -0.0585 -0.5146
vn 0.9908 0.0151 -0.1343
vn 0.7291 -0.1028 -0.6767
vn 0.7173 -0.0107 -0.6967
vn -0.0591 0.2411 -0.9687
vn -0.0297 0.2441 -0.9693
vn -0.0165 0.0662 -0.9977
vn 0.4187 0.8219 -0.3863
vn 0.1121 0.9155 -0.3864
vn 0.3233 0.6352 -0.7014
vn 0.3056 0.1952 -0.9319
vn 0.217 0.2891 -0.9324
vn 0.5786 0.377 -0.7233
vn -0.3191 0.2404 -0.9167
vn -0.3816 0.1168 -0.9169
vn -0.0874 0.0658 -0.994
vn 0.61 -0.3144 -0.7273
vn 0.4728 -0.5044 -0.7225
vn -0.2063 0.8927 -0.4006
vn -0.1558 0.6734 -0.7227
vn -0.4982 0.7675 -0.4034
vn -0.355 0.2311 -0.9059
vn -0.495 0.3225 -0.8068
vn -0.2648 0.3337 -0.9047
vn 0.9203 -0.0383 -0.3894
vn 0.6835 -0.1547 -0.7133
vn -0.1075 0.8952 -0.4325
vn -0.2181 0.8776 -0.427
vn -0.1137 0.9461 -0.3034
vn 0.8723 -0.2722 -0.4061
vn 0.9499 -0.2937 -0.107
vn 0.7311 -0.5519 -0.4011
vn 0.8928 0.4473 -0.0528
vn 0.9508 0.2644 -0.1618
vn 0.8761 0.4473 -0.1802
vn -0.8431 0.2591 -0.4713
vn -0.9004 0.0503 -0.4322
vn -0.9001 0.2779 -0.3354
vn 0.5012 -0.77 -0.3948
vn 0.3802 -0.5851 -0.7163
vn 0.1049 0.3457 -0.9325
vn 0.2153 0.2861 -0.9337
vn 0.0251 0.0827 -0.9963
vn 0.317 0.2833 -0.9051
vn 0.443 0.3962 -0.8042
vn 0.9131 0.1213 -0.3893
vn 0.8444 0.3588 -0.3978
vn 0.9862 0.1313 -0.1006
vn -0.9545 -0.1042 -0.2793
vn -0.7098 -0.6187 -0.3367
vn -0.9511 0.2908 -0.1045
vn 0.7491 -0.5538 -0.3636
vn 0.6914 -0.5125 -0.5092
vn 0.873 -0.3091 -0.3773
vn 0.9937 -0.0486 -0.1012
vn 0.9543 -0.2988 -0
vn -0.3818 0.9227 -0.0532
vn -0.3811 0.9062 -0.1831
vn -0.6203 0.7821 -0.0603
vn -0.0387 -0.0739 -0.9965
vn -0.1604 -0.3116 -0.9366
vn -0.0618 -0.0609 -0.9962
vn 0.8353 0.5394 -0.1063
vn 0.7675 0.4995 -0.4018
vn -0.167 0.4053 -0.8988
vn -0.0926 0.2227 -0.9705
vn -0.0835 0.0253 -0.9962
vn -0.0935 0.0037 -0.9956
vn -0.3484 0.1061 -0.9313
vn -0.6796 0.7261 -0.104
vn -0.6815 0.7241 -0.106
vn -0.887 0.4499 -0.1038
vn -0.3818 0.9227 -0.053
vn -0.6203 0.7821 -0.0602
vn -0.3857 0.9226 -0
vn 0.6237 -0.4673 -0.6267
vn 0.8022 -0.2848 -0.5248
vn -0.1965 0.1277 -0.9722
vn -0.2256 0.069 -0.9718
vn 0.6693 0.6247 -0.4022
vn 0.727 0.6782 -0.1074
vn 0.8506 0.3478 -0.3944
vn -0.3042 -0.9132 -0.271
vn -0.3123 -0.9374 -0.1543
vn -0.6049 -0.7523 -0.261
vn 0.205 -0.0729 -0.9761
vn 0.2263 -0.0153 -0.9739
vn 0.3724 -0.1323 -0.9186
vn 0.4043 -0.0266 -0.9142
vn 0.4053 0.044 -0.9131
vn 0.5653 -0.0373 -0.824
vn -0.066 0.0036 -0.9978
vn -0.0674 -0.0089 -0.9977
vn -0.2452 0.0116 -0.9694
vn -0.224 0.969 -0.1045
vn 0.121 0.9872 -0.104
vn -0.224 0.9689 -0.1053
vn -0.9993 0.037 -0.0003
vn -1 -0.0095 -0
vn -0.9857 0.1686 -0.0047
vn 0.4538 0.1106 -0.8842
vn 0.2243 0.0244 -0.9742
vn -0.0543 0.9985 -0
vn 0.2905 0.9569 -0
vn -0.9725 0.2099 -0.1008
vn -0.9731 0.2072 -0.1009
vn -0.8863 0.451 -0.105
vn -0.5665 -0.8241 -0
vn -0.5755 -0.8172 -0.0315
vn -0.3159 -0.9488 -0
vn -0.6002 -0.7998 -0
vn -0.2905 -0.9569 -0
vn -0.6002 -0.7998 -0
vn 0.8887 -0.4585 -0
vn 0.6835 -0.73 -0
vn 0.8887 -0.4585 -0
vn -0.4988 -0.1532 -0.8531
vn -0.7043 -0.2161 -0.6762
vn -0.4583 -0.0615 -0.8867
vn 0.9154 0.3888 -0.1045
vn 0.9739 0.187 -0.1284
vn 0.9143 0.3909 -0.1059
vn -0.9507 0.2919 -0.1048
vn -0.8769 0.268 -0.3991
vn -0.9943 0.0394 -0.0993
vn -0.203 -0.6721 -0.7121
vn -0.5642 -0.7284 -0.3887
vn -0.9045 -0.4264 -0
vn -0.8837 -0.4131 -0.2201
vn -0.8006 -0.5992 -0
vn 0.2889 0.9518 -0.1033
vn -0.054 0.993 -0.1047
vn 0.0052 0.2441 -0.9697
vn -0.0078 0.0665 -0.9978
vn 0.0543 -0.9985 -0
vn -0.2905 -0.9569 -0
vn 0.2693 -0.9631 -0
vn 0.258 -0.9657 -0.0306
vn 0.451 -0.8925 -0
vn -0.5406 0.8346 -0.1061
vn -0.5419 0.834 -0.1042
vn -0.8216 -0.5613 -0.0996
vn -0.8376 -0.5464 -0
vn -0.9681 -0.2248 -0.1109
vn -0.903 -0.1752 -0.3924
vn -0.949 0.052 -0.3109
vn -0.8565 -0.1243 -0.501
vn 0.6775 0.1575 -0.7184
vn 0.9703 -0.2197 -0.1008
vn 0.9763 -0.2164 -0.002
vn -0.4538 -0.8911 -0
vn -0.4448 -0.889 -0.1091
vn -0.1216 -0.9926 -0
vn -0.3076 -0.1933 -0.9317
vn -0.3657 0.0787 -0.9274
vn -0.3251 0.1645 -0.9313
vn -0.0915 0.0197 -0.9956
vn -0.663 0.1299 -0.7373
vn -0.3364 0.414 -0.8458
vn -0.6352 0.3224 -0.7018
vn -0.1137 0.946 -0.3035
vn -0.2302 0.9258 -0.2997
vn -0.1183 0.9782 -0.1706
vn 0.037 -0.9949 -0.0935
vn 0.0481 -0.9266 -0.3729
vn 0.3943 -0.913 -0.1051
vn 0.0914 -0.0038 -0.9958
vn 0.3554 0.0822 -0.9311
vn -0.053 0.0343 -0.998
vn -0.1964 0.1277 -0.9722
vn -0.0391 0.0489 -0.998
vn -0.3435 -0.1455 -0.9278
vn -0.3658 -0.0527 -0.9292
vn -0.083 -0.0343 -0.996
vn 0.0085 0.4405 -0.8977
vn -0.0548 0.445 -0.8939
vn 0.0126 0.6146 -0.7887
vn -0.0765 0.6264 -0.7758
vn -0.1516 0.6166 -0.7726
vn -0.0895 0.7609 -0.6427
vn 0.476 0.7277 -0.4939
vn 0.2431 0.8402 -0.4847
vn 0.5117 0.7826 -0.3545
vn -0.6545 -0.157 -0.7396
vn -0.8835 -0.2101 -0.4187
vn -0.6964 0.021 -0.7173
vn 0.6159 -0.7093 -0.3428
vn 0.5758 -0.6641 -0.4769
vn 0.749 -0.5538 -0.3636
vn 0.0643 0.2237 -0.9725
vn 0.0017 0.0668 -0.9978
vn 0.1618 0.5666 -0.808
vn 0.0126 0.6144 -0.7889
vn 0.202 0.6907 -0.6944
vn 0.111 -0.4613 -0.8803
vn 0.1699 -0.6436 -0.7463
vn 0.0688 -0.4801 -0.8745
vn 0.0142 -0.0766 -0.997
vn 0.0529 -0.2546 -0.9656
vn 0.0099 -0.0709 -0.9974
vn 0.0126 0.6148 -0.7886
vn -0.0765 0.6264 -0.7757
vn 0.0191 0.7467 -0.6649
vn 0.9532 0.2846 -0.1019
vn -0.3564 0.1809 -0.9167
vn -0.0974 0.0494 -0.994
vn -0.2882 0.2181 -0.9324
vn -0.5524 0.4164 -0.7221
vn -0.1558 0.6733 -0.7227
vn -0.0814 0.352 -0.9325
vn -0.3752 0.5771 -0.7254
vn 0.6253 0.1662 -0.7625
vn 0.4538 0.1105 -0.8842
vn 0.6627 0.3496 -0.6622
vn 0.2129 -0.3879 -0.8968
vn 0.2958 -0.5516 -0.7799
vn 0.0528 -0.2545 -0.9656
vn -0.2111 -0.6358 -0.7425
vn -0.0381 -0.6708 -0.7406
vn -0.2543 -0.7676 -0.5883
vn -0.7788 -0.3688 -0.5074
vn -0.6547 -0.3067 -0.6909
vn 0.6958 0.6299 -0.3451
vn 0.7271 0.6571 -0.199
vn 0.8442 0.432 -0.3173
vn 0.0169 0.824 -0.5664
vn -0.1044 0.8353 -0.5398
vn 0.0219 0.8896 -0.4562
vn 0.2232 -0.7778 -0.5876
vn 0.2241 -0.8534 -0.4706
vn 0.1145 -0.8189 -0.5624
vn -0 -0 -1
vn 0.0807 0.0339 -0.9962
vn -0.2493 -0.0335 -0.9678
vn 0.04 -0.7205 -0.6923
vn 0.3622 -0.8439 -0.3958
vn -0.3589 0.8413 -0.4042
vn -0.6264 0.6685 -0.4009
vn -0.389 0.915 -0.1074
vn 0.034 -0.3813 -0.9238
vn 0.2749 -0.6416 -0.7161
vn 0.3169 0.2833 -0.9052
vn 0.3232 0.4923 -0.8082
vn -0.7785 0.2342 -0.5824
vn -0.8397 0.0347 -0.542
vn -0.8431 0.2591 -0.4712
vn -0.2917 -0.8759 -0.3844
vn -0.0026 -0.9241 -0.3822
vn -0.6834 0.73 -0
vn -0.6669 0.7371 -0.1097
vn -0.8838 0.4673 -0.0237
vn 0.0425 -0.0494 -0.9979
vn 0.1537 -0.1809 -0.9714
vn 0.0304 -0.0586 -0.9978
vn -0.2369 0.9569 -0.1677
vn -0.2367 0.9704 -0.0477
vn -0.1183 0.9782 -0.1704
vn 0.6429 -0.764 -0.0555
vn 0.6385 -0.7454 -0.1914
vn 0.7994 -0.5977 -0.0605
vn 0.0759 0.0141 -0.997
vn 0.0585 0.0303 -0.9978
vn 0.2173 0.1198 -0.9687
vn -0.8909 0.2883 -0.3511
vn 0.5585 -0.4168 -0.7171
vn 0.6236 -0.4673 -0.6266
vn 0.4722 -0.5487 -0.6899
vn 0.772 -0.0511 -0.6336
vn 0.7838 0.0834 -0.6153
vn -0.0795 -0.0202 -0.9966
vn -0.3368 -0.0826 -0.938
vn -0.1605 -0.3117 -0.9365
vn -0.3078 -0.6048 -0.7345
vn -0.2619 -0.2502 -0.9321
vn 0.5585 -0.4167 -0.7172
vn 0.4583 -0.342 -0.8203
vn 0.6398 -0.2259 -0.7346
vn -0.0498 0.9146 -0.4012
vn -0.7789 -0.3688 -0.5073
vn -0.8375 -0.2585 -0.4815
vn 0.5758 -0.6641 -0.4768
vn 0.5176 -0.6159 -0.5939
vn 0.6915 -0.5125 -0.5091
vn 0.6941 0.0922 -0.714
vn 0.6399 0.2717 -0.7188
vn 0.5525 -0.4154 -0.7226
vn 0.6627 0.3496 -0.6623
vn 0.7556 0.2154 -0.6186
vn -0.0105 -0.0859 -0.9963
vn -0.8565 -0.1242 -0.501
vn -0.7861 -0.0978 -0.6103
vn 0.0722 0.0448 -0.9964
vn -0.6854 0.1475 -0.7131
vn -0.6187 0.3135 -0.7204
vn 0.6509 0.5879 -0.4804
vn 0.6959 0.6299 -0.3449
vn 0.7968 0.4063 -0.4473
vn 0.3169 -0.1645 -0.9341
vn 0.09 -0.0204 -0.9957
vn 0.9822 -0.1874 -0.0116
vn -0.9031 0.1978 -0.3811
vn -0.8222 0.4175 -0.3869
vn -0.5309 -0.6214 -0.5762
vn -0.2814 -0.6266 -0.7268
vn -0.6817 0.2086 -0.7012
vn 0.0195 -0.0843 -0.9963
vn 0.0813 -0.3521 -0.9324
vn 0.0241 0.946 -0.3232
vn 0.0219 0.8894 -0.4565
vn -0.1076 0.8952 -0.4324
vn 0.4584 -0.342 -0.8203
vn 0.3295 -0.2456 -0.9117
vn 0.5207 -0.1846 -0.8335
vn -0 -0 -1
vn -0 -0 -1
vn 0.1641 0.3221 -0.9324
vn 0.0393 0.0772 -0.9962
vn 0.3842 -0.4548 -0.8034
vn 0.2129 -0.388 -0.8967
vn 0.275 -0.3259 -0.9045
vn -0.2905 0.6895 -0.6634
vn -0.2349 0.5683 -0.7886
vn -0.4527 0.5637 -0.6909
vn -0.1516 0.6164 -0.7727
vn -0.1074 0.439 -0.892
vn 0.116 0.4068 -0.9061
vn 0.0085 0.4406 -0.8977
vn 0.1618 0.5668 -0.8078
vn -0.7293 0.4772 -0.4903
vn -0.843 0.2591 -0.4714
vn 0.2632 0.2474 -0.9325
vn 0.3119 0.6128 -0.7261
vn 0.8278 0.2283 -0.5124
vn 0.8789 0.2465 -0.4084
vn 0.0085 0.4404 -0.8978
vn 0.116 0.4066 -0.9062
vn -0.2802 0.6565 -0.7004
vn -0.4869 0.5203 -0.7016
vn -0.1568 0.3672 -0.9168
vn 0.6971 0.1594 -0.699
vn 0.4721 -0.5486 -0.69
vn 0.3546 -0.6706 -0.6516
vn 0.5758 -0.664 -0.4771
vn 0.3717 -0.7608 -0.5319
vn 0.5175 -0.6158 -0.5942
vn -0.8175 0.4145 -0.3999
vn 0.0462 0.0423 -0.998
vn 0.1744 0.1571 -0.9721
vn -0.2077 0.8986 -0.3866
vn -0.5026 0.7735 -0.3861
vn -0.1605 0.6945 -0.7013
vn 0.1556 -0.6735 -0.7226
vn 0.3802 -0.5852 -0.7163
vn 0.2062 -0.8927 -0.4008
vn -0.9007 0.1942 -0.3887
vn -0.7043 -0.2162 -0.6762
vn -0.6896 -0.0981 -0.7175
vn -0.91 -0.1289 -0.3941
vn -0.6999 0.0273 -0.7137
vn 0.8936 0.2086 -0.3974
vn 0.9196 -0.0451 -0.3902
vn -0.882 0.2698 -0.3864
vn 0.8951 0.2038 -0.3965
vn 0.7723 0.504 -0.3867
vn 0.687 0.1408 -0.7129
vn -0.015 -0.2573 -0.9662
vn -0.8376 -0.5464 -0
vn -0.9723 -0.2338 -0
vn 0.2069 0.6817 -0.7018
vn 0.268 0.8827 -0.386
vn -0.0388 0.7121 -0.701
vn -0.3123 -0.9374 -0.1541
vn -0.3156 -0.9478 -0.0447
vn -0.6039 -0.7853 -0.1365
vn 0.892 0.4521 -0
vn 0.9637 0.2671 -0
vn 0.8928 0.4474 -0.0528
vn 0.6508 0.5879 -0.4805
vn 0.5117 0.7826 -0.3546
vn -0.984 0.0479 -0.1717
vn -0.9739 -0.1796 -0.139
vn -0.9979 0.0417 -0.0488
vn 0.0206 0.9983 -0.0536
vn 0.0231 0.9997 -0
vn 0.2732 0.96 -0.0604
vn -0.0041 -0.067 -0.9977
vn 0.5395 0.4861 -0.6875
vn 0.443 0.3961 -0.8043
vn 0.3902 0.601 -0.6975
vn 0.6429 -0.7639 -0.0556
vn 0.4486 -0.8921 -0.0542
vn 0.4566 -0.8732 -0.1704
vn 0.6744 -0.7307 -0.1057
vn 0.6835 -0.73 -0
vn 0.3258 0.6622 -0.6748
vn -0.1419 0.3324 -0.9324
vn 0.8633 0.0879 -0.497
vn 0.9289 -0.0642 -0.3647
vn -0.6304 0.6732 -0.3865
vn -0.7312 -0.6822 -0
vn 0.2136 -0.9686 -0.1275
vn 0.4486 -0.8921 -0.0541
vn 0.258 -0.9657 -0.0305
vn 0.1674 -0.9544 -0.2472
vn 0.1905 -0.9539 -0.232
vn 0.2136 -0.9686 -0.1273
vn 0.1674 -0.9543 -0.2475
vn 0.2136 -0.9686 -0.1276
vn 0.1674 -0.9544 -0.2473
vn 0.1957 -0.9149 -0.353
vn 0.1904 -0.9539 -0.2321
vn 0.1957 -0.9148 -0.3532
vn 0.0359 0.0539 -0.9979
vn 0.1376 -0.9571 -0.2551
vn 0.7557 0.2154 -0.6185
vn 0.7002 0.0707 -0.7104
vn 0.1398 -0.9902 -0
vn 0.1096 -0.9605 -0.2557
vn 0.1699 -0.6438 -0.7461
vn 0.3547 -0.6707 -0.6514
vn 0.2233 -0.7778 -0.5875
vn -0 -0 -1
vn -0 -0 -1
vn -0.213 -0.1592 -0.964
vn -0.0548 -0.0414 -0.9976
vn -0.1468 -0.2147 -0.9656
vn 0.0358 0.0539 -0.9979
vn 0.0172 0.0591 -0.9981
vn 0.1307 0.1981 -0.9714
vn -0.3154 0.7637 -0.5633
vn -0.2906 0.6895 -0.6634
vn -0.4979 0.6293 -0.5967
vn 0.9229 0.2583 -0.2856
vn 0.9508 0.2643 -0.1617
vn 0.0304 -0.0585 -0.9978
vn 0.1194 -0.2182 -0.9686
vn 0.1111 -0.4614 -0.8802
vn 0.0373 -0.2619 -0.9644
vn 0.4566 -0.8732 -0.1703
vn 0.1905 -0.9538 -0.2322
vn -0.3621 0.8483 -0.3864
vn -0.0501 0.9207 -0.387
vn 0.0909 0.0121 -0.9958
vn 0.0919 -0.0045 -0.9958
vn -0.0548 0.4449 -0.8939
vn -0.0297 0.244 -0.9693
vn 0.3902 0.6011 -0.6974
vn 0.4354 0.6646 -0.6072
vn -0.7785 0.2342 -0.5823
vn -0.6683 0.4357 -0.603
vn -0.7018 0.2153 -0.679
vn 0.0813 -0.352 -0.9325
vn 0.1555 -0.6734 -0.7227
vn -0.7988 0.6016 -0
vn -0.7956 0.5971 -0.1027
vn -0.9544 0.2986 -0.0015
vn 0.5694 0.0613 -0.8197
vn 0.6901 -0.0478 -0.7221
vn -0.8196 0.5364 -0.2016
vn -0.938 0.2888 -0.1918
vn -0.8359 0.5456 -0.0599
vn -0.054 0.9929 -0.1057
vn -0.9544 0.2987 -0
vn -0.7241 0.1713 -0.6681
vn -0.9999 0.0072 0.0105
vn 0.1629 0.3187 -0.9338
vn 0.044 0.3589 -0.9323
vn 0.1807 0.3546 -0.9174
vn 0.0484 0.3954 -0.9172
vn 0.1845 -0.1363 -0.9733
vn 0.5791 0.3781 -0.7223
vn 0.5482 0.7316 -0.4052
vn 0.4584 -0.3421 -0.8203
vn -0.2255 0.069 -0.9718
vn -0.4117 0.1245 -0.9028
vn -0.0221 -0.0658 -0.9976
vn -0.0041 -0.0669 -0.9978
vn -0.0824 -0.247 -0.9655
vn 0.9959 -0.0669 -0.0601
vn 0.9401 -0.3344 -0.0658
vn 0.9762 -0.0678 -0.2059
vn -0.0425 -0.8753 -0.4818
vn -0.0493 -0.8118 -0.5819
vn -0.9189 0.0283 -0.3934
vn -0.9942 0.0326 -0.1028
vn 0.1096 -0.9606 -0.2554
vn -0.0026 -0.9243 -0.3816
vn -0.0424 -0.8754 -0.4815
vn 0.1211 0.9869 -0.1061
vn 0.1111 0.9086 -0.4026
vn -0.224 0.9689 -0.1052
vn 0.1096 -0.9605 -0.2556
vn 0.0156 -0.9653 -0.2608
vn -0.0026 -0.9242 -0.3818
vn 0.3406 -0.1074 -0.934
vn 0.536 0.8193 -0.2035
vn 0.2724 0.9407 -0.2021
vn 0.5471 0.8349 -0.06
vn -0.0055 -0.9905 -0.1373
vn 0.0156 -0.9652 -0.261
vn -0.0047 0.0862 -0.9963
vn 0.0261 0.0833 -0.9962
vn -0.0059 0.1075 -0.9942
vn -0.6895 -0.6785 -0.2535
vn -0.5048 -0.7165 -0.4815
vn -0.566 -0.7308 -0.3815
vn -0.7824 -0.572 -0.2462
vn -0.5049 -0.7165 -0.4814
vn -0.6895 -0.6784 -0.2535
vn -0.6895 -0.6784 -0.2537
vn -0.566 -0.7308 -0.3816
vn -0.6049 -0.7522 -0.2611
vn 0.5118 0.7827 -0.3543
vn 0.2611 0.9001 -0.3489
vn 0.5361 0.8193 -0.2034
vn -0.0481 -0.9983 -0.0321
vn -0.0055 -0.9906 -0.137
vn 0.9994 -0.0311 -0.0118
vn -0.0481 -0.9983 -0.0323
vn -0.0594 -0.9982 -0
vn 0.2251 -0.9743 -0
vn -0.1216 -0.9926 -0
vn 0.2251 -0.9743 -0
vn -0.6896 -0.6784 -0.2535
vn -0.605 -0.7523 -0.261
vn -0.6039 -0.7853 -0.1366
vn -0.0055 -0.9905 -0.1371
vn -0.3156 -0.9478 -0.0446
vn 0.3925 -0.9197 -0
vn 0.0543 -0.9985 -0
vn -0.6039 -0.7852 -0.1367
vn -0.5756 -0.8171 -0.0315
vn -0.5665 -0.824 -0
vn -0.2768 -0.831 -0.4826
vn -0.2917 -0.876 -0.384
vn -0.3925 0.9197 -0
vn 0.79 -0.6039 -0.1057
vn 0.7988 -0.6015 -0
vn 0.545 -0.8319 -0.1041
vn -0 -0 -1
vn -0 -0 -1
vn 0.2188 0.7711 -0.5979
vn 0.0169 0.8236 -0.5669
vn 0.243 0.8401 -0.485
vn -0.3077 -0.6047 -0.7346
vn -0.412 -0.8125 -0.4125
vn -0.5065 -0.4737 -0.7205
vn 0.545 -0.8319 -0.1042
vn 0.5011 -0.77 -0.395
vn 0.79 -0.6039 -0.1059
vn -0.6664 -0.5052 -0.5483
vn -0.5578 -0.4144 -0.7192
vn -0.4619 -0.6706 -0.5804
vn -0.6474 -0.0857 -0.7573
vn 0.2611 0.9 -0.349
vn 0.2724 0.9407 -0.2023
vn 0.0721 0.0478 -0.9963
vn 0.3024 0.1989 -0.9322
vn 0.0853 0.0195 -0.9962
vn 0.6008 0.5364 -0.5928
vn 0.7439 0.3723 -0.555
vn -0.4673 -0.2181 -0.8568
vn 0.5456 0.2948 -0.7845
vn 0.8809 0.2389 -0.4087
vn 0.6399 -0.226 -0.7345
vn 0.7204 -0.2565 -0.6444
vn -0.7622 0.0389 -0.6462
vn -0.7018 0.2152 -0.679
vn -0.6275 0.0271 -0.7781
vn 0.7002 -0.0343 -0.7132
vn -0.1864 0.7467 -0.6385
vn -0.1516 0.6163 -0.7728
vn -0.2905 0.6895 -0.6635
vn -0.4472 0.0193 -0.8942
vn -0.6275 0.0272 -0.7781
vn -0.4951 0.3226 -0.8068
vn -0.5764 0.1745 -0.7983
vn -0.6005 0.3963 -0.6945
vn -0.0813 0.352 -0.9325
vn -0.0195 0.0842 -0.9963
vn -0.196 0.3012 -0.9332
vn -0.0601 0.0189 -0.998
vn 0.0314 0.1035 -0.9941
vn 0.0647 0.0862 -0.9942
vn 0.1158 0.3811 -0.9173
vn 0.6694 0.6247 -0.4021
vn 0.6484 0.2445 -0.721
vn -0.3658 -0.0528 -0.9292
vn -0.6896 -0.0982 -0.7175
vn -0.3736 0.0146 -0.9275
vn 0.2331 0.3547 -0.9054
vn 0.116 0.4067 -0.9061
vn 0.3233 0.4924 -0.8081
vn -0.2712 0.635 -0.7233
vn -0.3591 0.8418 -0.403
vn -0.0375 0.6901 -0.7228
vn 0.4354 0.6646 -0.6073
vn 0.2188 0.7712 -0.5978
vn 0.476 0.7276 -0.494
vn 0.6744 0.6291 -0.3866
vn 0.4187 0.8218 -0.3864
vn 0.521 0.4861 -0.7017
vn -0.2111 -0.6359 -0.7424
vn -0.2543 -0.7677 -0.5882
vn -0.3826 -0.555 -0.7387
vn -0.7043 -0.2161 -0.6763
vn 0.9984 -0.0473 -0.0308
vn 0.9953 0.0964 -0
vn 0.9972 -0.0751 -0
vn 0.996 -0.0669 -0.06
vn 0.4722 -0.5487 -0.69
vn 0.5176 -0.6159 -0.594
vn 0.3547 -0.6707 -0.6515
vn 0.7271 0.6572 -0.1988
vn 0.6958 0.6299 -0.345
vn 0.536 0.8193 -0.2036
vn -0.8441 -0.3676 -0.3903
vn -0.91 -0.129 -0.3941
vn -0.7861 -0.0977 -0.6103
vn -0.9407 -0.2064 -0.2691
vn -0.903 -0.1753 -0.3923
vn -0.8565 -0.1244 -0.501
vn -0.9571 -0.2899 -0
vn -0.0688 0.0524 -0.9963
vn -0.2883 0.2181 -0.9324
vn -0.9456 -0.1934 -0.2615
vn -0.9897 -0.1389 -0.0336
vn -0.9919 -0.1268 -0
vn -0.9897 -0.1389 -0.0335
vn -0.9739 -0.1796 -0.1391
vn -0.9738 -0.1796 -0.1391
vn 0.2174 0.1198 -0.9687
vn 0.076 0.0142 -0.997
vn 0.7994 -0.5977 -0.0607
vn 0.6475 -0.7621 -0
vn 0.673 0.1258 -0.7289
vn 0.9118 0.3978 -0.1016
vn 0.9835 0.1808 -0.0024
vn 0.9929 0.1049 -0.057
vn -0.6682 0.4357 -0.603
vn -0.7294 0.4772 -0.4902
vn -0.047 0.072 -0.9963
vn -0.0689 0.0524 -0.9963
vn 0.0628 0.0596 -0.9962
vn 0.1629 0.3186 -0.9338
vn -0.6635 0.2025 -0.7203
vn -0.6999 0.0274 -0.7137
vn -0.732 0.5506 -0.4013
vn -0.7958 0.596 -0.1069
vn 0.994 -0.0411 -0.1013
vn 0.9691 0.2221 -0.1069
vn -0.2917 -0.8759 -0.3843
vn -0.3042 -0.9132 -0.2712
vn -0.566 -0.7307 -0.3817
vn 0.1435 -0.338 -0.9301
vn 0.2724 0.9407 -0.2022
vn 0.0245 0.9827 -0.1834
vn 0.2732 0.9601 -0.0604
vn 0.0631 0.0589 -0.9963
vn 0.0772 0.0269 -0.9967
vn 0.7302 0.6749 -0.1061
vn 0.6703 0.6242 -0.4013
vn 0.4492 0.887 -0.1076
vn -0.3677 0.8725 -0.3218
vn -0.3453 0.822 -0.4529
vn -0.5862 0.7324 -0.3463
vn -0.3691 0.0106 -0.9293
vn -0.1074 0.4391 -0.892
vn -0.0591 0.2412 -0.9687
vn 0.1193 -0.2182 -0.9686
vn -0.1116 -0.9089 -0.4018
vn -0.4721 0.5047 -0.7227
vn -0.2369 0.957 -0.1676
vn -0.2302 0.9259 -0.2994
vn -0.3811 0.9063 -0.1828
vn 0.0968 -0.6786 -0.7281
vn -0.2726 -0.3962 -0.8768
vn 0.5449 -0.8385 -0
vn 0.3295 -0.2455 -0.9117
vn -0.938 0.2889 -0.1918
vn -0.984 0.048 -0.1717
vn -0.9557 0.2887 -0.057
vn -0.4116 0.1245 -0.9028
vn -0.5763 0.1745 -0.7984
vn 0.7271 0.6571 -0.1988
vn 0.7442 0.6654 -0.0586
vn 0.8761 0.4473 -0.1801
vn -0.1505 -0.4536 -0.8784
vn -0.2111 -0.6357 -0.7425
vn -0.2367 0.9704 -0.048
vn -0.2369 0.9569 -0.1679
vn -0.3818 0.9227 -0.0531
vn 0.1957 -0.9149 -0.3531
vn 0.4566 -0.8732 -0.1702
vn -0.8196 0.5364 -0.2015
vn -0.8359 0.5457 -0.0597
vn -0.6117 0.7652 -0.2009
vn 0.9953 0.0963 0.0007
vn -0.1242 0.991 -0.049
vn -0.1207 0.9927 -0
vn -0.0906 -0.0132 -0.9958
vn -0.0936 0.0037 -0.9956
vn 0.9196 -0.0452 -0.3902
vn 0.2188 0.7713 -0.5977
vn 0.202 0.6908 -0.6943
vn -0.3157 -0.9478 -0.0448
vn -0.0593 -0.9982 -0
vn 0.6509 0.5879 -0.4803
vn 0.6009 0.5365 -0.5926
vn 0.6386 -0.7453 -0.1916
vn 0.616 -0.7093 -0.3428
vn 0.7866 -0.5818 -0.2068
vn 0.7312 0.6822 -0
vn 0.9176 0.3975 -0
vn 0.727 0.6782 -0.1073
vn 0.8278 0.2282 -0.5125
vn 0.7967 0.4063 -0.4474
vn 0.0219 0.8895 -0.4565
vn -0.2063 0.8927 -0.4007
vn -0.5406 0.8345 -0.1062
vn 0.8328 0.543 -0.1074
vn 0.7666 0.5 -0.4029
vn -0.5524 0.4165 -0.7221
vn -0.6474 -0.0856 -0.7573
vn -0.7622 0.039 -0.6462
vn 0.4279 0.5699 -0.7015
vn 0.5534 0.738 -0.3862
vn -0.9088 -0.405 -0.1002
vn -0.985 -0.1388 -0.1028
vn 0.7439 0.3723 -0.5549
vn 0.6628 0.3496 -0.6622
vn 0.6008 0.5364 -0.5927
vn 0.0632 -0.0045 -0.998
vn 0.3814 0.0459 -0.9233
vn 0.3338 0.2177 -0.9172
vn 0.1248 -0.0054 -0.9922
vn -0.9557 0.2888 -0.057
vn -0.9563 0.2923 -0
vn -0.8358 0.5457 -0.0599
vn 0.9508 0.2644 -0.1617
vn 0.0514 -0.0372 -0.998
vn 0.2049 -0.0729 -0.9761
vn 0.6251 -0.6694 -0.4015
vn -0.0916 0.0025 -0.9958
vn 0.5206 -0.1846 -0.8336
vn -0.2462 0.2641 -0.9325
vn 0.9194 -0.3265 -0.2192
vn -0.0778 0.0392 -0.9962
vn -0.1413 0.3304 -0.9332
vn -0.0589 0.0635 -0.9962
vn 0.5969 0.3895 -0.7015
vn -0.1969 0.3031 -0.9324
vn -0.3763 0.5789 -0.7234
vn -0.0814 0.3519 -0.9325
vn 0.7994 -0.5977 -0.0606
vn 0.7866 -0.5818 -0.2067
vn 0.9401 -0.3344 -0.0656
vn -0.2302 0.9259 -0.2997
vn -0.2181 0.8775 -0.427
vn 0.239 0.3186 -0.9173
vn 0.0904 0.059 -0.9942
vn -0.0676 -0.0318 -0.9972
vn -0.1043 0.8349 -0.5403
vn -0.2009 0.8207 -0.5349
vn -0.1075 0.8951 -0.4327
vn -0.9979 0.0416 -0.0488
vn -0.9563 0.2922 -0
vn -0.0196 0.3613 -0.9323
vn -0.0385 0.0827 -0.9958
vn 0.4148 0.5529 -0.7227
vn 0.2011 0.6616 -0.7224
vn 0.0544 -0.0195 -0.9983
vn 0.2049 -0.0728 -0.9761
vn 0.0391 0.076 -0.9963
vn 0.0105 0.0859 -0.9962
vn 0.044 0.3589 -0.9323
vn 0.2244 0.0244 -0.9742
vn 0.4128 0.5498 -0.7262
vn 0.3842 -0.4549 -0.8034
vn 0.0757 -0.0396 -0.9963
vn 0.06 -0.0625 -0.9962
vn 0.7442 0.6654 -0.0587
vn 0.7271 0.6571 -0.1989
vn 0.5471 0.8349 -0.0602
vn 0.4156 0.8157 -0.4025
vn 0.1743 0.1571 -0.9721
vn 0.1306 0.1981 -0.9714
vn 0.5207 -0.1846 -0.8336
vn 0.0632 0.0589 -0.9963
vn -0.0433 0.0276 -0.9987
vn -0.7379 -0.667 -0.1031
vn 0.4511 0.8861 -0.1062
vn 0.4156 0.8156 -0.4025
vn 0.1211 0.9869 -0.1063
vn 0.0342 -0.0813 -0.9961
vn 0.2486 -0.2625 -0.9323
vn 0.4146 0.815 -0.4047
vn 0.1113 0.9088 -0.4021
vn 0.4491 0.887 -0.1076
vn -0.9002 0.2779 -0.3353
vn -0.8195 0.5364 -0.2016
vn 0.5051 0.4717 -0.7227
vn -0.6004 0.3963 -0.6946
vn -0.369 0.4652 -0.8046
vn 0.8723 -0.2723 -0.4061
vn 0.1807 0.3545 -0.9174
vn 0.0489 0.0961 -0.9942
vn -0.5689 0.3929 -0.7225
vn -0.2972 0.1986 -0.9339
vn 0.7204 -0.2564 -0.6444
vn 0.0169 0.8238 -0.5667
vn 0.0191 0.7465 -0.6652
vn 0.3233 0.4925 -0.8081
vn 0.1619 0.5669 -0.8078
vn 0.3903 0.6012 -0.6973
vn -0.7945 0.5983 -0.104
vn -0.5449 0.8385 -0
vn -0.2252 0.9743 -0
vn -0.5418 0.8339 -0.1055
vn -0.9176 -0.3975 -0
vn -0.9921 -0.1254 -0.0053
vn 0.2237 -0.9689 -0.1057
vn 0.9543 -0.2988 -0
vn 0.7988 -0.6016 -0
vn -0.3904 0.9147 -0.1045
vn 0.833 0.5433 -0.1042
vn 0.968 0.2277 -0.1054
vn 0.5449 -0.8385 -0
vn 0.2252 -0.9743 -0
vn 0.3925 -0.9197 -0
vn -0.9723 -0.2338 -0
vn -0.9045 -0.4265 -0
vn 0.5477 0.8367 -0
vn 0.2771 0.9608 -0
vn 0.6003 0.7998 -0
vn 0.8376 0.5463 -0
vn 0.5969 0.7953 -0.1065
vn -0.0105 -0.0859 -0.9962
vn 0.7988 -0.6016 -0
vn -0.1044 0.8351 -0.5401
vn 0.0169 0.8237 -0.5667
vn -0.0894 0.7607 -0.6429
vn 0.121 0.9872 -0.1039
vn 0.4512 0.8863 -0.1043
vn 0.1209 0.987 -0.1063
vn -0.9921 -0.1254 -0.0052
vn -0.9834 -0.1814 -0
vn -0.9999 0.0071 0.0105
vn -0.7312 -0.6821 -0
vn -0.7312 -0.6821 -0
vn -0.3598 -0.0061 -0.933
vn -0.9921 -0.1255 -0.0052
vn -0.0164 0.0662 -0.9977
vn 0.5971 0.7954 -0.1038
vn -0.4538 -0.8911 -0
vn 0.2061 -0.8926 -0.4009
vn -0.0843 -0.6859 -0.7228
vn -0.6236 0.7818 -0
vn -0.8307 0.5567 -0
vn 0.5496 0.7324 -0.4018
vn 0.9422 -0.3351 -0
vn 0.4511 0.8862 -0.1061
vn 1 -0.0064 -0
vn 0.9835 0.1809 -0.0024
vn 0.9622 0.2725 -0
vn 0.673 0.1258 -0.7288
vn 0.9994 -0.0312 -0.0118
vn 0.1873 0.8406 -0.5082
vn -0.5026 0.7735 -0.3862
vn -0.0217 0.3982 -0.917
vn 0.0773 0.0269 -0.9966
vn 0.6704 0.6243 -0.4011
vn 0.7302 0.675 -0.1059
vn 0.8444 0.3588 -0.3977
vn -0.7368 0.555 -0.3863
vn -0.5694 0.4288 -0.7013
vn 0.2331 0.3546 -0.9055
vn -0.0441 -0.3587 -0.9324
vn 0.0813 -0.352 -0.9324
vn -0.0685 0.0454 -0.9966
vn -0.0596 0.0799 -0.995
vn 0.0772 0.0269 -0.9966
vn -0.201 0.8209 -0.5346
vn -0.1864 0.7468 -0.6384
vn 0.0107 0.0868 -0.9962
vn -0.0195 0.0843 -0.9963
vn -0.2731 0.2916 -0.9167
vn -0.0749 0.0799 -0.994
vn 0.3842 -0.4548 -0.8035
vn 0.2958 -0.5517 -0.7798
vn 0.6901 -0.0479 -0.7221
vn -0.2175 0.3346 -0.9169
vn -0.3191 0.2403 -0.9167
vn -0.0588 0.0905 -0.9942
vn 0.0489 0.0962 -0.9942
vn -0.0243 0.1051 -0.9942
vn 0.6703 0.6243 -0.4012
vn -0.2814 -0.6267 -0.7267
vn -0.2531 -0.1637 -0.9535
vn 0.1282 0.0183 -0.9916
vn -0.2154 0.4666 -0.8578
vn 0.0789 0.0736 -0.9942
vn -0.0596 0.0798 -0.995
vn -0.5578 -0.4143 -0.7192
vn -0.3971 -0.2946 -0.8692
vn -0.3825 -0.5549 -0.7388
vn -0.2182 0.8777 -0.4267
vn -0.201 0.821 -0.5344
vn -0.3453 0.8221 -0.4527
vn -0.5463 0.6841 -0.4833
vn 0.521 0.4861 -0.7016
vn -0.0376 -0.0558 -0.9977
vn 0.2008 0.6611 -0.7229
vn 0.9154 0.3888 -0.1044
vn 0.7273 0.6784 -0.104
vn 0.8497 0.3552 -0.3896
vn 0.4486 -0.8921 -0.0543
vn 0.6429 -0.764 -0.0556
vn -0.0269 -0.4765 -0.8787
vn -0.0269 -0.4765 -0.8788
vn 0.0689 -0.4801 -0.8745
vn 0.9131 0.1214 -0.3893
vn -0.9002 0.2779 -0.3354
vn -0.949 0.052 -0.3108
vn 0.1049 0.3457 -0.9325
vn -0.9176 -0.3975 -0
vn -0.5419 0.834 -0.1043
vn -0.7368 0.555 -0.3862
vn 0.7302 0.6749 -0.106
vn 0.4492 0.887 -0.1075
vn -0.0254 0.06 -0.9979
vn -0.1462 0.1835 -0.9721
vn 0.1113 0.9088 -0.402
vn 0.1209 0.9869 -0.1064
vn 0.4426 -0.8449 -0.3003
vn 0.6385 -0.7454 -0.1917
vn 0.4566 -0.8732 -0.1705
vn 0.0131 0.1072 -0.9942
vn -0.1137 0.9461 -0.3033
vn 0.0246 0.9827 -0.1834
vn -0.412 -0.8125 -0.4124
vn -0.6723 -0.6235 -0.3991
vn 0.0519 0.0691 -0.9963
vn 0.8442 0.4321 -0.3172
vn 0.1641 0.3222 -0.9323
vn -0.569 0.3929 -0.7224
vn -0.7442 0.5371 -0.3971
vn -0.3763 0.5789 -0.7233
vn -0.2062 0.8924 -0.4015
vn -0.4989 0.7678 -0.402
vn -0.224 0.9689 -0.1053
vn 0.084 0.6853 -0.7234
vn -0.1554 0.6727 -0.7234
vn 0.8442 0.4321 -0.3171
vn 0.8789 0.2465 -0.4083
vn 0.3764 0.1114 -0.9197
vn 0.2913 0.2717 -0.9173
vn 0.0131 0.1071 -0.9942
vn -0.7098 -0.6188 -0.3367
vn -0.9546 -0.1041 -0.2793
vn -0.253 -0.164 -0.9535
vn 0.1281 0.0184 -0.9916
vn -0.6926 -0.0099 -0.7213
vn -0.4991 0.1102 -0.8595
vn -0.4674 -0.2181 -0.8567
vn -0.5577 -0.4143 -0.7192
vn 0.9739 0.1871 -0.1284
vn -0.0114 0.5514 -0.8342
vn -0.6926 -0.0099 -0.7212
vn -0.0433 0.0277 -0.9987
vn -0.0432 0.0276 -0.9987
vn 0.3763 0.1114 -0.9198
vn 0.66 0.2579 -0.7056
vn -0.0114 0.5513 -0.8342
vn -0.4991 0.1103 -0.8595
vn -0.2154 0.4666 -0.8579
vn -0.0166 0.5503 -0.8348
vn 0.9737 0.1895 -0.1267
vn -0.2175 0.4645 -0.8584
vn -0.1243 0.991 -0.049
vn -0.2394 0.9709 -0
vn 0.8023 -0.597 -0
vn 0.9401 -0.3344 -0.0657
vn 0.7434 0.6689 -0
vn -0.2395 0.9709 -0
vn -0.2367 0.9704 -0.0478
vn -0.3856 0.9227 -0
vn 0.0373 -0.2618 -0.9644
vn -0.0269 -0.4766 -0.8787
vn 0.1216 0.9926 -0
vn -0.7442 0.537 -0.3972
vn -0.7956 0.5971 -0.1028
vn 0.4187 0.8218 -0.3863
vn 0.4512 0.8863 -0.1042
vn 0.7273 0.6784 -0.1039
vn 0.5209 0.4861 -0.7017
vn 0.4087 -0.8061 -0.4279
vn 0.3717 -0.7609 -0.5318
vn 0.6159 -0.7093 -0.3429
vn 0.1844 -0.1363 -0.9733
vn -0.6818 0.2086 -0.7012
vn -0.5694 0.4288 -0.7014
vn -0.5525 0.4165 -0.722
vn -0.732 0.5507 -0.4013
vn -0.2174 0.3345 -0.917
vn -0.3889 0.5982 -0.7006
vn -0.3191 0.2403 -0.9168
vn 0.3132 0.6153 -0.7234
vn 0.0814 -0.026 -0.9963
vn 0.3407 -0.1075 -0.934
vn -0.1605 0.6945 -0.7014
vn -0.2062 0.8924 -0.4014
vn 0.111 0.9086 -0.4027
vn 0.0789 0.0737 -0.9942
vn 0.7556 0.2154 -0.6185
vn 0.5694 0.0613 -0.8198
vn -0.6722 -0.6235 -0.3992
vn -0.0047 0.0864 -0.9962
vn -0.0813 0.3519 -0.9325
vn 0.0105 0.0859 -0.9963
vn -0 -0 -1
vn -0 -0 -1
vn -0.0423 0.0992 -0.9942
vn -0.1156 0.0214 -0.9931
vn 0.7226 -0.0709 -0.6876
vn 0.521 0.486 -0.7017
vn 0.2912 0.2717 -0.9173
vn 0.66 0.2578 -0.7056
vn 0.1111 0.9086 -0.4027
vn 0.4156 0.8157 -0.4024
vn -0.3903 0.9145 -0.1069
vn -0.3735 0.0146 -0.9275
vn -0.2768 -0.831 -0.4825
vn -0.0425 -0.8754 -0.4816
vn -0.2917 -0.8761 -0.3839
vn -0.7312 -0.6822 -0
vn -0.0897 0.3878 -0.9174
vn -0.7367 0.555 -0.3863
vn -0.921 0.0361 -0.3879
vn 0.2061 -0.8926 -0.401
vn 0.2237 -0.9689 -0.1058
vn 0.8928 0.4473 -0.0527
vn 0.892 0.452 -0
vn 0.0698 -0.0512 -0.9962
vn 0.0843 0.6858 -0.7228
vn -0.1558 0.6733 -0.7228
vn -0.3889 0.5983 -0.7006
vn -0.1965 0.1278 -0.9722
vn -0.355 0.2311 -0.9058
vn -0.1463 0.1836 -0.9721
vn 0.9364 -0.0037 -0.3508
vn 0.6826 -0.0282 -0.7303
vn 0.3169 0.2833 -0.9051
vn 0.3379 0.1199 -0.9335
vn -0.0765 0.6261 -0.7759
vn 0.4088 -0.8062 -0.4277
vn 0.4426 -0.845 -0.3001
vn 0.2241 -0.8535 -0.4705
vn -0.2131 -0.1593 -0.964
vn -0.1469 -0.2148 -0.9655
vn -0.2727 -0.3962 -0.8767
vn -0.1048 0.0321 -0.994
vn -0.2542 -0.7676 -0.5884
vn 0.0867 0.7073 -0.7015
vn -0.5524 0.4165 -0.722
vn -0.0106 -0.0859 -0.9963
vn -0.938 0.2888 -0.1919
vn -0.9557 0.2887 -0.0571
vn -0.8358 0.5457 -0.06
vn -0.3154 0.7637 -0.5632
vn 0.3802 -0.5851 -0.7164
vn 0.4511 0.8861 -0.1061
vn 0.4538 0.8911 -0
vn -0.7956 0.597 -0.1027
vn -0.5049 -0.7164 -0.4815
vn -0.3154 0.7636 -0.5634
vn -0.4979 0.6292 -0.5968
vn -0.5463 0.6841 -0.4834
vn 0.2611 0.9 -0.3491
vn 0.1281 0.0183 -0.9916
vn 0.1957 -0.9148 -0.3533
vn 0.4427 -0.8449 -0.3003
vn 0.6236 -0.4672 -0.6267
vn 0.5176 -0.6158 -0.594
vn 0.4722 -0.5486 -0.69
vn -0.6116 0.7651 -0.2012
vn 0.3378 0.1198 -0.9335
vn -0.2973 0.1987 -0.9339
vn -0.9834 -0.1813 -0
vn 0.0245 0.9827 -0.1835
vn 0.0206 0.9983 -0.0537
vn 0.2732 0.96 -0.0605
vn -0.0243 0.105 -0.9942
vn 0.3718 -0.761 -0.5317
vn 0.9753 0.0998 -0.1972
vn 0.9316 0.0948 -0.3508
vn -0.5577 -0.4143 -0.7193
vn -0.6664 -0.5051 -0.5485
vn -0.2814 -0.6266 -0.7267
vn -0.0055 -0.9905 -0.1374
vn -0.0481 -0.9983 -0.0324
vn -0.3157 -0.9478 -0.0449
vn -0.0674 -0.009 -0.9977
vn 0.0219 0.8894 -0.4566
vn 0.3726 -0.0183 -0.9278
vn -0.4448 -0.8889 -0.1091
vn -0.4448 -0.889 -0.1092
vn -0.3735 0.0145 -0.9275
vn -0.7785 0.2343 -0.5823
vn -0.0548 -0.0415 -0.9976
vn -0.4117 0.1244 -0.9028
vn -0.2973 0.1986 -0.9339
vn -0.3677 0.8726 -0.3216
vn 0.0246 0.9827 -0.1835
vn 0.0698 -0.0512 -0.9963
vn 0.3719 -0.7611 -0.5314
vn 0.5758 -0.6643 -0.4766
vn 0.616 -0.7094 -0.3425
vn 0.0173 0.0592 -0.9981
vn 0.4431 0.3962 -0.8042
vn 0.5456 0.2949 -0.7844
vn -0.0441 -0.3588 -0.9324
vn -0.3077 -0.6048 -0.7345
vn -0.6548 -0.3067 -0.6908
vn 0.3841 -0.4548 -0.8035
vn -0.3453 0.8219 -0.453
vn -0.9407 -0.2063 -0.2691
vn -0.5756 -0.8172 -0.0315
vn -0.316 -0.9488 -0
vn -0.921 0.0361 -0.388
vn 0.8632 0.0879 -0.4971
vn 0.7838 0.0834 -0.6154
vn -0.0548 0.4448 -0.894
vn -0.0765 0.6261 -0.776
vn -0.2653 -0.0825 -0.9606
vn 0.0529 -0.2547 -0.9656
vn 0.0017 0.0669 -0.9978
vn 0.6941 0.0923 -0.714
vn 0.3296 -0.2456 -0.9116
vn -0.1516 0.6162 -0.7729
vn -0.1864 0.7466 -0.6386
vn -0.0894 0.7606 -0.643
vn 0.2519 0.0528 -0.9663
vn -0.0685 -0.0219 -0.9974
vn -0.0676 -0.0319 -0.9972
vn 0.1113 0.9089 -0.4019
vn 0.4492 0.887 -0.1074
vn -0.5463 0.6842 -0.483
vn -0.5863 0.7325 -0.3461
vn 0.2724 0.9406 -0.2025
vn 0.2733 0.96 -0.0606
vn 0.5471 0.8349 -0.0604
vn 0.0516 0.0682 -0.9963
vn 0.0633 -0.0045 -0.998
vn 0.5118 0.7826 -0.3544
vn -0.0592 0.2412 -0.9687
vn -0.167 0.4054 -0.8988
vn -0.495 0.3226 -0.8068
vn 0.2188 0.7713 -0.5976
vn 0.2431 0.8403 -0.4846
vn -0.8441 -0.3675 -0.3904
vn -0.7379 -0.667 -0.1032
vn -0.2543 -0.7675 -0.5884
vn -0.4619 -0.6705 -0.5805
vn -0.3825 -0.5548 -0.7389
vn -0.1605 0.6944 -0.7014
vn 0.0191 0.7464 -0.6652
vn 0.7204 -0.2564 -0.6445
vn 0.6236 -0.4673 -0.6267
vn 0.536 0.8193 -0.2037
vn 0.0191 0.7465 -0.6651
vn 0.121 0.9872 -0.1041
vn 0.6508 0.5879 -0.4804
vn 0.7439 0.3724 -0.5549
vn -0.201 0.821 -0.5343
vn -0.2182 0.8777 -0.4266
vn -0.1076 0.8954 -0.4321
vn 0.3357 0.1419 -0.9312
vn -0.9403 -0.2744 -0.2014
vn 0.0918 -0.0045 -0.9958
vn -0.9001 0.2779 -0.3355
vn -0.9379 0.2889 -0.1919
vn 0.386 0.2133 -0.8975
vn -0.3856 0.9226 -0
vn -0.6116 0.7651 -0.2011
vn 0.5057 0.4717 -0.7224
vn 0.3133 0.6153 -0.7233
vn -0.0813 0.352 -0.9324
vn -0.196 0.3013 -0.9332
vn -0.3752 0.5772 -0.7253
vn 0.1211 0.9869 -0.1062
vn 0.116 0.4067 -0.9062
vn 0.4491 0.887 -0.1075
vn -0.7018 0.2153 -0.6791
vn 0.1555 -0.6735 -0.7227
vn 0.2331 0.3547 -0.9055
vn 0.8928 0.4474 -0.0529
vn 0.8761 0.4473 -0.1803
vn -0.397 -0.2946 -0.8692
vn 0.9228 0.2583 -0.2857
vn 0.8789 0.2464 -0.4084
vn 0.7968 0.4062 -0.4473
vn 0.8023 -0.5969 -0
vn 0.9402 -0.3344 -0.0657
vn -0.2648 0.3338 -0.9047
vn -0.224 0.969 -0.1046
vn -0.2077 0.8985 -0.3867
vn -0.1074 0.439 -0.8921
vn 0.3133 0.6153 -0.7234
vn 0.0219 0.8894 -0.4567
vn -0.1043 0.835 -0.5402
vn 0.0169 0.8238 -0.5666
vn 0.0219 0.8895 -0.4564
vn -0.1516 0.6165 -0.7726
vn -0.2349 0.5684 -0.7885
vn -0.2905 0.6896 -0.6634
vn -0.3825 -0.5548 -0.7388
vn 0.9508 0.2643 -0.1616
vn 0.8761 0.4472 -0.1801
vn -0.6116 0.7652 -0.2009
vn -0.6203 0.7821 -0.06
vn -0.2302 0.9259 -0.2995
vn -0.1183 0.9782 -0.1705
vn 0.9953 0.0963 -0
vn 0.9928 0.1049 -0.057
vn 0.0426 -0.0494 -0.9979
vn 0.0514 -0.0373 -0.998
vn 0.9862 0.1314 -0.1006
vn -0.9004 0.0503 -0.4321
vn 0.0156 -0.9652 -0.2609
vn 0.1113 0.9089 -0.402
vn 0.6958 0.6299 -0.3449
vn 0.0689 -0.4803 -0.8744
vn 0.0628 0.0595 -0.9962
vn 0.039 0.076 -0.9963
vn -0.3042 -0.9133 -0.2709
vn 0.8723 -0.2722 -0.4062
vn 0.7311 -0.5519 -0.4012
vn 0.9499 -0.2937 -0.1071
vn 0.9543 -0.2989 -0
vn -0.1075 0.8953 -0.4323
vn -0.1137 0.9461 -0.3032
vn 0.0241 0.9461 -0.323
vn 0.6385 -0.7454 -0.1916
vn 0.6429 -0.764 -0.0557
vn -0.1209 -0.9869 -0.1064
vn -0.2348 0.5681 -0.7887
vn -0.3689 0.465 -0.8047
vn -0.4526 0.5636 -0.691
vn 0.1111 -0.4616 -0.8801
vn -0.039 0.0488 -0.998
vn 0.9499 -0.2938 -0.107
vn -0.2076 0.8985 -0.3868
vn -0.1138 0.946 -0.3036
vn -0.1183 0.9782 -0.1709
vn 0.0246 0.9827 -0.1837
vn -0.1116 -0.9089 -0.4019
vn -0.1209 -0.9869 -0.1065
vn -0.4448 -0.8889 -0.1092
vn -0.4989 0.7678 -0.4019
vn -0.0391 0.0488 -0.998
vn -0.5065 -0.4737 -0.7204
vn -0.5065 -0.4738 -0.7204
vn 0.1618 0.5667 -0.8079
vn -0.0497 0.9138 -0.4032
vn -0.8359 0.5457 -0.06
vn -0.8006 -0.5992 0.0001
vn -0.9993 0.0378 -0
vn 0.5206 -0.1845 -0.8336
vn -0.5406 0.8345 -0.1061
vn -0.6276 0.0272 -0.7781
vn -0.4527 0.5638 -0.6909
vn -0.0843 -0.6858 -0.7229
vn 0.4147 0.8151 -0.4045
vn 0.044 0.3589 -0.9324
vn -0.3763 0.579 -0.7233
vn -0.1554 0.6728 -0.7234
vn 0.1538 -0.1809 -0.9714
vn -0.7784 0.2342 -0.5824
vn -0.7621 0.039 -0.6462
vn 0.202 0.6907 -0.6943
vn -0.8359 0.5457 -0.0599
vn -0.3077 -0.6048 -0.7346
vn -0.3971 -0.2945 -0.8692
vn 0.9229 0.2583 -0.2857
vn 0.8632 0.088 -0.4971
vn 0.1121 0.9155 -0.3865
vn 0.4511 0.8862 -0.106
vn -0.0894 0.7608 -0.6428
vn 0.2751 -0.3259 -0.9045
vn 0.4584 -0.3421 -0.8202
vn 0.545 -0.8319 -0.104
vn 0.8022 -0.2847 -0.5248
vn 0.044 0.3588 -0.9324
vn 0.2692 -0.9631 -0
vn -0.2768 -0.8309 -0.4826
vn -0.2542 -0.7676 -0.5883
vn -0.0493 -0.8118 -0.5818
vn -0.2369 0.9569 -0.1678
vn -0.3811 0.9062 -0.183
vn 0.5654 -0.0373 -0.824
vn -0.0897 0.3879 -0.9173
vn 0.1111 -0.4615 -0.8802
vn 0.4537 0.1106 -0.8843
vn 0.5455 0.2949 -0.7845
vn -0.0425 -0.8753 -0.4817
vn -0.0617 -0.0608 -0.9962
vn -0.0617 -0.0609 -0.9962
vn 0.9994 -0.0311 -0.0117
vn -0.4583 -0.0615 -0.8866
vn -0.949 0.0521 -0.3108
vn -0.903 -0.1752 -0.3923
vn -0.0339 0.0789 -0.9963
vn 0.9762 -0.0679 -0.2059
vn -0.9921 -0.1255 -0.0053
vn -0.8375 -0.2586 -0.4815
vn 0.9317 0.0948 -0.3508
vn 0.5758 -0.664 -0.477
vn 0.6914 -0.5124 -0.5093
vn 0.749 -0.5538 -0.3637
vn 0.0611 0.0066 -0.9981
vn -0.2368 0.9704 -0.0477
vn -0.1242 0.991 -0.0489
vn 0.8633 0.088 -0.497
vn 0.8555 -0.0585 -0.5146
vn -0.8396 0.0346 -0.542
vn 0.8022 -0.597 -0
vn 0.6474 -0.7621 -0
vn -0.2009 0.8208 -0.5347
vn -0.038 -0.6708 -0.7407
vn -0.0494 -0.8118 -0.5819
vn -0.7293 0.4772 -0.4902
vn 0.6399 -0.2259 -0.7345
vn 0.9422 -0.3352 -0
vn -0.2918 -0.8761 -0.3839
vn -0.5661 -0.7308 -0.3814
vn 0.6007 0.5364 -0.5928
vn 0.4353 0.6645 -0.6074
vn 0.4759 0.7276 -0.4941
vn 0.873 -0.309 -0.3772
vn -0.732 0.5507 -0.4012
vn -0.7958 0.596 -0.1068
vn -0.8441 -0.3676 -0.3904
vn 0.9317 0.0947 -0.3508
vn 0.9289 -0.0642 -0.3648
vn -0.0195 0.0843 -0.9962
vn 0.2641 0.2465 -0.9324
vn -0.0149 -0.2572 -0.9662
vn 0.1619 0.5668 -0.8078
vn 0.1905 -0.9538 -0.2323
vn 0.7866 -0.5818 -0.2069
vn 0.9194 -0.3265 -0.2194
vn 0.9401 -0.3344 -0.0659
vn -0.9739 -0.1795 -0.1391
vn -0.9898 -0.1388 -0.0335
vn 0.3902 0.6011 -0.6975
vn 0.0968 -0.6787 -0.7281
vn 0.1145 -0.819 -0.5623
vn -0.0493 -0.8119 -0.5817
vn -0.9564 0.2922 -0
vn -0.6682 0.4358 -0.603
vn 0.5451 -0.8319 -0.104
vn 0.2237 -0.9689 -0.1056
vn -0.4527 0.5638 -0.6908
vn -0.4979 0.6294 -0.5966
vn 0.4431 0.3963 -0.8041
vn 0.6386 -0.7454 -0.1915
vn -0.7834 0.5127 -0.3512
vn -0.5406 0.8346 -0.1062
vn -0.2181 0.8776 -0.4268
vn -0.3123 -0.9373 -0.1544
vn -0.6039 -0.7853 -0.1368
vn 0.6914 -0.5125 -0.5093
vn -0.0026 -0.9243 -0.3817
vn 0.0156 -0.9653 -0.2607
vn -0.0106 -0.0859 -0.9962
vn -0.6039 -0.7853 -0.1367
vn 0.7491 -0.5538 -0.3637
vn -0.6635 0.2024 -0.7203
vn -0.0895 0.7607 -0.6429
vn 0.5209 0.486 -0.7017
vn 0.2431 0.8402 -0.4848
vn 0.2912 0.2716 -0.9173
vn 0.1844 -0.1363 -0.9734
vn 0.4427 -0.845 -0.3002
vn 0.2241 -0.8534 -0.4705
vn 0.1217 0.9926 -0
vn -0.4618 -0.6706 -0.5805
vn -0 -0 -1
vn -0 -0 -1
vn 0.0195 -0.0842 -0.9963
vn -0 -0 -1
vn 0.7002 -0.0343 -0.7131
vn -0 -0 -1
vn -0 -0 -1
vn -0 -0 -1
vn -0.6897 -0.0982 -0.7175
vn -0 -0 -1
vn -0 -0 -1
vn -0 -0 -1
vn -0 -0 -1
vn -0 -0 -1
vn -0 -0 -1
vn -0 -0 -1
vn 0.6385 -0.7454 -0.1915
vn 0.4426 -0.845 -0.3002
vn -0 -0 -1
vn -0 -0 -1
vn -0 -0 -1
vn 0.111 -0.4614 -0.8802
vn 0.2897 -0.2156 -0.9325
vn -0 -0 -1
vn 0.0245 0.9828 -0.1833
vn 0.0206 0.9984 -0.0535
vn 0.3802 -0.585 -0.7164
vn 0.5012 -0.77 -0.395
vn -0.3751 0.5771 -0.7254
vn -0.3826 -0.5548 -0.7388
vn -0 -0 -1
vn -0 -0 -1
vn -0 -0 -1
vn -0 -0 -1
vn -0 -0 -1
vn -0 -0 -1
vn -0 -0 -1
vn -0 -0 -1
vn -0 -0 -1
vn -0 -0 -1
vn -0 -0 -1
vn -0 -0 -1
vn -0 -0 -1
vn -0 -0 -1
vn -0 -0 -1
vn -0 -0 -1
vn -0 -0 -1
vn -0 -0 -1
vn -0 -0 -1
vn -0 -0 -1
vn -0 -0 -1
vn -0 -0 -1
vn -0 -0 -1
vn -0 -0 -1
vn -0 -0 -1
f 24/24/24 23/23/23 22/22/22
f 3/3/3 2/2/2 1/1/1
f 1/1/1 6/6/6 3/3/3
f 1523/1523/1523 2/2/2 3/3/3
f 6/6/6 1523/1523/1523 3/3/3
f 2/2/2 273/273/273 1/1/1
f 1/1/1 5/5/5 6/6/6
f 273/273/273 32/32/32 1/1/1
f 32/32/32 5/5/5 1/1/1
f 6/6/6 5/5/5 4/4/4
f 32/32/32 245/245/245 5/5/5
f 5/5/5 245/245/245 4/4/4
f 1522/1522/1522 1523/1523/1523 6/6/6
f 4/4/4 1522/1522/1522 6/6/6
f 273/273/273 31/31/31 32/32/32
f 914/914/914 1522/1522/1522 4/4/4
f 33/33/33 32/32/32 31/31/31
f 774/774/774 914/914/914 4/4/4
f 33/33/33 246/246/246 32/32/32
f 246/246/246 245/245/245 32/32/32
f 774/774/774 4/4/4 359/359/359
f 245/245/245 359/359/359 4/4/4
f 303/303/303 31/31/31 273/273/273
f 245/245/245 354/354/354 359/359/359
f 303/303/303 273/273/273 390/390/390
f 390/390/390 273/273/273 2/2/2
f 304/304/304 31/31/31 303/303/303
f 304/304/304 33/33/33 31/31/31
f 390/390/390 2/2/2 389/389/389
f 360/360/360 774/774/774 359/359/359
f 360/360/360 359/359/359 354/354/354
f 2/2/2 1140/1140/1140 389/389/389
f 1523/1523/1523 1140/1140/1140 2/2/2
f 863/863/863 390/390/390 389/389/389
f 1141/1141/1141 389/389/389 1140/1140/1140
f 1141/1141/1141 863/863/863 389/389/389
f 863/863/863 786/786/786 390/390/390
f 786/786/786 303/303/303 390/390/390
f 1141/1141/1141 276/276/276 863/863/863
f 276/276/276 786/786/786 863/863/863
f 786/786/786 305/305/305 303/303/303
f 305/305/305 304/304/304 303/303/303
f 276/276/276 274/274/274 786/786/786
f 274/274/274 305/305/305 786/786/786
f 1141/1141/1141 1526/1526/1526 276/276/276
f 305/305/305 603/603/603 304/304/304
f 1141/1141/1141 1140/1140/1140 34/34/34
f 1526/1526/1526 1141/1141/1141 34/34/34
f 1523/1523/1523 34/34/34 1140/1140/1140
f 276/276/276 1526/1526/1526 867/867/867
f 274/274/274 412/412/412 305/305/305
f 412/412/412 603/603/603 305/305/305
f 276/276/276 275/275/275 274/274/274
f 276/276/276 867/867/867 275/275/275
f 274/274/274 413/413/413 412/412/412
f 274/274/274 275/275/275 413/413/413
f 1526/1526/1526 1527/1527/1527 867/867/867
f 1527/1527/1527 1526/1526/1526 34/34/34
f 867/867/867 865/865/865 275/275/275
f 867/867/867 1527/1527/1527 869/869/869
f 867/867/867 869/869/869 865/865/865
f 275/275/275 791/791/791 413/413/413
f 275/275/275 865/865/865 791/791/791
f 412/412/412 413/413/413 465/465/465
f 413/413/413 791/791/791 357/357/357
f 413/413/413 357/357/357 465/465/465
f 865/865/865 51/51/51 791/791/791
f 412/412/412 465/465/465 474/474/474
f 412/412/412 474/474/474 603/603/603
f 791/791/791 356/356/356 357/357/357
f 791/791/791 51/51/51 356/356/356
f 474/474/474 604/604/604 603/603/603
f 865/865/865 868/868/868 51/51/51
f 869/869/869 868/868/868 865/865/865
f 474/474/474 224/224/224 604/604/604
f 224/224/224 474/474/474 465/465/465
f 603/603/603 604/604/604 263/263/263
f 603/603/603 263/263/263 304/304/304
f 33/33/33 304/304/304 263/263/263
f 224/224/224 465/465/465 226/226/226
f 33/33/33 263/263/263 261/261/261
f 246/246/246 33/33/33 261/261/261
f 190/190/190 226/226/226 465/465/465
f 190/190/190 465/465/465 357/357/357
f 226/226/226 225/225/225 224/224/224
f 225/225/225 604/604/604 224/224/224
f 191/191/191 226/226/226 190/190/190
f 226/226/226 191/191/191 225/225/225
f 358/358/358 190/190/190 357/357/357
f 358/358/358 357/357/357 356/356/356
f 191/191/191 190/190/190 189/189/189
f 189/189/189 190/190/190 358/358/358
f 191/191/191 420/420/420 225/225/225
f 358/358/358 356/356/356 397/397/397
f 191/191/191 421/421/421 420/420/420
f 189/189/189 421/421/421 191/191/191
f 356/356/356 49/49/49 397/397/397
f 356/356/356 51/51/51 49/49/49
f 358/358/358 397/397/397 581/581/581
f 51/51/51 50/50/50 49/49/49
f 51/51/51 868/868/868 50/50/50
f 581/581/581 944/944/944 358/358/358
f 189/189/189 358/358/358 944/944/944
f 64/64/64 581/581/581 397/397/397
f 581/581/581 251/251/251 944/944/944
f 251/251/251 581/581/581 64/64/64
f 560/560/560 189/189/189 944/944/944
f 251/251/251 560/560/560 944/944/944
f 64/64/64 397/397/397 66/66/66
f 49/49/49 66/66/66 397/397/397
f 560/560/560 518/518/518 189/189/189
f 189/189/189 518/518/518 421/421/421
f 49/49/49 890/890/890 66/66/66
f 518/518/518 279/279/279 421/421/421
f 160/160/160 890/890/890 49/49/49
f 160/160/160 49/49/49 50/50/50
f 890/890/890 591/591/591 66/66/66
f 457/457/457 518/518/518 560/560/560
f 518/518/518 457/457/457 279/279/279
f 66/66/66 65/65/65 64/64/64
f 66/66/66 591/591/591 65/65/65
f 251/251/251 64/64/64 250/250/250
f 250/250/250 64/64/64 65/65/65
f 251/251/251 561/561/561 560/560/560
f 561/561/561 251/251/251 250/250/250
f 457/457/457 560/560/560 456/456/456
f 561/561/561 456/456/456 560/560/560
f 890/890/890 897/897/897 591/591/591
f 160/160/160 897/897/897 890/890/890
f 561/561/561 490/490/490 456/456/456
f 561/561/561 250/250/250 489/489/489
f 490/490/490 561/561/561 489/489/489
f 846/846/846 489/489/489 250/250/250
f 490/490/490 489/489/489 488/488/488
f 488/488/488 489/489/489 846/846/846
f 989/989/989 456/456/456 490/490/490
f 989/989/989 490/490/490 488/488/488
f 846/846/846 250/250/250 973/973/973
f 250/250/250 65/65/65 973/973/973
f 488/488/488 846/846/846 845/845/845
f 483/483/483 846/846/846 973/973/973
f 483/483/483 845/845/845 846/846/846
f 945/945/945 973/973/973 65/65/65
f 483/483/483 973/973/973 945/945/945
f 704/704/704 488/488/488 845/845/845
f 989/989/989 488/488/488 704/704/704
f 945/945/945 65/65/65 182/182/182
f 989/989/989 458/458/458 456/456/456
f 458/458/458 457/457/457 456/456/456
f 65/65/65 183/183/183 182/182/182
f 65/65/65 591/591/591 183/183/183
f 458/458/458 1006/1006/1006 457/457/457
f 1006/1006/1006 279/279/279 457/457/457
f 591/591/591 590/590/590 183/183/183
f 591/591/591 897/897/897 590/590/590
f 479/479/479 182/182/182 183/183/183
f 897/897/897 677/677/677 590/590/590
f 479/479/479 946/946/946 182/182/182
f 946/946/946 945/945/945 182/182/182
f 267/267/267 183/183/183 590/590/590
f 267/267/267 479/479/479 183/183/183
f 946/946/946 770/770/770 945/945/945
f 769/769/769 946/946/946 479/479/479
f 770/770/770 946/946/946 769/769/769
f 482/482/482 945/945/945 770/770/770
f 482/482/482 483/483/483 945/945/945
f 769/769/769 479/479/479 144/144/144
f 267/267/267 144/144/144 479/479/479
f 484/484/484 483/483/483 482/482/482
f 482/482/482 770/770/770 121/121/121
f 770/770/770 769/769/769 121/121/121
f 484/484/484 482/482/482 121/121/121
f 484/484/484 870/870/870 483/483/483
f 483/483/483 870/870/870 845/845/845
f 853/853/853 870/870/870 484/484/484
f 484/484/484 121/121/121 853/853/853
f 854/854/854 845/845/845 870/870/870
f 853/853/853 854/854/854 870/870/870
f 854/854/854 879/879/879 845/845/845
f 704/704/704 845/845/845 879/879/879
f 855/855/855 854/854/854 853/853/853
f 853/853/853 121/121/121 855/855/855
f 880/880/880 879/879/879 854/854/854
f 855/855/855 880/880/880 854/854/854
f 704/704/704 879/879/879 703/703/703
f 880/880/880 703/703/703 879/879/879
f 704/704/704 703/703/703 702/702/702
f 702/702/702 989/989/989 704/704/704
f 880/880/880 621/621/621 703/703/703
f 703/703/703 621/621/621 702/702/702
f 855/855/855 621/621/621 880/880/880
f 702/702/702 622/622/622 989/989/989
f 622/622/622 702/702/702 621/621/621
f 622/622/622 458/458/458 989/989/989
f 622/622/622 1142/1142/1142 458/458/458
f 1007/1007/1007 458/458/458 1142/1142/1142
f 1007/1007/1007 1006/1006/1006 458/458/458
f 622/622/622 620/620/620 1142/1142/1142
f 620/620/620 1007/1007/1007 1142/1142/1142
f 622/622/622 621/621/621 620/620/620
f 1007/1007/1007 324/324/324 1006/1006/1006
f 1006/1006/1006 324/324/324 279/279/279
f 1007/1007/1007 325/325/325 324/324/324
f 620/620/620 325/325/325 1007/1007/1007
f 279/279/279 324/324/324 278/278/278
f 325/325/325 278/278/278 324/324/324
f 620/620/620 1143/1143/1143 325/325/325
f 325/325/325 1143/1143/1143 278/278/278
f 888/888/888 1143/1143/1143 620/620/620
f 1143/1143/1143 888/888/888 278/278/278
f 279/279/279 278/278/278 277/277/277
f 888/888/888 277/277/277 278/278/278
f 421/421/421 279/279/279 277/277/277
f 421/421/421 277/277/277 420/420/420
f 888/888/888 620/620/620 887/887/887
f 887/887/887 620/620/620 621/621/621
f 420/420/420 277/277/277 383/383/383
f 225/225/225 420/420/420 383/383/383
f 888/888/888 8/8/8 277/277/277
f 8/8/8 383/383/383 277/277/277
f 888/888/888 7/7/7 8/8/8
f 217/217/217 225/225/225 383/383/383
f 225/225/225 217/217/217 604/604/604
f 217/217/217 263/263/263 604/604/604
f 383/383/383 8/8/8 9/9/9
f 9/9/9 8/8/8 7/7/7
f 219/219/219 217/217/217 383/383/383
f 219/219/219 218/218/218 217/217/217
f 219/219/219 383/383/383 370/370/370
f 950/950/950 217/217/217 218/218/218
f 370/370/370 383/383/383 369/369/369
f 383/383/383 9/9/9 369/369/369
f 370/370/370 369/369/369 368/368/368
f 369/369/369 655/655/655 368/368/368
f 950/950/950 487/487/487 217/217/217
f 217/217/217 487/487/487 263/263/263
f 487/487/487 950/950/950 486/486/486
f 263/263/263 487/487/487 262/262/262
f 487/487/487 486/486/486 262/262/262
f 263/263/263 262/262/262 261/261/261
f 369/369/369 1150/1150/1150 655/655/655
f 1150/1150/1150 222/222/222 655/655/655
f 262/262/262 116/116/116 261/261/261
f 246/246/246 261/261/261 116/116/116
f 486/486/486 230/230/230 262/262/262
f 262/262/262 230/230/230 116/116/116
f 486/486/486 232/232/232 230/230/230
f 117/117/117 246/246/246 116/116/116
f 246/246/246 117/117/117 245/245/245
f 230/230/230 115/115/115 116/116/116
f 117/117/117 116/116/116 115/115/115
f 117/117/117 354/354/354 245/245/245
f 232/232/232 231/231/231 230/230/230
f 230/230/230 231/231/231 115/115/115
f 232/232/232 255/255/255 231/231/231
f 117/117/117 115/115/115 283/283/283
f 231/231/231 283/283/283 115/115/115
f 255/255/255 254/254/254 231/231/231
f 231/231/231 254/254/254 283/283/283
f 255/255/255 649/649/649 254/254/254
f 117/117/117 283/283/283 284/284/284
f 117/117/117 284/284/284 354/354/354
f 649/649/649 648/648/648 254/254/254
f 649/649/649 949/949/949 648/648/648
f 254/254/254 285/285/285 283/283/283
f 254/254/254 648/648/648 285/285/285
f 285/285/285 284/284/284 283/283/283
f 949/949/949 513/513/513 648/648/648
f 285/285/285 648/648/648 513/513/513
f 949/949/949 234/234/234 513/513/513
f 355/355/355 354/354/354 284/284/284
f 285/285/285 355/355/355 284/284/284
f 355/355/355 360/360/360 354/354/354
f 285/285/285 513/513/513 512/512/512
f 512/512/512 355/355/355 285/285/285
f 235/235/235 513/513/513 234/234/234
f 235/235/235 234/234/234 233/233/233
f 235/235/235 233/233/233 419/419/419
f 512/512/512 862/862/862 355/355/355
f 862/862/862 360/360/360 355/355/355
f 513/513/513 78/78/78 512/512/512
f 513/513/513 235/235/235 78/78/78
f 862/862/862 512/512/512 78/78/78
f 235/235/235 419/419/419 269/269/269
f 78/78/78 235/235/235 269/269/269
f 862/862/862 137/137/137 360/360/360
f 137/137/137 774/774/774 360/360/360
f 862/862/862 78/78/78 76/76/76
f 137/137/137 862/862/862 76/76/76
f 137/137/137 915/915/915 774/774/774
f 915/915/915 914/914/914 774/774/774
f 137/137/137 76/76/76 136/136/136
f 915/915/915 137/137/137 136/136/136
f 78/78/78 77/77/77 76/76/76
f 915/915/915 900/900/900 914/914/914
f 76/76/76 77/77/77 145/145/145
f 76/76/76 145/145/145 136/136/136
f 78/78/78 268/268/268 77/77/77
f 78/78/78 269/269/269 268/268/268
f 145/145/145 77/77/77 144/144/144
f 144/144/144 77/77/77 268/268/268
f 144/144/144 268/268/268 769/769/769
f 268/268/268 121/121/121 769/769/769
f 268/268/268 269/269/269 121/121/121
f 145/145/145 144/144/144 44/44/44
f 267/267/267 44/44/44 144/144/144
f 45/45/45 136/136/136 145/145/145
f 45/45/45 145/145/145 44/44/44
f 915/915/915 136/136/136 417/417/417
f 45/45/45 417/417/417 136/136/136
f 900/900/900 915/915/915 417/417/417
f 45/45/45 44/44/44 43/43/43
f 267/267/267 43/43/43 44/44/44
f 418/418/418 417/417/417 45/45/45
f 418/418/418 45/45/45 43/43/43
f 900/900/900 417/417/417 899/899/899
f 418/418/418 899/899/899 417/417/417
f 900/900/900 899/899/899 1521/1521/1521
f 914/914/914 900/900/900 1521/1521/1521
f 418/418/418 1521/1521/1521 899/899/899
f 1521/1521/1521 1522/1522/1522 914/914/914
f 267/267/267 287/287/287 43/43/43
f 287/287/287 267/267/267 590/590/590
f 287/287/287 590/590/590 677/677/677
f 418/418/418 43/43/43 286/286/286
f 287/287/287 286/286/286 43/43/43
f 434/434/434 1521/1521/1521 418/418/418
f 434/434/434 418/418/418 286/286/286
f 678/678/678 287/287/287 677/677/677
f 287/287/287 678/678/678 286/286/286
f 434/434/434 286/286/286 433/433/433
f 678/678/678 433/433/433 286/286/286
f 1549/1549/1549 434/434/434 433/433/433
f 1549/1549/1549 433/433/433 1548/1548/1548
f 1546/1546/1546 434/434/434 1549/1549/1549
f 1546/1546/1546 1521/1521/1521 434/434/434
f 1548/1548/1548 433/433/433 1531/1531/1531
f 1531/1531/1531 433/433/433 678/678/678
f 1548/1548/1548 1531/1531/1531 1550/1550/1550
f 678/678/678 677/677/677 676/676/676
f 678/678/678 676/676/676 1531/1531/1531
f 161/161/161 676/676/676 677/677/677
f 897/897/897 161/161/161 677/677/677
f 160/160/160 161/161/161 897/897/897
f 161/161/161 1272/1272/1272 676/676/676
f 1272/1272/1272 1531/1531/1531 676/676/676
f 162/162/162 161/161/161 160/160/160
f 162/162/162 1272/1272/1272 161/161/161
f 1272/1272/1272 162/162/162 1531/1531/1531
f 162/162/162 160/160/160 50/50/50
f 162/162/162 50/50/50 1137/1137/1137
f 1137/1137/1137 1531/1531/1531 162/162/162
f 868/868/868 1137/1137/1137 50/50/50
f 1550/1550/1550 1531/1531/1531 1545/1545/1545
f 1550/1550/1550 1545/1545/1545 1555/1555/1555
f 1555/1555/1555 1545/1545/1545 1554/1554/1554
f 1531/1531/1531 1540/1540/1540 1545/1545/1545
f 1554/1554/1554 1545/1545/1545 1540/1540/1540
f 1531/1531/1531 1137/1137/1137 1540/1540/1540
f 868/868/868 1432/1432/1432 1137/1137/1137
f 1540/1540/1540 1137/1137/1137 1432/1432/1432
f 869/869/869 1432/1432/1432 868/868/868
f 1540/1540/1540 1528/1528/1528 1554/1554/1554
f 1540/1540/1540 1432/1432/1432 1528/1528/1528
f 869/869/869 1528/1528/1528 1432/1432/1432
f 1527/1527/1527 1528/1528/1528 869/869/869
f 1552/1552/1552 1554/1554/1554 1528/1528/1528
f 1527/1527/1527 351/351/351 1528/1528/1528
f 1552/1552/1552 1528/1528/1528 351/351/351
f 1527/1527/1527 34/34/34 351/351/351
f 1514/1514/1514 1552/1552/1552 351/351/351
f 1513/1513/1513 1552/1552/1552 1514/1514/1514
f 1513/1513/1513 1547/1547/1547 1552/1552/1552
f 1514/1514/1514 351/351/351 1354/1354/1354
f 585/585/585 1354/1354/1354 1353/1353/1353
f 585/585/585 894/894/894 893/893/893
f 1354/1354/1354 351/351/351 763/763/763
f 1354/1354/1354 1139/1139/1139 1514/1514/1514
f 352/352/352 763/763/763 351/351/351
f 34/34/34 352/352/352 351/351/351
f 1514/1514/1514 1139/1139/1139 699/699/699
f 1513/1513/1513 1514/1514/1514 699/699/699
f 1139/1139/1139 1138/1138/1138 699/699/699
f 1139/1139/1139 586/586/586 698/698/698
f 764/764/764 586/586/586 894/894/894
f 10/10/10 586/586/586 585/585/585
f 700/700/700 699/699/699 698/698/698
f 586/586/586 139/139/139 329/329/329
f 330/330/330 329/329/329 328/328/328
f 10/10/10 764/764/764 450/450/450
f 764/764/764 763/763/763 450/450/450
f 352/352/352 450/450/450 763/763/763
f 352/352/352 1297/1297/1297 450/450/450
f 12/12/12 11/11/11 10/10/10
f 109/109/109 1350/1350/1350 11/11/11
f 109/109/109 108/108/108 107/107/107
f 451/451/451 450/450/450 108/108/108
f 451/451/451 11/11/11 1394/1394/1394
f 12/12/12 451/451/451 921/921/921
f 1413/1413/1413 11/11/11 1165/1165/1165
f 111/111/111 921/921/921 450/450/450
f 1052/1052/1052 1165/1165/1165 1164/1164/1164
f 1053/1053/1053 838/838/838 1052/1052/1052
f 111/111/111 404/404/404 921/921/921
f 404/404/404 1016/1016/1016 108/108/108
f 140/140/140 330/330/330 1165/1165/1165
f 404/404/404 166/166/166 1016/1016/1016
f 140/140/140 842/842/842 330/330/330
f 330/330/330 842/842/842 326/326/326
f 327/327/327 188/188/188 326/326/326
f 842/842/842 765/765/765 188/188/188
f 1123/1123/1123 765/765/765 1122/1122/1122
f 765/765/765 1151/1151/1151 188/188/188
f 839/839/839 838/838/838 216/216/216
f 839/839/839 767/767/767 140/140/140
f 140/140/140 767/767/767 1184/1184/1184
f 767/767/767 243/243/243 765/765/765
f 1488/1488/1488 140/140/140 138/138/138
f 140/140/140 139/139/139 138/138/138
f 1265/1265/1265 138/138/138 139/139/139
f 243/243/243 766/766/766 765/765/765
f 964/964/964 216/216/216 138/138/138
f 1266/1266/1266 964/964/964 1265/1265/1265
f 1266/1266/1266 1393/1393/1393 991/991/991
f 993/993/993 992/992/992 991/991/991
f 1151/1151/1151 766/766/766 62/62/62
f 1498/1498/1498 766/766/766 709/709/709
f 709/709/709 708/708/708 707/707/707
f 63/63/63 707/707/707 1516/1516/1516
f 63/63/63 62/62/62 61/61/61
f 61/61/61 708/708/708 477/477/477
f 478/478/478 477/477/477 476/476/476
f 243/243/243 1249/1249/1249 478/478/478
f 766/766/766 1249/1249/1249 737/737/737
f 1462/1462/1462 477/477/477 848/848/848
f 61/61/61 737/737/737 736/736/736
f 1158/1158/1158 848/848/848 737/737/737
f 1136/1136/1136 61/61/61 736/736/736
f 1281/1281/1281 1136/1136/1136 1280/1280/1280
f 1136/1136/1136 1381/1381/1381 61/61/61
f 1381/1381/1381 393/393/393 63/63/63
f 1136/1136/1136 910/910/910 1226/1226/1226
f 393/393/393 392/392/392 391/391/391
f 666/666/666 291/291/291 61/61/61
f 393/393/393 666/666/666 1402/1402/1402
f 666/666/666 665/665/665 664/664/664
f 976/976/976 392/392/392 665/665/665
f 393/393/393 293/293/293 291/291/291
f 393/393/393 1427/1427/1427 293/293/293
f 293/293/293 292/292/292 291/291/291
f 1426/1426/1426 393/393/393 180/180/180
f 180/180/180 1241/1241/1241 1495/1495/1495
f 1242/1242/1242 976/976/976 1241/1241/1241
f 1242/1242/1242 997/997/997 180/180/180
f 1185/1185/1185 997/997/997 571/571/571
f 976/976/976 998/998/998 997/997/997
f 976/976/976 1314/1314/1314 426/426/426
f 957/957/957 426/426/426 425/425/425
f 426/426/426 20/20/20 425/425/425
f 976/976/976 665/665/665 790/790/790
f 271/271/271 790/790/790 665/665/665
f 976/976/976 975/975/975 572/572/572
f 790/790/790 941/941/941 975/975/975
f 572/572/572 19/19/19 571/571/571
f 572/572/572 1190/1190/1190 19/19/19
f 998/998/998 19/19/19 20/20/20
f 790/790/790 1365/1365/1365 941/941/941
f 21/21/21 20/20/20 19/19/19
f 941/941/941 1365/1365/1365 272/272/272
f 272/272/272 1365/1365/1365 271/271/271
f 21/21/21 1163/1163/1163 20/20/20
f 1411/1411/1411 941/941/941 642/642/642
f 941/941/941 272/272/272 642/642/642
f 405/405/405 1530/1530/1530 19/19/19
f 405/405/405 19/19/19 159/159/159
f 405/405/405 1357/1357/1357 1356/1356/1356
f 151/151/151 405/405/405 159/159/159
f 151/151/151 159/159/159 158/158/158
f 1482/1482/1482 1481/1481/1481 158/158/158
f 656/656/656 151/151/151 158/158/158
f 1357/1357/1357 656/656/656 150/150/150
f 151/151/151 150/150/150 149/149/149
f 150/150/150 480/480/480 149/149/149
f 958/958/958 150/150/150 656/656/656
f 958/958/958 1359/1359/1359 1358/1358/1358
f 658/658/658 657/657/657 656/656/656
f 658/658/658 797/797/797 657/657/657
f 658/658/658 642/642/642 797/797/797
f 657/657/657 797/797/797 947/947/947
f 797/797/797 948/948/948 947/947/947
f 797/797/797 642/642/642 640/640/640
f 958/958/958 947/947/947 943/943/943
f 642/642/642 641/641/641 640/640/640
f 642/642/642 272/272/272 641/641/641
f 175/175/175 958/958/958 943/943/943
f 272/272/272 974/974/974 641/641/641
f 175/175/175 943/943/943 942/942/942
f 982/982/982 175/175/175 942/942/942
f 272/272/272 270/270/270 974/974/974
f 272/272/272 271/271/271 270/270/270
f 1155/1155/1155 974/974/974 270/270/270
f 1155/1155/1155 270/270/270 519/519/519
f 271/271/271 519/519/519 270/270/270
f 1061/1061/1061 271/271/271 1060/1060/1060
f 1382/1382/1382 1061/1061/1061 1060/1060/1060
f 1225/1225/1225 910/910/910 519/519/519
f 847/847/847 519/519/519 910/910/910
f 910/910/910 736/736/736 847/847/847
f 736/736/736 848/848/848 847/847/847
f 175/175/175 174/174/174 150/150/150
f 847/847/847 848/848/848 940/940/940
f 982/982/982 637/637/637 175/175/175
f 983/983/983 637/637/637 982/982/982
f 175/175/175 637/637/637 174/174/174
f 847/847/847 940/940/940 939/939/939
f 847/847/847 939/939/939 968/968/968
f 939/939/939 940/940/940 1208/1208/1208
f 939/939/939 969/969/969 968/968/968
f 939/939/939 1045/1045/1045 969/969/969
f 939/939/939 966/966/966 1045/1045/1045
f 967/967/967 966/966/966 965/965/965
f 967/967/967 1434/1434/1434 583/583/583
f 584/584/584 583/583/583 582/582/582
f 848/848/848 168/168/168 940/940/940
f 168/168/168 583/583/583 971/971/971
f 1018/1018/1018 168/168/168 1017/1017/1017
f 1018/1018/1018 1199/1199/1199 1082/1082/1082
f 1083/1083/1083 1082/1082/1082 1081/1081/1081
f 1082/1082/1082 1094/1094/1094 1093/1093/1093
f 1094/1094/1094 1095/1095/1095 1087/1087/1087
f 1089/1089/1089 1088/1088/1088 1087/1087/1087
f 1082/1082/1082 1090/1090/1090 93/93/93
f 1087/1087/1087 240/240/240 637/637/637
f 1020/1020/1020 1083/1083/1083 1019/1019/1019
f 240/240/240 1020/1020/1020 1019/1019/1019
f 240/240/240 174/174/174 637/637/637
f 757/757/757 985/985/985 637/637/637
f 779/779/779 986/986/986 985/985/985
f 779/779/779 28/28/28 778/778/778
f 990/990/990 1206/1206/1206 28/28/28
f 30/30/30 990/990/990 755/755/755
f 706/706/706 30/30/30 985/985/985
f 30/30/30 29/29/29 28/28/28
f 1173/1173/1173 706/706/706 29/29/29
f 757/757/757 756/756/756 755/755/755
f 201/201/201 706/706/706 755/755/755
f 756/756/756 201/201/201 985/985/985
f 757/757/757 833/833/833 756/756/756
f 706/706/706 201/201/201 705/705/705
f 706/706/706 705/705/705 29/29/29
f 201/201/201 756/756/756 834/834/834
f 834/834/834 756/756/756 833/833/833
f 834/834/834 904/904/904 705/705/705
f 834/834/834 833/833/833 832/832/832
f 904/904/904 29/29/29 199/199/199
f 201/201/201 200/200/200 199/199/199
f 832/832/832 981/981/981 200/200/200
f 832/832/832 1192/1192/1192 1191/1191/1191
f 1310/1310/1310 981/981/981 1192/1192/1192
f 1310/1310/1310 1192/1192/1192 1506/1506/1506
f 834/834/834 1407/1407/1407 1149/1149/1149
f 1149/1149/1149 1306/1306/1306 1305/1305/1305
f 1064/1064/1064 1466/1466/1466 29/29/29
f 1310/1310/1310 1148/1148/1148 1149/1149/1149
f 1071/1071/1071 1149/1149/1149 1148/1148/1148
f 1070/1070/1070 1310/1310/1310 1109/1109/1109
f 1070/1070/1070 1109/1109/1109 937/937/937
f 1070/1070/1070 1131/1131/1131 1148/1148/1148
f 938/938/938 1070/1070/1070 937/937/937
f 1070/1070/1070 1069/1069/1069 1068/1068/1068
f 938/938/938 937/937/937 936/936/936
f 1069/1069/1069 1111/1111/1111 1110/1110/1110
f 936/936/936 574/574/574 938/938/938
f 1069/1069/1069 938/938/938 1193/1193/1193
f 936/936/936 573/573/573 1193/1193/1193
f 575/575/575 574/574/574 573/573/573
f 575/575/575 583/583/583 1193/1193/1193
f 583/583/583 1066/1066/1066 574/574/574
f 610/610/610 938/938/938 1379/1379/1379
f 610/610/610 609/609/609 608/608/608
f 1067/1067/1067 1379/1379/1379 1066/1066/1066
f 1067/1067/1067 1066/1066/1066 1065/1065/1065
f 583/583/583 1065/1065/1065 1066/1066/1066
f 583/583/583 1231/1231/1231 1065/1065/1065
f 1072/1072/1072 1131/1131/1131 1379/1379/1379
f 1072/1072/1072 1132/1132/1132 1131/1131/1131
f 1072/1072/1072 1071/1071/1071 1148/1148/1148
f 1072/1072/1072 1069/1069/1069 872/872/872
f 928/928/928 872/872/872 927/927/927
f 1072/1072/1072 895/895/895 1071/1071/1071
f 1072/1072/1072 873/873/873 895/895/895
f 873/873/873 1396/1396/1396 1395/1395/1395
f 895/895/895 1127/1127/1127 1071/1071/1071
f 1071/1071/1071 1127/1127/1127 912/912/912
f 913/913/913 912/912/912 911/911/911
f 435/435/435 29/29/29 1127/1127/1127
f 895/895/895 435/435/435 1328/1328/1328
f 436/436/436 28/28/28 435/435/435
f 895/895/895 436/436/436 1064/1064/1064
f 436/436/436 908/908/908 28/28/28
f 895/895/895 1004/1004/1004 436/436/436
f 909/909/909 908/908/908 436/436/436
f 1001/1001/1001 908/908/908 909/909/909
f 1001/1001/1001 909/909/909 1428/1428/1428
f 909/909/909 436/436/436 93/93/93
f 873/873/873 93/93/93 895/895/895
f 95/95/95 94/94/94 93/93/93
f 873/873/873 1005/1005/1005 1004/1004/1004
f 1005/1005/1005 95/95/95 1004/1004/1004
f 873/873/873 872/872/872 871/871/871
f 1207/1207/1207 871/871/871 872/872/872
f 1000/1000/1000 95/95/95 1005/1005/1005
f 1000/1000/1000 873/873/873 871/871/871
f 1000/1000/1000 871/871/871 1231/1231/1231
f 1000/1000/1000 1465/1465/1465 873/873/873
f 583/583/583 999/999/999 1207/1207/1207
f 1000/1000/1000 928/928/928 999/999/999
f 583/583/583 970/970/970 999/999/999
f 1000/1000/1000 999/999/999 970/970/970
f 168/168/168 970/970/970 583/583/583
f 1000/1000/1000 970/970/970 168/168/168
f 1022/1022/1022 168/168/168 95/95/95
f 81/81/81 95/95/95 423/423/423
f 81/81/81 80/80/80 79/79/79
f 135/135/135 1181/1181/1181 79/79/79
f 81/81/81 135/135/135 95/95/95
f 424/424/424 423/423/423 422/422/422
f 423/423/423 168/168/168 422/422/422
f 1079/1079/1079 1078/1078/1078 422/422/422
f 95/95/95 135/135/135 1013/1013/1013
f 1013/1013/1013 135/135/135 1012/1012/1012
f 1013/1013/1013 1012/1012/1012 1011/1011/1011
f 135/135/135 134/134/134 133/133/133
f 995/995/995 1012/1012/1012 134/134/134
f 133/133/133 995/995/995 1166/1166/1166
f 1130/1130/1130 1011/1011/1011 1166/1166/1166
f 1120/1120/1120 134/134/134 1218/1218/1218
f 1121/1121/1121 134/134/134 1120/1120/1120
f 995/995/995 1120/1120/1120 481/481/481
f 481/481/481 1120/1120/1120 422/422/422
f 995/995/995 481/481/481 994/994/994
f 481/481/481 422/422/422 169/169/169
f 1125/1125/1125 1121/1121/1121 1157/1157/1157
f 170/170/170 481/481/481 169/169/169
f 170/170/170 169/169/169 168/168/168
f 935/935/935 1157/1157/1157 481/481/481
f 935/935/935 481/481/481 170/170/170
f 1125/1125/1125 1157/1157/1157 988/988/988
f 1285/1285/1285 1125/1125/1125 988/988/988
f 1126/1126/1126 1125/1125/1125 1124/1124/1124
f 994/994/994 935/935/935 1046/1046/1046
f 1047/1047/1047 1046/1046/1046 988/988/988
f 1325/1325/1325 1372/1372/1372 988/988/988
f 1326/1326/1326 1325/1325/1325 215/215/215
f 214/214/214 988/988/988 260/260/260
f 216/216/216 215/215/215 214/214/214
f 216/216/216 214/214/214 1046/1046/1046
f 216/216/216 260/260/260 259/259/259
f 259/259/259 1461/1461/1461 1460/1460/1460
f 768/768/768 1046/1046/1046 935/935/935
f 768/768/768 1389/1389/1389 1046/1046/1046
f 170/170/170 768/768/768 935/935/935
f 216/216/216 964/964/964 962/962/962
f 170/170/170 242/242/242 768/768/768
f 242/242/242 170/170/170 168/168/168
f 964/964/964 963/963/963 962/962/962
f 964/964/964 1049/1049/1049 963/963/963
f 86/86/86 1291/1291/1291 963/963/963
f 87/87/87 86/86/86 85/85/85
f 1034/1034/1034 963/963/963 1312/1312/1312
f 1034/1034/1034 1049/1049/1049 1048/1048/1048
f 468/468/468 962/962/962 128/128/128
f 470/470/470 469/469/469 468/468/468
f 1130/1130/1130 1326/1326/1326 128/128/128
f 768/768/768 243/243/243 767/767/767
f 768/768/768 242/242/242 243/243/243
f 244/244/244 243/243/243 242/242/242
f 242/242/242 168/168/168 244/244/244
f 244/244/244 1158/1158/1158 243/243/243
f 848/848/848 244/244/244 168/168/168
f 1158/1158/1158 244/244/244 848/848/848
f 128/128/128 1113/1113/1113 1112/1112/1112
f 1114/1114/1114 127/127/127 1113/1113/1113
f 129/129/129 128/128/128 127/127/127
f 129/129/129 85/85/85 1406/1406/1406
f 1034/1034/1034 719/719/719 1112/1112/1112
f 588/588/588 1130/1130/1130 85/85/85
f 588/588/588 1421/1421/1421 1130/1130/1130
f 588/588/588 1183/1183/1183 129/129/129
f 1130/1130/1130 1156/1156/1156 1124/1124/1124
f 1156/1156/1156 1013/1013/1013 1124/1124/1124
f 1212/1212/1212 1156/1156/1156 588/588/588
f 1156/1156/1156 1015/1015/1015 1013/1013/1013
f 1015/1015/1015 95/95/95 1013/1013/1013
f 95/95/95 1015/1015/1015 1014/1014/1014
f 1077/1077/1077 1014/1014/1014 1015/1015/1015
f 1015/1015/1015 588/588/588 1057/1057/1057
f 1014/1014/1014 1057/1057/1057 588/588/588
f 1080/1080/1080 1014/1014/1014 1019/1019/1019
f 1014/1014/1014 1021/1021/1021 1019/1019/1019
f 588/588/588 129/129/129 587/587/587
f 1030/1030/1030 587/587/587 129/129/129
f 1021/1021/1021 926/926/926 587/587/587
f 926/926/926 588/588/588 925/925/925
f 721/721/721 1502/1502/1502 925/925/925
f 1133/1133/1133 587/587/587 1076/1076/1076
f 1199/1199/1199 1021/1021/1021 1076/1076/1076
f 721/721/721 720/720/720 719/719/719
f 1145/1145/1145 129/129/129 720/720/720
f 1147/1147/1147 1146/1146/1146 1145/1145/1145
f 1035/1035/1035 1147/1147/1147 1500/1500/1500
f 1035/1035/1035 1115/1115/1115 719/719/719
f 1035/1035/1035 719/719/719 1034/1034/1034
f 1035/1035/1035 1034/1034/1034 1033/1033/1033
f 1019/1019/1019 1076/1076/1076 1075/1075/1075
f 1075/1075/1075 1086/1086/1086 1019/1019/1019
f 1092/1092/1092 1075/1075/1075 1076/1076/1076
f 1092/1092/1092 1086/1086/1086 1091/1091/1091
f 1035/1035/1035 240/240/240 1092/1092/1092
f 1035/1035/1035 239/239/239 240/240/240
f 1048/1048/1048 239/239/239 1034/1034/1034
f 1048/1048/1048 241/241/241 239/239/239
f 241/241/241 240/240/240 239/239/239
f 166/166/166 241/241/241 1048/1048/1048
f 241/241/241 1347/1347/1347 240/240/240
f 240/240/240 1347/1347/1347 174/174/174
f 167/167/167 241/241/241 166/166/166
f 174/174/174 167/167/167 1041/1041/1041
f 167/167/167 166/166/166 165/165/165
f 174/174/174 165/165/165 822/822/822
f 1371/1371/1371 174/174/174 822/822/822
f 166/166/166 403/403/403 1041/1041/1041
f 689/689/689 822/822/822 1041/1041/1041
f 689/689/689 165/165/165 403/403/403
f 149/149/149 822/822/822 689/689/689
f 166/166/166 404/404/404 403/403/403
f 47/47/47 689/689/689 1257/1257/1257
f 404/404/404 110/110/110 403/403/403
f 47/47/47 403/403/403 110/110/110
f 404/404/404 111/111/111 110/110/110
f 924/924/924 689/689/689 48/48/48
f 405/405/405 924/924/924 48/48/48
f 48/48/48 47/47/47 46/46/46
f 48/48/48 1512/1512/1512 47/47/47
f 21/21/21 405/405/405 48/48/48
f 21/21/21 48/48/48 614/614/614
f 111/111/111 35/35/35 110/110/110
f 111/111/111 352/352/352 35/35/35
f 34/34/34 35/35/35 352/352/352
f 563/563/563 1224/1224/1224 110/110/110
f 563/563/563 110/110/110 562/562/562
f 36/36/36 35/35/35 34/34/34
f 36/36/36 1299/1299/1299 562/562/562
f 1129/1129/1129 47/47/47 1299/1299/1299
f 1234/1234/1234 21/21/21 1129/1129/1129
f 1129/1129/1129 563/563/563 1128/1128/1128
f 36/36/36 1128/1128/1128 1299/1299/1299
f 1163/1163/1163 1129/1129/1129 1128/1128/1128
f 1234/1234/1234 1128/1128/1128 1509/1509/1509
f 36/36/36 1509/1509/1509 1128/1128/1128
f 20/20/20 1234/1234/1234 1509/1509/1509
f 1510/1510/1510 20/20/20 1509/1509/1509
f 34/34/34 1517/1517/1517 36/36/36
f 1509/1509/1509 36/36/36 1517/1517/1517
f 1510/1510/1510 1509/1509/1509 1508/1508/1508
f 1510/1510/1510 1508/1508/1508 408/408/408
f 179/179/179 408/408/408 1508/1508/1508
f 180/180/180 408/408/408 179/179/179
f 181/181/181 180/180/180 179/179/179
f 179/179/179 1511/1511/1511 181/181/181
f 1508/1508/1508 1511/1511/1511 179/179/179
f 293/293/293 181/181/181 1511/1511/1511
f 293/293/293 1511/1511/1511 820/820/820
f 293/293/293 820/820/820 292/292/292
f 1508/1508/1508 1547/1547/1547 1511/1511/1511
f 821/821/821 292/292/292 820/820/820
f 821/821/821 1227/1227/1227 292/292/292
f 1511/1511/1511 1544/1544/1544 820/820/820
f 1544/1544/1544 821/821/821 820/820/820
f 1544/1544/1544 1511/1511/1511 1547/1547/1547
f 1544/1544/1544 1551/1551/1551 821/821/821
f 1551/1551/1551 1544/1544/1544 1547/1547/1547
f 188/188/188 1151/1151/1151 821/821/821
f 1513/1513/1513 821/821/821 1551/1551/1551
f 1513/1513/1513 1551/1551/1551 1547/1547/1547
f 821/821/821 1513/1513/1513 186/186/186
f 188/188/188 187/187/187 186/186/186
f 744/744/744 188/188/188 186/186/186
f 744/744/744 186/186/186 743/743/743
f 186/186/186 1513/1513/1513 762/762/762
f 700/700/700 744/744/744 743/743/743
f 1536/1536/1536 744/744/744 700/700/700
f 761/761/761 762/762/762 1513/1513/1513
f 700/700/700 762/762/762 761/761/761
f 761/761/761 1513/1513/1513 699/699/699
f 700/700/700 761/761/761 699/699/699
f 1508/1508/1508 1515/1515/1515 1547/1547/1547
f 1508/1508/1508 1509/1509/1509 1515/1515/1515
f 1559/1559/1559 1547/1547/1547 1515/1515/1515
f 1543/1543/1543 1559/1559/1559 1515/1515/1515
f 1515/1515/1515 1509/1509/1509 660/660/660
f 659/659/659 660/660/660 1509/1509/1509
f 1517/1517/1517 659/659/659 1509/1509/1509
f 212/212/212 660/660/660 659/659/659
f 1515/1515/1515 660/660/660 1263/1263/1263
f 212/212/212 1263/1263/1263 660/660/660
f 211/211/211 212/212/212 659/659/659
f 659/659/659 1517/1517/1517 211/211/211
f 212/212/212 96/96/96 1263/1263/1263
f 89/89/89 1264/1264/1264 1263/1263/1263
f 212/212/212 353/353/353 96/96/96
f 213/213/213 212/212/212 211/211/211
f 213/213/213 353/353/353 1222/1222/1222
f 89/89/89 97/97/97 96/96/96
f 97/97/97 881/881/881 1515/1515/1515
f 681/681/681 96/96/96 236/236/236
f 353/353/353 236/236/236 96/96/96
f 543/543/543 881/881/881 89/89/89
f 1318/1318/1318 543/543/543 89/89/89
f 544/544/544 1515/1515/1515 881/881/881
f 543/543/543 544/544/544 1264/1264/1264
f 545/545/545 544/544/544 543/543/543
f 90/90/90 89/89/89 88/88/88
f 796/796/796 543/543/543 90/90/90
f 1284/1284/1284 796/796/796 90/90/90
f 1284/1284/1284 1283/1283/1283 1282/1282/1282
f 796/796/796 808/808/808 807/807/807
f 1084/1084/1084 89/89/89 1254/1254/1254
f 1243/1243/1243 1084/1084/1084 236/236/236
f 1023/1023/1023 1403/1403/1403 1084/1084/1084
f 1025/1025/1025 1024/1024/1024 1023/1023/1023
f 1085/1085/1085 1084/1084/1084 341/341/341
f 41/41/41 1336/1336/1336 1085/1085/1085
f 1217/1217/1217 1216/1216/1216 341/341/341
f 341/341/341 236/236/236 725/725/725
f 18/18/18 341/341/341 725/725/725
f 16/16/16 341/341/341 340/340/340
f 18/18/18 17/17/17 16/16/16
f 16/16/16 40/40/40 1507/1507/1507
f 42/42/42 41/41/41 40/40/40
f 42/42/42 1182/1182/1182 41/41/41
f 1182/1182/1182 1450/1450/1450 1449/1449/1449
f 16/16/16 626/626/626 1194/1194/1194
f 602/602/602 42/42/42 601/601/601
f 602/602/602 601/601/601 537/537/537
f 628/628/628 627/627/627 626/626/626
f 627/627/627 1455/1455/1455 1454/1454/1454
f 627/627/627 654/654/654 653/653/653
f 654/654/654 613/613/613 1425/1425/1425
f 613/613/613 612/612/612 611/611/611
f 350/350/350 602/602/602 611/611/611
f 619/619/619 618/618/618 537/537/537
f 203/203/203 618/618/618 1349/1349/1349
f 204/204/204 203/203/203 202/202/202
f 625/625/625 204/204/204 1355/1355/1355
f 1355/1355/1355 1494/1494/1494 1493/1493/1493
f 625/625/625 624/624/624 623/623/623
f 1386/1386/1386 227/227/227 623/623/623
f 652/652/652 228/228/228 623/623/623
f 229/229/229 228/228/228 227/227/227
f 826/826/826 825/825/825 229/229/229
f 1496/1496/1496 228/228/228 1221/1221/1221
f 826/826/826 638/638/638 1221/1221/1221
f 1221/1221/1221 1220/1220/1220 1219/1219/1219
f 1248/1248/1248 1221/1221/1221 1247/1247/1247
f 638/638/638 639/639/639 536/536/536
f 537/537/537 638/638/638 536/536/536
f 533/533/533 537/537/537 536/536/536
f 350/350/350 537/537/537 533/533/533
f 536/536/536 1414/1414/1414 526/526/526
f 536/536/536 526/526/526 533/533/533
f 350/350/350 533/533/533 349/349/349
f 526/526/526 349/349/349 533/533/533
f 531/531/531 349/349/349 526/526/526
f 350/350/350 349/349/349 348/348/348
f 349/349/349 26/26/26 27/27/27
f 27/27/27 26/26/26 25/25/25
f 795/795/795 350/350/350 540/540/540
f 795/795/795 348/348/348 538/538/538
f 540/540/540 539/539/539 538/538/538
f 1352/1352/1352 795/795/795 538/538/538
f 338/338/338 795/795/795 1352/1352/1352
f 1369/1369/1369 538/538/538 732/732/732
f 557/557/557 1352/1352/1352 1369/1369/1369
f 732/732/732 731/731/731 730/730/730
f 1108/1108/1108 1352/1352/1352 557/557/557
f 732/732/732 1213/1213/1213 401/401/401
f 402/402/402 401/401/401 400/400/400
f 1177/1177/1177 58/58/58 1213/1213/1213
f 60/60/60 59/59/59 58/58/58
f 1177/1177/1177 1176/1176/1176 1175/1175/1175
f 337/337/337 338/338/338 1108/1108/1108
f 339/339/339 338/338/338 337/337/337
f 1180/1180/1180 1537/1537/1537 337/337/337
f 1108/1108/1108 1107/1107/1107 485/485/485
f 1180/1180/1180 1179/1179/1179 1178/1178/1178
f 1179/1179/1179 1180/1180/1180 68/68/68
f 808/808/808 1038/1038/1038 68/68/68
f 68/68/68 1038/1038/1038 1467/1467/1467
f 68/68/68 485/485/485 67/67/67
f 69/69/69 68/68/68 67/67/67
f 1031/1031/1031 1179/1179/1179 67/67/67
f 69/69/69 1031/1031/1031 1229/1229/1229
f 67/67/67 485/485/485 505/505/505
f 1031/1031/1031 67/67/67 595/595/595
f 597/597/597 596/596/596 595/595/595
f 1031/1031/1031 595/595/595 1515/1515/1515
f 544/544/544 1031/1031/1031 1515/1515/1515
f 595/595/595 505/505/505 1515/1515/1515
f 485/485/485 319/319/319 505/505/505
f 485/485/485 557/557/557 319/319/319
f 1515/1515/1515 505/505/505 542/542/542
f 505/505/505 319/319/319 542/542/542
f 1543/1543/1543 1515/1515/1515 542/542/542
f 319/319/319 557/557/557 318/318/318
f 557/557/557 556/556/556 318/318/318
f 319/319/319 318/318/318 317/317/317
f 542/542/542 319/319/319 317/317/317
f 555/555/555 554/554/554 317/317/317
f 373/373/373 555/555/555 1397/1397/1397
f 317/317/317 438/438/438 555/555/555
f 1009/1009/1009 1008/1008/1008 438/438/438
f 1255/1255/1255 1422/1422/1422 1009/1009/1009
f 317/317/317 1255/1255/1255 438/438/438
f 439/439/439 438/438/438 437/437/437
f 592/592/592 439/439/439 437/437/437
f 542/542/542 317/317/317 541/541/541
f 317/317/317 373/373/373 541/541/541
f 542/542/542 541/541/541 1543/1543/1543
f 789/789/789 334/334/334 439/439/439
f 789/789/789 439/439/439 372/372/372
f 336/336/336 335/335/335 334/334/334
f 798/798/798 372/372/372 439/439/439
f 798/798/798 1503/1503/1503 372/372/372
f 1529/1529/1529 461/461/461 335/335/335
f 335/335/335 461/461/461 460/460/460
f 335/335/335 1204/1204/1204 1244/1244/1244
f 1204/1204/1204 1203/1203/1203 1202/1202/1202
f 373/373/373 372/372/372 371/371/371
f 589/589/589 371/371/371 372/372/372
f 371/371/371 541/541/541 373/373/373
f 394/394/394 430/430/430 1244/1244/1244
f 394/394/394 1288/1288/1288 1287/1287/1287
f 396/396/396 395/395/395 394/394/394
f 396/396/396 1388/1388/1388 430/430/430
f 432/432/432 431/431/431 430/430/430
f 371/371/371 860/860/860 541/541/541
f 861/861/861 860/860/860 589/589/589
f 861/861/861 891/891/891 860/860/860
f 891/891/891 541/541/541 860/860/860
f 432/432/432 1420/1420/1420 208/208/208
f 891/891/891 1273/1273/1273 541/541/541
f 861/861/861 206/206/206 1273/1273/1273
f 892/892/892 852/852/852 891/891/891
f 100/100/100 541/541/541 1273/1273/1273
f 206/206/206 100/100/100 852/852/852
f 432/432/432 207/207/207 1258/1258/1258
f 1410/1410/1410 1258/1258/1258 1409/1409/1409
f 207/207/207 892/892/892 1119/1119/1119
f 207/207/207 1119/1119/1119 798/798/798
f 1119/1119/1119 1346/1346/1346 1345/1345/1345
f 207/207/207 206/206/206 205/205/205
f 864/864/864 208/208/208 207/207/207
f 207/207/207 208/208/208 206/206/206
f 208/208/208 896/896/896 206/206/206
f 206/206/206 221/221/221 1440/1440/1440
f 1440/1440/1440 896/896/896 99/99/99
f 208/208/208 209/209/209 221/221/221
f 221/221/221 220/220/220 99/99/99
f 221/221/221 209/209/209 220/220/220
f 210/210/210 209/209/209 208/208/208
f 1262/1262/1262 220/220/220 1240/1240/1240
f 209/209/209 331/331/331 220/220/220
f 73/73/73 1240/1240/1240 1239/1239/1239
f 75/75/75 74/74/74 73/73/73
f 209/209/209 576/576/576 331/331/331
f 210/210/210 1135/1135/1135 209/209/209
f 1135/1135/1135 1134/1134/1134 331/331/331
f 333/333/333 332/332/332 331/331/331
f 407/407/407 406/406/406 331/331/331
f 406/406/406 1424/1424/1424 1423/1423/1423
f 380/380/380 99/99/99 1302/1302/1302
f 682/682/682 406/406/406 506/506/506
f 851/851/851 506/506/506 333/333/333
f 682/682/682 506/506/506 164/164/164
f 851/851/851 850/850/850 849/849/849
f 506/506/506 851/851/851 716/716/716
f 718/718/718 717/717/717 716/716/716
f 1400/1400/1400 1475/1475/1475 716/716/716
f 302/302/302 718/718/718 414/414/414
f 508/508/508 1400/1400/1400 1383/1383/1383
f 508/508/508 507/507/507 506/506/506
f 506/506/506 567/567/567 566/566/566
f 302/302/302 301/301/301 300/300/300
f 300/300/300 828/828/828 827/827/827
f 674/674/674 837/837/837 301/301/301
f 300/300/300 1279/1279/1279 1278/1278/1278
f 1279/1279/1279 1332/1332/1332 1331/1331/1331
f 824/824/824 567/567/567 823/823/823
f 1290/1290/1290 824/824/824 823/823/823
f 931/931/931 823/823/823 930/930/930
f 416/416/416 415/415/415 414/414/414
f 615/615/615 1274/1274/1274 415/415/415
f 617/617/617 616/616/616 615/615/615
f 1293/1293/1293 416/416/416 1292/1292/1292
f 416/416/416 1073/1073/1073 1351/1351/1351
f 416/416/416 1074/1074/1074 1073/1073/1073
f 1073/1073/1073 806/806/806 804/804/804
f 806/806/806 805/805/805 804/804/804
f 1162/1162/1162 805/805/805 1161/1161/1161
f 1063/1063/1063 552/552/552 806/806/806
f 1338/1338/1338 552/552/552 1337/1337/1337
f 1063/1063/1063 453/453/453 1319/1319/1319
f 57/57/57 553/553/553 552/552/552
f 516/516/516 552/552/552 453/453/453
f 1251/1251/1251 1250/1250/1250 453/453/453
f 1464/1464/1464 1463/1463/1463 1250/1250/1250
f 57/57/57 56/56/56 55/55/55
f 517/517/517 516/516/516 120/120/120
f 56/56/56 866/866/866 1102/1102/1102
f 517/517/517 173/173/173 866/866/866
f 1102/1102/1102 1101/1101/1101 980/980/980
f 866/866/866 1459/1459/1459 171/171/171
f 173/173/173 172/172/172 171/171/171
f 729/729/729 1102/1102/1102 1453/1453/1453
f 729/729/729 980/980/980 728/728/728
f 729/729/729 728/728/728 727/727/727
f 729/729/729 727/727/727 758/758/758
f 55/55/55 729/729/729 758/758/758
f 55/55/55 1433/1433/1433 729/729/729
f 55/55/55 92/92/92 91/91/91
f 1214/1214/1214 758/758/758 92/92/92
f 92/92/92 1344/1344/1344 1343/1343/1343
f 1215/1215/1215 1214/1214/1214 859/859/859
f 1405/1405/1405 1215/1215/1215 1404/1404/1404
f 92/92/92 496/496/496 859/859/859
f 1161/1161/1161 92/92/92 495/495/495
f 92/92/92 817/817/817 495/495/495
f 496/496/496 495/495/495 494/494/494
f 494/494/494 1103/1103/1103 805/805/805
f 952/952/952 805/805/805 1103/1103/1103
f 952/952/952 903/903/903 805/805/805
f 953/953/953 903/903/903 952/952/952
f 903/903/903 1289/1289/1289 902/902/902
f 903/903/903 902/902/902 901/901/901
f 1317/1317/1317 1316/1316/1316 901/901/901
f 953/953/953 504/504/504 903/903/903
f 504/504/504 953/953/953 503/503/503
f 504/504/504 503/503/503 502/502/502
f 502/502/502 503/503/503 819/819/819
f 502/502/502 819/819/819 818/818/818
f 1100/1100/1100 1099/1099/1099 819/819/819
f 1100/1100/1100 1105/1105/1105 1099/1099/1099
f 1106/1106/1106 1105/1105/1105 1104/1104/1104
f 1303/1303/1303 192/192/192 1105/1105/1105
f 192/192/192 1419/1419/1419 1418/1418/1418
f 194/194/194 193/193/193 192/192/192
f 194/194/194 977/977/977 193/193/193
f 978/978/978 193/193/193 977/977/977
f 978/978/978 1401/1401/1401 193/193/193
f 580/580/580 978/978/978 1479/1479/1479
f 580/580/580 579/579/579 578/578/578
f 579/579/579 499/499/499 265/265/265
f 266/266/266 265/265/265 264/264/264
f 501/501/501 500/500/500 499/499/499
f 501/501/501 1474/1474/1474 1473/1473/1473
f 501/501/501 1387/1387/1387 747/747/747
f 501/501/501 747/747/747 748/748/748
f 748/748/748 747/747/747 742/742/742
f 886/886/886 1387/1387/1387 885/885/885
f 886/886/886 885/885/885 801/801/801
f 801/801/801 885/885/885 499/499/499
f 801/801/801 800/800/800 799/799/799
f 745/745/745 265/265/265 800/800/800
f 499/499/499 749/749/749 745/745/745
f 745/745/745 1431/1431/1431 1430/1430/1430
f 745/745/745 749/749/749 14/14/14
f 264/264/264 745/745/745 14/14/14
f 799/799/799 1043/1043/1043 1042/1042/1042
f 1042/1042/1042 1043/1043/1043 156/156/156
f 157/157/157 156/156/156 155/155/155
f 409/409/409 156/156/156 265/265/265
f 1487/1487/1487 1042/1042/1042 365/365/365
f 738/738/738 409/409/409 14/14/14
f 112/112/112 365/365/365 1228/1228/1228
f 114/114/114 113/113/113 112/112/112
f 920/920/920 919/919/919 113/113/113
f 750/750/750 746/746/746 14/14/14
f 14/14/14 746/746/746 742/742/742
f 1298/1298/1298 742/742/742 247/247/247
f 13/13/13 14/14/14 742/742/742
f 15/15/15 14/14/14 13/13/13
f 13/13/13 951/951/951 248/248/248
f 1435/1435/1435 13/13/13 248/248/248
f 249/249/249 248/248/248 247/247/247
f 249/249/249 17/17/17 248/248/248
f 249/249/249 643/643/643 17/17/17
f 645/645/645 644/644/644 643/643/643
f 651/651/651 650/650/650 643/643/643
f 398/398/398 248/248/248 626/626/626
f 399/399/399 248/248/248 398/398/398
f 398/398/398 475/475/475 15/15/15
f 15/15/15 410/410/410 1246/1246/1246
f 673/673/673 410/410/410 15/15/15
f 673/673/673 15/15/15 237/237/237
f 410/410/410 686/686/686 1445/1445/1445
f 686/686/686 410/410/410 673/673/673
f 688/688/688 687/687/687 686/686/686
f 410/410/410 364/364/364 409/409/409
f 686/686/686 568/568/568 364/364/364
f 409/409/409 364/364/364 1348/1348/1348
f 365/365/365 1348/1348/1348 364/364/364
f 365/365/365 364/364/364 363/363/363
f 570/570/570 569/569/569 568/568/568
f 1399/1399/1399 570/570/570 1398/1398/1398
f 760/760/760 363/363/363 759/759/759
f 697/697/697 570/570/570 696/696/696
f 697/697/697 696/696/696 695/695/695
f 696/696/696 1390/1390/1390 693/693/693
f 238/238/238 673/673/673 725/725/725
f 238/238/238 237/237/237 236/236/236
f 694/694/694 673/673/673 238/238/238
f 353/353/353 238/238/238 236/236/236
f 694/694/694 238/238/238 693/693/693
f 844/844/844 843/843/843 694/694/694
f 693/693/693 1429/1429/1429 353/353/353
f 693/693/693 353/353/353 213/213/213
f 1230/1230/1230 693/693/693 213/213/213
f 694/694/694 803/803/803 1313/1313/1313
f 803/803/803 693/693/693 802/802/802
f 1277/1277/1277 803/803/803 802/802/802
f 1313/1313/1313 922/922/922 759/759/759
f 1480/1480/1480 922/922/922 1391/1391/1391
f 923/923/923 1391/1391/1391 922/922/922
f 923/923/923 922/922/922 142/142/142
f 142/142/142 802/802/802 141/141/141
f 143/143/143 923/923/923 1277/1277/1277
f 143/143/143 142/142/142 141/141/141
f 923/923/923 143/143/143 184/184/184
f 923/923/923 184/184/184 441/441/441
f 143/143/143 185/185/185 184/184/184
f 141/141/141 198/198/198 197/197/197
f 141/141/141 594/594/594 198/198/198
f 594/594/594 213/213/213 593/593/593
f 593/593/593 213/213/213 211/211/211
f 1051/1051/1051 1324/1324/1324 141/141/141
f 1324/1324/1324 1169/1169/1169 185/185/185
f 1169/1169/1169 1168/1168/1168 1167/1167/1167
f 593/593/593 211/211/211 701/701/701
f 289/289/289 593/593/593 701/701/701
f 1370/1370/1370 1051/1051/1051 289/289/289
f 211/211/211 1517/1517/1517 701/701/701
f 289/289/289 701/701/701 288/288/288
f 290/290/290 289/289/289 288/288/288
f 288/288/288 701/701/701 1517/1517/1517
f 1380/1380/1380 288/288/288 1517/1517/1517
f 1051/1051/1051 1380/1380/1380 1050/1050/1050
f 1380/1380/1380 1517/1517/1517 1050/1050/1050
f 1051/1051/1051 1050/1050/1050 185/185/185
f 1276/1276/1276 185/185/185 1275/1275/1275
f 441/441/441 1276/1276/1276 787/787/787
f 788/788/788 564/564/564 787/787/787
f 441/441/441 444/444/444 443/443/443
f 1174/1174/1174 444/444/444 564/564/564
f 184/184/184 124/124/124 444/444/444
f 442/442/442 441/441/441 440/440/440
f 124/124/124 565/565/565 564/564/564
f 565/565/565 454/454/454 564/564/564
f 1189/1189/1189 440/440/440 690/690/690
f 759/759/759 442/442/442 551/551/551
f 551/551/551 448/448/448 759/759/759
f 82/82/82 449/449/449 448/448/448
f 551/551/551 1029/1029/1029 1451/1451/1451
f 551/551/551 550/550/550 549/549/549
f 1029/1029/1029 785/785/785 82/82/82
f 1029/1029/1029 549/549/549 784/784/784
f 785/785/785 784/784/784 783/783/783
f 1304/1304/1304 785/785/785 783/783/783
f 1245/1245/1245 549/549/549 1448/1448/1448
f 783/783/783 1245/1245/1245 147/147/147
f 549/549/549 690/690/690 1002/1002/1002
f 148/148/148 147/147/147 146/146/146
f 146/146/146 1330/1330/1330 1329/1329/1329
f 1003/1003/1003 959/959/959 1002/1002/1002
f 690/690/690 1408/1408/1408 959/959/959
f 961/961/961 960/960/960 959/959/959
f 1408/1408/1408 1286/1286/1286 960/960/960
f 692/692/692 691/691/691 690/690/690
f 1253/1253/1253 691/691/691 1327/1327/1327
f 1286/1286/1286 1499/1499/1499 1253/1253/1253
f 312/312/312 1253/1253/1253 1252/1252/1252
f 313/313/313 1286/1286/1286 312/312/312
f 313/313/313 312/312/312 311/311/311
f 84/84/84 83/83/83 82/82/82
f 84/84/84 1205/1205/1205 83/83/83
f 83/83/83 1301/1301/1301 1300/1300/1300
f 1205/1205/1205 178/178/178 1385/1385/1385
f 178/178/178 177/177/177 176/176/176
f 252/252/252 455/455/455 454/454/454
f 362/362/362 1383/1383/1383 455/455/455
f 362/362/362 361/361/361 164/164/164
f 361/361/361 906/906/906 905/905/905
f 382/382/382 1172/1172/1172 905/905/905
f 362/362/362 1315/1315/1315 1172/1172/1172
f 1315/1315/1315 455/455/455 309/309/309
f 310/310/310 309/309/309 252/252/252
f 252/252/252 309/309/309 1311/1311/1311
f 382/382/382 381/381/381 380/380/380
f 73/73/73 164/164/164 163/163/163
f 163/163/163 1315/1315/1315 548/548/548
f 751/751/751 73/73/73 163/163/163
f 752/752/752 73/73/73 751/751/751
f 996/996/996 309/309/309 548/548/548
f 381/381/381 751/751/751 467/467/467
f 548/548/548 309/309/309 1238/1238/1238
f 1256/1256/1256 1238/1238/1238 309/309/309
f 467/467/467 548/548/548 532/532/532
f 548/548/548 547/547/547 546/546/546
f 467/467/467 532/532/532 466/466/466
f 381/381/381 467/467/467 466/466/466
f 466/466/466 532/532/532 1519/1519/1519
f 466/466/466 1519/1519/1519 381/381/381
f 547/547/547 1519/1519/1519 532/532/532
f 98/98/98 381/381/381 1519/1519/1519
f 100/100/100 99/99/99 98/98/98
f 98/98/98 1520/1520/1520 100/100/100
f 1519/1519/1519 1520/1520/1520 380/380/380
f 1520/1520/1520 1539/1539/1539 100/100/100
f 1539/1539/1539 541/541/541 100/100/100
f 1520/1520/1520 1546/1546/1546 1539/1539/1539
f 1519/1519/1519 1546/1546/1546 1520/1520/1520
f 1539/1539/1539 1546/1546/1546 1538/1538/1538
f 1539/1539/1539 1538/1538/1538 541/541/541
f 1546/1546/1546 1519/1519/1519 1521/1521/1521
f 541/541/541 1538/1538/1538 1553/1553/1553
f 1521/1521/1521 1519/1519/1519 1522/1522/1522
f 1553/1553/1553 1542/1542/1542 541/541/541
f 1523/1523/1523 1522/1522/1522 1519/1519/1519
f 1543/1543/1543 541/541/541 1542/1542/1542
f 1519/1519/1519 1518/1518/1518 1523/1523/1523
f 1518/1518/1518 1519/1519/1519 547/547/547
f 34/34/34 1523/1523/1523 1518/1518/1518
f 547/547/547 1256/1256/1256 1518/1518/1518
f 1517/1517/1517 34/34/34 1518/1518/1518
f 1543/1543/1543 1542/1542/1542 1541/1541/1541
f 1560/1560/1560 1541/1541/1541 1542/1542/1542
f 1556/1556/1556 1543/1543/1543 1541/1541/1541
f 1561/1561/1561 1541/1541/1541 1560/1560/1560
f 1562/1562/1562 1561/1561/1561 1560/1560/1560
f 1558/1558/1558 1556/1556/1556 1541/1541/1541
f 1558/1558/1558 1557/1557/1557 1556/1556/1556
f 1256/1256/1256 253/253/253 1518/1518/1518
f 253/253/253 1256/1256/1256 252/252/252
f 1517/1517/1517 1518/1518/1518 126/126/126
f 126/126/126 1518/1518/1518 253/253/253
f 126/126/126 1050/1050/1050 1517/1517/1517
f 185/185/185 1050/1050/1050 126/126/126
f 185/185/185 126/126/126 124/124/124
f 126/126/126 125/125/125 124/124/124
f 253/253/253 252/252/252 125/125/125
f 972/972/972 253/253/253 125/125/125
f 125/125/125 252/252/252 294/294/294
f 296/296/296 295/295/295 294/294/294
f 1468/1468/1468 296/296/296 294/294/294
f 39/39/39 38/38/38 37/37/37
f 39/39/39 37/37/37 223/223/223
f 39/39/39 223/223/223 222/222/222
f 37/37/37 954/954/954 223/223/223
f 1150/1150/1150 39/39/39 222/222/222
f 37/37/37 956/956/956 954/954/954
f 956/956/956 955/955/955 954/954/954
f 714/714/714 39/39/39 1150/1150/1150
f 714/714/714 1150/1150/1150 369/369/369
f 714/714/714 369/369/369 9/9/9
f 714/714/714 1384/1384/1384 39/39/39
f 39/39/39 1384/1384/1384 38/38/38
f 713/713/713 714/714/714 9/9/9
f 715/715/715 1384/1384/1384 714/714/714
f 38/38/38 1384/1384/1384 715/715/715
f 715/715/715 714/714/714 713/713/713
f 37/37/37 38/38/38 979/979/979
f 37/37/37 979/979/979 956/956/956
f 713/713/713 9/9/9 987/987/987
f 9/9/9 7/7/7 987/987/987
f 514/514/514 713/713/713 987/987/987
f 7/7/7 514/514/514 987/987/987
f 514/514/514 515/515/515 713/713/713
f 7/7/7 515/515/515 514/514/514
f 715/715/715 713/713/713 515/515/515
f 7/7/7 888/888/888 515/515/515
f 888/888/888 887/887/887 515/515/515
f 715/715/715 515/515/515 887/887/887
f 956/956/956 840/840/840 955/955/955
f 984/984/984 955/955/955 840/840/840
f 715/715/715 887/887/887 1044/1044/1044
f 984/984/984 840/840/840 323/323/323
f 887/887/887 621/621/621 1044/1044/1044
f 102/102/102 984/984/984 323/323/323
f 956/956/956 841/841/841 840/840/840
f 841/841/841 323/323/323 840/840/840
f 956/956/956 979/979/979 841/841/841
f 102/102/102 323/323/323 101/101/101
f 38/38/38 715/715/715 1032/1032/1032
f 1032/1032/1032 979/979/979 38/38/38
f 715/715/715 1044/1044/1044 1032/1032/1032
f 683/683/683 101/101/101 323/323/323
f 841/841/841 683/683/683 323/323/323
f 103/103/103 102/102/102 101/101/101
f 683/683/683 103/103/103 101/101/101
f 103/103/103 726/726/726 102/102/102
f 103/103/103 419/419/419 726/726/726
f 103/103/103 269/269/269 419/419/419
f 841/841/841 979/979/979 889/889/889
f 1032/1032/1032 889/889/889 979/979/979
f 683/683/683 841/841/841 132/132/132
f 841/841/841 889/889/889 132/132/132
f 683/683/683 459/459/459 103/103/103
f 683/683/683 132/132/132 459/459/459
f 1032/1032/1032 131/131/131 889/889/889
f 132/132/132 889/889/889 131/131/131
f 1032/1032/1032 1044/1044/1044 131/131/131
f 459/459/459 132/132/132 130/130/130
f 132/132/132 131/131/131 130/130/130
f 103/103/103 459/459/459 123/123/123
f 269/269/269 103/103/103 123/123/123
f 459/459/459 130/130/130 123/123/123
f 269/269/269 123/123/123 121/121/121
f 131/131/131 411/411/411 130/130/130
f 123/123/123 130/130/130 411/411/411
f 1044/1044/1044 1062/1062/1062 131/131/131
f 131/131/131 1062/1062/1062 411/411/411
f 1044/1044/1044 621/621/621 1062/1062/1062
f 122/122/122 123/123/123 411/411/411
f 122/122/122 411/411/411 1062/1062/1062
f 123/123/123 122/122/122 121/121/121
f 122/122/122 1062/1062/1062 621/621/621
f 121/121/121 122/122/122 1171/1171/1171
f 122/122/122 621/621/621 1171/1171/1171
f 1144/1144/1144 1171/1171/1171 621/621/621
f 121/121/121 1171/1171/1171 1144/1144/1144
f 855/855/855 1144/1144/1144 621/621/621
f 1170/1170/1170 121/121/121 1144/1144/1144
f 1170/1170/1170 1144/1144/1144 855/855/855
f 121/121/121 1170/1170/1170 855/855/855
f 54/54/54 53/53/53 52/52/52
f 53/53/53 878/878/878 877/877/877
f 72/72/72 71/71/71 70/70/70
f 70/70/70 367/367/367 366/366/366
f 106/106/106 105/105/105 104/104/104
f 104/104/104 1040/1040/1040 1039/1039/1039
f 120/120/120 119/119/119 118/118/118
f 1436/1436/1436 118/118/118 600/600/600
f 118/118/118 866/866/866 600/600/600
f 600/600/600 599/599/599 598/598/598
f 866/866/866 308/308/308 831/831/831
f 831/831/831 830/830/830 829/829/829
f 308/308/308 307/307/307 306/306/306
f 831/831/831 1497/1497/1497 306/306/306
f 1525/1525/1525 1524/1524/1524 306/306/306
f 120/120/120 1412/1412/1412 173/173/173
f 173/173/173 1412/1412/1412 1492/1492/1492
f 1412/1412/1412 929/929/929 195/195/195
f 172/172/172 195/195/195 731/731/731
f 196/196/196 195/195/195 172/172/172
f 196/196/196 120/120/120 387/387/387
f 196/196/196 387/387/387 929/929/929
f 1010/1010/1010 929/929/929 387/387/387
f 120/120/120 388/388/388 387/387/387
f 577/577/577 1452/1452/1452 929/929/929
f 1444/1444/1444 1443/1443/1443 388/388/388
f 535/535/535 577/577/577 387/387/387
f 535/535/535 387/387/387 388/388/388
f 577/577/577 535/535/535 576/576/576
f 577/577/577 576/576/576 210/210/210
f 684/684/684 577/577/577 210/210/210
f 684/684/684 210/210/210 907/907/907
f 384/384/384 685/685/685 684/684/684
f 386/386/386 385/385/385 384/384/384
f 384/384/384 898/898/898 386/386/386
f 388/388/388 453/453/453 452/452/452
f 535/535/535 388/388/388 452/452/452
f 535/535/535 452/452/452 534/534/534
f 1293/1293/1293 534/534/534 452/452/452
f 1135/1135/1135 535/535/535 534/534/534
f 680/680/680 850/850/850 534/534/534
f 680/680/680 497/497/497 679/679/679
f 836/836/836 680/680/680 835/835/835
f 1321/1321/1321 835/835/835 1320/1320/1320
f 498/498/498 497/497/497 342/342/342
f 344/344/344 343/343/343 342/342/342
f 498/498/498 1198/1198/1198 1501/1501/1501
f 1198/1198/1198 427/427/427 1223/1223/1223
f 429/429/429 428/428/428 427/427/427
f 1059/1059/1059 1058/1058/1058 427/427/427
f 735/735/735 675/675/675 1198/1198/1198
f 735/735/735 734/734/734 733/733/733
f 675/675/675 427/427/427 674/674/674
f 675/675/675 1233/1233/1233 427/427/427
f 154/154/154 153/153/153 152/152/152
f 258/258/258 257/257/257 256/256/256
f 257/257/257 526/526/526 256/256/256
f 257/257/257 527/527/527 526/526/526
f 258/258/258 1036/1036/1036 257/257/257
f 258/258/258 1037/1037/1037 1036/1036/1036
f 258/258/258 754/754/754 1037/1037/1037
f 1469/1469/1469 527/527/527 510/510/510
f 559/559/559 510/510/510 558/558/558
f 813/813/813 812/812/812 559/559/559
f 1505/1505/1505 812/812/812 1504/1504/1504
f 511/511/511 510/510/510 509/509/509
f 511/511/511 1364/1364/1364 1363/1363/1363
f 754/754/754 753/753/753 509/509/509
f 1447/1447/1447 1446/1446/1446 753/753/753
f 1323/1323/1323 753/753/753 1322/1322/1322
f 282/282/282 281/281/281 280/280/280
f 299/299/299 298/298/298 297/297/297
f 316/316/316 315/315/315 314/314/314
f 322/322/322 321/321/321 320/320/320
f 347/347/347 346/346/346 345/345/345
f 376/376/376 375/375/375 374/374/374
f 1342/1342/1342 374/374/374 1341/1341/1341
f 1361/1361/1361 1341/1341/1341 1489/1489/1489
f 1362/1362/1362 1361/1361/1361 1360/1360/1360
f 1342/1342/1342 1442/1442/1442 1441/1441/1441
f 1533/1533/1533 1442/1442/1442 376/376/376
f 1533/1533/1533 376/376/376 1532/1532/1532
f 379/379/379 378/378/378 377/377/377
f 447/447/447 446/446/446 445/445/445
f 464/464/464 463/463/463 462/462/462
f 473/473/473 472/472/472 471/471/471
f 493/493/493 492/492/492 491/491/491
f 647/647/647 646/646/646 491/491/491
f 522/522/522 521/521/521 520/520/520
f 525/525/525 524/524/524 523/523/523
f 530/530/530 529/529/529 528/528/528
f 607/607/607 606/606/606 605/605/605
f 636/636/636 635/635/635 605/605/605
f 631/631/631 630/630/630 629/629/629
f 631/631/631 1491/1491/1491 1490/1490/1490
f 634/634/634 633/633/633 632/632/632
f 663/663/663 662/662/662 661/661/661
f 669/669/669 668/668/668 667/667/667
f 1160/1160/1160 668/668/668 1159/1159/1159
f 1159/1159/1159 1535/1535/1535 1534/1534/1534
f 1392/1392/1392 1376/1376/1376 1159/1159/1159
f 1378/1378/1378 1377/1377/1377 1376/1376/1376
f 672/672/672 671/671/671 670/670/670
f 712/712/712 711/711/711 710/710/710
f 934/934/934 712/712/712 1485/1485/1485
f 934/934/934 933/933/933 932/932/932
f 724/724/724 723/723/723 722/722/722
f 741/741/741 740/740/740 739/739/739
f 773/773/773 772/772/772 771/771/771
f 777/777/777 776/776/776 775/775/775
f 782/782/782 781/781/781 780/780/780
f 794/794/794 793/793/793 792/792/792
f 794/794/794 1232/1232/1232 793/793/793
f 1340/1340/1340 1339/1339/1339 794/794/794
f 811/811/811 810/810/810 809/809/809
f 816/816/816 815/815/815 814/814/814
f 858/858/858 857/857/857 856/856/856
f 876/876/876 875/875/875 874/874/874
f 874/874/874 875/875/875 1486/1486/1486
f 884/884/884 883/883/883 882/882/882
f 918/918/918 917/917/917 916/916/916
f 1028/1028/1028 1027/1027/1027 1026/1026/1026
f 1268/1268/1268 1267/1267/1267 1028/1028/1028
f 1056/1056/1056 1055/1055/1055 1054/1054/1054
f 1056/1056/1056 1201/1201/1201 1200/1200/1200
f 1098/1098/1098 1097/1097/1097 1096/1096/1096
f 1118/1118/1118 1117/1117/1117 1116/1116/1116
f 1154/1154/1154 1153/1153/1153 1152/1152/1152
f 1188/1188/1188 1187/1187/1187 1186/1186/1186
f 1197/1197/1197 1196/1196/1196 1195/1195/1195
f 1211/1211/1211 1210/1210/1210 1209/1209/1209
f 1237/1237/1237 1236/1236/1236 1235/1235/1235
f 1261/1261/1261 1260/1260/1260 1259/1259/1259
f 1271/1271/1271 1270/1270/1270 1269/1269/1269
f 1296/1296/1296 1295/1295/1295 1294/1294/1294
f 1309/1309/1309 1308/1308/1308 1307/1307/1307
f 1335/1335/1335 1334/1334/1334 1333/1333/1333
f 1484/1484/1484 1483/1483/1483 1335/1335/1335
f 1368/1368/1368 1367/1367/1367 1366/1366/1366
f 1375/1375/1375 1374/1374/1374 1373/1373/1373
f 1417/1417/1417 1416/1416/1416 1415/1415/1415
f 1439/1439/1439 1438/1438/1438 1437/1437/1437
f 1458/1458/1458 1457/1457/1457 1456/1456/1456
f 1472/1472/1472 1471/1471/1471 1470/1470/1470
f 1478/1478/1478 1477/1477/1477 1476/1476/1476
