# VPXTOOL table OBJ file
# VPXTOOL OBJ file
# numVerts: 1256 numFaces: 448
o PegPlasticT19
v 0.153009 0.040954 0
v 0.122029 0.016021 -0.0088
v 0.158407 0 0
v 0.153009 0.040954 0
v 0.137184 0.079159 0
v 0.113713 0.047057 -0.0088
v 0.137184 0.079159 0
v 0.11201 0.111966 0
v 0.097648 0.074883 -0.0088
v 0.11201 0.111966 0
v 0.079203 0.13714 0.000001
v 0.074928 0.097603 -0.0088
v 0.079203 0.13714 0.000001
v 0.040999 0.152965 0.000001
v 0.047101 0.113669 -0.0088
v 0.040999 0.152965 0.000001
v 0 0.158362 0.000001
v 0.016065 0.121985 -0.008799
v 0 0.158362 0.000001
v -0.040999 0.152965 0.000001
v -0.016065 0.121985 -0.008799
v -0.040999 0.152965 0.000001
v -0.079203 0.13714 0.000001
v -0.047101 0.113669 -0.0088
v -0.079203 0.13714 0.000001
v -0.11201 0.111966 0
v -0.074928 0.097603 -0.0088
v -0.11201 0.111966 0
v -0.137184 0.079159 0
v -0.097648 0.074883 -0.0088
v -0.137184 0.079159 0
v -0.153009 0.040954 0
v -0.113713 0.047057 -0.0088
v -0.153009 0.040954 0
v -0.158407 0 0
v -0.122029 0.016021 -0.0088
v 0.122029 0.016021 -0.0088
v 0.118888 0.031813 -0.24641
v 0.123082 0.000001 -0.24641
v 0.113713 0.047057 -0.0088
v 0.106592 0.061498 -0.24641
v 0.118888 0.031813 -0.24641
v 0.097648 0.074883 -0.0088
v 0.087032 0.086989 -0.24641
v 0.106592 0.061498 -0.24641
v 0.074928 0.097603 -0.0088
v 0.061541 0.106549 -0.24641
v 0.087032 0.086989 -0.24641
v 0.047101 0.113669 -0.0088
v 0.031856 0.118845 -0.24641
v 0.061541 0.106549 -0.24641
v 0.016065 0.121985 -0.008799
v 0 0.123039 -0.246409
v 0.031856 0.118845 -0.24641
v -0.016065 0.121985 -0.008799
v -0.031856 0.118845 -0.24641
v 0 0.123039 -0.246409
v -0.047101 0.113669 -0.0088
v -0.061541 0.106549 -0.24641
v -0.031856 0.118845 -0.24641
v -0.074928 0.097603 -0.0088
v -0.087032 0.086989 -0.24641
v -0.061541 0.106549 -0.24641
v -0.097648 0.074883 -0.0088
v -0.106592 0.061498 -0.24641
v -0.087032 0.086989 -0.24641
v -0.113713 0.047057 -0.0088
v -0.118888 0.031813 -0.24641
v -0.106592 0.061498 -0.24641
v -0.122029 0.016021 -0.0088
v -0.123082 0.000001 -0.24641
v -0.118888 0.031813 -0.24641
v 0 0.158362 0.000001
v -0.016065 0.121985 -0.008799
v 0 0.123039 -0.246409
v 0 0.123039 -0.246409
v 0.016065 0.121985 -0.008799
v 0 0.158362 0.000001
v -0.040999 0.152965 0.000001
v -0.047101 0.113669 -0.0088
v -0.031856 0.118845 -0.24641
v -0.031856 0.118845 -0.24641
v -0.016065 0.121985 -0.008799
v -0.040999 0.152965 0.000001
v -0.079203 0.13714 0.000001
v -0.074928 0.097603 -0.0088
v -0.061541 0.106549 -0.24641
v -0.061541 0.106549 -0.24641
v -0.047101 0.113669 -0.0088
v -0.079203 0.13714 0.000001
v -0.11201 0.111966 0
v -0.097648 0.074883 -0.0088
v -0.087032 0.086989 -0.24641
v -0.087032 0.086989 -0.24641
v -0.074928 0.097603 -0.0088
v -0.11201 0.111966 0
v -0.106592 0.061498 -0.24641
v -0.097648 0.074883 -0.0088
v -0.137184 0.079159 0
v -0.137184 0.079159 0
v -0.113713 0.047057 -0.0088
v -0.106592 0.061498 -0.24641
v -0.118888 0.031813 -0.24641
v -0.113713 0.047057 -0.0088
v -0.153009 0.040954 0
v -0.153009 0.040954 0
v -0.122029 0.016021 -0.0088
v -0.118888 0.031813 -0.24641
v -0.123082 0.000001 -0.24641
v -0.122029 0.016021 -0.0088
v -0.158407 0 0
v 0.040999 0.152965 0.000001
v 0.016065 0.121985 -0.008799
v 0.031856 0.118845 -0.24641
v 0.031856 0.118845 -0.24641
v 0.047101 0.113669 -0.0088
v 0.040999 0.152965 0.000001
v 0.079203 0.13714 0.000001
v 0.047101 0.113669 -0.0088
v 0.061541 0.106549 -0.24641
v 0.061541 0.106549 -0.24641
v 0.074928 0.097603 -0.0088
v 0.079203 0.13714 0.000001
v 0.11201 0.111966 0
v 0.074928 0.097603 -0.0088
v 0.087032 0.086989 -0.24641
v 0.087032 0.086989 -0.24641
v 0.097648 0.074883 -0.0088
v 0.11201 0.111966 0
v 0.137184 0.079159 0
v 0.097648 0.074883 -0.0088
v 0.106592 0.061498 -0.24641
v 0.106592 0.061498 -0.24641
v 0.113713 0.047057 -0.0088
v 0.137184 0.079159 0
v 0.153009 0.040954 0
v 0.113713 0.047057 -0.0088
v 0.118888 0.031813 -0.24641
v 0.153009 0.040954 0
v 0.118888 0.031813 -0.24641
v 0.122029 0.016021 -0.0088
v 0.123082 0.000001 -0.24641
v 0.158407 0 0
v 0.122029 0.016021 -0.0088
v 0.153009 -0.040955 -0
v 0.158407 0 0
v 0.122029 -0.016021 -0.0088
v 0.113713 -0.047057 -0.0088
v 0.137184 -0.079159 -0
v 0.153009 -0.040955 -0
v 0.097648 -0.074883 -0.0088
v 0.11201 -0.111966 -0
v 0.137184 -0.079159 -0
v 0.074928 -0.097603 -0.0088
v 0.079203 -0.13714 -0.000001
v 0.11201 -0.111966 -0
v 0.047101 -0.113669 -0.0088
v 0.040999 -0.152965 -0.000001
v 0.079203 -0.13714 -0.000001
v 0.016065 -0.121985 -0.008801
v 0 -0.158363 -0.000001
v 0.040999 -0.152965 -0.000001
v -0.016065 -0.121985 -0.008801
v -0.040999 -0.152965 -0.000001
v 0 -0.158363 -0.000001
v -0.047101 -0.113669 -0.0088
v -0.079203 -0.13714 -0.000001
v -0.040999 -0.152965 -0.000001
v -0.074928 -0.097603 -0.0088
v -0.11201 -0.111966 -0
v -0.079203 -0.13714 -0.000001
v -0.097648 -0.074883 -0.0088
v -0.137184 -0.079159 -0
v -0.11201 -0.111966 -0
v -0.113713 -0.047057 -0.0088
v -0.153009 -0.040955 -0
v -0.137184 -0.079159 -0
v -0.122029 -0.016021 -0.0088
v -0.158407 0 0
v -0.153009 -0.040955 -0
v 0.123082 0.000001 -0.24641
v 0.118888 -0.031811 -0.24641
v 0.122029 -0.016021 -0.0088
v 0.118888 -0.031811 -0.24641
v 0.106592 -0.061496 -0.24641
v 0.113713 -0.047057 -0.0088
v 0.106592 -0.061496 -0.24641
v 0.087032 -0.086987 -0.24641
v 0.097648 -0.074883 -0.0088
v 0.087032 -0.086987 -0.24641
v 0.061541 -0.106547 -0.24641
v 0.074928 -0.097603 -0.0088
v 0.061541 -0.106547 -0.24641
v 0.031856 -0.118843 -0.24641
v 0.047101 -0.113669 -0.0088
v 0.031856 -0.118843 -0.24641
v 0 -0.123037 -0.246411
v 0.016065 -0.121985 -0.008801
v 0 -0.123037 -0.246411
v -0.031856 -0.118843 -0.24641
v -0.016065 -0.121985 -0.008801
v -0.031856 -0.118843 -0.24641
v -0.061541 -0.106547 -0.24641
v -0.047101 -0.113669 -0.0088
v -0.061541 -0.106547 -0.24641
v -0.087032 -0.086987 -0.24641
v -0.074928 -0.097603 -0.0088
v -0.087032 -0.086987 -0.24641
v -0.106592 -0.061496 -0.24641
v -0.097648 -0.074883 -0.0088
v -0.106592 -0.061496 -0.24641
v -0.118888 -0.031811 -0.24641
v -0.113713 -0.047057 -0.0088
v -0.118888 -0.031811 -0.24641
v -0.123082 0.000001 -0.24641
v -0.122029 -0.016021 -0.0088
v 0 -0.123037 -0.246411
v -0.016065 -0.121985 -0.008801
v 0 -0.158363 -0.000001
v 0 -0.158363 -0.000001
v 0.016065 -0.121985 -0.008801
v 0 -0.123037 -0.246411
v -0.031856 -0.118843 -0.24641
v -0.047101 -0.113669 -0.0088
v -0.040999 -0.152965 -0.000001
v -0.040999 -0.152965 -0.000001
v -0.016065 -0.121985 -0.008801
v -0.031856 -0.118843 -0.24641
v -0.061541 -0.106547 -0.24641
v -0.074928 -0.097603 -0.0088
v -0.079203 -0.13714 -0.000001
v -0.079203 -0.13714 -0.000001
v -0.047101 -0.113669 -0.0088
v -0.061541 -0.106547 -0.24641
v -0.087032 -0.086987 -0.24641
v -0.097648 -0.074883 -0.0088
v -0.11201 -0.111966 -0
v -0.11201 -0.111966 -0
v -0.074928 -0.097603 -0.0088
v -0.087032 -0.086987 -0.24641
v -0.137184 -0.079159 -0
v -0.097648 -0.074883 -0.0088
v -0.106592 -0.061496 -0.24641
v -0.106592 -0.061496 -0.24641
v -0.113713 -0.047057 -0.0088
v -0.137184 -0.079159 -0
v -0.153009 -0.040955 -0
v -0.113713 -0.047057 -0.0088
v -0.118888 -0.031811 -0.24641
v -0.118888 -0.031811 -0.24641
v -0.122029 -0.016021 -0.0088
v -0.153009 -0.040955 -0
v -0.158407 0 0
v -0.122029 -0.016021 -0.0088
v -0.123082 0.000001 -0.24641
v 0.031856 -0.118843 -0.24641
v 0.016065 -0.121985 -0.008801
v 0.040999 -0.152965 -0.000001
v 0.040999 -0.152965 -0.000001
v 0.047101 -0.113669 -0.0088
v 0.031856 -0.118843 -0.24641
v 0.061541 -0.106547 -0.24641
v 0.047101 -0.113669 -0.0088
v 0.079203 -0.13714 -0.000001
v 0.079203 -0.13714 -0.000001
v 0.074928 -0.097603 -0.0088
v 0.061541 -0.106547 -0.24641
v 0.087032 -0.086987 -0.24641
v 0.074928 -0.097603 -0.0088
v 0.11201 -0.111966 -0
v 0.11201 -0.111966 -0
v 0.097648 -0.074883 -0.0088
v 0.087032 -0.086987 -0.24641
v 0.106592 -0.061496 -0.24641
v 0.097648 -0.074883 -0.0088
v 0.137184 -0.079159 -0
v 0.137184 -0.079159 -0
v 0.113713 -0.047057 -0.0088
v 0.106592 -0.061496 -0.24641
v 0.118888 -0.031811 -0.24641
v 0.113713 -0.047057 -0.0088
v 0.153009 -0.040955 -0
v 0.122029 -0.016021 -0.0088
v 0.118888 -0.031811 -0.24641
v 0.153009 -0.040955 -0
v 0.123082 0.000001 -0.24641
v 0.122029 -0.016021 -0.0088
v 0.158407 0 0
v 0.123082 0.000001 -0.344094
v 0.123082 0.000001 -0.330894
v 0.118888 0.031813 -0.330894
v 0.118888 0.031813 -0.344094
v 0.118888 0.031813 -0.344094
v 0.118888 0.031813 -0.330894
v 0.106592 0.061498 -0.330894
v 0.106592 0.061498 -0.330894
v 0.106592 0.061498 -0.344094
v 0.118888 0.031813 -0.344094
v 0.106592 0.061498 -0.344094
v 0.106592 0.061498 -0.330894
v 0.087032 0.086989 -0.330894
v 0.087032 0.086989 -0.330894
v 0.087032 0.086989 -0.344094
v 0.106592 0.061498 -0.344094
v 0.087032 0.086989 -0.344094
v 0.087032 0.086989 -0.330894
v 0.061541 0.106549 -0.330894
v 0.061541 0.106549 -0.330894
v 0.061541 0.106549 -0.344094
v 0.087032 0.086989 -0.344094
v 0.061541 0.106549 -0.344094
v 0.061541 0.106549 -0.330894
v 0.031856 0.118845 -0.330894
v 0.031856 0.118845 -0.330894
v 0.031856 0.118845 -0.344094
v 0.061541 0.106549 -0.344094
v 0.031856 0.118845 -0.344094
v 0.031856 0.118845 -0.330894
v 0 0.123039 -0.330893
v 0 0.123039 -0.330893
v 0 0.123039 -0.344094
v 0.031856 0.118845 -0.344094
v 0 0.123039 -0.344094
v 0 0.123039 -0.330893
v -0.031856 0.118845 -0.330894
v -0.031856 0.118845 -0.330894
v -0.031856 0.118845 -0.344094
v 0 0.123039 -0.344094
v -0.031856 0.118845 -0.344094
v -0.031856 0.118845 -0.330894
v -0.061541 0.106549 -0.330894
v -0.061541 0.106549 -0.330894
v -0.061541 0.106549 -0.344094
v -0.031856 0.118845 -0.344094
v -0.061541 0.106549 -0.344094
v -0.061541 0.106549 -0.330894
v -0.087032 0.086989 -0.330894
v -0.087032 0.086989 -0.330894
v -0.087032 0.086989 -0.344094
v -0.061541 0.106549 -0.344094
v -0.087032 0.086989 -0.344094
v -0.087032 0.086989 -0.330894
v -0.106592 0.061498 -0.330894
v -0.106592 0.061498 -0.330894
v -0.106592 0.061498 -0.344094
v -0.087032 0.086989 -0.344094
v -0.106592 0.061498 -0.344094
v -0.106592 0.061498 -0.330894
v -0.118888 0.031813 -0.330894
v -0.118888 0.031813 -0.330894
v -0.118888 0.031813 -0.344094
v -0.106592 0.061498 -0.344094
v -0.118888 0.031813 -0.344094
v -0.118888 0.031813 -0.330894
v -0.123082 0.000001 -0.330894
v -0.123082 0.000001 -0.344094
v 0.118888 -0.031811 -0.344094
v 0.118888 -0.031811 -0.330894
v 0.123082 0.000001 -0.330894
v 0.123082 0.000001 -0.330894
v 0.123082 0.000001 -0.344094
v 0.118888 -0.031811 -0.344094
v 0.106592 -0.061496 -0.344094
v 0.106592 -0.061496 -0.330894
v 0.118888 -0.031811 -0.330894
v 0.118888 -0.031811 -0.330894
v 0.118888 -0.031811 -0.344094
v 0.106592 -0.061496 -0.344094
v 0.087032 -0.086987 -0.344094
v 0.087032 -0.086987 -0.330894
v 0.106592 -0.061496 -0.330894
v 0.106592 -0.061496 -0.330894
v 0.106592 -0.061496 -0.344094
v 0.087032 -0.086987 -0.344094
v 0.061541 -0.106547 -0.344094
v 0.061541 -0.106547 -0.330894
v 0.087032 -0.086987 -0.330894
v 0.087032 -0.086987 -0.330894
v 0.087032 -0.086987 -0.344094
v 0.061541 -0.106547 -0.344094
v 0.031856 -0.118843 -0.344094
v 0.031856 -0.118843 -0.330894
v 0.061541 -0.106547 -0.330894
v 0.061541 -0.106547 -0.330894
v 0.061541 -0.106547 -0.344094
v 0.031856 -0.118843 -0.344094
v 0 -0.123037 -0.344095
v 0 -0.123037 -0.330895
v 0.031856 -0.118843 -0.330894
v 0.031856 -0.118843 -0.330894
v 0.031856 -0.118843 -0.344094
v 0 -0.123037 -0.344095
v -0.031856 -0.118843 -0.344094
v -0.031856 -0.118843 -0.330894
v 0 -0.123037 -0.330895
v 0 -0.123037 -0.330895
v 0 -0.123037 -0.344095
v -0.031856 -0.118843 -0.344094
v -0.061541 -0.106547 -0.344094
v -0.061541 -0.106547 -0.330894
v -0.031856 -0.118843 -0.330894
v -0.031856 -0.118843 -0.330894
v -0.031856 -0.118843 -0.344094
v -0.061541 -0.106547 -0.344094
v -0.087032 -0.086987 -0.344094
v -0.087032 -0.086987 -0.330894
v -0.061541 -0.106547 -0.330894
v -0.061541 -0.106547 -0.330894
v -0.061541 -0.106547 -0.344094
v -0.087032 -0.086987 -0.344094
v -0.106592 -0.061496 -0.344094
v -0.106592 -0.061496 -0.330894
v -0.087032 -0.086987 -0.330894
v -0.087032 -0.086987 -0.330894
v -0.087032 -0.086987 -0.344094
v -0.106592 -0.061496 -0.344094
v -0.118888 -0.031811 -0.344094
v -0.118888 -0.031811 -0.330894
v -0.106592 -0.061496 -0.330894
v -0.106592 -0.061496 -0.330894
v -0.106592 -0.061496 -0.344094
v -0.118888 -0.031811 -0.344094
v -0.123082 0.000001 -0.344094
v -0.123082 0.000001 -0.330894
v -0.118888 -0.031811 -0.330894
v -0.118888 -0.031811 -0.330894
v -0.118888 -0.031811 -0.344094
v -0.123082 0.000001 -0.344094
v 0.023597 -0.056945 -0.344094
v 0 -0.123037 -0.344095
v 0.031856 -0.118843 -0.344094
v 0.023597 -0.056945 -0.344094
v 0.031856 -0.118843 -0.344094
v 0.061541 -0.106547 -0.344094
v 0.023597 -0.056945 -0.344094
v 0.061541 -0.106547 -0.344094
v 0.087032 -0.086987 -0.344094
v 0.056968 -0.023574 -0.344094
v 0.087032 -0.086987 -0.344094
v 0.106592 -0.061496 -0.344094
v 0.118888 -0.031811 -0.344094
v 0.056968 -0.023574 -0.344094
v 0.106592 -0.061496 -0.344094
v 0.123082 0.000001 -0.344094
v 0.118888 0.031813 -0.344094
v 0.056968 0.023576 -0.344094
v 0.106592 0.061498 -0.344094
v 0.106592 0.061498 -0.344094
v 0.087032 0.086989 -0.344094
v 0.056968 0.023576 -0.344094
v 0.087032 0.086989 -0.344094
v 0.061541 0.106549 -0.344094
v 0.023597 0.056947 -0.344094
v 0.023597 0.056947 -0.344094
v 0.061541 0.106549 -0.344094
v 0.031856 0.118845 -0.344094
v 0.031856 0.118845 -0.344094
v 0 0.123039 -0.344094
v 0.023597 0.056947 -0.344094
v 0 0.123039 -0.344094
v -0.031856 0.118845 -0.344094
v -0.023597 0.056947 -0.344094
v -0.023597 0.056947 -0.344094
v -0.031856 0.118845 -0.344094
v -0.061541 0.106549 -0.344094
v -0.061541 0.106549 -0.344094
v -0.087032 0.086989 -0.344094
v -0.023597 0.056947 -0.344094
v -0.087032 0.086989 -0.344094
v -0.106592 0.061498 -0.344094
v -0.056968 0.023576 -0.344094
v -0.106592 0.061498 -0.344094
v -0.118888 0.031813 -0.344094
v -0.056968 0.023576 -0.344094
v -0.123082 0.000001 -0.344094
v -0.123082 0.000001 -0.344094
v -0.118888 -0.031811 -0.344094
v -0.056968 -0.023574 -0.344094
v -0.056968 -0.023574 -0.344094
v -0.118888 -0.031811 -0.344094
v -0.106592 -0.061496 -0.344094
v -0.056968 -0.023574 -0.344094
v -0.106592 -0.061496 -0.344094
v -0.087032 -0.086987 -0.344094
v -0.023597 -0.056945 -0.344094
v -0.087032 -0.086987 -0.344094
v -0.061541 -0.106547 -0.344094
v -0.031856 -0.118843 -0.344094
v -0.023597 -0.056945 -0.344094
v -0.061541 -0.106547 -0.344094
v -0.023597 -0.056945 -0.344094
v -0.031856 -0.118843 -0.344094
v 0 -0.123037 -0.344095
v -0.023597 -0.056945 -0.344094
v 0 -0.123037 -0.344095
v -0.018439 -0.068786 -0.45
v 0.018439 -0.068786 -0.45
v 0 -0.123037 -0.344095
v 0.023597 -0.056945 -0.344094
v 0.035621 -0.061669 -0.45
v 0.023597 -0.056945 -0.344094
v 0.087032 -0.086987 -0.344094
v 0.061697 -0.035593 -0.45
v 0.087032 -0.086987 -0.344094
v 0.056968 -0.023574 -0.344094
v 0.068814 -0.018411 -0.45
v 0.056968 -0.023574 -0.344094
v 0.123082 0.000001 -0.344094
v 0.068814 0.018415 -0.45
v 0.123082 0.000001 -0.344094
v 0.056968 0.023576 -0.344094
v 0.061697 0.035597 -0.45
v 0.056968 0.023576 -0.344094
v 0.087032 0.086989 -0.344094
v 0.035621 0.061673 -0.45
v 0.087032 0.086989 -0.344094
v 0.023597 0.056947 -0.344094
v 0.018439 0.06879 -0.45
v 0.023597 0.056947 -0.344094
v 0 0.123039 -0.344094
v -0.018439 0.06879 -0.45
v 0 0.123039 -0.344094
v -0.023597 0.056947 -0.344094
v -0.035621 0.061673 -0.45
v -0.023597 0.056947 -0.344094
v -0.087032 0.086989 -0.344094
v -0.061697 0.035597 -0.45
v -0.087032 0.086989 -0.344094
v -0.056968 0.023576 -0.344094
v -0.068814 0.018415 -0.45
v -0.056968 0.023576 -0.344094
v -0.123082 0.000001 -0.344094
v -0.068814 -0.018411 -0.45
v -0.123082 0.000001 -0.344094
v -0.056968 -0.023574 -0.344094
v -0.061697 -0.035593 -0.45
v -0.056968 -0.023574 -0.344094
v -0.087032 -0.086987 -0.344094
v -0.035621 -0.061669 -0.45
v -0.087032 -0.086987 -0.344094
v -0.023597 -0.056945 -0.344094
v 0 -0.123037 -0.344095
v 0.018439 -0.068786 -0.45
v -0.018439 -0.068786 -0.45
v 0.087032 -0.086987 -0.344094
v 0.061697 -0.035593 -0.45
v 0.035621 -0.061669 -0.45
v 0.123082 0.000001 -0.344094
v 0.068814 0.018415 -0.45
v 0.068814 -0.018411 -0.45
v 0.035621 0.061673 -0.45
v 0.061697 0.035597 -0.45
v 0.087032 0.086989 -0.344094
v -0.018439 0.06879 -0.45
v 0.018439 0.06879 -0.45
v 0 0.123039 -0.344094
v -0.061697 0.035597 -0.45
v -0.035621 0.061673 -0.45
v -0.087032 0.086989 -0.344094
v -0.068814 -0.018411 -0.45
v -0.068814 0.018415 -0.45
v -0.123082 0.000001 -0.344094
v -0.087032 -0.086987 -0.344094
v -0.035621 -0.061669 -0.45
v -0.061697 -0.035593 -0.45
v -0.023597 -0.056944 -0.45
v -0.018439 -0.068786 -0.45
v 0 -0.062638 -0.45
v 0.018439 -0.068786 -0.45
v 0.023597 -0.056944 -0.45
v 0.035621 -0.061669 -0.45
v 0.044311 -0.044284 -0.45
v 0.061697 -0.035593 -0.45
v 0.044311 -0.044284 -0.45
v 0.035621 -0.061669 -0.45
v 0.056968 -0.023573 -0.45
v 0.068814 -0.018411 -0.45
v 0.062665 0.000002 -0.45
v 0.068814 0.018415 -0.45
v 0.062665 0.000002 -0.45
v 0.068814 -0.018411 -0.45
v 0.056968 0.023577 -0.45
v 0.061697 0.035597 -0.45
v 0.044311 0.044288 -0.45
v 0.035621 0.061673 -0.45
v 0.044311 0.044288 -0.45
v 0.061697 0.035597 -0.45
v 0.023597 0.056948 -0.45
v 0.018439 0.06879 -0.45
v 0 0.062642 -0.45
v -0.018439 0.06879 -0.45
v -0.023597 0.056948 -0.45
v -0.035621 0.061673 -0.45
v -0.044311 0.044288 -0.45
v -0.061697 0.035597 -0.45
v -0.044311 0.044288 -0.45
v -0.035621 0.061673 -0.45
v -0.056968 0.023577 -0.45
v -0.068814 0.018415 -0.45
v -0.062665 0.000002 -0.45
v -0.068814 -0.018411 -0.45
v -0.062665 0.000002 -0.45
v -0.068814 0.018415 -0.45
v -0.056968 -0.023573 -0.45
v -0.061697 -0.035593 -0.45
v -0.044311 -0.044284 -0.45
v -0.035621 -0.061669 -0.45
v -0.044311 -0.044284 -0.45
v -0.061697 -0.035593 -0.45
v -0.035621 -0.061669 -0.45
v -0.023597 -0.056944 -0.45
v 0.061697 -0.035593 -0.45
v 0.056968 -0.023573 -0.45
v 0.068814 0.018415 -0.45
v 0.056968 0.023577 -0.45
v 0.062665 0.000002 -0.45
v 0.035621 0.061673 -0.45
v 0.023597 0.056948 -0.45
v 0.044311 0.044288 -0.45
v -0.023597 0.056948 -0.45
v -0.061697 0.035597 -0.45
v -0.056968 0.023577 -0.45
v -0.044311 0.044288 -0.45
v -0.068814 -0.018411 -0.45
v -0.056968 -0.023573 -0.45
v -0.062665 0.000002 -0.45
v 0.023597 -0.056944 -0.45
v -0.056968 -0.023574 -0.344094
v -0.061697 -0.035593 -0.45
v -0.056968 -0.023573 -0.45
v -0.023597 -0.056944 -0.45
v -0.035621 -0.061669 -0.45
v -0.023597 -0.056945 -0.344094
v -0.023597 -0.056945 -0.344094
v -0.018439 -0.068786 -0.45
v -0.023597 -0.056944 -0.45
v 0.023597 -0.056944 -0.45
v 0.018439 -0.068786 -0.45
v 0.023597 -0.056945 -0.344094
v 0.023597 -0.056945 -0.344094
v 0.035621 -0.061669 -0.45
v 0.023597 -0.056944 -0.45
v 0.056968 -0.023573 -0.45
v 0.061697 -0.035593 -0.45
v 0.056968 -0.023574 -0.344094
v 0.056968 -0.023574 -0.344094
v 0.068814 -0.018411 -0.45
v 0.056968 -0.023573 -0.45
v 0.056968 0.023577 -0.45
v 0.068814 0.018415 -0.45
v 0.056968 0.023576 -0.344094
v 0.056968 0.023576 -0.344094
v 0.061697 0.035597 -0.45
v 0.056968 0.023577 -0.45
v 0.023597 0.056948 -0.45
v 0.035621 0.061673 -0.45
v 0.023597 0.056947 -0.344094
v 0.023597 0.056947 -0.344094
v 0.018439 0.06879 -0.45
v 0.023597 0.056948 -0.45
v -0.023597 0.056948 -0.45
v -0.018439 0.06879 -0.45
v -0.023597 0.056947 -0.344094
v -0.023597 0.056947 -0.344094
v -0.035621 0.061673 -0.45
v -0.023597 0.056948 -0.45
v -0.056968 0.023577 -0.45
v -0.061697 0.035597 -0.45
v -0.056968 0.023576 -0.344094
v -0.056968 0.023576 -0.344094
v -0.068814 0.018415 -0.45
v -0.056968 0.023577 -0.45
v -0.056968 -0.023573 -0.45
v -0.068814 -0.018411 -0.45
v -0.056968 -0.023574 -0.344094
v -0.023597 -0.056944 -0.500007
v -0.023597 -0.056944 -0.45
v 0 -0.062638 -0.45
v 0 -0.062638 -0.500007
v 0.023597 -0.056944 -0.500007
v 0.023597 -0.056944 -0.45
v 0.044311 -0.044284 -0.45
v 0.044311 -0.044284 -0.45
v 0.044311 -0.044284 -0.500007
v 0.023597 -0.056944 -0.500007
v 0.056968 -0.023573 -0.500007
v 0.056968 -0.023573 -0.45
v 0.062665 0.000002 -0.45
v 0.062665 0.000002 -0.500007
v 0.056968 0.023577 -0.500007
v 0.056968 0.023577 -0.45
v 0.044311 0.044288 -0.45
v 0.044311 0.044288 -0.45
v 0.044311 0.044288 -0.500007
v 0.056968 0.023577 -0.500007
v 0.023597 0.056948 -0.500007
v 0.023597 0.056948 -0.45
v 0 0.062642 -0.45
v 0 0.062642 -0.45
v 0 0.062642 -0.500007
v 0.023597 0.056948 -0.500007
v -0.023597 0.056948 -0.500007
v -0.023597 0.056948 -0.45
v -0.044311 0.044288 -0.45
v -0.044311 0.044288 -0.45
v -0.044311 0.044288 -0.500007
v -0.023597 0.056948 -0.500007
v -0.056968 0.023577 -0.500007
v -0.056968 0.023577 -0.45
v -0.062665 0.000002 -0.45
v -0.062665 0.000002 -0.45
v -0.062665 0.000002 -0.500007
v -0.056968 0.023577 -0.500007
v -0.056968 -0.023573 -0.500007
v -0.056968 -0.023573 -0.45
v -0.044311 -0.044284 -0.45
v -0.044311 -0.044284 -0.45
v -0.044311 -0.044284 -0.500007
v -0.056968 -0.023573 -0.500007
v -0.044311 -0.044284 -0.500007
v -0.044311 -0.044284 -0.45
v -0.023597 -0.056944 -0.45
v -0.023597 -0.056944 -0.45
v -0.023597 -0.056944 -0.500007
v -0.044311 -0.044284 -0.500007
v 0.044311 -0.044284 -0.500007
v 0.044311 -0.044284 -0.45
v 0.056968 -0.023573 -0.45
v 0.056968 -0.023573 -0.500007
v 0.062665 0.000002 -0.500007
v 0.062665 0.000002 -0.45
v 0.056968 0.023577 -0.45
v 0.056968 0.023577 -0.500007
v 0.044311 0.044288 -0.500007
v 0.044311 0.044288 -0.45
v 0.023597 0.056948 -0.45
v 0.023597 0.056948 -0.45
v 0.023597 0.056948 -0.500007
v 0.044311 0.044288 -0.500007
v 0 0.062642 -0.500007
v 0 0.062642 -0.45
v -0.023597 0.056948 -0.45
v -0.023597 0.056948 -0.45
v -0.023597 0.056948 -0.500007
v 0 0.062642 -0.500007
v -0.044311 0.044288 -0.500007
v -0.044311 0.044288 -0.45
v -0.056968 0.023577 -0.45
v -0.056968 0.023577 -0.45
v -0.056968 0.023577 -0.500007
v -0.044311 0.044288 -0.500007
v -0.062665 0.000002 -0.500007
v -0.062665 0.000002 -0.45
v -0.056968 -0.023573 -0.45
v -0.056968 -0.023573 -0.500007
v 0 -0.062638 -0.500007
v 0 -0.062638 -0.45
v 0.023597 -0.056944 -0.45
v 0.023597 -0.056944 -0.500007
v 0 0.000002 -0.500007
v -0.023597 -0.056944 -0.500007
v 0 -0.062638 -0.500007
v 0 0.000002 -0.500007
v 0.023597 -0.056944 -0.500007
v 0.044311 -0.044284 -0.500007
v 0 0.000002 -0.500007
v 0.056968 -0.023573 -0.500007
v 0.062665 0.000002 -0.500007
v 0 0.000002 -0.500007
v 0.056968 0.023577 -0.500007
v 0.044311 0.044288 -0.500007
v 0.023597 0.056948 -0.500007
v 0 0.062642 -0.500007
v -0.023597 0.056948 -0.500007
v -0.044311 0.044288 -0.500007
v -0.056968 0.023577 -0.500007
v -0.062665 0.000002 -0.500007
v -0.056968 -0.023573 -0.500007
v -0.044311 -0.044284 -0.500007
v -0.044311 -0.044284 -0.500007
v 0.044311 -0.044284 -0.500007
v 0.056968 -0.023573 -0.500007
v 0.056968 0.023577 -0.500007
v 0.044311 0.044288 -0.500007
v 0.023597 0.056948 -0.500007
v 0 0.062642 -0.500007
v -0.056968 -0.023573 -0.500007
v 0 0.000002 -0.500007
v 0 -0.062638 -0.500007
v 0.023597 -0.056944 -0.500007
v 0 -0.087738 -0.310653
v -0.022013 -0.08212 -0.288652
v 0.022013 -0.08212 -0.288652
v 0 -0.087738 -0.266651
v 0.022013 -0.08212 -0.288652
v -0.022013 -0.08212 -0.288652
v 0.043885 -0.075979 -0.310653
v 0.022013 -0.08212 -0.288652
v 0.060139 -0.060108 -0.288652
v 0.043885 -0.075979 -0.266651
v 0.060139 -0.060108 -0.288652
v 0.022013 -0.08212 -0.288652
v 0.076012 -0.043853 -0.310653
v 0.060139 -0.060108 -0.288652
v 0.082152 -0.021981 -0.288652
v 0.076012 -0.043853 -0.266651
v 0.082152 -0.021981 -0.288652
v 0.060139 -0.060108 -0.288652
v -0.043885 -0.075979 -0.310653
v -0.060139 -0.060108 -0.288652
v -0.022013 -0.08212 -0.288652
v -0.043885 -0.075979 -0.266651
v -0.022013 -0.08212 -0.288652
v -0.060139 -0.060108 -0.288652
v -0.076012 -0.043853 -0.310653
v -0.082152 -0.021981 -0.288652
v -0.060139 -0.060108 -0.288652
v -0.076012 -0.043853 -0.266651
v -0.060139 -0.060108 -0.288652
v -0.082152 -0.021981 -0.288652
v -0.082152 0.021983 -0.288652
v -0.082152 -0.021981 -0.288652
v -0.087771 0.000001 -0.310653
v -0.082152 -0.021981 -0.288652
v -0.082152 0.021983 -0.288652
v -0.087771 0.000001 -0.266651
v -0.060139 0.06011 -0.288652
v -0.082152 0.021983 -0.288652
v -0.076012 0.043855 -0.310653
v -0.082152 0.021983 -0.288652
v -0.060139 0.06011 -0.288652
v -0.076012 0.043855 -0.266651
v -0.022013 0.082122 -0.288652
v -0.060139 0.06011 -0.288652
v -0.043885 0.075981 -0.310653
v -0.060139 0.06011 -0.288652
v -0.022013 0.082122 -0.288652
v -0.043885 0.075981 -0.266651
v 0.082152 0.021983 -0.288652
v 0.060139 0.06011 -0.288652
v 0.076012 0.043855 -0.310653
v 0.060139 0.06011 -0.288652
v 0.082152 0.021983 -0.288652
v 0.076012 0.043855 -0.266651
v 0.060139 0.06011 -0.288652
v 0.022013 0.082122 -0.288652
v 0.043885 0.075981 -0.310653
v 0.022013 0.082122 -0.288652
v 0.060139 0.06011 -0.288652
v 0.043885 0.075981 -0.266651
v 0.087771 0.000001 -0.310653
v 0.082152 -0.021981 -0.288652
v 0.082152 0.021983 -0.288652
v 0.087771 0.000001 -0.266651
v 0.082152 0.021983 -0.288652
v 0.082152 -0.021981 -0.288652
v 0.022013 0.082122 -0.288652
v -0.022013 0.082122 -0.288652
v 0 0.08774 -0.310653
v -0.022013 0.082122 -0.288652
v 0.022013 0.082122 -0.288652
v 0 0.08774 -0.266651
v 0 -0.087738 -0.266651
v 0.027078 -0.101016 -0.24641
v 0.043885 -0.075979 -0.266651
v -0.043885 -0.075979 -0.266651
v -0.027078 -0.101016 -0.24641
v 0 -0.087738 -0.266651
v -0.076012 -0.043853 -0.266651
v -0.073977 -0.073939 -0.24641
v -0.043885 -0.075979 -0.266651
v -0.101055 -0.027039 -0.24641
v -0.076012 -0.043853 -0.266651
v -0.087771 0.000001 -0.266651
v 0.043885 -0.075979 -0.266651
v 0.073977 -0.073939 -0.24641
v 0.076012 -0.043853 -0.266651
v 0.076012 -0.043853 -0.266651
v 0.101055 -0.027039 -0.24641
v 0.087771 0.000001 -0.266651
v -0.076012 0.043855 -0.266651
v -0.101055 0.027041 -0.24641
v -0.087771 0.000001 -0.266651
v -0.043885 0.075981 -0.266651
v -0.073977 0.073941 -0.24641
v -0.076012 0.043855 -0.266651
v 0 0.08774 -0.266651
v -0.027078 0.101018 -0.24641
v -0.043885 0.075981 -0.266651
v 0.043885 0.075981 -0.266651
v 0.027078 0.101018 -0.24641
v 0 0.08774 -0.266651
v 0.076012 0.043855 -0.266651
v 0.073977 0.073941 -0.24641
v 0.043885 0.075981 -0.266651
v 0.101055 0.027041 -0.24641
v 0.076012 0.043855 -0.266651
v 0.087771 0.000001 -0.266651
v 0 0.08774 -0.266651
v -0.043885 0.075981 -0.266651
v -0.022013 0.082122 -0.288652
v -0.043885 0.075981 -0.266651
v -0.076012 0.043855 -0.266651
v -0.060139 0.06011 -0.288652
v -0.076012 0.043855 -0.266651
v -0.087771 0.000001 -0.266651
v -0.082152 0.021983 -0.288652
v 0.043885 0.075981 -0.266651
v 0 0.08774 -0.266651
v 0.022013 0.082122 -0.288652
v 0.076012 0.043855 -0.266651
v 0.043885 0.075981 -0.266651
v 0.060139 0.06011 -0.288652
v 0.087771 0.000001 -0.266651
v 0.076012 0.043855 -0.266651
v 0.082152 0.021983 -0.288652
v 0.060139 -0.060108 -0.288652
v 0.043885 -0.075979 -0.266651
v 0.076012 -0.043853 -0.266651
v 0.022013 -0.08212 -0.288652
v 0 -0.087738 -0.266651
v 0.043885 -0.075979 -0.266651
v -0.022013 -0.08212 -0.288652
v -0.043885 -0.075979 -0.266651
v 0 -0.087738 -0.266651
v -0.060139 -0.060108 -0.288652
v -0.076012 -0.043853 -0.266651
v -0.043885 -0.075979 -0.266651
v -0.087771 0.000001 -0.266651
v -0.076012 -0.043853 -0.266651
v -0.082152 -0.021981 -0.288652
v 0.082152 -0.021981 -0.288652
v 0.076012 -0.043853 -0.266651
v 0.087771 0.000001 -0.266651
v -0.022013 0.082122 -0.288652
v -0.043885 0.075981 -0.310653
v 0 0.08774 -0.310653
v -0.043885 0.075981 -0.310653
v -0.027078 0.101018 -0.330894
v 0 0.08774 -0.310653
v -0.060139 0.06011 -0.288652
v -0.076012 0.043855 -0.310653
v -0.043885 0.075981 -0.310653
v -0.076012 0.043855 -0.310653
v -0.073977 0.073941 -0.330894
v -0.043885 0.075981 -0.310653
v -0.082152 0.021983 -0.288652
v -0.087771 0.000001 -0.310653
v -0.076012 0.043855 -0.310653
v -0.087771 0.000001 -0.310653
v -0.101055 0.027041 -0.330894
v -0.076012 0.043855 -0.310653
v 0.022013 0.082122 -0.288652
v 0 0.08774 -0.310653
v 0.043885 0.075981 -0.310653
v 0 0.08774 -0.310653
v 0.027078 0.101018 -0.330894
v 0.043885 0.075981 -0.310653
v 0.060139 0.06011 -0.288652
v 0.043885 0.075981 -0.310653
v 0.076012 0.043855 -0.310653
v 0.043885 0.075981 -0.310653
v 0.073977 0.073941 -0.330894
v 0.076012 0.043855 -0.310653
v 0.082152 0.021983 -0.288652
v 0.076012 0.043855 -0.310653
v 0.087771 0.000001 -0.310653
v 0.076012 0.043855 -0.310653
v 0.101055 0.027041 -0.330894
v 0.087771 0.000001 -0.310653
v 0.087771 0.000001 -0.310653
v 0.076012 -0.043853 -0.310653
v 0.082152 -0.021981 -0.288652
v 0.087771 0.000001 -0.310653
v 0.101055 -0.027039 -0.330894
v 0.076012 -0.043853 -0.310653
v 0.076012 -0.043853 -0.310653
v 0.043885 -0.075979 -0.310653
v 0.060139 -0.060108 -0.288652
v 0.076012 -0.043853 -0.310653
v 0.073977 -0.073939 -0.330894
v 0.043885 -0.075979 -0.310653
v 0.043885 -0.075979 -0.310653
v 0.027078 -0.101016 -0.330894
v 0 -0.087738 -0.310653
v 0.043885 -0.075979 -0.310653
v 0 -0.087738 -0.310653
v 0.022013 -0.08212 -0.288652
v 0 -0.087738 -0.310653
v -0.043885 -0.075979 -0.310653
v -0.022013 -0.08212 -0.288652
v 0 -0.087738 -0.310653
v -0.027078 -0.101016 -0.330894
v -0.043885 -0.075979 -0.310653
v -0.043885 -0.075979 -0.310653
v -0.076012 -0.043853 -0.310653
v -0.060139 -0.060108 -0.288652
v -0.043885 -0.075979 -0.310653
v -0.073977 -0.073939 -0.330894
v -0.076012 -0.043853 -0.310653
v -0.087771 0.000001 -0.310653
v -0.076012 -0.043853 -0.310653
v -0.101055 -0.027039 -0.330894
v -0.082152 -0.021981 -0.288652
v -0.076012 -0.043853 -0.310653
v -0.087771 0.000001 -0.310653
v 0.027078 0.101018 -0.24641
v -0.027078 0.101018 -0.24641
v 0 0.08774 -0.266651
v 0.073977 0.073941 -0.24641
v 0.027078 0.101018 -0.24641
v 0.043885 0.075981 -0.266651
v 0.101055 0.027041 -0.24641
v 0.073977 0.073941 -0.24641
v 0.076012 0.043855 -0.266651
v 0.087771 0.000001 -0.266651
v 0.101055 -0.027039 -0.24641
v 0.101055 0.027041 -0.24641
v 0.076012 -0.043853 -0.266651
v 0.073977 -0.073939 -0.24641
v 0.101055 -0.027039 -0.24641
v 0.043885 -0.075979 -0.266651
v 0.027078 -0.101016 -0.24641
v 0.073977 -0.073939 -0.24641
v -0.027078 -0.101016 -0.24641
v 0.027078 -0.101016 -0.24641
v 0 -0.087738 -0.266651
v -0.073977 -0.073939 -0.24641
v -0.027078 -0.101016 -0.24641
v -0.043885 -0.075979 -0.266651
v -0.101055 -0.027039 -0.24641
v -0.073977 -0.073939 -0.24641
v -0.076012 -0.043853 -0.266651
v -0.101055 0.027041 -0.24641
v -0.101055 -0.027039 -0.24641
v -0.087771 0.000001 -0.266651
v -0.073977 0.073941 -0.24641
v -0.101055 0.027041 -0.24641
v -0.076012 0.043855 -0.266651
v -0.027078 0.101018 -0.24641
v -0.073977 0.073941 -0.24641
v -0.043885 0.075981 -0.266651
v 0 0.123039 -0.246409
v -0.027078 0.101018 -0.24641
v 0.027078 0.101018 -0.24641
v 0.061541 0.106549 -0.24641
v 0.027078 0.101018 -0.24641
v 0.073977 0.073941 -0.24641
v 0.106592 0.061498 -0.24641
v 0.073977 0.073941 -0.24641
v 0.101055 0.027041 -0.24641
v 0.101055 -0.027039 -0.24641
v 0.123082 0.000001 -0.24641
v 0.073977 -0.073939 -0.24641
v 0.106592 -0.061496 -0.24641
v 0.073977 -0.073939 -0.24641
v 0.027078 -0.101016 -0.24641
v 0.061541 -0.106547 -0.24641
v 0 -0.123037 -0.246411
v 0.027078 -0.101016 -0.24641
v -0.027078 -0.101016 -0.24641
v -0.061541 -0.106547 -0.24641
v -0.027078 -0.101016 -0.24641
v -0.073977 -0.073939 -0.24641
v -0.106592 -0.061496 -0.24641
v -0.073977 -0.073939 -0.24641
v -0.101055 -0.027039 -0.24641
v -0.123082 0.000001 -0.24641
v -0.101055 -0.027039 -0.24641
v -0.101055 0.027041 -0.24641
v -0.106592 0.061498 -0.24641
v -0.101055 0.027041 -0.24641
v -0.073977 0.073941 -0.24641
v -0.061541 0.106549 -0.24641
v -0.027078 0.101018 -0.24641
v -0.031856 0.118845 -0.24641
v 0 0.123039 -0.246409
v -0.031856 0.118845 -0.24641
v -0.027078 0.101018 -0.24641
v 0.031856 0.118845 -0.24641
v 0 0.123039 -0.246409
v 0.027078 0.101018 -0.24641
v 0.061541 0.106549 -0.24641
v 0.031856 0.118845 -0.24641
v 0.027078 0.101018 -0.24641
v 0.087032 0.086989 -0.24641
v 0.118888 0.031813 -0.24641
v 0.106592 0.061498 -0.24641
v 0.101055 0.027041 -0.24641
v 0.118888 0.031813 -0.24641
v 0.101055 -0.027039 -0.24641
v 0.118888 -0.031811 -0.24641
v 0.123082 0.000001 -0.24641
v 0.118888 -0.031811 -0.24641
v 0.073977 -0.073939 -0.24641
v 0.087032 -0.086987 -0.24641
v 0.106592 -0.061496 -0.24641
v 0.061541 -0.106547 -0.24641
v 0.087032 -0.086987 -0.24641
v 0.027078 -0.101016 -0.24641
v 0.031856 -0.118843 -0.24641
v 0.027078 -0.101016 -0.24641
v 0 -0.123037 -0.246411
v 0.031856 -0.118843 -0.24641
v -0.027078 -0.101016 -0.24641
v -0.031856 -0.118843 -0.24641
v 0 -0.123037 -0.246411
v -0.031856 -0.118843 -0.24641
v -0.087032 -0.086987 -0.24641
v -0.061541 -0.106547 -0.24641
v -0.073977 -0.073939 -0.24641
v -0.106592 -0.061496 -0.24641
v -0.087032 -0.086987 -0.24641
v -0.101055 -0.027039 -0.24641
v -0.118888 -0.031811 -0.24641
v -0.123082 0.000001 -0.24641
v -0.118888 -0.031811 -0.24641
v -0.118888 0.031813 -0.24641
v -0.106592 0.061498 -0.24641
v -0.118888 0.031813 -0.24641
v -0.101055 0.027041 -0.24641
v -0.087032 0.086989 -0.24641
v 0 0.08774 -0.310653
v -0.027078 0.101018 -0.330894
v 0.027078 0.101018 -0.330894
v 0.043885 0.075981 -0.310653
v 0.027078 0.101018 -0.330894
v 0.073977 0.073941 -0.330894
v 0.076012 0.043855 -0.310653
v 0.073977 0.073941 -0.330894
v 0.101055 0.027041 -0.330894
v 0.087771 0.000001 -0.310653
v 0.101055 0.027041 -0.330894
v 0.101055 -0.027039 -0.330894
v 0.076012 -0.043853 -0.310653
v 0.101055 -0.027039 -0.330894
v 0.073977 -0.073939 -0.330894
v 0.043885 -0.075979 -0.310653
v 0.073977 -0.073939 -0.330894
v 0.027078 -0.101016 -0.330894
v 0 -0.087738 -0.310653
v 0.027078 -0.101016 -0.330894
v -0.027078 -0.101016 -0.330894
v -0.043885 -0.075979 -0.310653
v -0.027078 -0.101016 -0.330894
v -0.073977 -0.073939 -0.330894
v -0.076012 -0.043853 -0.310653
v -0.073977 -0.073939 -0.330894
v -0.101055 -0.027039 -0.330894
v -0.101055 -0.027039 -0.330894
v -0.101055 0.027041 -0.330894
v -0.087771 0.000001 -0.310653
v -0.101055 0.027041 -0.330894
v -0.073977 0.073941 -0.330894
v -0.076012 0.043855 -0.310653
v -0.073977 0.073941 -0.330894
v -0.027078 0.101018 -0.330894
v -0.043885 0.075981 -0.310653
v 0.027078 0.101018 -0.330894
v -0.027078 0.101018 -0.330894
v 0 0.123039 -0.330893
v 0.073977 0.073941 -0.330894
v 0.027078 0.101018 -0.330894
v 0.061541 0.106549 -0.330894
v 0.101055 0.027041 -0.330894
v 0.073977 0.073941 -0.330894
v 0.106592 0.061498 -0.330894
v 0.123082 0.000001 -0.330894
v 0.101055 -0.027039 -0.330894
v 0.106592 -0.061496 -0.330894
v 0.073977 -0.073939 -0.330894
v 0.101055 -0.027039 -0.330894
v 0.061541 -0.106547 -0.330894
v 0.027078 -0.101016 -0.330894
v 0.073977 -0.073939 -0.330894
v -0.027078 -0.101016 -0.330894
v 0.027078 -0.101016 -0.330894
v 0 -0.123037 -0.330895
v -0.073977 -0.073939 -0.330894
v -0.027078 -0.101016 -0.330894
v -0.061541 -0.106547 -0.330894
v -0.101055 -0.027039 -0.330894
v -0.073977 -0.073939 -0.330894
v -0.106592 -0.061496 -0.330894
v -0.101055 0.027041 -0.330894
v -0.123082 0.000001 -0.330894
v -0.073977 0.073941 -0.330894
v -0.101055 0.027041 -0.330894
v -0.106592 0.061498 -0.330894
v -0.027078 0.101018 -0.330894
v -0.073977 0.073941 -0.330894
v -0.061541 0.106549 -0.330894
v -0.027078 0.101018 -0.330894
v -0.061541 0.106549 -0.330894
v -0.031856 0.118845 -0.330894
v -0.027078 0.101018 -0.330894
v -0.031856 0.118845 -0.330894
v 0 0.123039 -0.330893
v 0.027078 0.101018 -0.330894
v 0 0.123039 -0.330893
v 0.031856 0.118845 -0.330894
v 0.027078 0.101018 -0.330894
v 0.031856 0.118845 -0.330894
v 0.061541 0.106549 -0.330894
v 0.087032 0.086989 -0.330894
v 0.073977 0.073941 -0.330894
v 0.087032 0.086989 -0.330894
v 0.106592 0.061498 -0.330894
v 0.101055 0.027041 -0.330894
v 0.106592 0.061498 -0.330894
v 0.118888 0.031813 -0.330894
v 0.118888 0.031813 -0.330894
v 0.123082 0.000001 -0.330894
v 0.101055 0.027041 -0.330894
v 0.118888 -0.031811 -0.330894
v 0.118888 -0.031811 -0.330894
v 0.106592 -0.061496 -0.330894
v 0.101055 -0.027039 -0.330894
v 0.106592 -0.061496 -0.330894
v 0.087032 -0.086987 -0.330894
v 0.073977 -0.073939 -0.330894
v 0.087032 -0.086987 -0.330894
v 0.061541 -0.106547 -0.330894
v 0.073977 -0.073939 -0.330894
v 0.061541 -0.106547 -0.330894
v 0.031856 -0.118843 -0.330894
v 0.027078 -0.101016 -0.330894
v 0.031856 -0.118843 -0.330894
v 0 -0.123037 -0.330895
v 0.027078 -0.101016 -0.330894
v 0 -0.123037 -0.330895
v -0.031856 -0.118843 -0.330894
v -0.027078 -0.101016 -0.330894
v -0.031856 -0.118843 -0.330894
v -0.061541 -0.106547 -0.330894
v -0.027078 -0.101016 -0.330894
v -0.061541 -0.106547 -0.330894
v -0.087032 -0.086987 -0.330894
v -0.073977 -0.073939 -0.330894
v -0.087032 -0.086987 -0.330894
v -0.106592 -0.061496 -0.330894
v -0.073977 -0.073939 -0.330894
v -0.106592 -0.061496 -0.330894
v -0.118888 -0.031811 -0.330894
v -0.101055 -0.027039 -0.330894
v -0.101055 -0.027039 -0.330894
v -0.118888 -0.031811 -0.330894
v -0.123082 0.000001 -0.330894
v -0.118888 0.031813 -0.330894
v -0.101055 0.027041 -0.330894
v -0.118888 0.031813 -0.330894
v -0.106592 0.061498 -0.330894
v -0.073977 0.073941 -0.330894
v -0.106592 0.061498 -0.330894
v -0.087032 0.086989 -0.330894
v -0.087032 0.086989 -0.330894
vt 0.166795 0.006254971
vt 0.186529 0.024824977
vt 0.206385 0.006254971
vt 0.166795 0.006254971
vt 0.126661 0.006254971
vt 0.146907 0.024824977
vt 0.126661 0.006254971
vt 0.087368 0.006254971
vt 0.107282 0.024824977
vt 0.087368 0.006254971
vt 0.047359 0.006254971
vt 0.067654 0.024824977
vt 0.047359 0.006254971
vt 0.008132 0.006254971
vt 0.028023 0.024824977
vt 0.958605 0.006254971
vt 0.919277 0.006254971
vt 0.939175 0.024824977
vt 0.919277 0.006254971
vt 0.879633 0.006254971
vt 0.899598 0.024824977
vt 0.879633 0.006254971
vt 0.839808 0.006254971
vt 0.859966 0.024824977
vt 0.839808 0.006254971
vt 0.800507 0.006254971
vt 0.820335 0.024824977
vt 0.800507 0.006254971
vt 0.760852 0.006254971
vt 0.780706 0.024824977
vt 0.760852 0.006254971
vt 0.720838 0.006254971
vt 0.741082 0.024824977
vt 0.720838 0.006254971
vt 0.681473 0.006254971
vt 0.70146 0.024824977
vt 0.186529 0.024824977
vt 0.166795 0.304435
vt 0.206385 0.304435
vt 0.146907 0.024824977
vt 0.126661 0.304435
vt 0.166795 0.304435
vt 0.107282 0.024824977
vt 0.087368 0.304435
vt 0.126661 0.304435
vt 0.067654 0.024824977
vt 0.047359 0.304435
vt 0.087368 0.304435
vt 0.028023 0.024824977
vt 0.008132 0.304435
vt 0.047359 0.304435
vt 0.939175 0.024824977
vt 0.919277 0.304435
vt 0.958605 0.304435
vt 0.899598 0.024824977
vt 0.879633 0.304435
vt 0.919277 0.304435
vt 0.859966 0.024824977
vt 0.839808 0.304435
vt 0.879633 0.304435
vt 0.820335 0.024824977
vt 0.800507 0.304435
vt 0.839808 0.304435
vt 0.780706 0.024824977
vt 0.760852 0.304435
vt 0.800507 0.304435
vt 0.741082 0.024824977
vt 0.720838 0.304435
vt 0.760852 0.304435
vt 0.70146 0.024824977
vt 0.681473 0.304435
vt 0.720838 0.304435
vt 0.919277 0.006254971
vt 0.899598 0.024824977
vt 0.919277 0.304435
vt 0.919277 0.304435
vt 0.939175 0.024824977
vt 0.919277 0.006254971
vt 0.879633 0.006254971
vt 0.859966 0.024824977
vt 0.879633 0.304435
vt 0.879633 0.304435
vt 0.899598 0.024824977
vt 0.879633 0.006254971
vt 0.839808 0.006254971
vt 0.820335 0.024824977
vt 0.839808 0.304435
vt 0.839808 0.304435
vt 0.859966 0.024824977
vt 0.839808 0.006254971
vt 0.800507 0.006254971
vt 0.780706 0.024824977
vt 0.800507 0.304435
vt 0.800507 0.304435
vt 0.820335 0.024824977
vt 0.800507 0.006254971
vt 0.760852 0.304435
vt 0.780706 0.024824977
vt 0.760852 0.006254971
vt 0.760852 0.006254971
vt 0.741082 0.024824977
vt 0.760852 0.304435
vt 0.720838 0.304435
vt 0.741082 0.024824977
vt 0.720838 0.006254971
vt 0.720838 0.006254971
vt 0.70146 0.024824977
vt 0.720838 0.304435
vt 0.681473 0.304435
vt 0.70146 0.024824977
vt 0.681473 0.006254971
vt 0.958605 0.006254971
vt 0.939175 0.024824977
vt 0.958605 0.304435
vt 0.008132 0.304435
vt 0.028023 0.024824977
vt 0.008132 0.006254971
vt 0.047359 0.006254971
vt 0.028023 0.024824977
vt 0.047359 0.304435
vt 0.047359 0.304435
vt 0.067654 0.024824977
vt 0.047359 0.006254971
vt 0.087368 0.006254971
vt 0.067654 0.024824977
vt 0.087368 0.304435
vt 0.087368 0.304435
vt 0.107282 0.024824977
vt 0.087368 0.006254971
vt 0.126661 0.006254971
vt 0.107282 0.024824977
vt 0.126661 0.304435
vt 0.126661 0.304435
vt 0.146907 0.024824977
vt 0.126661 0.006254971
vt 0.166795 0.006254971
vt 0.146907 0.024824977
vt 0.166795 0.304435
vt 0.166795 0.006254971
vt 0.166795 0.304435
vt 0.186529 0.024824977
vt 0.206385 0.304435
vt 0.206385 0.006254971
vt 0.186529 0.024824977
vt 0.245923 0.006254971
vt 0.206385 0.006254971
vt 0.22604 0.024824977
vt 0.265662 0.024824977
vt 0.285277 0.006254971
vt 0.245923 0.006254971
vt 0.305288 0.024824977
vt 0.325007 0.006254971
vt 0.285277 0.006254971
vt 0.344916 0.024824977
vt 0.364608 0.006254971
vt 0.325007 0.006254971
vt 0.384546 0.024824977
vt 0.404275 0.006254971
vt 0.364608 0.006254971
vt 0.424178 0.024824977
vt 0.443927 0.006254971
vt 0.404275 0.006254971
vt 0.463811 0.024824977
vt 0.483682 0.006254971
vt 0.443927 0.006254971
vt 0.503442 0.024824977
vt 0.523258 0.006254971
vt 0.483682 0.006254971
vt 0.543073 0.024824977
vt 0.562941 0.006254971
vt 0.523258 0.006254971
vt 0.582701 0.024824977
vt 0.602514 0.006254971
vt 0.562941 0.006254971
vt 0.622327 0.024824977
vt 0.642045 0.006254971
vt 0.602514 0.006254971
vt 0.661949 0.024824977
vt 0.681473 0.006254971
vt 0.642045 0.006254971
vt 0.206385 0.304435
vt 0.245923 0.304435
vt 0.22604 0.024824977
vt 0.245923 0.304435
vt 0.285277 0.304435
vt 0.265662 0.024824977
vt 0.285277 0.304435
vt 0.325007 0.304435
vt 0.305288 0.024824977
vt 0.325007 0.304435
vt 0.364608 0.304435
vt 0.344916 0.024824977
vt 0.364608 0.304435
vt 0.404275 0.304435
vt 0.384546 0.024824977
vt 0.404275 0.304435
vt 0.443927 0.304435
vt 0.424178 0.024824977
vt 0.443927 0.304435
vt 0.483682 0.304435
vt 0.463811 0.024824977
vt 0.483682 0.304435
vt 0.523258 0.304435
vt 0.503442 0.024824977
vt 0.523258 0.304435
vt 0.562941 0.304435
vt 0.543073 0.024824977
vt 0.562941 0.304435
vt 0.602514 0.304435
vt 0.582701 0.024824977
vt 0.602514 0.304435
vt 0.642045 0.304435
vt 0.622327 0.024824977
vt 0.642045 0.304435
vt 0.681473 0.304435
vt 0.661949 0.024824977
vt 0.443927 0.304435
vt 0.463811 0.024824977
vt 0.443927 0.006254971
vt 0.443927 0.006254971
vt 0.424178 0.024824977
vt 0.443927 0.304435
vt 0.483682 0.304435
vt 0.503442 0.024824977
vt 0.483682 0.006254971
vt 0.483682 0.006254971
vt 0.463811 0.024824977
vt 0.483682 0.304435
vt 0.523258 0.304435
vt 0.543073 0.024824977
vt 0.523258 0.006254971
vt 0.523258 0.006254971
vt 0.503442 0.024824977
vt 0.523258 0.304435
vt 0.562941 0.304435
vt 0.582701 0.024824977
vt 0.562941 0.006254971
vt 0.562941 0.006254971
vt 0.543073 0.024824977
vt 0.562941 0.304435
vt 0.602514 0.006254971
vt 0.582701 0.024824977
vt 0.602514 0.304435
vt 0.602514 0.304435
vt 0.622327 0.024824977
vt 0.602514 0.006254971
vt 0.642045 0.006254971
vt 0.622327 0.024824977
vt 0.642045 0.304435
vt 0.642045 0.304435
vt 0.661949 0.024824977
vt 0.642045 0.006254971
vt 0.681473 0.006254971
vt 0.661949 0.024824977
vt 0.681473 0.304435
vt 0.404275 0.304435
vt 0.424178 0.024824977
vt 0.404275 0.006254971
vt 0.404275 0.006254971
vt 0.384546 0.024824977
vt 0.404275 0.304435
vt 0.364608 0.304435
vt 0.384546 0.024824977
vt 0.364608 0.006254971
vt 0.364608 0.006254971
vt 0.344916 0.024824977
vt 0.364608 0.304435
vt 0.325007 0.304435
vt 0.344916 0.024824977
vt 0.325007 0.006254971
vt 0.325007 0.006254971
vt 0.305288 0.024824977
vt 0.325007 0.304435
vt 0.285277 0.304435
vt 0.305288 0.024824977
vt 0.285277 0.006254971
vt 0.285277 0.006254971
vt 0.265662 0.024824977
vt 0.285277 0.304435
vt 0.245923 0.304435
vt 0.265662 0.024824977
vt 0.245923 0.006254971
vt 0.22604 0.024824977
vt 0.245923 0.304435
vt 0.245923 0.006254971
vt 0.206385 0.304435
vt 0.22604 0.024824977
vt 0.206385 0.006254971
vt 0.206345 0.44962
vt 0.206345 0.43204498
vt 0.166749 0.43204498
vt 0.166749 0.44962
vt 0.166749 0.44962
vt 0.166749 0.43204498
vt 0.126607 0.43204498
vt 0.126607 0.43204498
vt 0.126607 0.44962
vt 0.166749 0.44962
vt 0.126607 0.44962
vt 0.126607 0.43204498
vt 0.087309 0.43204498
vt 0.087309 0.43204498
vt 0.087309 0.44962
vt 0.126607 0.44962
vt 0.087309 0.44962
vt 0.087309 0.43204498
vt 0.047293 0.43204498
vt 0.047293 0.43204498
vt 0.047293 0.44962
vt 0.087309 0.44962
vt 0.047293 0.44962
vt 0.047293 0.43204498
vt 0.008059 0.43204498
vt 0.008059 0.43204498
vt 0.008059 0.44962
vt 0.047293 0.44962
vt 0.958689 0.44962
vt 0.958689 0.43204498
vt 0.919354 0.43204498
vt 0.919354 0.43204498
vt 0.919354 0.44962
vt 0.958689 0.44962
vt 0.919354 0.44962
vt 0.919354 0.43204498
vt 0.879704 0.43204498
vt 0.879704 0.43204498
vt 0.879704 0.44962
vt 0.919354 0.44962
vt 0.879704 0.44962
vt 0.879704 0.43204498
vt 0.839872 0.43204498
vt 0.839872 0.43204498
vt 0.839872 0.44962
vt 0.879704 0.44962
vt 0.839872 0.44962
vt 0.839872 0.43204498
vt 0.800565 0.43204498
vt 0.800565 0.43204498
vt 0.800565 0.44962
vt 0.839872 0.44962
vt 0.800565 0.44962
vt 0.800565 0.43204498
vt 0.760903 0.43204498
vt 0.760903 0.43204498
vt 0.760903 0.44962
vt 0.800565 0.44962
vt 0.760903 0.44962
vt 0.760903 0.43204498
vt 0.720882 0.43204498
vt 0.720882 0.43204498
vt 0.720882 0.44962
vt 0.760903 0.44962
vt 0.720882 0.44962
vt 0.720882 0.43204498
vt 0.681511 0.43204498
vt 0.681511 0.44962
vt 0.245889 0.44962
vt 0.245889 0.43204498
vt 0.206345 0.43204498
vt 0.206345 0.43204498
vt 0.206345 0.44962
vt 0.245889 0.44962
vt 0.28525 0.44962
vt 0.28525 0.43204498
vt 0.245889 0.43204498
vt 0.245889 0.43204498
vt 0.245889 0.44962
vt 0.28525 0.44962
vt 0.324986 0.44962
vt 0.324986 0.43204498
vt 0.28525 0.43204498
vt 0.28525 0.43204498
vt 0.28525 0.44962
vt 0.324986 0.44962
vt 0.364594 0.44962
vt 0.364594 0.43204498
vt 0.324986 0.43204498
vt 0.324986 0.43204498
vt 0.324986 0.44962
vt 0.364594 0.44962
vt 0.404268 0.44962
vt 0.404268 0.43204498
vt 0.364594 0.43204498
vt 0.364594 0.43204498
vt 0.364594 0.44962
vt 0.404268 0.44962
vt 0.443926 0.44962
vt 0.443926 0.43204498
vt 0.404268 0.43204498
vt 0.404268 0.43204498
vt 0.404268 0.44962
vt 0.443926 0.44962
vt 0.483687 0.44962
vt 0.483687 0.43204498
vt 0.443926 0.43204498
vt 0.443926 0.43204498
vt 0.443926 0.44962
vt 0.483687 0.44962
vt 0.52327 0.44962
vt 0.52327 0.43204498
vt 0.483687 0.43204498
vt 0.483687 0.43204498
vt 0.483687 0.44962
vt 0.52327 0.44962
vt 0.562959 0.44962
vt 0.562959 0.43204498
vt 0.52327 0.43204498
vt 0.52327 0.43204498
vt 0.52327 0.44962
vt 0.562959 0.44962
vt 0.602539 0.44962
vt 0.602539 0.43204498
vt 0.562959 0.43204498
vt 0.562959 0.43204498
vt 0.562959 0.44962
vt 0.602539 0.44962
vt 0.642077 0.44962
vt 0.642077 0.43204498
vt 0.602539 0.43204498
vt 0.602539 0.43204498
vt 0.602539 0.44962
vt 0.642077 0.44962
vt 0.681511 0.44962
vt 0.681511 0.43204498
vt 0.642077 0.43204498
vt 0.642077 0.43204498
vt 0.642077 0.44962
vt 0.681511 0.44962
vt 0.765804 0.594531
vt 0.890523 0.513525
vt 0.831466 0.47963703
vt 0.765804 0.594531
vt 0.831466 0.47963703
vt 0.765649 0.462188
vt 0.765804 0.594531
vt 0.765649 0.462188
vt 0.69756 0.46236897
vt 0.666684 0.607848
vt 0.69756 0.46236897
vt 0.631837 0.48016596
vt 0.57296 0.51436698
vt 0.666684 0.607848
vt 0.631837 0.48016596
vt 0.524998 0.562567
vt 0.491166 0.62155002
vt 0.606069 0.68727702
vt 0.473718 0.687366
vt 0.473718 0.687366
vt 0.473898 0.75545597
vt 0.606069 0.68727702
vt 0.473898 0.75545597
vt 0.491696 0.82117897
vt 0.619386 0.78639698
vt 0.619386 0.78639698
vt 0.491696 0.82117897
vt 0.525897 0.88005602
vt 0.525897 0.88005602
vt 0.574171 0.928075016
vt 0.619386 0.78639698
vt 0.574171 0.928075016
vt 0.633229 0.961962998
vt 0.698891 0.84706903
vt 0.698891 0.84706903
vt 0.633229 0.961962998
vt 0.699045 0.97941202
vt 0.699045 0.97941202
vt 0.767134 0.979231
vt 0.698891 0.84706903
vt 0.767134 0.979231
vt 0.832857 0.961434007
vt 0.798011 0.83375198
vt 0.832857 0.961434007
vt 0.891734 0.92723298
vt 0.798011 0.83375198
vt 0.939696 0.87903303
vt 0.939696 0.87903303
vt 0.973528 0.82005
vt 0.858625 0.754323
vt 0.858625 0.754323
vt 0.973528 0.82005
vt 0.990977 0.754233
vt 0.858625 0.754323
vt 0.990977 0.754233
vt 0.990796 0.686144
vt 0.845308 0.65520298
vt 0.990796 0.686144
vt 0.972999 0.620421
vt 0.938798 0.561544
vt 0.845308 0.65520298
vt 0.972999 0.620421
vt 0.845308 0.65520298
vt 0.938798 0.561544
vt 0.890523 0.513525
vt 0.299111 0.79001802
vt 0.269758 0.79001802
vt 0.289417 0.885468006
vt 0.250134 0.885468006
vt 0.269758 0.79001802
vt 0.240228 0.79001802
vt 0.230493 0.885468006
vt 0.240228 0.79001802
vt 0.21076 0.79001802
vt 0.191214 0.885468006
vt 0.21076 0.79001802
vt 0.181297 0.79001802
vt 0.171576 0.885468006
vt 0.181297 0.79001802
vt 0.151864 0.79001802
vt 0.132359 0.885468006
vt 0.151864 0.79001802
vt 0.122431 0.79001802
vt 0.112722 0.885468006
vt 0.122431 0.79001802
vt 0.092968 0.79001802
vt 0.073443 0.885468006
vt 0.092968 0.79001802
vt 0.063569 0.79001802
vt 0.053774 0.885468006
vt 0.063569 0.79001802
vt 0.034096 0.79001802
vt 0.014484 0.885468006
vt 0.034096 0.79001802
vt 0.004628 0.79001802
vt 0.466108 0.885468006
vt 0.475893 0.79001802
vt 0.446425 0.79001802
vt 0.426829 0.885468006
vt 0.446425 0.79001802
vt 0.416962 0.79001802
vt 0.407192 0.885468006
vt 0.416962 0.79001802
vt 0.387529 0.79001802
vt 0.367975 0.885468006
vt 0.387529 0.79001802
vt 0.358096 0.79001802
vt 0.348337 0.885468006
vt 0.358096 0.79001802
vt 0.328633 0.79001802
vt 0.309058 0.885468006
vt 0.328633 0.79001802
vt 0.299111 0.79001802
vt 0.269758 0.79001802
vt 0.250134 0.885468006
vt 0.289417 0.885468006
vt 0.21076 0.79001802
vt 0.191214 0.885468006
vt 0.230493 0.885468006
vt 0.151864 0.79001802
vt 0.132359 0.885468006
vt 0.171576 0.885468006
vt 0.073443 0.885468006
vt 0.112722 0.885468006
vt 0.092968 0.79001802
vt 0.014484 0.885468006
vt 0.053774 0.885468006
vt 0.034096 0.79001802
vt 0.426829 0.885468006
vt 0.466108 0.885468006
vt 0.446425 0.79001802
vt 0.367975 0.885468006
vt 0.407192 0.885468006
vt 0.387529 0.79001802
vt 0.328633 0.79001802
vt 0.309058 0.885468006
vt 0.348337 0.885468006
vt 0.299111 0.89745897
vt 0.289417 0.885468006
vt 0.269758 0.89745897
vt 0.250134 0.885468006
vt 0.240228 0.89745897
vt 0.230493 0.885468006
vt 0.21076 0.89745897
vt 0.191214 0.885468006
vt 0.21076 0.89745897
vt 0.230493 0.885468006
vt 0.181297 0.89745897
vt 0.171576 0.885468006
vt 0.151864 0.89745897
vt 0.132359 0.885468006
vt 0.151864 0.89745897
vt 0.171576 0.885468006
vt 0.122431 0.89745897
vt 0.112722 0.885468006
vt 0.092968 0.89745897
vt 0.073443 0.885468006
vt 0.092968 0.89745897
vt 0.112722 0.885468006
vt 0.0635 0.89745897
vt 0.053774 0.885468006
vt 0.034096 0.89745897
vt 0.014484 0.885468006
vt 0.475893 0.89745897
vt 0.466108 0.885468006
vt 0.446425 0.89745897
vt 0.426829 0.885468006
vt 0.446425 0.89745897
vt 0.466108 0.885468006
vt 0.416962 0.89745897
vt 0.407192 0.885468006
vt 0.387529 0.89745897
vt 0.367975 0.885468006
vt 0.387529 0.89745897
vt 0.407192 0.885468006
vt 0.358096 0.89745897
vt 0.348337 0.885468006
vt 0.328633 0.89745897
vt 0.309058 0.885468006
vt 0.328633 0.89745897
vt 0.348337 0.885468006
vt 0.309058 0.885468006
vt 0.299111 0.89745897
vt 0.191214 0.885468006
vt 0.181297 0.89745897
vt 0.132359 0.885468006
vt 0.122431 0.89745897
vt 0.151864 0.89745897
vt 0.073443 0.885468006
vt 0.0635 0.89745897
vt 0.092968 0.89745897
vt 0.004628 0.89745897
vt 0.426829 0.885468006
vt 0.416962 0.89745897
vt 0.446425 0.89745897
vt 0.367975 0.885468006
vt 0.358096 0.89745897
vt 0.387529 0.89745897
vt 0.240228 0.89745897
vt 0.358096 0.79001802
vt 0.348337 0.885468006
vt 0.358096 0.885468006
vt 0.299111 0.885468006
vt 0.309058 0.885468006
vt 0.299111 0.79001802
vt 0.299111 0.79001802
vt 0.289417 0.885468006
vt 0.299111 0.885468006
vt 0.240228 0.885468006
vt 0.250134 0.885468006
vt 0.240228 0.79001802
vt 0.240228 0.79001802
vt 0.230493 0.885468006
vt 0.240228 0.885468006
vt 0.181297 0.885468006
vt 0.191214 0.885468006
vt 0.181297 0.79001802
vt 0.181297 0.79001802
vt 0.171576 0.885468006
vt 0.181297 0.885468006
vt 0.122431 0.885468006
vt 0.132359 0.885468006
vt 0.122431 0.79001802
vt 0.122431 0.79001802
vt 0.112722 0.885468006
vt 0.122431 0.885468006
vt 0.063569 0.885468006
vt 0.073443 0.885468006
vt 0.063569 0.79001802
vt 0.063569 0.79001802
vt 0.053774 0.885468006
vt 0.063569 0.885468006
vt 0.004628 0.885468006
vt 0.014484 0.885468006
vt 0.004628 0.79001802
vt 0.475893 0.79001802
vt 0.466108 0.885468006
vt 0.475893 0.885468006
vt 0.416962 0.885468006
vt 0.426829 0.885468006
vt 0.416962 0.79001802
vt 0.416962 0.79001802
vt 0.407192 0.885468006
vt 0.416962 0.885468006
vt 0.358096 0.885468006
vt 0.367975 0.885468006
vt 0.358096 0.79001802
vt 0.299111 0.9946730137
vt 0.299111 0.89745897
vt 0.269758 0.89745897
vt 0.269758 0.9947379827
vt 0.240228 0.994799018
vt 0.240228 0.89745897
vt 0.21076 0.89745897
vt 0.21076 0.89745897
vt 0.21076 0.994799018
vt 0.240228 0.994799018
vt 0.181297 0.994799018
vt 0.181297 0.89745897
vt 0.151864 0.89745897
vt 0.151864 0.994799018
vt 0.122431 0.994799018
vt 0.122431 0.89745897
vt 0.092968 0.89745897
vt 0.092968 0.89745897
vt 0.092968 0.994799018
vt 0.122431 0.994799018
vt 0.0635 0.994799018
vt 0.0635 0.89745897
vt 0.034096 0.89745897
vt 0.034096 0.89745897
vt 0.034096 0.994799018
vt 0.0635 0.994799018
vt 0.475893 0.994799018
vt 0.475893 0.89745897
vt 0.446425 0.89745897
vt 0.446425 0.89745897
vt 0.446425 0.994799018
vt 0.475893 0.994799018
vt 0.416962 0.994799018
vt 0.416962 0.89745897
vt 0.387529 0.89745897
vt 0.387529 0.89745897
vt 0.387529 0.994799018
vt 0.416962 0.994799018
vt 0.358096 0.994799018
vt 0.358096 0.89745897
vt 0.328633 0.89745897
vt 0.328633 0.89745897
vt 0.328633 0.994799018
vt 0.358096 0.994799018
vt 0.328633 0.994799018
vt 0.328633 0.89745897
vt 0.299111 0.89745897
vt 0.299111 0.89745897
vt 0.299111 0.9946730137
vt 0.328633 0.994799018
vt 0.21076 0.994799018
vt 0.21076 0.89745897
vt 0.181297 0.89745897
vt 0.181297 0.994799018
vt 0.151864 0.994799018
vt 0.151864 0.89745897
vt 0.122431 0.89745897
vt 0.122431 0.994799018
vt 0.092968 0.994799018
vt 0.092968 0.89745897
vt 0.0635 0.89745897
vt 0.0635 0.89745897
vt 0.0635 0.994799018
vt 0.092968 0.994799018
vt 0.034096 0.994799018
vt 0.034096 0.89745897
vt 0.004628 0.89745897
vt 0.004628 0.89745897
vt 0.004628 0.994799018
vt 0.034096 0.994799018
vt 0.446425 0.994799018
vt 0.446425 0.89745897
vt 0.416962 0.89745897
vt 0.416962 0.89745897
vt 0.416962 0.994799018
vt 0.446425 0.994799018
vt 0.387529 0.994799018
vt 0.387529 0.89745897
vt 0.358096 0.89745897
vt 0.358096 0.994799018
vt 0.269758 0.9947379827
vt 0.269758 0.89745897
vt 0.240228 0.89745897
vt 0.240228 0.994799018
vt 0.732347 0.72079998
vt 0.845308 0.65520298
vt 0.812877 0.615274
vt 0.732347 0.72079998
vt 0.765804 0.594531
vt 0.714633 0.58922797
vt 0.732347 0.72079998
vt 0.666684 0.607848
vt 0.626779 0.640239
vt 0.732347 0.72079998
vt 0.606069 0.68727702
vt 0.600766 0.738441
vt 0.619386 0.78639698
vt 0.651818 0.82632601
vt 0.698891 0.84706903
vt 0.750061 0.85237199
vt 0.798011 0.83375198
vt 0.837915 0.80136102
vt 0.858625 0.754323
vt 0.863929 0.70315897
vt 0.863929 0.70315897
vt 0.714633 0.58922797
vt 0.666684 0.607848
vt 0.606069 0.68727702
vt 0.600766 0.738441
vt 0.619386 0.78639698
vt 0.651818 0.82632601
vt 0.858625 0.754323
vt 0.732347 0.72079998
vt 0.812877 0.615274
vt 0.765804 0.594531
vt 0.443926 0.39168096
vt 0.483687 0.36935604
vt 0.404268 0.36935604
vt 0.443926 0.347032
vt 0.404268 0.36935604
vt 0.483687 0.36935604
vt 0.364594 0.39168096
vt 0.404268 0.36935604
vt 0.324986 0.36935604
vt 0.364594 0.347032
vt 0.324986 0.36935604
vt 0.404268 0.36935604
vt 0.28525 0.39168096
vt 0.324986 0.36935604
vt 0.245889 0.36935604
vt 0.28525 0.347032
vt 0.245889 0.36935604
vt 0.324986 0.36935604
vt 0.52327 0.39168096
vt 0.562959 0.36935604
vt 0.483687 0.36935604
vt 0.52327 0.347032
vt 0.483687 0.36935604
vt 0.562959 0.36935604
vt 0.602539 0.39168096
vt 0.642077 0.36935604
vt 0.562959 0.36935604
vt 0.602539 0.347032
vt 0.562959 0.36935604
vt 0.642077 0.36935604
vt 0.720882 0.36935604
vt 0.642077 0.36935604
vt 0.681511 0.39168096
vt 0.642077 0.36935604
vt 0.720882 0.36935604
vt 0.681511 0.347032
vt 0.800565 0.36935604
vt 0.720882 0.36935604
vt 0.760903 0.39168096
vt 0.720882 0.36935604
vt 0.800565 0.36935604
vt 0.760903 0.347032
vt 0.879704 0.36935604
vt 0.800565 0.36935604
vt 0.839872 0.39168096
vt 0.800565 0.36935604
vt 0.879704 0.36935604
vt 0.839872 0.347032
vt 0.166749 0.36935604
vt 0.087309 0.36935604
vt 0.126607 0.39168096
vt 0.087309 0.36935604
vt 0.166749 0.36935604
vt 0.126607 0.347032
vt 0.087309 0.36935604
vt 0.008059 0.36935604
vt 0.047293 0.39168096
vt 0.008059 0.36935604
vt 0.087309 0.36935604
vt 0.047293 0.347032
vt 0.206345 0.39168096
vt 0.245889 0.36935604
vt 0.166749 0.36935604
vt 0.206345 0.347032
vt 0.166749 0.36935604
vt 0.245889 0.36935604
vt 0.958689 0.36935604
vt 0.879704 0.36935604
vt 0.919354 0.39168096
vt 0.879704 0.36935604
vt 0.958689 0.36935604
vt 0.919354 0.347032
vt 0.443926 0.347032
vt 0.404268 0.327017
vt 0.364594 0.347032
vt 0.52327 0.347032
vt 0.483687 0.327017
vt 0.443926 0.347032
vt 0.602539 0.347032
vt 0.562959 0.327017
vt 0.52327 0.347032
vt 0.642077 0.327017
vt 0.602539 0.347032
vt 0.681511 0.347032
vt 0.364594 0.347032
vt 0.324986 0.327017
vt 0.28525 0.347032
vt 0.28525 0.347032
vt 0.245889 0.327017
vt 0.206345 0.347032
vt 0.760903 0.347032
vt 0.720882 0.327017
vt 0.681511 0.347032
vt 0.839872 0.347032
vt 0.800565 0.327017
vt 0.760903 0.347032
vt 0.919354 0.347032
vt 0.879704 0.327017
vt 0.839872 0.347032
vt 0.998767 0.347032
vt 0.958689 0.327017
vt 0.919354 0.347032
vt 0.126607 0.347032
vt 0.087309 0.327017
vt 0.047293 0.347032
vt 0.166749 0.327017
vt 0.126607 0.347032
vt 0.206345 0.347032
vt 0.919354 0.347032
vt 0.839872 0.347032
vt 0.879704 0.36935604
vt 0.839872 0.347032
vt 0.760903 0.347032
vt 0.800565 0.36935604
vt 0.760903 0.347032
vt 0.681511 0.347032
vt 0.720882 0.36935604
vt 0.998767 0.347032
vt 0.919354 0.347032
vt 0.958689 0.36935604
vt 0.126607 0.347032
vt 0.047293 0.347032
vt 0.087309 0.36935604
vt 0.206345 0.347032
vt 0.126607 0.347032
vt 0.166749 0.36935604
vt 0.324986 0.36935604
vt 0.364594 0.347032
vt 0.28525 0.347032
vt 0.404268 0.36935604
vt 0.443926 0.347032
vt 0.364594 0.347032
vt 0.483687 0.36935604
vt 0.52327 0.347032
vt 0.443926 0.347032
vt 0.562959 0.36935604
vt 0.602539 0.347032
vt 0.52327 0.347032
vt 0.681511 0.347032
vt 0.602539 0.347032
vt 0.642077 0.36935604
vt 0.245889 0.36935604
vt 0.28525 0.347032
vt 0.206345 0.347032
vt 0.879704 0.36935604
vt 0.839872 0.39168096
vt 0.919354 0.39168096
vt 0.839872 0.39168096
vt 0.879704 0.41164696
vt 0.919354 0.39168096
vt 0.800565 0.36935604
vt 0.760903 0.39168096
vt 0.839872 0.39168096
vt 0.760903 0.39168096
vt 0.800565 0.41164696
vt 0.839872 0.39168096
vt 0.720882 0.36935604
vt 0.681511 0.39168096
vt 0.760903 0.39168096
vt 0.681511 0.39168096
vt 0.720882 0.41164696
vt 0.760903 0.39168096
vt 0.958689 0.36935604
vt 0.919354 0.39168096
vt 0.998767 0.39168096
vt 0.919354 0.39168096
vt 0.958689 0.41164696
vt 0.998767 0.39168096
vt 0.087309 0.36935604
vt 0.047293 0.39168096
vt 0.126607 0.39168096
vt 0.047293 0.39168096
vt 0.087309 0.41164696
vt 0.126607 0.39168096
vt 0.166749 0.36935604
vt 0.126607 0.39168096
vt 0.206345 0.39168096
vt 0.126607 0.39168096
vt 0.166749 0.41164696
vt 0.206345 0.39168096
vt 0.206345 0.39168096
vt 0.28525 0.39168096
vt 0.245889 0.36935604
vt 0.206345 0.39168096
vt 0.245889 0.41164696
vt 0.28525 0.39168096
vt 0.28525 0.39168096
vt 0.364594 0.39168096
vt 0.324986 0.36935604
vt 0.28525 0.39168096
vt 0.324986 0.411646
vt 0.364594 0.39168096
vt 0.364594 0.39168096
vt 0.404268 0.41164696
vt 0.443926 0.39168096
vt 0.364594 0.39168096
vt 0.443926 0.39168096
vt 0.404268 0.36935604
vt 0.443926 0.39168096
vt 0.52327 0.39168096
vt 0.483687 0.36935604
vt 0.443926 0.39168096
vt 0.483687 0.411646
vt 0.52327 0.39168096
vt 0.52327 0.39168096
vt 0.602539 0.39168096
vt 0.562959 0.36935604
vt 0.52327 0.39168096
vt 0.562959 0.41164696
vt 0.602539 0.39168096
vt 0.681511 0.39168096
vt 0.602539 0.39168096
vt 0.642077 0.41164696
vt 0.642077 0.36935604
vt 0.602539 0.39168096
vt 0.681511 0.39168096
vt 0.958689 0.327017
vt 0.879704 0.327017
vt 0.919354 0.347032
vt 0.087309 0.327017
vt 0.008059 0.327017
vt 0.047293 0.347032
vt 0.166749 0.327017
vt 0.087309 0.327017
vt 0.126607 0.347032
vt 0.206345 0.347032
vt 0.245889 0.327017
vt 0.166749 0.327017
vt 0.28525 0.347032
vt 0.324986 0.327017
vt 0.245889 0.327017
vt 0.364594 0.347032
vt 0.404268 0.327017
vt 0.324986 0.327017
vt 0.483687 0.327017
vt 0.404268 0.327017
vt 0.443926 0.347032
vt 0.562959 0.327017
vt 0.483687 0.327017
vt 0.52327 0.347032
vt 0.642077 0.327017
vt 0.562959 0.327017
vt 0.602539 0.347032
vt 0.720882 0.327017
vt 0.642077 0.327017
vt 0.681511 0.347032
vt 0.800565 0.327017
vt 0.720882 0.327017
vt 0.760903 0.347032
vt 0.879704 0.327017
vt 0.800565 0.327017
vt 0.839872 0.347032
vt 0.919354 0.306619
vt 0.879704 0.327017
vt 0.958689 0.327017
vt 0.047293 0.306619
vt 0.008059 0.327017
vt 0.087309 0.327017
vt 0.126607 0.306619
vt 0.087309 0.327017
vt 0.166749 0.327017
vt 0.245889 0.327017
vt 0.206345 0.306619
vt 0.324986 0.327017
vt 0.28525 0.306619
vt 0.324986 0.327017
vt 0.404268 0.327017
vt 0.364594 0.306619
vt 0.443926 0.306619
vt 0.404268 0.327017
vt 0.483687 0.327017
vt 0.52327 0.306619
vt 0.483687 0.327017
vt 0.562959 0.327017
vt 0.602539 0.306619
vt 0.562959 0.327017
vt 0.642077 0.327017
vt 0.681511 0.306619
vt 0.642077 0.327017
vt 0.720882 0.327017
vt 0.760903 0.306619
vt 0.720882 0.327017
vt 0.800565 0.327017
vt 0.839872 0.306619
vt 0.879704 0.327017
vt 0.879704 0.306619
vt 0.919354 0.306619
vt 0.879704 0.306619
vt 0.879704 0.327017
vt 0.958689 0.306619
vt 0.919354 0.306619
vt 0.958689 0.327017
vt 0.047293 0.306619
vt 0.008059 0.306619
vt 0.008059 0.327017
vt 0.087309 0.306619
vt 0.166749 0.306619
vt 0.126607 0.306619
vt 0.166749 0.327017
vt 0.166749 0.306619
vt 0.245889 0.327017
vt 0.245889 0.306619
vt 0.206345 0.306619
vt 0.245889 0.306619
vt 0.324986 0.327017
vt 0.324986 0.306619
vt 0.28525 0.306619
vt 0.364594 0.306619
vt 0.324986 0.306619
vt 0.404268 0.327017
vt 0.404268 0.306619
vt 0.404268 0.327017
vt 0.443926 0.306619
vt 0.404268 0.306619
vt 0.483687 0.327017
vt 0.483687 0.306619
vt 0.443926 0.306619
vt 0.483687 0.306619
vt 0.562959 0.306619
vt 0.52327 0.306619
vt 0.562959 0.327017
vt 0.602539 0.306619
vt 0.562959 0.306619
vt 0.642077 0.327017
vt 0.642077 0.306619
vt 0.681511 0.306619
vt 0.642077 0.306619
vt 0.720882 0.306619
vt 0.760903 0.306619
vt 0.720882 0.306619
vt 0.720882 0.327017
vt 0.800565 0.306619
vt 0.919354 0.39168096
vt 0.879704 0.41164696
vt 0.958689 0.41164696
vt 0.047293 0.39168096
vt 0.008059 0.41164696
vt 0.087309 0.41164696
vt 0.126607 0.39168096
vt 0.087309 0.41164696
vt 0.166749 0.41164696
vt 0.206345 0.39168096
vt 0.166749 0.41164696
vt 0.245889 0.41164696
vt 0.28525 0.39168096
vt 0.245889 0.41164696
vt 0.324986 0.411646
vt 0.364594 0.39168096
vt 0.324986 0.411646
vt 0.404268 0.41164696
vt 0.443926 0.39168096
vt 0.404268 0.41164696
vt 0.483687 0.411646
vt 0.52327 0.39168096
vt 0.483687 0.411646
vt 0.562959 0.41164696
vt 0.602539 0.39168096
vt 0.562959 0.41164696
vt 0.642077 0.41164696
vt 0.642077 0.41164696
vt 0.720882 0.41164696
vt 0.681511 0.39168096
vt 0.720882 0.41164696
vt 0.800565 0.41164696
vt 0.760903 0.39168096
vt 0.800565 0.41164696
vt 0.879704 0.41164696
vt 0.839872 0.39168096
vt 0.958689 0.41164696
vt 0.879704 0.41164696
vt 0.919354 0.43204498
vt 0.087309 0.41164696
vt 0.008059 0.41164696
vt 0.047293 0.43204498
vt 0.166749 0.41164696
vt 0.087309 0.41164696
vt 0.126607 0.43204498
vt 0.206345 0.43204498
vt 0.245889 0.41164696
vt 0.28525 0.43204498
vt 0.324986 0.411646
vt 0.245889 0.41164696
vt 0.364594 0.43204498
vt 0.404268 0.41164696
vt 0.324986 0.411646
vt 0.483687 0.411646
vt 0.404268 0.41164696
vt 0.443926 0.43204498
vt 0.562959 0.41164696
vt 0.483687 0.411646
vt 0.52327 0.43204498
vt 0.642077 0.41164696
vt 0.562959 0.41164696
vt 0.602539 0.43204498
vt 0.720882 0.41164696
vt 0.681511 0.43204498
vt 0.800565 0.41164696
vt 0.720882 0.41164696
vt 0.760903 0.43204498
vt 0.879704 0.41164696
vt 0.800565 0.41164696
vt 0.839872 0.43204498
vt 0.879704 0.41164696
vt 0.839872 0.43204498
vt 0.879704 0.43204498
vt 0.879704 0.41164696
vt 0.879704 0.43204498
vt 0.919354 0.43204498
vt 0.958689 0.41164696
vt 0.919354 0.43204498
vt 0.958689 0.43204498
vt 0.008059 0.41164696
vt 0.008059 0.43204498
vt 0.047293 0.43204498
vt 0.087309 0.43204498
vt 0.087309 0.41164696
vt 0.087309 0.43204498
vt 0.126607 0.43204498
vt 0.166749 0.41164696
vt 0.126607 0.43204498
vt 0.166749 0.43204498
vt 0.166749 0.43204498
vt 0.206345 0.43204498
vt 0.166749 0.41164696
vt 0.245889 0.43204498
vt 0.245889 0.43204498
vt 0.28525 0.43204498
vt 0.245889 0.41164696
vt 0.28525 0.43204498
vt 0.324986 0.43204498
vt 0.324986 0.411646
vt 0.324986 0.43204498
vt 0.364594 0.43204498
vt 0.324986 0.411646
vt 0.364594 0.43204498
vt 0.404268 0.43204498
vt 0.404268 0.41164696
vt 0.404268 0.43204498
vt 0.443926 0.43204498
vt 0.404268 0.41164696
vt 0.443926 0.43204498
vt 0.483687 0.43204498
vt 0.483687 0.411646
vt 0.483687 0.43204498
vt 0.52327 0.43204498
vt 0.483687 0.411646
vt 0.52327 0.43204498
vt 0.562959 0.43204498
vt 0.562959 0.41164696
vt 0.562959 0.43204498
vt 0.602539 0.43204498
vt 0.562959 0.41164696
vt 0.602539 0.43204498
vt 0.642077 0.43204498
vt 0.642077 0.41164696
vt 0.642077 0.41164696
vt 0.642077 0.43204498
vt 0.681511 0.43204498
vt 0.720882 0.43204498
vt 0.720882 0.41164696
vt 0.720882 0.43204498
vt 0.760903 0.43204498
vt 0.800565 0.41164696
vt 0.760903 0.43204498
vt 0.800565 0.43204498
vt 0.800565 0.43204498
vn 0.248607 0.032768 -0.96805
vn 0.248607 0.032768 -0.96805
vn 0.248607 0.032768 -0.96805
vn 0.23169 0.095969 -0.968044
vn 0.23169 0.095969 -0.968044
vn 0.23169 0.095969 -0.968044
vn 0.198957 0.152667 -0.968044
vn 0.198957 0.152667 -0.968044
vn 0.198957 0.152667 -0.968044
vn 0.152656 0.198981 -0.968041
vn 0.152656 0.198981 -0.968041
vn 0.152656 0.198981 -0.968041
vn 0.095981 0.231713 -0.968038
vn 0.095981 0.231713 -0.968038
vn 0.095981 0.231713 -0.968038
vn 0.03273 0.248635 -0.968044
vn 0.03273 0.248635 -0.968044
vn 0.03273 0.248635 -0.968044
vn -0.03273 0.248635 -0.968044
vn -0.03273 0.248635 -0.968044
vn -0.03273 0.248635 -0.968044
vn -0.095981 0.231713 -0.968038
vn -0.095981 0.231713 -0.968038
vn -0.095981 0.231713 -0.968038
vn -0.152656 0.198981 -0.968041
vn -0.152656 0.198981 -0.968041
vn -0.152656 0.198981 -0.968041
vn -0.198957 0.152667 -0.968044
vn -0.198957 0.152667 -0.968044
vn -0.198957 0.152667 -0.968044
vn -0.23169 0.095969 -0.968044
vn -0.23169 0.095969 -0.968044
vn -0.23169 0.095969 -0.968044
vn -0.248607 0.032768 -0.96805
vn -0.248607 0.032768 -0.96805
vn -0.248607 0.032768 -0.96805
vn 0.991412 0.130704 -0.004419
vn 0.991412 0.130704 -0.004419
vn 0.991412 0.130704 -0.004419
vn 0.923869 0.382682 -0.00443
vn 0.923869 0.382682 -0.00443
vn 0.923869 0.382682 -0.00443
vn 0.793345 0.608757 -0.00443
vn 0.793345 0.608757 -0.00443
vn 0.793345 0.608757 -0.00443
vn 0.608757 0.793345 -0.004428
vn 0.608757 0.793345 -0.004428
vn 0.608757 0.793345 -0.004428
vn 0.382682 0.92387 -0.004427
vn 0.382682 0.92387 -0.004427
vn 0.382682 0.92387 -0.004427
vn 0.130527 0.991435 -0.004427
vn 0.130527 0.991435 -0.004427
vn 0.130527 0.991435 -0.004427
vn -0.130527 0.991435 -0.004427
vn -0.130527 0.991435 -0.004427
vn -0.130527 0.991435 -0.004427
vn -0.382682 0.92387 -0.004427
vn -0.382682 0.92387 -0.004427
vn -0.382682 0.92387 -0.004427
vn -0.608757 0.793345 -0.004428
vn -0.608757 0.793345 -0.004428
vn -0.608757 0.793345 -0.004428
vn -0.793345 0.608757 -0.00443
vn -0.793345 0.608757 -0.00443
vn -0.793345 0.608757 -0.00443
vn -0.923869 0.382682 -0.00443
vn -0.923869 0.382682 -0.00443
vn -0.923869 0.382682 -0.00443
vn -0.991412 0.130704 -0.004419
vn -0.991412 0.130704 -0.004419
vn -0.991412 0.130704 -0.004419
vn -0.907742 0.415283 -0.059531
vn -0.907742 0.415283 -0.059531
vn -0.907742 0.415283 -0.059531
vn 0.907742 0.415283 -0.059531
vn 0.907742 0.415283 -0.059531
vn 0.907742 0.415283 -0.059531
vn -0.984297 0.166178 -0.059532
vn -0.984297 0.166178 -0.059532
vn -0.984297 0.166178 -0.059532
vn 0.769316 0.636088 -0.059532
vn 0.769316 0.636088 -0.059532
vn 0.769316 0.636088 -0.059532
vn -0.993772 -0.0942 -0.059536
vn -0.993772 -0.0942 -0.059536
vn -0.993772 -0.0942 -0.059536
vn 0.578477 0.813524 -0.059532
vn 0.578477 0.813524 -0.059532
vn 0.578477 0.813524 -0.059532
vn -0.935529 -0.348195 -0.059538
vn -0.935529 -0.348195 -0.059538
vn -0.935529 -0.348195 -0.059538
vn 0.348228 0.935518 -0.059528
vn 0.348228 0.935518 -0.059528
vn 0.348228 0.935518 -0.059528
vn 0.094231 0.993769 -0.059528
vn 0.094231 0.993769 -0.059528
vn 0.094231 0.993769 -0.059528
vn -0.813523 -0.578477 -0.059538
vn -0.813523 -0.578477 -0.059538
vn -0.813523 -0.578477 -0.059538
vn -0.1662 0.984294 -0.059528
vn -0.1662 0.984294 -0.059528
vn -0.1662 0.984294 -0.059528
vn -0.636074 -0.769327 -0.059539
vn -0.636074 -0.769327 -0.059539
vn -0.636074 -0.769327 -0.059539
vn -0.414335 0.908184 -0.059395
vn -0.414335 0.908184 -0.059395
vn -0.414335 0.908184 -0.059395
vn -0.769316 0.636088 -0.059533
vn -0.769316 0.636088 -0.059533
vn -0.769316 0.636088 -0.059533
vn 0.984297 0.166178 -0.059532
vn 0.984297 0.166178 -0.059532
vn 0.984297 0.166178 -0.059532
vn -0.578477 0.813523 -0.059532
vn -0.578477 0.813523 -0.059532
vn -0.578477 0.813523 -0.059532
vn 0.993772 -0.0942 -0.059536
vn 0.993772 -0.0942 -0.059536
vn 0.993772 -0.0942 -0.059536
vn -0.348228 0.935518 -0.059528
vn -0.348228 0.935518 -0.059528
vn -0.348228 0.935518 -0.059528
vn 0.935529 -0.348195 -0.059538
vn 0.935529 -0.348195 -0.059538
vn 0.935529 -0.348195 -0.059538
vn -0.094231 0.993769 -0.059528
vn -0.094231 0.993769 -0.059528
vn -0.094231 0.993769 -0.059528
vn 0.813523 -0.578477 -0.059538
vn 0.813523 -0.578477 -0.059538
vn 0.813523 -0.578477 -0.059538
vn 0.1662 0.984294 -0.059528
vn 0.1662 0.984294 -0.059528
vn 0.1662 0.984294 -0.059528
vn 0.636074 -0.769327 -0.059539
vn 0.636074 -0.769327 -0.059539
vn 0.636074 -0.769327 -0.059539
vn 0.414335 0.908184 -0.059395
vn 0.414335 0.908184 -0.059395
vn 0.414335 0.908184 -0.059395
vn 0.248606 -0.032767 -0.96805
vn 0.248606 -0.032767 -0.96805
vn 0.248606 -0.032767 -0.96805
vn 0.231688 -0.095971 -0.968045
vn 0.231688 -0.095971 -0.968045
vn 0.231688 -0.095971 -0.968045
vn 0.198957 -0.152667 -0.968044
vn 0.198957 -0.152667 -0.968044
vn 0.198957 -0.152667 -0.968044
vn 0.152677 -0.198931 -0.968048
vn 0.152677 -0.198931 -0.968048
vn 0.152677 -0.198931 -0.968048
vn 0.09596 -0.231663 -0.968052
vn 0.09596 -0.231663 -0.968052
vn 0.09596 -0.231663 -0.968052
vn 0.032735 -0.248631 -0.968045
vn 0.032735 -0.248631 -0.968045
vn 0.032735 -0.248631 -0.968045
vn -0.032735 -0.248631 -0.968045
vn -0.032735 -0.248631 -0.968045
vn -0.032735 -0.248631 -0.968045
vn -0.09596 -0.231663 -0.968051
vn -0.09596 -0.231663 -0.968051
vn -0.09596 -0.231663 -0.968051
vn -0.152677 -0.198931 -0.968048
vn -0.152677 -0.198931 -0.968048
vn -0.152677 -0.198931 -0.968048
vn -0.198958 -0.152667 -0.968044
vn -0.198958 -0.152667 -0.968044
vn -0.198958 -0.152667 -0.968044
vn -0.231688 -0.095971 -0.968045
vn -0.231688 -0.095971 -0.968045
vn -0.231688 -0.095971 -0.968045
vn -0.248606 -0.032767 -0.96805
vn -0.248606 -0.032767 -0.96805
vn -0.248606 -0.032767 -0.96805
vn 0.991412 -0.130704 -0.00442
vn 0.991412 -0.130704 -0.00442
vn 0.991412 -0.130704 -0.00442
vn 0.92387 -0.382681 -0.004433
vn 0.92387 -0.382681 -0.004433
vn 0.92387 -0.382681 -0.004433
vn 0.793345 -0.608756 -0.004435
vn 0.793345 -0.608756 -0.004435
vn 0.793345 -0.608756 -0.004435
vn 0.608757 -0.793345 -0.004435
vn 0.608757 -0.793345 -0.004435
vn 0.608757 -0.793345 -0.004435
vn 0.382681 -0.92387 -0.004435
vn 0.382681 -0.92387 -0.004435
vn 0.382681 -0.92387 -0.004435
vn 0.130528 -0.991435 -0.004436
vn 0.130528 -0.991435 -0.004436
vn 0.130528 -0.991435 -0.004436
vn -0.130528 -0.991435 -0.004436
vn -0.130528 -0.991435 -0.004436
vn -0.130528 -0.991435 -0.004436
vn -0.382681 -0.92387 -0.004435
vn -0.382681 -0.92387 -0.004435
vn -0.382681 -0.92387 -0.004435
vn -0.608757 -0.793345 -0.004435
vn -0.608757 -0.793345 -0.004435
vn -0.608757 -0.793345 -0.004435
vn -0.793345 -0.608756 -0.004435
vn -0.793345 -0.608756 -0.004435
vn -0.793345 -0.608756 -0.004435
vn -0.92387 -0.382681 -0.004433
vn -0.92387 -0.382681 -0.004433
vn -0.92387 -0.382681 -0.004433
vn -0.991412 -0.130704 -0.00442
vn -0.991412 -0.130704 -0.00442
vn -0.991412 -0.130704 -0.00442
vn -0.907746 -0.415274 -0.059535
vn -0.907746 -0.415274 -0.059535
vn -0.907746 -0.415274 -0.059535
vn 0.907746 -0.415274 -0.059535
vn 0.907746 -0.415274 -0.059535
vn 0.907746 -0.415274 -0.059535
vn -0.984297 -0.166175 -0.059534
vn -0.984297 -0.166175 -0.059534
vn -0.984297 -0.166175 -0.059534
vn 0.769315 -0.636089 -0.059538
vn 0.769315 -0.636089 -0.059538
vn 0.769315 -0.636089 -0.059538
vn -0.993771 0.094203 -0.059535
vn -0.993771 0.094203 -0.059535
vn -0.993771 0.094203 -0.059535
vn 0.578478 -0.813522 -0.059539
vn 0.578478 -0.813522 -0.059539
vn 0.578478 -0.813522 -0.059539
vn -0.935529 0.348196 -0.059535
vn -0.935529 0.348196 -0.059535
vn -0.935529 0.348196 -0.059535
vn 0.348226 -0.935518 -0.059536
vn 0.348226 -0.935518 -0.059536
vn 0.348226 -0.935518 -0.059536
vn 0.094229 -0.993769 -0.059536
vn 0.094229 -0.993769 -0.059536
vn 0.094229 -0.993769 -0.059536
vn -0.813523 0.578478 -0.059533
vn -0.813523 0.578478 -0.059533
vn -0.813523 0.578478 -0.059533
vn -0.166177 -0.984297 -0.059537
vn -0.166177 -0.984297 -0.059537
vn -0.166177 -0.984297 -0.059537
vn -0.636088 0.769316 -0.059532
vn -0.636088 0.769316 -0.059532
vn -0.636088 0.769316 -0.059532
vn -0.414336 -0.908183 -0.059403
vn -0.414336 -0.908183 -0.059403
vn -0.414336 -0.908183 -0.059403
vn -0.769315 -0.636089 -0.059538
vn -0.769315 -0.636089 -0.059538
vn -0.769315 -0.636089 -0.059538
vn 0.984298 -0.166175 -0.059534
vn 0.984298 -0.166175 -0.059534
vn 0.984298 -0.166175 -0.059534
vn -0.578478 -0.813522 -0.059539
vn -0.578478 -0.813522 -0.059539
vn -0.578478 -0.813522 -0.059539
vn 0.993771 0.094203 -0.059535
vn 0.993771 0.094203 -0.059535
vn 0.993771 0.094203 -0.059535
vn -0.348226 -0.935518 -0.059536
vn -0.348226 -0.935518 -0.059536
vn -0.348226 -0.935518 -0.059536
vn 0.935529 0.348196 -0.059535
vn 0.935529 0.348196 -0.059535
vn 0.935529 0.348196 -0.059535
vn -0.094229 -0.993769 -0.059536
vn -0.094229 -0.993769 -0.059536
vn -0.094229 -0.993769 -0.059536
vn 0.813523 0.578478 -0.059533
vn 0.813523 0.578478 -0.059533
vn 0.813523 0.578478 -0.059533
vn 0.166177 -0.984297 -0.059537
vn 0.166177 -0.984297 -0.059537
vn 0.166177 -0.984297 -0.059537
vn 0.636088 0.769316 -0.059532
vn 0.636088 0.769316 -0.059532
vn 0.636088 0.769316 -0.059532
vn 0.414336 -0.908183 -0.059403
vn 0.414336 -0.908183 -0.059403
vn 0.414336 -0.908183 -0.059403
vn 0.991421 0.130706 0
vn 0.991421 0.130706 0
vn 0.991421 0.130706 0
vn 0.991421 0.130706 0
vn 0.923879 0.382685 0
vn 0.923879 0.382685 0
vn 0.923879 0.382685 0
vn 0.923879 0.382686 0
vn 0.923879 0.382686 0
vn 0.923879 0.382686 0
vn 0.793354 0.60876 0
vn 0.793354 0.60876 0
vn 0.793354 0.60876 0
vn 0.793351 0.608764 0.000001
vn 0.793351 0.608764 0.000001
vn 0.793351 0.608764 0.000001
vn 0.608762 0.793353 0
vn 0.608762 0.793353 0
vn 0.608762 0.793353 0
vn 0.608761 0.793354 0.000001
vn 0.608761 0.793354 0.000001
vn 0.608761 0.793354 0.000001
vn 0.382684 0.923879 0.000001
vn 0.382684 0.923879 0.000001
vn 0.382684 0.923879 0.000001
vn 0.382686 0.923878 0.000001
vn 0.382686 0.923878 0.000001
vn 0.382686 0.923878 0.000001
vn 0.130529 0.991445 0
vn 0.130529 0.991445 0
vn 0.130529 0.991445 0
vn 0.130528 0.991445 0
vn 0.130528 0.991445 0
vn 0.130528 0.991445 0
vn -0.130528 0.991445 0
vn -0.130528 0.991445 0
vn -0.130528 0.991445 0
vn -0.130529 0.991445 0
vn -0.130529 0.991445 0
vn -0.130529 0.991445 0
vn -0.382684 0.923879 0.000001
vn -0.382684 0.923879 0.000001
vn -0.382684 0.923879 0.000001
vn -0.382686 0.923879 0.000001
vn -0.382686 0.923879 0.000001
vn -0.382686 0.923879 0.000001
vn -0.608761 0.793354 0
vn -0.608761 0.793354 0
vn -0.608761 0.793354 0
vn -0.608762 0.793353 0.000001
vn -0.608762 0.793353 0.000001
vn -0.608762 0.793353 0.000001
vn -0.793354 0.60876 0.000001
vn -0.793354 0.60876 0.000001
vn -0.793354 0.60876 0.000001
vn -0.793351 0.608765 0
vn -0.793351 0.608765 0
vn -0.793351 0.608765 0
vn -0.923879 0.382684 0
vn -0.923879 0.382684 0
vn -0.923879 0.382684 0
vn -0.923878 0.382686 0
vn -0.923878 0.382686 0
vn -0.923878 0.382686 0
vn -0.991421 0.130706 0
vn -0.991421 0.130706 0
vn -0.991421 0.130706 0
vn -0.991421 0.130706 0
vn 0.991421 -0.130706 -0
vn 0.991421 -0.130706 -0
vn 0.991421 -0.130706 -0
vn 0.991421 -0.130707 0
vn 0.991421 -0.130707 0
vn 0.991421 -0.130707 0
vn 0.923879 -0.382685 -0
vn 0.923879 -0.382685 -0
vn 0.923879 -0.382685 -0
vn 0.923879 -0.382686 -0
vn 0.923879 -0.382686 -0
vn 0.923879 -0.382686 -0
vn 0.793353 -0.608761 -0.000001
vn 0.793353 -0.608761 -0.000001
vn 0.793353 -0.608761 -0.000001
vn 0.793351 -0.608764 0
vn 0.793351 -0.608764 0
vn 0.793351 -0.608764 0
vn 0.608763 -0.793352 0
vn 0.608763 -0.793352 0
vn 0.608763 -0.793352 0
vn 0.608764 -0.793351 -0.000001
vn 0.608764 -0.793351 -0.000001
vn 0.608764 -0.793351 -0.000001
vn 0.382684 -0.923879 -0.000001
vn 0.382684 -0.923879 -0.000001
vn 0.382684 -0.923879 -0.000001
vn 0.382686 -0.923878 -0.000001
vn 0.382686 -0.923878 -0.000001
vn 0.382686 -0.923878 -0.000001
vn 0.130529 -0.991445 -0.000001
vn 0.130529 -0.991445 -0.000001
vn 0.130529 -0.991445 -0.000001
vn 0.130529 -0.991445 0
vn 0.130529 -0.991445 0
vn 0.130529 -0.991445 0
vn -0.130529 -0.991445 -0.000001
vn -0.130529 -0.991445 -0.000001
vn -0.130529 -0.991445 -0.000001
vn -0.130529 -0.991445 0
vn -0.130529 -0.991445 0
vn -0.130529 -0.991445 0
vn -0.382684 -0.923879 -0.000001
vn -0.382684 -0.923879 -0.000001
vn -0.382684 -0.923879 -0.000001
vn -0.382686 -0.923879 -0.000001
vn -0.382686 -0.923879 -0.000001
vn -0.382686 -0.923879 -0.000001
vn -0.608764 -0.793351 0
vn -0.608764 -0.793351 0
vn -0.608764 -0.793351 0
vn -0.608763 -0.793352 -0.000001
vn -0.608763 -0.793352 -0.000001
vn -0.608763 -0.793352 -0.000001
vn -0.793353 -0.608762 -0.000001
vn -0.793353 -0.608762 -0.000001
vn -0.793353 -0.608762 -0.000001
vn -0.793352 -0.608764 0
vn -0.793352 -0.608764 0
vn -0.793352 -0.608764 0
vn -0.923879 -0.382684 -0
vn -0.923879 -0.382684 -0
vn -0.923879 -0.382684 -0
vn -0.923878 -0.382686 -0
vn -0.923878 -0.382686 -0
vn -0.923878 -0.382686 -0
vn -0.991421 -0.130706 0
vn -0.991421 -0.130706 0
vn -0.991421 -0.130706 0
vn -0.991421 -0.130707 -0
vn -0.991421 -0.130707 -0
vn -0.991421 -0.130707 -0
vn 0.00003 0.000005 -1
vn 0.00003 0.000005 -1
vn 0.00003 0.000005 -1
vn 0 0 -1
vn 0 0 -1
vn 0 0 -1
vn 0.000002 0.000001 -1
vn 0.000002 0.000001 -1
vn 0.000002 0.000001 -1
vn -0.000002 0 -1
vn -0.000002 0 -1
vn -0.000002 0 -1
vn 0 0 -1
vn 0 0 -1
vn 0 0 -1
vn 0 0 -1
vn 0 0 -1
vn 0 0 -1
vn 0 0 -1
vn -0.000002 0 -1
vn -0.000002 0 -1
vn -0.000002 0 -1
vn -0.000001 0.000001 -1
vn -0.000001 0.000001 -1
vn -0.000001 0.000001 -1
vn 0.000002 0 -1
vn 0.000002 0 -1
vn 0.000002 0 -1
vn -0.000001 0 -1
vn -0.000001 0 -1
vn -0.000001 0 -1
vn 0.000001 0 -1
vn 0.000001 0 -1
vn 0.000001 0 -1
vn -0.000002 0 -1
vn -0.000002 0 -1
vn -0.000002 0 -1
vn 0.000001 0.000001 -1
vn 0.000001 0.000001 -1
vn 0.000001 0.000001 -1
vn 0.000002 0 -1
vn 0.000002 0 -1
vn 0.000002 0 -1
vn 0 0 -1
vn 0 0 -1
vn 0 0 -1
vn 0 0 -1
vn -0.000001 0 -1
vn -0.000001 0 -1
vn -0.000001 0 -1
vn 0 0 -1
vn 0 0 -1
vn 0 0 -1
vn 0.000001 0 -1
vn 0.000001 0 -1
vn 0.000001 0 -1
vn -0.000001 0.000001 -1
vn -0.000001 0.000001 -1
vn -0.000001 0.000001 -1
vn 0 0 -1
vn 0 0 -1
vn 0 0 -1
vn -0.00003 0.000005 -1
vn -0.00003 0.000005 -1
vn -0.00003 0.000005 -1
vn -0.941743 -0.336233 -0.008273
vn -0.941743 -0.336233 -0.008273
vn -0.941743 -0.336233 -0.008273
vn 0.941743 -0.336233 -0.008273
vn 0.941743 -0.336233 -0.008273
vn 0.941743 -0.336233 -0.008273
vn -0.428 -0.903741 -0.008281
vn -0.428 -0.903741 -0.008281
vn -0.428 -0.903741 -0.008281
vn 0.903562 0.428377 -0.008269
vn 0.903562 0.428377 -0.008269
vn 0.903562 0.428377 -0.008269
vn 0.335855 -0.941877 -0.008351
vn 0.335855 -0.941877 -0.008351
vn 0.335855 -0.941877 -0.008351
vn 0.335855 0.941877 -0.008333
vn 0.335855 0.941877 -0.008333
vn 0.335855 0.941877 -0.008333
vn 0.903562 -0.428377 -0.008277
vn 0.903562 -0.428377 -0.008277
vn 0.903562 -0.428377 -0.008277
vn -0.428 0.903741 -0.008264
vn -0.428 0.903741 -0.008264
vn -0.428 0.903741 -0.008264
vn 0.941743 0.336233 -0.008267
vn 0.941743 0.336233 -0.008267
vn 0.941743 0.336233 -0.008267
vn -0.941743 0.336233 -0.008267
vn -0.941743 0.336233 -0.008267
vn -0.941743 0.336233 -0.008267
vn 0.428 0.903741 -0.008264
vn 0.428 0.903741 -0.008264
vn 0.428 0.903741 -0.008264
vn -0.903562 -0.428377 -0.008277
vn -0.903562 -0.428377 -0.008277
vn -0.903562 -0.428377 -0.008277
vn -0.335855 0.941877 -0.008333
vn -0.335855 0.941877 -0.008333
vn -0.335855 0.941877 -0.008333
vn -0.335855 -0.941877 -0.008351
vn -0.335855 -0.941877 -0.008351
vn -0.335855 -0.941877 -0.008351
vn -0.903562 0.428377 -0.008269
vn -0.903562 0.428377 -0.008269
vn -0.903562 0.428377 -0.008269
vn 0.428 -0.903741 -0.008281
vn 0.428 -0.903741 -0.008281
vn 0.428 -0.903741 -0.008281
vn 0 -0.89002 -0.455923
vn 0 -0.89002 -0.455923
vn 0 -0.89002 -0.455923
vn 0.629329 -0.629329 -0.455949
vn 0.629329 -0.629329 -0.455949
vn 0.629329 -0.629329 -0.455949
vn 0.889963 0 -0.456032
vn 0.889963 0 -0.456032
vn 0.889963 0 -0.456032
vn 0.629332 0.629333 -0.45594
vn 0.629332 0.629333 -0.45594
vn 0.629332 0.629333 -0.45594
vn 0 0.890028 -0.455906
vn 0 0.890028 -0.455906
vn 0 0.890028 -0.455906
vn -0.629332 0.629333 -0.45594
vn -0.629332 0.629333 -0.45594
vn -0.629332 0.629333 -0.45594
vn -0.889963 0 -0.456032
vn -0.889963 0 -0.456032
vn -0.889963 0 -0.456032
vn -0.629329 -0.629329 -0.455949
vn -0.629329 -0.629329 -0.455949
vn -0.629329 -0.629329 -0.455949
vn 0 0 -1
vn 0 0 -1
vn 0 0 -1
vn 0 0 -1
vn -0.000004 0 -1
vn -0.000004 0 -1
vn -0.000004 0 -1
vn 0.000004 0 -1
vn 0.000004 0 -1
vn 0.000004 0 -1
vn -0.000002 0 -1
vn -0.000002 0 -1
vn -0.000002 0 -1
vn 0 0 -1
vn 0 0 -1
vn 0 0 -1
vn -0.000004 0 -1
vn -0.000004 0 -1
vn -0.000004 0 -1
vn 0 0 -1
vn 0 0 -1
vn 0 0 -1
vn 0 0 -1
vn 0 0 -1
vn 0 0 -1
vn 0 0 -1
vn 0.000006 0 -1
vn 0.000006 0 -1
vn 0.000006 0 -1
vn -0.000004 0 -1
vn -0.000004 0 -1
vn -0.000004 0 -1
vn -0.000006 0 -1
vn -0.000006 0 -1
vn -0.000006 0 -1
vn 0 0 -1
vn 0 0 -1
vn 0 0 -1
vn 0.000004 0 -1
vn 0.000004 0 -1
vn 0.000004 0 -1
vn 0 0 -1
vn 0 0 -1
vn 0 0 -1
vn 0.000004 0 -1
vn 0.000004 0 -1
vn -0.000004 0 -1
vn -0.000004 0 -1
vn 0.000006 0 -1
vn 0.000006 0 -1
vn 0.000006 0 -1
vn -0.000006 0 -1
vn -0.000006 0 -1
vn -0.000006 0 -1
vn 0 0 -1
vn 0.000004 0 -1
vn 0.000004 0 -1
vn 0.000004 0 -1
vn 0.000002 0 -1
vn 0.000002 0 -1
vn 0.000002 0 -1
vn 0 0 -1
vn -0.930571 0.366112 0.000004
vn -0.930571 0.366112 0.000004
vn -0.930571 0.366112 0.000004
vn 0.365738 -0.930718 -0.000009
vn 0.365738 -0.930718 -0.000009
vn 0.365738 -0.930718 -0.000009
vn -0.916806 -0.399332 -0.000004
vn -0.916806 -0.399332 -0.000004
vn -0.916806 -0.399332 -0.000004
vn 0.916806 -0.399332 -0.000004
vn 0.916806 -0.399332 -0.000004
vn 0.916806 -0.399332 -0.000004
vn -0.365739 -0.930718 -0.000009
vn -0.365739 -0.930718 -0.000009
vn -0.365739 -0.930718 -0.000009
vn 0.930571 0.366112 0.000004
vn 0.930571 0.366112 0.000004
vn 0.930571 0.366112 0.000004
vn 0.399479 -0.916742 -0.000009
vn 0.399479 -0.916742 -0.000009
vn 0.399479 -0.916742 -0.000009
vn 0.399479 0.916742 0.000009
vn 0.399479 0.916742 0.000009
vn 0.399479 0.916742 0.000009
vn 0.930571 -0.366112 -0.000004
vn 0.930571 -0.366112 -0.000004
vn 0.930571 -0.366112 -0.000004
vn -0.365739 0.930718 0.000009
vn -0.365739 0.930718 0.000009
vn -0.365739 0.930718 0.000009
vn 0.916807 0.399332 0.000004
vn 0.916807 0.399332 0.000004
vn 0.916807 0.399332 0.000004
vn -0.916807 0.399332 0.000004
vn -0.916807 0.399332 0.000004
vn -0.916807 0.399332 0.000004
vn 0.365739 0.930718 0.000009
vn 0.365739 0.930718 0.000009
vn 0.365739 0.930718 0.000009
vn -0.930571 -0.366112 -0.000004
vn -0.930571 -0.366112 -0.000004
vn -0.930571 -0.366112 -0.000004
vn -0.399479 0.916742 0.000009
vn -0.399479 0.916742 0.000009
vn -0.399479 0.916742 0.000009
vn -0.399479 -0.916742 -0.000009
vn -0.399479 -0.916742 -0.000009
vn -0.399479 -0.916742 -0.000009
vn -0.234569 -0.972099 0
vn -0.234569 -0.972099 0
vn -0.234569 -0.972099 0
vn -0.234569 -0.972099 0
vn 0.521493 -0.853255 0
vn 0.521493 -0.853255 0
vn 0.521493 -0.853255 0
vn 0.521494 -0.853255 -0
vn 0.521494 -0.853255 -0
vn 0.521494 -0.853255 -0
vn 0.972021 -0.234893 -0
vn 0.972021 -0.234893 -0
vn 0.972021 -0.234893 -0
vn 0.972021 -0.234893 -0
vn 0.853277 0.521458 0
vn 0.853277 0.521458 0
vn 0.853277 0.521458 0
vn 0.853277 0.521459 0
vn 0.853277 0.521459 0
vn 0.853277 0.521459 0
vn 0.234569 0.972099 0
vn 0.234569 0.972099 0
vn 0.234569 0.972099 0
vn 0.23457 0.972099 0
vn 0.23457 0.972099 0
vn 0.23457 0.972099 0
vn -0.521494 0.853255 0
vn -0.521494 0.853255 0
vn -0.521494 0.853255 0
vn -0.521493 0.853255 0
vn -0.521493 0.853255 0
vn -0.521493 0.853255 0
vn -0.972021 0.234894 0
vn -0.972021 0.234894 0
vn -0.972021 0.234894 0
vn -0.972021 0.234893 0
vn -0.972021 0.234893 0
vn -0.972021 0.234893 0
vn -0.853277 -0.521458 -0
vn -0.853277 -0.521458 -0
vn -0.853277 -0.521458 -0
vn -0.853276 -0.521459 -0
vn -0.853276 -0.521459 -0
vn -0.853276 -0.521459 -0
vn -0.521494 -0.853255 0
vn -0.521494 -0.853255 0
vn -0.521494 -0.853255 0
vn -0.521493 -0.853255 -0
vn -0.521493 -0.853255 -0
vn -0.521493 -0.853255 -0
vn 0.853277 -0.521458 -0
vn 0.853277 -0.521458 -0
vn 0.853277 -0.521458 -0
vn 0.853277 -0.521458 -0
vn 0.972021 0.234893 0
vn 0.972021 0.234893 0
vn 0.972021 0.234893 0
vn 0.972021 0.234893 0
vn 0.521493 0.853255 0
vn 0.521493 0.853255 0
vn 0.521493 0.853255 0
vn 0.521494 0.853255 0
vn 0.521494 0.853255 0
vn 0.521494 0.853255 0
vn -0.23457 0.972099 0
vn -0.23457 0.972099 0
vn -0.23457 0.972099 0
vn -0.234569 0.972099 0
vn -0.234569 0.972099 0
vn -0.234569 0.972099 0
vn -0.853277 0.521458 0
vn -0.853277 0.521458 0
vn -0.853277 0.521458 0
vn -0.853276 0.521459 0
vn -0.853276 0.521459 0
vn -0.853276 0.521459 0
vn -0.972021 -0.234893 -0
vn -0.972021 -0.234893 -0
vn -0.972021 -0.234893 -0
vn -0.972021 -0.234893 -0
vn 0.234569 -0.972099 0
vn 0.234569 -0.972099 0
vn 0.234569 -0.972099 0
vn 0.234569 -0.972099 0
vn 0.000003 0 -1
vn 0.000003 0 -1
vn 0.000003 0 -1
vn -0.000003 0 -1
vn -0.000003 0 -1
vn -0.000003 0 -1
vn 0 0 -1
vn 0 0 -1
vn 0 0 -1
vn -0.000001 0 -1
vn -0.000001 0 -1
vn -0.000001 0 -1
vn 0.000003 0 -1
vn 0.000003 0 -1
vn 0 0 -1
vn 0 0 -1
vn 0 0 -1
vn 0 0 -1
vn -0.000001 0 -1
vn -0.000001 0 -1
vn 0.000003 0 -1
vn 0.000003 0 -1
vn 0.000003 0 -1
vn 0 0 -1
vn 0 0 -1
vn 0 0 -1
vn 0 0 -1
vn 0 0 -1
vn -0.000005 0 -1
vn -0.000005 0 -1
vn -0.000005 0 -1
vn 0 -0.96891 0.247413
vn 0 -0.96891 0.247413
vn 0 -0.96891 0.247413
vn 0 -0.96891 -0.247413
vn 0 -0.96891 -0.247413
vn 0 -0.96891 -0.247413
vn 0.484456 -0.839104 0.247402
vn 0.484456 -0.839104 0.247402
vn 0.484456 -0.839104 0.247402
vn 0.484457 -0.839103 -0.247402
vn 0.484457 -0.839103 -0.247402
vn 0.484457 -0.839103 -0.247402
vn 0.83909 -0.484457 0.247445
vn 0.83909 -0.484457 0.247445
vn 0.83909 -0.484457 0.247445
vn 0.839091 -0.484456 -0.247444
vn 0.839091 -0.484456 -0.247444
vn 0.839091 -0.484456 -0.247444
vn -0.484456 -0.839104 0.247402
vn -0.484456 -0.839104 0.247402
vn -0.484456 -0.839104 0.247402
vn -0.484457 -0.839103 -0.247402
vn -0.484457 -0.839103 -0.247402
vn -0.484457 -0.839103 -0.247402
vn -0.83909 -0.484457 0.247445
vn -0.83909 -0.484457 0.247445
vn -0.83909 -0.484457 0.247445
vn -0.839091 -0.484456 -0.247444
vn -0.839091 -0.484456 -0.247444
vn -0.839091 -0.484456 -0.247444
vn -0.9689 0 0.247454
vn -0.9689 0 0.247454
vn -0.9689 0 0.247454
vn -0.9689 0 -0.247454
vn -0.9689 0 -0.247454
vn -0.9689 0 -0.247454
vn -0.839091 0.484456 0.247444
vn -0.839091 0.484456 0.247444
vn -0.839091 0.484456 0.247444
vn -0.839091 0.484457 -0.247445
vn -0.839091 0.484457 -0.247445
vn -0.839091 0.484457 -0.247445
vn -0.484456 0.839104 0.247402
vn -0.484456 0.839104 0.247402
vn -0.484456 0.839104 0.247402
vn -0.484456 0.839104 -0.247401
vn -0.484456 0.839104 -0.247401
vn -0.484456 0.839104 -0.247401
vn 0.839091 0.484456 0.247444
vn 0.839091 0.484456 0.247444
vn 0.839091 0.484456 0.247444
vn 0.839091 0.484457 -0.247445
vn 0.839091 0.484457 -0.247445
vn 0.839091 0.484457 -0.247445
vn 0.484456 0.839104 0.247402
vn 0.484456 0.839104 0.247402
vn 0.484456 0.839104 0.247402
vn 0.484456 0.839104 -0.247401
vn 0.484456 0.839104 -0.247401
vn 0.484456 0.839104 -0.247401
vn 0.9689 0 0.247454
vn 0.9689 0 0.247454
vn 0.9689 0 0.247454
vn 0.9689 0 -0.247454
vn 0.9689 0 -0.247454
vn 0.9689 0 -0.247454
vn 0 0.96891 0.247413
vn 0 0.96891 0.247413
vn 0 0.96891 0.247413
vn 0 0.96891 -0.247413
vn 0 0.96891 -0.247413
vn 0 0.96891 -0.247413
vn 0.184863 -0.689915 -0.699888
vn 0.184863 -0.689915 -0.699888
vn 0.184863 -0.689915 -0.699888
vn -0.184863 -0.689915 -0.699888
vn -0.184863 -0.689915 -0.699888
vn -0.184863 -0.689915 -0.699888
vn -0.505025 -0.505042 -0.699915
vn -0.505025 -0.505042 -0.699915
vn -0.505025 -0.505042 -0.699915
vn -0.689883 -0.184985 -0.699887
vn -0.689883 -0.184985 -0.699887
vn -0.689883 -0.184985 -0.699887
vn 0.505026 -0.505042 -0.699915
vn 0.505026 -0.505042 -0.699915
vn 0.505026 -0.505042 -0.699915
vn 0.689883 -0.184985 -0.699887
vn 0.689883 -0.184985 -0.699887
vn 0.689883 -0.184985 -0.699887
vn -0.689883 0.184985 -0.699887
vn -0.689883 0.184985 -0.699887
vn -0.689883 0.184985 -0.699887
vn -0.505027 0.505043 -0.699914
vn -0.505027 0.505043 -0.699914
vn -0.505027 0.505043 -0.699914
vn -0.184863 0.689916 -0.699887
vn -0.184863 0.689916 -0.699887
vn -0.184863 0.689916 -0.699887
vn 0.184863 0.689916 -0.699887
vn 0.184863 0.689916 -0.699887
vn 0.184863 0.689916 -0.699887
vn 0.505027 0.505043 -0.699914
vn 0.505027 0.505043 -0.699914
vn 0.505027 0.505043 -0.699914
vn 0.689883 0.184985 -0.699887
vn 0.689883 0.184985 -0.699887
vn 0.689883 0.184985 -0.699887
vn -0.2588 0.965852 0.012309
vn -0.2588 0.965852 0.012309
vn -0.2588 0.965852 0.012309
vn -0.707042 0.707065 0.012292
vn -0.707042 0.707065 0.012292
vn -0.707042 0.707065 0.012292
vn -0.965809 0.258972 0.012083
vn -0.965809 0.258972 0.012083
vn -0.965809 0.258972 0.012083
vn 0.2588 0.965852 0.012309
vn 0.2588 0.965852 0.012309
vn 0.2588 0.965852 0.012309
vn 0.707042 0.707065 0.012292
vn 0.707042 0.707065 0.012292
vn 0.707042 0.707065 0.012292
vn 0.965809 0.258972 0.012083
vn 0.965809 0.258972 0.012083
vn 0.965809 0.258972 0.012083
vn 0.707042 -0.707065 0.012292
vn 0.707042 -0.707065 0.012292
vn 0.707042 -0.707065 0.012292
vn 0.2588 -0.965852 0.012309
vn 0.2588 -0.965852 0.012309
vn 0.2588 -0.965852 0.012309
vn -0.2588 -0.965852 0.012309
vn -0.2588 -0.965852 0.012309
vn -0.2588 -0.965852 0.012309
vn -0.707042 -0.707065 0.012292
vn -0.707042 -0.707065 0.012292
vn -0.707042 -0.707065 0.012292
vn -0.965809 -0.258972 0.012083
vn -0.965809 -0.258972 0.012083
vn -0.965809 -0.258972 0.012083
vn 0.965809 -0.258972 0.012083
vn 0.965809 -0.258972 0.012083
vn 0.965809 -0.258972 0.012083
vn -0.2588 0.965852 -0.012309
vn -0.2588 0.965852 -0.012309
vn -0.2588 0.965852 -0.012309
vn -0.184864 0.689915 0.699888
vn -0.184864 0.689915 0.699888
vn -0.184864 0.689915 0.699888
vn -0.707042 0.707065 -0.012292
vn -0.707042 0.707065 -0.012292
vn -0.707042 0.707065 -0.012292
vn -0.505026 0.505043 0.699915
vn -0.505026 0.505043 0.699915
vn -0.505026 0.505043 0.699915
vn -0.965809 0.258973 -0.012083
vn -0.965809 0.258973 -0.012083
vn -0.965809 0.258973 -0.012083
vn -0.689883 0.184985 0.699888
vn -0.689883 0.184985 0.699888
vn -0.689883 0.184985 0.699888
vn 0.2588 0.965852 -0.012309
vn 0.2588 0.965852 -0.012309
vn 0.2588 0.965852 -0.012309
vn 0.184864 0.689915 0.699888
vn 0.184864 0.689915 0.699888
vn 0.184864 0.689915 0.699888
vn 0.707042 0.707065 -0.012292
vn 0.707042 0.707065 -0.012292
vn 0.707042 0.707065 -0.012292
vn 0.505026 0.505042 0.699915
vn 0.505026 0.505042 0.699915
vn 0.505026 0.505042 0.699915
vn 0.965809 0.258973 -0.012083
vn 0.965809 0.258973 -0.012083
vn 0.965809 0.258973 -0.012083
vn 0.689883 0.184985 0.699887
vn 0.689883 0.184985 0.699887
vn 0.689883 0.184985 0.699887
vn 0.965809 -0.258973 -0.012083
vn 0.965809 -0.258973 -0.012083
vn 0.965809 -0.258973 -0.012083
vn 0.689883 -0.184985 0.699887
vn 0.689883 -0.184985 0.699887
vn 0.689883 -0.184985 0.699887
vn 0.707042 -0.707065 -0.012293
vn 0.707042 -0.707065 -0.012293
vn 0.707042 -0.707065 -0.012293
vn 0.505027 -0.505042 0.699915
vn 0.505027 -0.505042 0.699915
vn 0.505027 -0.505042 0.699915
vn 0.184865 -0.689916 0.699887
vn 0.184865 -0.689916 0.699887
vn 0.184865 -0.689916 0.699887
vn 0.2588 -0.965852 -0.01231
vn 0.2588 -0.965852 -0.01231
vn 0.2588 -0.965852 -0.01231
vn -0.2588 -0.965852 -0.01231
vn -0.2588 -0.965852 -0.01231
vn -0.2588 -0.965852 -0.01231
vn -0.184864 -0.689916 0.699887
vn -0.184864 -0.689916 0.699887
vn -0.184864 -0.689916 0.699887
vn -0.707042 -0.707065 -0.012293
vn -0.707042 -0.707065 -0.012293
vn -0.707042 -0.707065 -0.012293
vn -0.505026 -0.505042 0.699915
vn -0.505026 -0.505042 0.699915
vn -0.505026 -0.505042 0.699915
vn -0.689883 -0.184985 0.699887
vn -0.689883 -0.184985 0.699887
vn -0.689883 -0.184985 0.699887
vn -0.965809 -0.258972 -0.012083
vn -0.965809 -0.258972 -0.012083
vn -0.965809 -0.258972 -0.012083
vn 0 0.836146 -0.548507
vn 0 0.836146 -0.548507
vn 0 0.836146 -0.548507
vn 0.418059 0.724104 -0.548543
vn 0.418059 0.724104 -0.548543
vn 0.418059 0.724104 -0.548543
vn 0.724077 0.41805 -0.548586
vn 0.724077 0.41805 -0.548586
vn 0.724077 0.41805 -0.548586
vn 0.836031 0 -0.548682
vn 0.836031 0 -0.548682
vn 0.836031 0 -0.548682
vn 0.724076 -0.41805 -0.548587
vn 0.724076 -0.41805 -0.548587
vn 0.724076 -0.41805 -0.548587
vn 0.418059 -0.724104 -0.548544
vn 0.418059 -0.724104 -0.548544
vn 0.418059 -0.724104 -0.548544
vn 0 -0.836145 -0.548508
vn 0 -0.836145 -0.548508
vn 0 -0.836145 -0.548508
vn -0.418059 -0.724104 -0.548544
vn -0.418059 -0.724104 -0.548544
vn -0.418059 -0.724104 -0.548544
vn -0.724077 -0.418049 -0.548587
vn -0.724077 -0.418049 -0.548587
vn -0.724077 -0.418049 -0.548587
vn -0.836031 0 -0.548681
vn -0.836031 0 -0.548681
vn -0.836031 0 -0.548681
vn -0.724077 0.41805 -0.548586
vn -0.724077 0.41805 -0.548586
vn -0.724077 0.41805 -0.548586
vn -0.418059 0.724104 -0.548543
vn -0.418059 0.724104 -0.548543
vn -0.418059 0.724104 -0.548543
vn 0 0.000045 -1
vn 0 0.000045 -1
vn 0 0.000045 -1
vn 0.000001 0 -1
vn 0.000001 0 -1
vn 0.000001 0 -1
vn 0 0 -1
vn 0 0 -1
vn 0 0 -1
vn 0 0 -1
vn 0 0 -1
vn 0 0 -1
vn 0 0 -1
vn 0.000001 0 -1
vn 0.000001 0 -1
vn 0.000001 0 -1
vn 0 0.000045 -1
vn 0 0.000045 -1
vn 0 0.000045 -1
vn -0.000001 0 -1
vn -0.000001 0 -1
vn -0.000001 0 -1
vn 0 0 -1
vn 0 0 -1
vn 0 0 -1
vn -0.000001 0 -1
vn -0.000001 0 -1
vn -0.000001 0 -1
vn 0 0 -1
vn 0 0 -1
vn 0 0 -1
vn 0 0 -1
vn 0 0 -1
vn 0 0 -1
vn 0.000031 0.000008 -1
vn 0.000031 0.000008 -1
vn 0.000031 0.000008 -1
vn -0.000031 0.000008 -1
vn -0.000031 0.000008 -1
vn -0.000031 0.000008 -1
vn 0 0 -1
vn 0 0 -1
vn 0 0 -1
vn 0 0 -1
vn 0.000002 0 -1
vn 0.000002 0 -1
vn 0.000002 0 -1
vn 0 0 -1
vn 0.000001 0 -1
vn 0.000001 0 -1
vn 0.000001 0 -1
vn 0 0 -1
vn -0.000001 0 -1
vn -0.000001 0 -1
vn -0.000001 0 -1
vn 0 0 -1
vn 0 0 -1
vn 0 0 -1
vn 0 0 -1
vn 0.00003 0.000008 -1
vn 0.00003 0.000008 -1
vn 0.00003 0.000008 -1
vn -0.00003 0.000008 -1
vn -0.00003 0.000008 -1
vn -0.00003 0.000008 -1
vn -0.000001 0 -1
vn 0 0 -1
vn 0 0 -1
vn 0.000001 0 -1
vn 0.000001 0 -1
vn 0.000001 0 -1
vn 0.000001 0 -1
vn 0.000001 0 -1
vn 0 0 -1
vn 0 0 -1
vn 0 0 -1
vn -0.000002 0 -1
vn -0.000002 0 -1
vn -0.000002 0 -1
vn 0 0 -1
vn 0 0.836145 0.548508
vn 0 0.836145 0.548508
vn 0 0.836145 0.548508
vn 0.41806 0.724103 0.548544
vn 0.41806 0.724103 0.548544
vn 0.41806 0.724103 0.548544
vn 0.724075 0.41805 0.548588
vn 0.724075 0.41805 0.548588
vn 0.724075 0.41805 0.548588
vn 0.836032 0 0.54868
vn 0.836032 0 0.54868
vn 0.836032 0 0.54868
vn 0.724077 -0.418049 0.548587
vn 0.724077 -0.418049 0.548587
vn 0.724077 -0.418049 0.548587
vn 0.418058 -0.724105 0.548543
vn 0.418058 -0.724105 0.548543
vn 0.418058 -0.724105 0.548543
vn 0 -0.836146 0.548507
vn 0 -0.836146 0.548507
vn 0 -0.836146 0.548507
vn -0.418059 -0.724105 0.548543
vn -0.418059 -0.724105 0.548543
vn -0.418059 -0.724105 0.548543
vn -0.724077 -0.418049 0.548587
vn -0.724077 -0.418049 0.548587
vn -0.724077 -0.418049 0.548587
vn -0.836032 0 0.54868
vn -0.836032 0 0.54868
vn -0.836032 0 0.54868
vn -0.724076 0.41805 0.548587
vn -0.724076 0.41805 0.548587
vn -0.724076 0.41805 0.548587
vn -0.418059 0.724104 0.548544
vn -0.418059 0.724104 0.548544
vn -0.418059 0.724104 0.548544
vn 0 -0.000045 1
vn 0 -0.000045 1
vn 0 -0.000045 1
vn 0 -0.000001 1
vn 0 -0.000001 1
vn 0 -0.000001 1
vn -0.000002 0 1
vn -0.000002 0 1
vn -0.000002 0 1
vn -0.000002 0 1
vn -0.000002 0 1
vn 0 0 1
vn 0 0 1
vn 0 0 1
vn -0.000001 -0.000001 1
vn -0.000001 -0.000001 1
vn -0.000001 -0.000001 1
vn 0 -0.000046 1
vn 0 -0.000046 1
vn 0 -0.000046 1
vn 0.000002 -0.000001 1
vn 0.000002 -0.000001 1
vn 0.000002 -0.000001 1
vn 0 0 1
vn 0 0 1
vn 0 0 1
vn 0 0 1
vn 0 0 1
vn 0.000002 0 1
vn 0.000002 0 1
vn 0.000002 0 1
vn 0 -0.000001 1
vn 0 -0.000001 1
vn 0 -0.000001 1
vn 0 0 1
vn 0 0 1
vn 0 0 1
vn -0.000032 -0.000008 1
vn -0.000032 -0.000008 1
vn -0.000032 -0.000008 1
vn 0.00003 -0.000008 1
vn 0.00003 -0.000008 1
vn 0.00003 -0.000008 1
vn 0 0 1
vn 0 0 1
vn 0 0 1
vn 0 -0.000001 1
vn 0 0 1
vn 0 0 1
vn 0 0 1
vn 0.000003 0 1
vn 0.000003 0 1
vn 0.000003 0 1
vn 0 0 1
vn 0 0 1
vn 0 0 1
vn 0 0 1
vn -0.000003 0 1
vn -0.000003 0 1
vn -0.000003 0 1
vn 0.000003 0 1
vn 0.000003 0 1
vn 0.000003 0 1
vn 0 -0.000001 1
vn 0 -0.000001 1
vn 0 -0.000001 1
vn 0 0 1
vn 0 0 1
vn 0 0 1
vn -0.000031 -0.000008 1
vn -0.000031 -0.000008 1
vn -0.000031 -0.000008 1
vn 0.000031 -0.000008 1
vn 0.000031 -0.000008 1
vn 0.000031 -0.000008 1
vn 0 0 1
vn 0 0 1
vn 0 0 1
vn 0 -0.000001 1
vn 0 -0.000001 1
vn 0 -0.000001 1
vn -0.000003 0 1
vn -0.000003 0 1
vn -0.000003 0 1
vn 0.000003 0 1
vn 0.000003 0 1
vn 0.000003 0 1
vn 0.000001 0 1
vn 0.000001 0 1
vn 0.000001 0 1
vn 0 0 1
vn -0.000002 0 1
vn -0.000002 0 1
vn -0.000002 0 1
vn 0 0 1
vn 0 0 1
vn 0 0 1
vn 0 -0.000001 1
f 3/3/3 2/2/2 1/1/1
f 6/6/6 5/5/5 4/4/4
f 9/9/9 8/8/8 7/7/7
f 12/12/12 11/11/11 10/10/10
f 15/15/15 14/14/14 13/13/13
f 18/18/18 17/17/17 16/16/16
f 21/21/21 20/20/20 19/19/19
f 24/24/24 23/23/23 22/22/22
f 27/27/27 26/26/26 25/25/25
f 30/30/30 29/29/29 28/28/28
f 33/33/33 32/32/32 31/31/31
f 36/36/36 35/35/35 34/34/34
f 39/39/39 38/38/38 37/37/37
f 42/42/42 41/41/41 40/40/40
f 45/45/45 44/44/44 43/43/43
f 48/48/48 47/47/47 46/46/46
f 51/51/51 50/50/50 49/49/49
f 54/54/54 53/53/53 52/52/52
f 57/57/57 56/56/56 55/55/55
f 60/60/60 59/59/59 58/58/58
f 63/63/63 62/62/62 61/61/61
f 66/66/66 65/65/65 64/64/64
f 69/69/69 68/68/68 67/67/67
f 72/72/72 71/71/71 70/70/70
f 75/75/75 74/74/74 73/73/73
f 78/78/78 77/77/77 76/76/76
f 81/81/81 80/80/80 79/79/79
f 84/84/84 83/83/83 82/82/82
f 87/87/87 86/86/86 85/85/85
f 90/90/90 89/89/89 88/88/88
f 93/93/93 92/92/92 91/91/91
f 96/96/96 95/95/95 94/94/94
f 99/99/99 98/98/98 97/97/97
f 102/102/102 101/101/101 100/100/100
f 105/105/105 104/104/104 103/103/103
f 108/108/108 107/107/107 106/106/106
f 111/111/111 110/110/110 109/109/109
f 114/114/114 113/113/113 112/112/112
f 117/117/117 116/116/116 115/115/115
f 120/120/120 119/119/119 118/118/118
f 123/123/123 122/122/122 121/121/121
f 126/126/126 125/125/125 124/124/124
f 129/129/129 128/128/128 127/127/127
f 132/132/132 131/131/131 130/130/130
f 135/135/135 134/134/134 133/133/133
f 138/138/138 137/137/137 136/136/136
f 141/141/141 140/140/140 139/139/139
f 144/144/144 143/143/143 142/142/142
f 147/147/147 146/146/146 145/145/145
f 150/150/150 149/149/149 148/148/148
f 153/153/153 152/152/152 151/151/151
f 156/156/156 155/155/155 154/154/154
f 159/159/159 158/158/158 157/157/157
f 162/162/162 161/161/161 160/160/160
f 165/165/165 164/164/164 163/163/163
f 168/168/168 167/167/167 166/166/166
f 171/171/171 170/170/170 169/169/169
f 174/174/174 173/173/173 172/172/172
f 177/177/177 176/176/176 175/175/175
f 180/180/180 179/179/179 178/178/178
f 183/183/183 182/182/182 181/181/181
f 186/186/186 185/185/185 184/184/184
f 189/189/189 188/188/188 187/187/187
f 192/192/192 191/191/191 190/190/190
f 195/195/195 194/194/194 193/193/193
f 198/198/198 197/197/197 196/196/196
f 201/201/201 200/200/200 199/199/199
f 204/204/204 203/203/203 202/202/202
f 207/207/207 206/206/206 205/205/205
f 210/210/210 209/209/209 208/208/208
f 213/213/213 212/212/212 211/211/211
f 216/216/216 215/215/215 214/214/214
f 219/219/219 218/218/218 217/217/217
f 222/222/222 221/221/221 220/220/220
f 225/225/225 224/224/224 223/223/223
f 228/228/228 227/227/227 226/226/226
f 231/231/231 230/230/230 229/229/229
f 234/234/234 233/233/233 232/232/232
f 237/237/237 236/236/236 235/235/235
f 240/240/240 239/239/239 238/238/238
f 243/243/243 242/242/242 241/241/241
f 246/246/246 245/245/245 244/244/244
f 249/249/249 248/248/248 247/247/247
f 252/252/252 251/251/251 250/250/250
f 255/255/255 254/254/254 253/253/253
f 258/258/258 257/257/257 256/256/256
f 261/261/261 260/260/260 259/259/259
f 264/264/264 263/263/263 262/262/262
f 267/267/267 266/266/266 265/265/265
f 270/270/270 269/269/269 268/268/268
f 273/273/273 272/272/272 271/271/271
f 276/276/276 275/275/275 274/274/274
f 279/279/279 278/278/278 277/277/277
f 282/282/282 281/281/281 280/280/280
f 285/285/285 284/284/284 283/283/283
f 288/288/288 287/287/287 286/286/286
f 291/291/291 290/290/290 289/289/289
f 289/289/289 292/292/292 291/291/291
f 295/295/295 294/294/294 293/293/293
f 298/298/298 297/297/297 296/296/296
f 301/301/301 300/300/300 299/299/299
f 304/304/304 303/303/303 302/302/302
f 307/307/307 306/306/306 305/305/305
f 310/310/310 309/309/309 308/308/308
f 313/313/313 312/312/312 311/311/311
f 316/316/316 315/315/315 314/314/314
f 319/319/319 318/318/318 317/317/317
f 322/322/322 321/321/321 320/320/320
f 325/325/325 324/324/324 323/323/323
f 328/328/328 327/327/327 326/326/326
f 331/331/331 330/330/330 329/329/329
f 334/334/334 333/333/333 332/332/332
f 337/337/337 336/336/336 335/335/335
f 340/340/340 339/339/339 338/338/338
f 343/343/343 342/342/342 341/341/341
f 346/346/346 345/345/345 344/344/344
f 349/349/349 348/348/348 347/347/347
f 352/352/352 351/351/351 350/350/350
f 355/355/355 354/354/354 353/353/353
f 353/353/353 356/356/356 355/355/355
f 359/359/359 358/358/358 357/357/357
f 362/362/362 361/361/361 360/360/360
f 365/365/365 364/364/364 363/363/363
f 368/368/368 367/367/367 366/366/366
f 371/371/371 370/370/370 369/369/369
f 374/374/374 373/373/373 372/372/372
f 377/377/377 376/376/376 375/375/375
f 380/380/380 379/379/379 378/378/378
f 383/383/383 382/382/382 381/381/381
f 386/386/386 385/385/385 384/384/384
f 389/389/389 388/388/388 387/387/387
f 392/392/392 391/391/391 390/390/390
f 395/395/395 394/394/394 393/393/393
f 398/398/398 397/397/397 396/396/396
f 401/401/401 400/400/400 399/399/399
f 404/404/404 403/403/403 402/402/402
f 407/407/407 406/406/406 405/405/405
f 410/410/410 409/409/409 408/408/408
f 413/413/413 412/412/412 411/411/411
f 416/416/416 415/415/415 414/414/414
f 419/419/419 418/418/418 417/417/417
f 422/422/422 421/421/421 420/420/420
f 425/425/425 424/424/424 423/423/423
f 428/428/428 427/427/427 426/426/426
f 431/431/431 430/430/430 429/429/429
f 434/434/434 433/433/433 432/432/432
f 437/437/437 436/436/436 435/435/435
f 440/440/440 439/439/439 438/438/438
f 443/443/443 442/442/442 441/441/441
f 444/444/444 441/441/441 442/442/442
f 446/446/446 445/445/445 444/444/444
f 447/447/447 445/445/445 446/446/446
f 450/450/450 449/449/449 448/448/448
f 453/453/453 452/452/452 451/451/451
f 456/456/456 455/455/455 454/454/454
f 459/459/459 458/458/458 457/457/457
f 462/462/462 461/461/461 460/460/460
f 465/465/465 464/464/464 463/463/463
f 468/468/468 467/467/467 466/466/466
f 471/471/471 470/470/470 469/469/469
f 474/474/474 473/473/473 472/472/472
f 474/474/474 475/475/475 473/473/473
f 478/478/478 477/477/477 476/476/476
f 481/481/481 480/480/480 479/479/479
f 484/484/484 483/483/483 482/482/482
f 487/487/487 486/486/486 485/485/485
f 490/490/490 489/489/489 488/488/488
f 493/493/493 492/492/492 491/491/491
f 496/496/496 495/495/495 494/494/494
f 499/499/499 498/498/498 497/497/497
f 502/502/502 501/501/501 500/500/500
f 505/505/505 504/504/504 503/503/503
f 508/508/508 507/507/507 506/506/506
f 511/511/511 510/510/510 509/509/509
f 514/514/514 513/513/513 512/512/512
f 517/517/517 516/516/516 515/515/515
f 520/520/520 519/519/519 518/518/518
f 523/523/523 522/522/522 521/521/521
f 526/526/526 525/525/525 524/524/524
f 529/529/529 528/528/528 527/527/527
f 532/532/532 531/531/531 530/530/530
f 535/535/535 534/534/534 533/533/533
f 538/538/538 537/537/537 536/536/536
f 541/541/541 540/540/540 539/539/539
f 544/544/544 543/543/543 542/542/542
f 547/547/547 546/546/546 545/545/545
f 550/550/550 549/549/549 548/548/548
f 553/553/553 552/552/552 551/551/551
f 556/556/556 555/555/555 554/554/554
f 559/559/559 558/558/558 557/557/557
f 562/562/562 561/561/561 560/560/560
f 565/565/565 564/564/564 563/563/563
f 568/568/568 567/567/567 566/566/566
f 567/567/567 568/568/568 569/569/569
f 568/568/568 627/627/627 569/569/569
f 572/572/572 571/571/571 570/570/570
f 572/572/572 613/613/613 612/612/612
f 575/575/575 574/574/574 573/573/573
f 578/578/578 577/577/577 576/576/576
f 581/581/581 580/580/580 579/579/579
f 584/584/584 583/583/583 582/582/582
f 587/587/587 586/586/586 585/585/585
f 590/590/590 589/589/589 588/588/588
f 589/589/589 590/590/590 591/591/591
f 590/590/590 620/620/620 591/591/591
f 594/594/594 593/593/593 592/592/592
f 597/597/597 596/596/596 595/595/595
f 600/600/600 599/599/599 598/598/598
f 603/603/603 602/602/602 601/601/601
f 606/606/606 605/605/605 604/604/604
f 606/606/606 611/611/611 610/610/610
f 609/609/609 608/608/608 607/607/607
f 616/616/616 615/615/615 614/614/614
f 619/619/619 618/618/618 617/617/617
f 623/623/623 622/622/622 621/621/621
f 626/626/626 625/625/625 624/624/624
f 630/630/630 629/629/629 628/628/628
f 633/633/633 632/632/632 631/631/631
f 636/636/636 635/635/635 634/634/634
f 639/639/639 638/638/638 637/637/637
f 642/642/642 641/641/641 640/640/640
f 645/645/645 644/644/644 643/643/643
f 648/648/648 647/647/647 646/646/646
f 651/651/651 650/650/650 649/649/649
f 654/654/654 653/653/653 652/652/652
f 657/657/657 656/656/656 655/655/655
f 660/660/660 659/659/659 658/658/658
f 663/663/663 662/662/662 661/661/661
f 666/666/666 665/665/665 664/664/664
f 669/669/669 668/668/668 667/667/667
f 672/672/672 671/671/671 670/670/670
f 675/675/675 674/674/674 673/673/673
f 678/678/678 677/677/677 676/676/676
f 676/676/676 679/679/679 678/678/678
f 682/682/682 681/681/681 680/680/680
f 685/685/685 684/684/684 683/683/683
f 688/688/688 687/687/687 686/686/686
f 686/686/686 689/689/689 688/688/688
f 692/692/692 691/691/691 690/690/690
f 695/695/695 694/694/694 693/693/693
f 698/698/698 697/697/697 696/696/696
f 701/701/701 700/700/700 699/699/699
f 704/704/704 703/703/703 702/702/702
f 707/707/707 706/706/706 705/705/705
f 710/710/710 709/709/709 708/708/708
f 713/713/713 712/712/712 711/711/711
f 716/716/716 715/715/715 714/714/714
f 719/719/719 718/718/718 717/717/717
f 722/722/722 721/721/721 720/720/720
f 725/725/725 724/724/724 723/723/723
f 728/728/728 727/727/727 726/726/726
f 726/726/726 729/729/729 728/728/728
f 732/732/732 731/731/731 730/730/730
f 730/730/730 733/733/733 732/732/732
f 736/736/736 735/735/735 734/734/734
f 739/739/739 738/738/738 737/737/737
f 742/742/742 741/741/741 740/740/740
f 745/745/745 744/744/744 743/743/743
f 748/748/748 747/747/747 746/746/746
f 751/751/751 750/750/750 749/749/749
f 754/754/754 753/753/753 752/752/752
f 752/752/752 755/755/755 754/754/754
f 758/758/758 757/757/757 756/756/756
f 756/756/756 759/759/759 758/758/758
f 762/762/762 761/761/761 760/760/760
f 761/761/761 780/780/780 760/760/760
f 782/782/782 781/781/781 760/760/760
f 773/773/773 772/772/772 760/760/760
f 765/765/765 764/764/764 763/763/763
f 768/768/768 767/767/767 766/766/766
f 783/783/783 768/768/768 766/766/766
f 785/785/785 784/784/784 766/766/766
f 787/787/787 777/777/777 766/766/766
f 777/777/777 776/776/776 766/766/766
f 776/776/776 775/775/775 766/766/766
f 775/775/775 774/774/774 766/766/766
f 774/774/774 786/786/786 766/766/766
f 771/771/771 770/770/770 769/769/769
f 779/779/779 778/778/778 769/769/769
f 790/790/790 789/789/789 788/788/788
f 793/793/793 792/792/792 791/791/791
f 796/796/796 795/795/795 794/794/794
f 799/799/799 798/798/798 797/797/797
f 802/802/802 801/801/801 800/800/800
f 805/805/805 804/804/804 803/803/803
f 808/808/808 807/807/807 806/806/806
f 811/811/811 810/810/810 809/809/809
f 814/814/814 813/813/813 812/812/812
f 817/817/817 816/816/816 815/815/815
f 820/820/820 819/819/819 818/818/818
f 823/823/823 822/822/822 821/821/821
f 826/826/826 825/825/825 824/824/824
f 829/829/829 828/828/828 827/827/827
f 832/832/832 831/831/831 830/830/830
f 835/835/835 834/834/834 833/833/833
f 838/838/838 837/837/837 836/836/836
f 841/841/841 840/840/840 839/839/839
f 844/844/844 843/843/843 842/842/842
f 847/847/847 846/846/846 845/845/845
f 850/850/850 849/849/849 848/848/848
f 853/853/853 852/852/852 851/851/851
f 856/856/856 855/855/855 854/854/854
f 859/859/859 858/858/858 857/857/857
f 862/862/862 861/861/861 860/860/860
f 865/865/865 864/864/864 863/863/863
f 868/868/868 867/867/867 866/866/866
f 871/871/871 870/870/870 869/869/869
f 874/874/874 873/873/873 872/872/872
f 877/877/877 876/876/876 875/875/875
f 880/880/880 879/879/879 878/878/878
f 883/883/883 882/882/882 881/881/881
f 886/886/886 885/885/885 884/884/884
f 889/889/889 888/888/888 887/887/887
f 892/892/892 891/891/891 890/890/890
f 895/895/895 894/894/894 893/893/893
f 898/898/898 897/897/897 896/896/896
f 901/901/901 900/900/900 899/899/899
f 904/904/904 903/903/903 902/902/902
f 907/907/907 906/906/906 905/905/905
f 910/910/910 909/909/909 908/908/908
f 913/913/913 912/912/912 911/911/911
f 916/916/916 915/915/915 914/914/914
f 919/919/919 918/918/918 917/917/917
f 922/922/922 921/921/921 920/920/920
f 925/925/925 924/924/924 923/923/923
f 928/928/928 927/927/927 926/926/926
f 931/931/931 930/930/930 929/929/929
f 934/934/934 933/933/933 932/932/932
f 937/937/937 936/936/936 935/935/935
f 940/940/940 939/939/939 938/938/938
f 943/943/943 942/942/942 941/941/941
f 946/946/946 945/945/945 944/944/944
f 949/949/949 948/948/948 947/947/947
f 952/952/952 951/951/951 950/950/950
f 955/955/955 954/954/954 953/953/953
f 958/958/958 957/957/957 956/956/956
f 961/961/961 960/960/960 959/959/959
f 964/964/964 963/963/963 962/962/962
f 967/967/967 966/966/966 965/965/965
f 970/970/970 969/969/969 968/968/968
f 973/973/973 972/972/972 971/971/971
f 976/976/976 975/975/975 974/974/974
f 979/979/979 978/978/978 977/977/977
f 982/982/982 981/981/981 980/980/980
f 985/985/985 984/984/984 983/983/983
f 988/988/988 987/987/987 986/986/986
f 991/991/991 990/990/990 989/989/989
f 994/994/994 993/993/993 992/992/992
f 997/997/997 996/996/996 995/995/995
f 1000/1000/1000 999/999/999 998/998/998
f 1003/1003/1003 1002/1002/1002 1001/1001/1001
f 1006/1006/1006 1005/1005/1005 1004/1004/1004
f 1009/1009/1009 1008/1008/1008 1007/1007/1007
f 1012/1012/1012 1011/1011/1011 1010/1010/1010
f 1015/1015/1015 1014/1014/1014 1013/1013/1013
f 1018/1018/1018 1017/1017/1017 1016/1016/1016
f 1021/1021/1021 1020/1020/1020 1019/1019/1019
f 1024/1024/1024 1023/1023/1023 1022/1022/1022
f 1027/1027/1027 1026/1026/1026 1025/1025/1025
f 1030/1030/1030 1029/1029/1029 1028/1028/1028
f 1033/1033/1033 1032/1032/1032 1031/1031/1031
f 1036/1036/1036 1035/1035/1035 1034/1034/1034
f 1039/1039/1039 1038/1038/1038 1037/1037/1037
f 1042/1042/1042 1041/1041/1041 1040/1040/1040
f 1045/1045/1045 1044/1044/1044 1043/1043/1043
f 1048/1048/1048 1047/1047/1047 1046/1046/1046
f 1051/1051/1051 1050/1050/1050 1049/1049/1049
f 1050/1050/1050 1086/1086/1086 1049/1049/1049
f 1050/1050/1050 1083/1083/1083 1086/1086/1086
f 1085/1085/1085 1084/1084/1084 1083/1083/1083
f 1090/1090/1090 1053/1053/1053 1051/1051/1051
f 1053/1053/1053 1052/1052/1052 1051/1051/1051
f 1094/1094/1094 1055/1055/1055 1052/1052/1052
f 1055/1055/1055 1054/1054/1054 1052/1052/1052
f 1099/1099/1099 1098/1098/1098 1054/1054/1054
f 1098/1098/1098 1101/1101/1101 1100/1100/1100
f 1058/1058/1058 1057/1057/1057 1056/1056/1056
f 1061/1061/1061 1060/1060/1060 1059/1059/1059
f 1064/1064/1064 1063/1063/1063 1062/1062/1062
f 1108/1108/1108 1062/1062/1062 1063/1063/1063
f 1067/1067/1067 1066/1066/1066 1065/1065/1065
f 1110/1110/1110 1109/1109/1109 1066/1066/1066
f 1067/1067/1067 1117/1117/1117 1116/1116/1116
f 1072/1072/1072 1116/1116/1116 1118/1118/1118
f 1073/1073/1073 1072/1072/1072 1071/1071/1071
f 1073/1073/1073 1071/1071/1071 1122/1122/1122
f 1073/1073/1073 1122/1122/1122 1074/1074/1074
f 1075/1075/1075 1073/1073/1073 1074/1074/1074
f 1075/1075/1075 1074/1074/1074 1076/1076/1076
f 1070/1070/1070 1069/1069/1069 1068/1068/1068
f 1079/1079/1079 1078/1078/1078 1077/1077/1077
f 1082/1082/1082 1081/1081/1081 1080/1080/1080
f 1089/1089/1089 1088/1088/1088 1087/1087/1087
f 1093/1093/1093 1092/1092/1092 1091/1091/1091
f 1097/1097/1097 1096/1096/1096 1095/1095/1095
f 1104/1104/1104 1103/1103/1103 1102/1102/1102
f 1107/1107/1107 1106/1106/1106 1105/1105/1105
f 1113/1113/1113 1112/1112/1112 1111/1111/1111
f 1112/1112/1112 1115/1115/1115 1114/1114/1114
f 1121/1121/1121 1120/1120/1120 1119/1119/1119
f 1125/1125/1125 1124/1124/1124 1123/1123/1123
f 1128/1128/1128 1127/1127/1127 1126/1126/1126
f 1131/1131/1131 1130/1130/1130 1129/1129/1129
f 1134/1134/1134 1133/1133/1133 1132/1132/1132
f 1137/1137/1137 1136/1136/1136 1135/1135/1135
f 1140/1140/1140 1139/1139/1139 1138/1138/1138
f 1143/1143/1143 1142/1142/1142 1141/1141/1141
f 1146/1146/1146 1145/1145/1145 1144/1144/1144
f 1149/1149/1149 1148/1148/1148 1147/1147/1147
f 1152/1152/1152 1151/1151/1151 1150/1150/1150
f 1155/1155/1155 1154/1154/1154 1153/1153/1153
f 1158/1158/1158 1157/1157/1157 1156/1156/1156
f 1161/1161/1161 1160/1160/1160 1159/1159/1159
f 1164/1164/1164 1163/1163/1163 1162/1162/1162
f 1205/1205/1205 1164/1164/1164 1162/1162/1162
f 1167/1167/1167 1166/1166/1166 1165/1165/1165
f 1165/1165/1165 1169/1169/1169 1168/1168/1168
f 1172/1172/1172 1171/1171/1171 1170/1170/1170
f 1172/1172/1172 1215/1215/1215 1213/1213/1213
f 1214/1214/1214 1213/1213/1213 1212/1212/1212
f 1175/1175/1175 1174/1174/1174 1173/1173/1173
f 1178/1178/1178 1177/1177/1177 1176/1176/1176
f 1181/1181/1181 1180/1180/1180 1179/1179/1179
f 1184/1184/1184 1183/1183/1183 1182/1182/1182
f 1186/1186/1186 1182/1182/1182 1185/1185/1185
f 1249/1249/1249 1186/1186/1186 1185/1185/1185
f 1189/1189/1189 1188/1188/1188 1187/1187/1187
f 1192/1192/1192 1191/1191/1191 1190/1190/1190
f 1192/1192/1192 1256/1256/1256 1191/1191/1191
f 1195/1195/1195 1194/1194/1194 1193/1193/1193
f 1198/1198/1198 1197/1197/1197 1196/1196/1196
f 1201/1201/1201 1200/1200/1200 1199/1199/1199
f 1204/1204/1204 1203/1203/1203 1202/1202/1202
f 1208/1208/1208 1207/1207/1207 1206/1206/1206
f 1211/1211/1211 1210/1210/1210 1209/1209/1209
f 1218/1218/1218 1217/1217/1217 1216/1216/1216
f 1221/1221/1221 1220/1220/1220 1219/1219/1219
f 1224/1224/1224 1223/1223/1223 1222/1222/1222
f 1227/1227/1227 1226/1226/1226 1225/1225/1225
f 1230/1230/1230 1229/1229/1229 1228/1228/1228
f 1233/1233/1233 1232/1232/1232 1231/1231/1231
f 1236/1236/1236 1235/1235/1235 1234/1234/1234
f 1239/1239/1239 1238/1238/1238 1237/1237/1237
f 1242/1242/1242 1241/1241/1241 1240/1240/1240
f 1245/1245/1245 1244/1244/1244 1243/1243/1243
f 1248/1248/1248 1247/1247/1247 1246/1246/1246
f 1252/1252/1252 1251/1251/1251 1250/1250/1250
f 1255/1255/1255 1254/1254/1254 1253/1253/1253
