# VPXTOOL table OBJ file
# VPXTOOL OBJ file
# numVerts: 3758 numFaces: 6432
o PinCab_Metals
v -0.980002 -0.279246 -2.308383
v -0.982608 -0.273382 -2.30776
v -0.993773 -0.278094 -2.305231
v -0.978504 -0.27875 -2.303297
v -0.980593 -0.272718 -2.302943
v -0.992657 -0.278228 -2.300205
v -0.992657 -0.278228 -2.300205
v -0.984639 -0.267852 -2.302589
v -0.982608 -0.273382 -2.30776
v -0.993773 -0.278094 -2.305231
v -0.986141 -0.269191 -2.307446
v -0.992657 -0.278228 -2.300205
v -0.98923 -0.264754 -2.302407
v -0.990733 -0.266104 -2.307222
v -0.986141 -0.269191 -2.307446
v -0.993773 -0.278094 -2.305231
v -1.002624 -0.277819 -2.30331
v -1.002204 -0.264284 -2.302259
v -0.998489 -0.263127 -2.298571
v -0.98923 -0.264754 -2.302407
v -0.998959 -0.277993 -2.299696
v -0.992657 -0.278228 -2.300205
v -0.998959 -0.277993 -2.299696
v -0.999917 -0.278755 -2.291158
v -1.004145 -0.444602 -2.312611
v -0.992657 -0.278228 -2.300205
v -1.002141 -0.265472 -2.289128
v -0.995919 -0.444887 -2.314357
v -1.002204 -0.264284 -2.302259
v -1.006946 -0.266936 -2.290509
v -1.004949 -0.278797 -2.292251
v -1.002624 -0.277819 -2.30331
v -0.999917 -0.278755 -2.291158
v -1.002211 -0.268792 -2.284709
v -1.006946 -0.266936 -2.290509
v -1.004949 -0.278797 -2.292251
v -1.007061 -0.270237 -2.286078
v -0.993773 -0.278094 -2.305231
v -1.007787 -0.444182 -2.316228
v -0.999917 -0.278755 -2.291158
v -1.002378 -0.273807 -2.280876
v -1.002211 -0.268792 -2.284709
v -0.996792 -0.444445 -2.319413
v -1.007061 -0.270237 -2.286078
v -0.980002 -0.279246 -2.308383
v -1.007204 -0.274591 -2.282766
v -1.004949 -0.278797 -2.292251
v -0.965499 -0.44601 -2.320258
v -0.999917 -0.278755 -2.291158
v -1.00249 -0.27993 -2.278976
v -1.007204 -0.274591 -2.282766
v -1.004949 -0.278797 -2.292251
v -1.007486 -0.280031 -2.280669
v -0.968815 -0.534347 -2.327887
v -0.999142 -0.533367 -2.327886
v -0.935763 -0.538492 -2.32814
v -0.96424 -0.537572 -2.32814
v -0.932828 -0.447644 -2.321139
v -0.980002 -0.279246 -2.308383
v -0.934725 -0.53895 -2.323009
v -0.931707 -0.448087 -2.316033
v -0.965342 -0.446416 -2.315126
v -0.968796 -0.53478 -2.322756
v -0.998202 -0.533826 -2.322843
v -0.964308 -0.538126 -2.32302
v -0.968961 -0.538031 -2.323026
v -0.968796 -0.53478 -2.322756
v -0.964534 -0.541989 -2.323543
v -0.968942 -0.537419 -2.328139
v -0.968815 -0.534347 -2.327887
v -0.964234 -0.541099 -2.328607
v -0.969086 -0.541993 -2.323741
v -0.97346 -0.53783 -2.323019
v -0.97346 -0.53783 -2.323019
v -0.968796 -0.53478 -2.322756
v -0.988671 -0.537244 -2.323009
v -0.978171 -0.54121 -2.323315
v -0.973475 -0.5417 -2.323543
v -0.969204 -0.545816 -2.324951
v -0.973517 -0.545424 -2.324331
v -0.989114 -0.54086 -2.323316
v -0.964717 -0.545708 -2.324329
v -0.978375 -0.544833 -2.323635
v -0.969312 -0.549287 -2.326242
v -0.998276 -0.537023 -2.323113
v -0.998202 -0.533826 -2.322843
v -0.973532 -0.548938 -2.325205
v -0.989994 -0.544437 -2.323632
v -0.964912 -0.549216 -2.325199
v -0.978611 -0.548388 -2.323965
v -0.969409 -0.552418 -2.327289
v -0.998667 -0.540857 -2.323663
v -0.973584 -0.552204 -2.325961
v -0.991035 -0.547936 -2.323951
v -0.965059 -0.55248 -2.325951
v -0.978853 -0.551903 -2.324295
v -0.969507 -0.555484 -2.327873
v -0.999371 -0.544571 -2.32452
v -0.9652 -0.555693 -2.326438
v -0.973646 -0.555419 -2.326451
v -0.970312 -0.580474 -2.330255
v -0.959751 -0.555937 -2.324611
v -0.959673 -0.552477 -2.324289
v -0.959684 -0.548997 -2.323963
v -0.935129 -0.550943 -2.324028
v -0.959696 -0.545435 -2.323636
v -0.95967 -0.541806 -2.323315
v -0.964308 -0.538126 -2.32302
v -0.934725 -0.53895 -2.323009
v -0.935761 -0.538492 -2.328135
v -0.96424 -0.537572 -2.32814
v -0.959526 -0.541266 -2.328435
v -0.959342 -0.544814 -2.328736
v -0.936284 -0.554795 -2.329541
v -0.9591 -0.548364 -2.329041
v -0.964064 -0.544612 -2.329318
v -0.969056 -0.540929 -2.328779
v -0.963838 -0.548118 -2.330114
v -0.973494 -0.537272 -2.328139
v -0.958916 -0.551912 -2.329352
v -0.973725 -0.540792 -2.328607
v -0.973494 -0.537272 -2.328139
v -0.968815 -0.534347 -2.327887
v -0.999142 -0.533367 -2.327886
v -0.977793 -0.54031 -2.328406
v -0.977793 -0.54031 -2.328406
v -0.969168 -0.544397 -2.329901
v -0.974118 -0.544286 -2.329317
v -0.96928 -0.547848 -2.331187
v -0.963668 -0.551627 -2.330835
v -0.974564 -0.547771 -2.330113
v -0.978697 -0.544188 -2.328735
v -0.958905 -0.555455 -2.329668
v -0.969392 -0.551311 -2.332319
v -0.937143 -0.581389 -2.332072
v -0.93613 -0.581923 -2.326947
v -0.960594 -0.58112 -2.327017
v -0.942285 -0.749378 -2.343738
v -0.966741 -0.748376 -2.343788
v -0.976476 -0.748083 -2.347061
v -0.949883 -0.921327 -2.360872
v -0.974333 -0.920168 -2.360907
v -0.943296 -0.748825 -2.348861
v -0.984084 -0.920176 -2.36421
v -0.95972 -0.580656 -2.332071
v -0.950893 -0.92077 -2.365995
v -0.965867 -0.747907 -2.348841
v -0.964477 -0.580335 -2.333724
v -0.963663 -0.555152 -2.331323
v -0.973459 -0.919707 -2.365961
v -0.969505 -0.554814 -2.332979
v -0.959638 -1.096289 -2.383403
v -0.970623 -0.747548 -2.350491
v -0.95863 -1.096849 -2.37828
v -0.9822 -1.095119 -2.383358
v -0.983074 -1.095574 -2.378303
v -0.969233 -1.274452 -2.401012
v -0.968227 -1.275013 -2.39589
v -0.978214 -0.919319 -2.367608
v -0.991793 -1.273208 -2.40096
v -0.970319 -0.579979 -2.335378
v -0.976463 -0.747145 -2.352141
v -0.986953 -1.094709 -2.385003
v -0.984052 -0.918879 -2.369254
v -0.980757 -1.478565 -2.421143
v -0.996545 -1.272783 -2.402603
v -1.002276 -1.458028 -2.419188
v -0.99279 -1.094242 -2.386645
v -0.982144 -0.747079 -2.350481
v -0.989731 -0.918776 -2.36759
v -0.976001 -0.579961 -2.333724
v -0.975187 -0.554779 -2.331323
v -0.974956 -0.551262 -2.330835
v -0.979642 -0.551569 -2.329376
v -0.979167 -0.547715 -2.32904
v -0.980634 -0.579977 -2.332069
v -0.990681 -0.547342 -2.329055
v -0.991444 -0.550859 -2.329371
v -0.989793 -0.543829 -2.328742
v -0.99183 -0.554388 -2.32969
v -0.98903 -0.540312 -2.328436
v -0.986775 -0.747056 -2.348823
v -0.999241 -0.53644 -2.328138
v -0.999142 -0.533367 -2.327886
v -0.999556 -0.539953 -2.328654
v -1.000149 -0.54343 -2.329481
v -1.010648 -0.536301 -2.323382
v -0.996792 -0.444445 -2.319413
v -1.010972 -0.539991 -2.32388
v -1.000835 -0.546895 -2.330415
v -1.011549 -0.543484 -2.324624
v -1.001428 -0.550369 -2.331253
v -1.012215 -0.546964 -2.325457
v -1.001743 -0.553878 -2.33179
v -1.012796 -0.550454 -2.326205
v -0.992645 -0.579584 -2.332092
v -1.002557 -0.579052 -2.33419
v -0.998782 -0.746565 -2.348836
v -1.008692 -0.745952 -2.350925
v -0.994361 -0.918722 -2.365929
v -1.006365 -0.918154 -2.365934
v -1.016271 -0.917479 -2.368018
v -0.998468 -1.094111 -2.38498
v -1.003097 -1.094035 -2.383316
v -1.015097 -1.09341 -2.383316
v -1.025002 -1.092688 -2.385395
v -1.002381 -1.272298 -2.404244
v -1.008058 -1.272148 -2.402576
v -1.012686 -1.272056 -2.400912
v -1.024685 -1.271392 -2.400907
v -1.034587 -1.270639 -2.402982
v -1.006694 -1.452604 -2.420337
v -1.034998 -1.457126 -2.419223
v -1.044732 -1.450391 -2.42071
v -1.022833 -1.451847 -2.418643
v -1.018206 -1.451948 -2.420309
v -1.01253 -1.452108 -2.421978
v -1.018437 -1.458032 -2.420734
v -1.012878 -1.458203 -2.42223
v -1.007161 -1.458675 -2.420762
v -1.00306 -1.465135 -2.419888
v -1.007793 -1.46476 -2.420949
v -0.978918 -1.464307 -2.414557
v -1.013228 -1.464345 -2.422007
v -0.992667 -1.273658 -2.395905
v -1.023056 -1.457915 -2.41924
v -0.992833 -1.095707 -2.381619
v -1.018507 -1.46415 -2.420922
v -1.023106 -1.463993 -2.419838
v -1.044879 -1.456484 -2.421087
v -1.058098 -1.450336 -2.413605
v -1.034606 -1.463337 -2.419825
v -1.018523 -1.470279 -2.421031
v -1.023098 -1.470076 -2.420436
v -1.013579 -1.470504 -2.421625
v -1.008481 -1.470851 -2.421056
v -1.013929 -1.476647 -2.421402
v -1.003764 -1.471177 -2.420485
v -1.009113 -1.476939 -2.421242
v -1.018593 -1.476399 -2.421218
v -1.014279 -1.482745 -2.421655
v -1.00311 -1.458884 -2.41416
v -1.002441 -1.273999 -2.39924
v -1.003631 -1.465483 -2.414782
v -1.008222 -1.452919 -2.41543
v -1.008525 -1.458812 -2.415798
v -1.01252 -1.452499 -2.416842
v -0.985911 -0.747596 -2.343775
v -0.979771 -0.580501 -2.327019
v -0.991936 -0.551388 -2.324272
v -0.992386 -0.554865 -2.324592
v -0.993203 -0.580064 -2.326995
v -1.000167 -0.548027 -2.325436
v -1.000822 -0.55127 -2.326219
v -1.001172 -0.554489 -2.326708
v -1.001979 -0.579564 -2.329098
v -1.008659 -0.548446 -2.32204
v -0.99934 -0.747052 -2.343739
v -1.008038 -0.746483 -2.345845
v -1.009182 -0.551576 -2.322712
v -1.006923 -0.918635 -2.360837
v -1.01556 -0.918015 -2.362946
v -0.993498 -0.919265 -2.360881
v -1.015655 -1.093886 -2.378218
v -1.005996 -1.167054 -2.385444
v -1.024272 -1.093228 -2.380325
v -1.025242 -1.271864 -2.395809
v -1.033866 -1.27118 -2.397912
v -1.016659 -1.452436 -2.415421
v -1.021996 -1.452367 -2.413588
v -1.035487 -1.457236 -2.414083
v -1.043994 -1.450858 -2.415635
v -1.012854 -1.458321 -2.417082
v -1.017035 -1.458326 -2.415787
v -1.022309 -1.458374 -2.414165
v -1.008828 -1.464782 -2.415904
v -1.013196 -1.464257 -2.416858
v -1.017426 -1.464292 -2.415889
v -1.022539 -1.464405 -2.414736
v -1.044082 -1.45677 -2.416008
v -1.054433 -1.450774 -2.410014
v -1.034954 -1.463729 -2.414701
v -1.017815 -1.47037 -2.41593
v -1.022767 -1.470499 -2.415314
v -1.013552 -1.470424 -2.416476
v -1.009148 -1.470864 -2.415949
v -1.0041 -1.471567 -2.41536
v -1.009314 -1.477197 -2.416102
v -1.013917 -1.476743 -2.416253
v -0.979781 -1.47913 -2.416019
v -1.014288 -1.483165 -2.416523
v -1.018386 -1.476678 -2.41608
v -0.988307 -1.610361 -2.434125
v -1.03437 -1.469848 -2.415286
v -0.987121 -1.606751 -2.428593
v -1.043855 -1.462767 -2.41609
v -1.033947 -1.47597 -2.415879
v -1.054569 -1.456581 -2.410421
v -1.054453 -1.462489 -2.410577
v -1.059838 -1.463552 -2.399767
v -1.043514 -1.46892 -2.416082
v -1.054453 -1.462489 -2.410577
v -1.033979 -1.482077 -2.416477
v -1.043291 -1.475208 -2.41618
v -1.054246 -1.468632 -2.410653
v -1.059548 -1.469707 -2.399708
v -1.054122 -1.474983 -2.410823
v -1.059355 -1.475996 -2.399774
v -1.04339 -1.481522 -2.416586
v -1.040461 -1.603925 -2.428479
v -1.054241 -1.481115 -2.411276
v -1.050424 -1.603413 -2.428593
v -1.059491 -1.482875 -2.400163
v -1.060938 -1.603359 -2.42365
v -1.059417 -1.483301 -2.390726
v -1.065763 -1.604165 -2.412905
v -1.065716 -1.605124 -2.403025
v -1.061295 -1.605175 -2.424088
v -1.066215 -1.606053 -2.413187
v -1.066204 -1.607083 -2.402831
v -1.060067 -1.6068 -2.422957
v -1.059563 -1.485295 -2.371113
v -1.064711 -1.607524 -2.412985
v -1.050337 -1.606822 -2.427681
v -1.050619 -1.60529 -2.429132
v -1.040081 -1.605852 -2.429054
v -1.04054 -1.607315 -2.427843
v -1.06495 -1.608893 -2.399361
v -1.020863 -1.608464 -2.427894
v -0.987252 -1.608932 -2.429197
v -0.987341 -1.61042 -2.427981
v -0.988532 -1.614887 -2.430431
v -0.988785 -1.620157 -2.38036
v -0.987606 -1.615239 -2.378463
v -1.051052 -1.611229 -2.430269
v -1.017298 -1.621484 -2.351916
v -1.015635 -1.616544 -2.350501
v -1.067556 -1.618567 -2.351593
v -1.065317 -1.614056 -2.350172
v -1.066608 -1.612633 -2.350001
v -1.067082 -1.612012 -2.413905
v -1.071457 -1.614233 -2.351161
v -1.066105 -1.610421 -2.349768
v -1.07124 -1.610027 -2.350742
v -1.070975 -1.607587 -2.414413
v -1.059511 -1.482857 -2.336452
v -1.064647 -1.482453 -2.337452
v -1.06471 -1.485115 -2.371134
v -1.064562 -1.483083 -2.39074
v -1.064509 -1.482527 -2.401278
v -1.051789 -1.606656 -2.433958
v -1.064802 -1.606528 -2.427607
v -1.061921 -1.611154 -2.424989
v -1.057906 -1.480657 -2.414864
v -1.044544 -1.481022 -2.42158
v -1.057793 -1.474833 -2.414432
v -1.033958 -1.481624 -2.421606
v -1.044396 -1.474924 -2.421202
v -1.033881 -1.475545 -2.42101
v -1.034181 -1.469444 -2.420417
v -1.044526 -1.468782 -2.42113
v -1.044749 -1.462625 -2.42116
v -1.057913 -1.468701 -2.414268
v -1.05812 -1.462556 -2.414193
v -1.05824 -1.456425 -2.41403
v -1.05812 -1.462556 -2.414193
v -1.064913 -1.463604 -2.400642
v -1.0646 -1.469757 -2.400702
v -1.064389 -1.475895 -2.400855
v -1.064249 -1.476992 -2.390378
v -1.063936 -1.470864 -2.390392
v -1.064534 -1.478562 -2.375149
v -1.065124 -1.457467 -2.40049
v -1.063624 -1.464723 -2.390531
v -1.064011 -1.472008 -2.37935
v -1.06503 -1.451376 -2.40006
v -1.063308 -1.458485 -2.390633
v -1.063696 -1.465911 -2.379073
v -1.06463 -1.47245 -2.374795
v -1.05572 -1.271662 -2.381505
v -1.06338 -1.45982 -2.378738
v -1.064806 -1.466329 -2.374497
v -1.064742 -1.479034 -2.370503
v -1.065252 -1.47293 -2.369873
v -1.064605 -1.47954 -2.365704
v -1.065921 -1.466818 -2.369244
v -1.064706 -1.473487 -2.364791
v -1.064157 -1.474004 -2.360089
v -1.064902 -1.460219 -2.374144
v -1.064886 -1.467435 -2.363823
v -1.066431 -1.460716 -2.368614
v -1.063065 -1.453748 -2.378232
v -1.06476 -1.454139 -2.373631
v -1.053688 -1.272777 -2.371627
v -1.046462 -1.093727 -2.363593
v -1.053753 -1.273995 -2.359672
v -1.044428 -1.09481 -2.353712
v -1.037282 -0.918497 -2.346662
v -1.055448 -1.274377 -2.35507
v -1.035245 -0.919533 -2.336777
v -1.028206 -0.746902 -2.331052
v -1.044491 -1.095989 -2.341753
v -1.026166 -0.747876 -2.321162
v -1.019261 -0.579872 -2.317102
v -1.035305 -0.920655 -2.324812
v -1.046185 -1.096356 -2.337149
v -1.017217 -0.580766 -2.307205
v -1.018035 -0.554679 -2.31511
v -1.026222 -0.748921 -2.30919
v -1.036998 -0.921 -2.320206
v -1.01599 -0.55555 -2.305211
v -1.017664 -0.551167 -2.31463
v -1.017268 -0.581712 -2.295225
v -1.027913 -0.749234 -2.304581
v -1.047886 -1.096826 -2.3315
v -1.015901 -0.553289 -2.292905
v -1.038698 -0.921442 -2.314554
v -1.018957 -0.581987 -2.290613
v -1.029611 -0.749639 -2.298926
v -1.015838 -0.552032 -2.30466
v -1.01773 -0.556786 -2.288621
v -1.020652 -0.582344 -2.284954
v -1.037078 -0.922075 -2.308727
v -1.027989 -0.750236 -2.293094
v -1.019427 -0.557159 -2.282963
v -1.046269 -1.097486 -2.325675
v -1.017407 -0.553265 -2.288224
v -1.019028 -0.582894 -2.279119
v -1.01893 -0.553639 -2.282682
v -1.017802 -0.557691 -2.277126
v -1.015747 -0.549448 -2.29225
v -1.016852 -0.549766 -2.287665
v -1.017477 -0.554152 -2.276965
v -1.01569 -0.548543 -2.303734
v -1.017961 -0.550137 -2.282401
v -1.016992 -0.54769 -2.313869
v -1.016225 -0.544221 -2.313017
v -1.015548 -0.545064 -2.302683
v -1.015564 -0.540741 -2.312257
v -1.015608 -0.545936 -2.291616
v -1.015411 -0.541576 -2.301756
v -1.015214 -0.537229 -2.311775
v -1.016221 -0.546273 -2.287051
v -1.015105 -0.534153 -2.311533
v -1.010948 -0.445058 -2.30575
v -1.002624 -0.277819 -2.30331
v -1.010948 -0.445058 -2.30575
v -1.007486 -0.280031 -2.280669
v -1.012619 -0.447459 -2.280733
v -1.015105 -0.534153 -2.311533
v -1.015293 -0.536535 -2.281285
v -1.015373 -0.539249 -2.286095
v -1.015475 -0.54242 -2.291039
v -1.015402 -0.539606 -2.281555
v -1.015293 -0.536535 -2.281285
v -1.015676 -0.542772 -2.286492
v -1.015373 -0.539249 -2.286095
v -1.015499 -0.53914 -2.248214
v -1.012619 -0.447459 -2.280733
v -1.015878 -0.543132 -2.281836
v -1.015402 -0.539606 -2.281555
v -1.012869 -0.451371 -2.241285
v -1.007486 -0.280031 -2.280669
v -1.010359 -0.53939 -2.247167
v -1.007728 -0.451628 -2.24024
v -1.007475 -0.447636 -2.280549
v -1.010147 -0.536716 -2.281234
v -1.016837 -0.546639 -2.282118
v -1.016918 -0.550609 -2.276967
v -1.016284 -0.547063 -2.277024
v -1.015735 -0.543517 -2.277026
v -1.015431 -0.539976 -2.276865
v -1.015293 -0.536535 -2.281285
v -1.015608 -0.542213 -2.248456
v -1.015499 -0.53914 -2.248214
v -1.010468 -0.542481 -2.247411
v -1.010359 -0.53939 -2.247167
v -1.010147 -0.536716 -2.281234
v -1.010291 -0.540291 -2.276908
v -1.010265 -0.539981 -2.281552
v -1.010234 -0.539572 -2.286036
v -1.010633 -0.544159 -2.277316
v -1.010795 -0.543962 -2.281866
v -1.010234 -0.539572 -2.286036
v -1.010578 -0.543457 -2.286234
v -1.010337 -0.54274 -2.290901
v -1.011244 -0.547898 -2.277678
v -1.011826 -0.547827 -2.282171
v -1.011192 -0.547207 -2.286454
v -1.010222 -0.540912 -2.302011
v -1.012955 -0.551345 -2.28245
v -1.010047 -0.534408 -2.310598
v -1.010147 -0.536716 -2.281234
v -1.007475 -0.447636 -2.280549
v -1.005888 -0.445303 -2.304826
v -1.010161 -0.537616 -2.310859
v -0.998959 -0.277993 -2.299696
v -1.005888 -0.445303 -2.304826
v -1.004145 -0.444602 -2.312611
v -1.006993 -0.536865 -2.319795
v -1.010047 -0.534408 -2.310598
v -0.995919 -0.444887 -2.314357
v -1.01053 -0.541445 -2.31143
v -1.007357 -0.541114 -2.320389
v -1.010487 -0.546361 -2.291274
v -1.007993 -0.544969 -2.321207
v -1.01121 -0.545155 -2.312311
v -1.010414 -0.545428 -2.302861
v -1.01196 -0.548609 -2.313275
v -1.010563 -0.548885 -2.304065
v -1.01065 -0.549912 -2.291676
v -1.011902 -0.550753 -2.28664
v -1.012589 -0.551853 -2.314087
v -1.010716 -0.552303 -2.305127
v -1.010815 -0.55343 -2.292084
v -1.012506 -0.554045 -2.286849
v -1.010872 -0.555767 -2.305739
v -1.012927 -0.555075 -2.31459
v -1.012846 -0.557272 -2.287064
v -1.013855 -0.554512 -2.282702
v -1.014295 -0.557594 -2.282946
v -1.012099 -0.580984 -2.307734
v -1.014148 -0.580171 -2.316567
v -1.012206 -0.582043 -2.294338
v -1.01551 -0.582572 -2.284917
v -1.021048 -0.748102 -2.321691
v -1.023103 -0.747223 -2.330437
v -1.021161 -0.749268 -2.308302
v -1.0245 -0.750462 -2.298942
v -1.030127 -0.919753 -2.337306
v -1.032187 -0.918827 -2.345985
v -1.030244 -0.921005 -2.323926
v -1.03359 -0.922334 -2.31458
v -1.03931 -1.095025 -2.354241
v -1.041371 -1.094061 -2.362896
v -1.043226 -1.169037 -2.348042
v -1.042798 -1.098085 -2.331565
v -1.04857 -1.272989 -2.372156
v -1.050628 -1.271998 -2.380817
v -1.052064 -1.276185 -2.349497
v -1.058165 -1.45835 -2.391076
v -1.059936 -1.451638 -2.399355
v -1.057998 -1.454074 -2.37737
v -1.059867 -1.454474 -2.37206
v -1.061316 -1.454793 -2.367942
v -1.059958 -1.460351 -2.37271
v -1.058295 -1.460079 -2.377964
v -1.061283 -1.460598 -2.368545
v -1.060033 -1.457552 -2.399718
v -1.059918 -1.455346 -2.363654
v -1.060011 -1.46123 -2.364231
v -1.058486 -1.464863 -2.390846
v -1.058791 -1.471023 -2.390549
v -1.058585 -1.466113 -2.378475
v -1.058878 -1.47221 -2.378989
v -1.059103 -1.477178 -2.390413
v -1.05939 -1.478614 -2.374904
v -1.059537 -1.472339 -2.374043
v -1.05978 -1.46629 -2.373374
v -1.059594 -1.478894 -2.370445
v -1.060112 -1.472615 -2.369792
v -1.060782 -1.466496 -2.369157
v -1.059458 -1.479553 -2.365866
v -1.059599 -1.473234 -2.365408
v -1.059838 -1.467178 -2.364809
v -1.059018 -1.474142 -2.360393
v -1.058725 -1.468067 -2.359639
v -1.058413 -1.46147 -2.358809
v -1.058718 -1.467525 -2.334844
v -1.063846 -1.46798 -2.359102
v -1.064986 -1.461383 -2.362911
v -1.063481 -1.460911 -2.357988
v -1.066463 -1.454639 -2.367984
v -1.064847 -1.455327 -2.362162
v -1.05715 -1.274866 -2.349423
v -1.055533 -1.275545 -2.343599
v -1.053908 -1.276114 -2.338856
v -1.054076 -1.278402 -2.316378
v -1.044643 -1.09804 -2.320929
v -1.04894 -1.278774 -2.315348
v -1.035452 -0.922607 -2.303979
v -1.044806 -1.100255 -2.298446
v -1.026361 -0.750738 -2.288345
v -1.03561 -0.924714 -2.281486
v -1.048831 -1.276291 -2.3397
v -1.039671 -1.100625 -2.297414
v -1.039566 -1.098222 -2.321774
v -1.030375 -0.922795 -2.304823
v -1.030474 -0.925082 -2.280453
v -1.021285 -0.750934 -2.289189
v -1.026511 -0.7527 -2.265839
v -1.021376 -0.753064 -2.264806
v -1.012321 -0.583549 -2.275211
v -1.017398 -0.583358 -2.274366
v -1.017538 -0.585135 -2.251846
v -1.012402 -0.585479 -2.25081
v -1.016171 -0.558138 -2.272372
v -1.016253 -0.558641 -2.249753
v -1.011091 -0.558348 -2.27319
v -1.010925 -0.554415 -2.248354
v -1.012886 -0.557936 -2.278639
v -1.012548 -0.554714 -2.278346
v -1.016019 -0.554588 -2.272217
v -1.011949 -0.55143 -2.278042
v -1.015871 -0.551025 -2.272235
v -1.01093 -0.554884 -2.272949
v -1.010766 -0.551396 -2.272798
v -1.015602 -0.542213 -2.248456
v -1.015728 -0.547457 -2.27231
v -1.015591 -0.543894 -2.272328
v -1.015431 -0.539976 -2.276865
v -1.010603 -0.547826 -2.272643
v -1.010468 -0.542481 -2.247411
v -1.010451 -0.544191 -2.272448
v -1.010291 -0.540291 -2.276908
v 0.053456 -1.624478 0.098412
v 0.043892 -1.444007 0.107809
v 0.049557 -1.443626 0.106138
v 0.05912 -1.624086 0.096741
v 0.047607 -1.624706 0.096762
v 0.054173 -1.4433 0.104469
v 0.048052 -1.630774 0.096272
v 0.053782 -1.630543 0.097749
v 0.040546 -1.264933 0.115402
v 0.05933 -1.630166 0.096251
v 0.045162 -1.264621 0.113732
v 0.063736 -1.623751 0.095072
v 0.054106 -1.636584 0.096608
v 0.066174 -1.442677 0.10447
v 0.048662 -1.636821 0.095542
v 0.057165 -1.264037 0.11373
v 0.067088 -1.263662 0.115816
v 0.076095 -1.44227 0.106556
v 0.058926 -1.087799 0.124868
v 0.075884 -1.629097 0.094761
v 0.085655 -1.622682 0.097162
v 0.049002 -1.088127 0.122785
v 0.051903 -0.915623 0.133642
v 0.063938 -1.62984 0.094755
v 0.041975 -0.915888 0.131563
v 0.046309 -0.748078 0.142067
v 0.036996 -1.088654 0.12279
v 0.036379 -0.748263 0.139992
v 0.045577 -0.722826 0.14346
v 0.029967 -0.916338 0.131571
v 0.032379 -1.088943 0.124461
v 0.035646 -0.722988 0.141386
v 0.045272 -0.719275 0.143456
v 0.024367 -0.748614 0.140005
v 0.025348 -0.916596 0.133244
v 0.03488 -1.265295 0.117074
v 0.026711 -1.089277 0.126134
v 0.038043 -1.444225 0.106161
v 0.029029 -1.265494 0.115426
v 0.019679 -0.916893 0.13492
v 0.043156 -1.629865 0.09485
v 0.020859 -1.089449 0.124488
v 0.033277 -1.444387 0.10451
v 0.024262 -1.26564 0.113776
v 0.020566 -1.650451 0.093887
v 0.043919 -1.63702 0.094475
v 0.044604 -1.643085 0.094157
v 0.00969 -1.445614 0.104555
v 0.049326 -1.642862 0.094733
v 0.054429 -1.642617 0.095308
v 0.049935 -1.64891 0.094003
v 0.059377 -1.636244 0.095523
v 0.054754 -1.64866 0.094167
v 0.020557 -1.650208 0.088742
v 0.019679 -1.634205 0.089577
v 0.044901 -1.642706 0.08903
v 0.044452 -1.636603 0.08937
v 0.043953 -1.629998 0.089743
v 0.009666 -1.445348 0.099412
v 0.049379 -1.630172 0.091332
v 0.034112 -1.44408 0.099437
v 0.049097 -1.624289 0.09185
v 0.043897 -1.444725 0.102617
v 0.049659 -1.636092 0.090543
v 0.053407 -1.624097 0.093276
v 0.049955 -1.642113 0.089677
v 0.053719 -1.629891 0.092641
v 0.054036 -1.635728 0.091531
v 0.050098 -1.648399 0.088881
v 0.054365 -1.641769 0.090229
v 0.057891 -1.629714 0.091327
v 0.054703 -1.647985 0.089062
v 0.058258 -1.635629 0.090533
v 0.058624 -1.641646 0.089664
v 0.055051 -1.654369 0.088367
v 0.059171 -1.647907 0.088865
v 0.063362 -1.635583 0.089337
v 0.06357 -1.641696 0.088997
v 0.063152 -1.629534 0.089675
v 0.07578 -1.634945 0.089306
v 0.057535 -1.623834 0.091847
v 0.06286 -1.623508 0.090003
v 0.076334 -1.628461 0.089657
v 0.047783 -1.337077 0.104912
v 0.075392 -1.442043 0.10146
v 0.084938 -1.622381 0.092071
v 0.085005 -1.628284 0.091555
v 0.066692 -1.442384 0.099354
v 0.066376 -1.263433 0.110721
v 0.095627 -1.621483 0.086633
v 0.057683 -1.263748 0.108615
v 0.058234 -1.087566 0.11977
v 0.04952 -1.087843 0.117669
v 0.051272 -0.915384 0.128537
v 0.034883 -1.266034 0.111881
v 0.042494 -0.91561 0.126446
v 0.045759 -0.74782 0.136953
v 0.036094 -1.088434 0.117724
v 0.036897 -0.747977 0.134876
v 0.045038 -0.722666 0.138341
v 0.029064 -0.916115 0.126506
v 0.026694 -1.089652 0.120961
v 0.036163 -0.722701 0.13627
v 0.044697 -0.719404 0.13834
v 0.023465 -0.748375 0.13494
v 0.019653 -0.917119 0.129754
v 0.025097 -1.265338 0.108703
v 0.000648 -1.266526 0.108682
v 0.016926 -1.089277 0.117766
v 0.01403 -0.748789 0.138219
v 0.022641 -0.719688 0.136524
v 0.017436 -0.723472 0.138172
v 0.035725 -0.719214 0.136476
v 0.013307 -0.723738 0.139601
v 0.044048 -0.716077 0.138054
v 0.017383 -0.720221 0.138168
v 0.034835 -0.715749 0.136681
v 0.02241 -0.716163 0.136725
v 0.052809 -0.716009 0.134742
v 0.053325 -0.719205 0.134936
v 0.043257 -0.71252 0.137669
v 0.057171 -0.72147 0.126648
v 0.056843 -0.718211 0.126635
v 0.053592 -0.722295 0.134892
v 0.045038 -0.722666 0.138341
v 0.044697 -0.719404 0.13834
v 0.056843 -0.718211 0.126635
v 0.053592 -0.722295 0.134892
v 0.045759 -0.74782 0.136953
v 0.058306 -0.746582 0.124849
v 0.054519 -0.747403 0.133301
v 0.051272 -0.915384 0.128537
v 0.0667 -0.913857 0.113551
v 0.061501 -0.914735 0.123486
v 0.058234 -1.087566 0.11977
v 0.075216 -1.085883 0.10323
v 0.069261 -1.086777 0.113974
v 0.066376 -1.263433 0.110721
v 0.083827 -1.261703 0.093712
v 0.077643 -1.262573 0.104701
v 0.075392 -1.442043 0.10146
v 0.092508 -1.440346 0.084786
v 0.086487 -1.441167 0.095606
v 0.084938 -1.622381 0.092071
v 0.101238 -1.620766 0.076213
v 0.052152 -0.712444 0.134443
v 0.056223 -0.714883 0.126322
v 0.051527 -0.708508 0.134213
v 0.055481 -0.711322 0.125892
v 0.054894 -0.717313 0.117795
v 0.054746 -0.713774 0.117256
v 0.05504 -0.72083 0.117881
v 0.057171 -0.72147 0.126648
v 0.054892 -0.716473 0.104728
v 0.056182 -0.746065 0.116079
v 0.058306 -0.746582 0.124849
v 0.056186 -0.745112 0.102674
v 0.064569 -0.913417 0.104851
v 0.0667 -0.913857 0.113551
v 0.064579 -0.912571 0.091439
v 0.07308 -1.085501 0.094586
v 0.075216 -1.085883 0.10323
v 0.073094 -1.08474 0.081168
v 0.08169 -1.261361 0.085084
v 0.083827 -1.261703 0.093712
v 0.081707 -1.260665 0.071663
v 0.090375 -1.44003 0.076149
v 0.092508 -1.440346 0.084786
v 0.090393 -1.439377 0.062726
v 0.099371 -1.626144 0.0671
v 0.101238 -1.620766 0.076213
v 0.099121 -1.619888 0.054188
v 0.093695 -1.439931 0.053234
v 0.084987 -1.260758 0.062191
v 0.076371 -1.084768 0.071698
v 0.100949 -1.619496 0.048862
v 0.099398 -1.625916 0.053875
v 0.101021 -1.625405 0.048626
v 0.102366 -1.619201 0.044732
v 0.102315 -1.625031 0.044462
v 0.100934 -1.619103 0.040421
v 0.067838 -0.91223 0.081987
v 0.05942 -0.744264 0.093251
v 0.056871 -0.719534 0.099175
v 0.058289 -0.719242 0.095044
v 0.081695 -1.259673 0.052502
v 0.056542 -0.71631 0.099448
v 0.090384 -1.438448 0.043562
v 0.054738 -0.712939 0.104852
v 0.099368 -1.624417 0.034727
v 0.054602 -0.710176 0.116583
v 0.05595 -0.713022 0.099737
v 0.05481 -0.707517 0.12558
v 0.054587 -0.709368 0.104986
v 0.054465 -0.706516 0.11608
v 0.057859 -0.716156 0.095267
v 0.055253 -0.709486 0.100089
v 0.056846 -0.718932 0.090747
v 0.054448 -0.705731 0.105159
v 0.056969 -0.712984 0.095498
v 0.056519 -0.715702 0.09094
v 0.055009 -0.718521 0.085311
v 0.055931 -0.712407 0.091135
v 0.064556 -0.911365 0.07229
v 0.055853 -0.709461 0.095757
v 0.056155 -0.743744 0.083536
v 0.054652 -0.705744 0.100436
v 0.073077 -1.083658 0.062012
v 0.054322 -0.701872 0.100824
v 0.054835 -0.705591 0.09604
v 0.054319 -0.701606 0.096328
v 0.055238 -0.708859 0.091308
v 0.054639 -0.705106 0.091513
v 0.054309 -0.70122 0.091691
v 0.054211 -0.698346 0.096502
v 0.054322 -0.701872 0.100824
v 0.054211 -0.698346 0.096502
v 0.054343 -0.700443 0.125847
v 0.054339 -0.702862 0.116014
v 0.054453 -0.703641 0.12559
v 0.054343 -0.700443 0.125847
v 0.051147 -0.704228 0.134292
v 0.050307 -0.611435 0.132806
v 0.048577 -0.611915 0.141026
v 0.042563 -0.708721 0.137381
v 0.042183 -0.70485 0.137412
v 0.042083 -0.701639 0.137631
v 0.040766 -0.612405 0.142726
v 0.048577 -0.611915 0.141026
v 0.043995 -0.445229 0.153141
v 0.03543 -0.44566 0.154057
v 0.033805 -0.71224 0.136896
v 0.033177 -0.707671 0.137177
v 0.022186 -0.712599 0.136932
v 0.042083 -0.701639 0.137631
v 0.021994 -0.708967 0.137158
v 0.017338 -0.716878 0.137909
v 0.017294 -0.705568 0.137407
v 0.01264 -0.702483 0.13764
v 0.016402 -0.613681 0.144187
v 0.040766 -0.612405 0.142726
v 0.023204 -0.446488 0.156557
v 0.012795 -0.705755 0.137419
v 0.017294 -0.705568 0.137407
v 0.01264 -0.702483 0.13764
v 0.01733 -0.713273 0.13757
v 0.017297 -0.709473 0.137348
v 0.017294 -0.705568 0.137407
v 0.013124 -0.717366 0.138916
v 0.012909 -0.70978 0.137533
v 0.013021 -0.713741 0.138158
v 0.013217 -0.720619 0.139483
v 0.008718 -0.717128 0.137929
v 0.008989 -0.723718 0.138185
v 0.008857 -0.720468 0.138184
v 0.003526 -0.723671 0.136385
v 0.003458 -0.720202 0.136584
v 0.009891 -0.916835 0.126553
v 0.004286 -0.748933 0.134996
v -0.007528 -1.090349 0.117751
v -0.014569 -0.917749 0.126547
v -0.020181 -0.749647 0.135
v -0.007504 -1.090611 0.122894
v -0.014545 -0.918008 0.13169
v -0.020157 -0.749918 0.140143
v 0.000672 -1.266791 0.113825
v 0.016091 -1.089574 0.122839
v 0.009057 -0.917123 0.131627
v 0.013826 -0.917028 0.133274
v 0.003451 -0.749226 0.14007
v 0.008221 -0.74917 0.141715
v 0.014077 -0.749081 0.143358
v 0.002719 -0.723947 0.141464
v -0.020964 -0.722075 0.141688
v -0.021084 -0.718444 0.136756
v 0.002741 -0.720397 0.14168
v 0.003482 -0.716712 0.136782
v 0.00853 -0.713529 0.137595
v 0.003505 -0.713141 0.136989
v 0.008355 -0.709733 0.137375
v 0.008142 -0.705835 0.137436
v 0.01264 -0.702483 0.13764
v -0.021429 -0.706564 0.137535
v 0.003492 -0.709504 0.137215
v 0.008142 -0.705835 0.137436
v -0.021518 -0.70347 0.137746
v 0.016402 -0.613681 0.144187
v -0.021403 -0.706911 0.142671
v -0.024055 -0.615671 0.144229
v -0.021492 -0.703835 0.142883
v -0.02403 -0.61605 0.149365
v 0.023922 -0.447029 0.161628
v 0.012699 -0.702838 0.14278
v 0.012699 -0.702838 0.142777
v 0.008113 -0.706051 0.142581
v 0.012816 -0.705914 0.142567
v 0.017368 -0.705781 0.142553
v 0.012816 -0.705914 0.142567
v 0.012699 -0.702838 0.14278
v 0.008097 -0.709609 0.142517
v 0.008113 -0.706051 0.142581
v 0.003387 -0.709735 0.142359
v 0.003191 -0.713288 0.142127
v 0.01292 -0.70948 0.142674
v 0.017368 -0.705781 0.142553
v 0.007918 -0.713188 0.142697
v 0.002937 -0.716843 0.141901
v 0.017588 -0.709332 0.142487
v 0.022148 -0.709188 0.142301
v 0.013027 -0.713077 0.143265
v 0.007684 -0.716773 0.142962
v 0.007505 -0.72035 0.143152
v 0.013134 -0.716682 0.14402
v 0.017972 -0.712895 0.142665
v 0.00749 -0.723908 0.143108
v 0.013241 -0.720275 0.144621
v 0.013345 -0.723838 0.14475
v 0.018411 -0.71646 0.142928
v 0.018794 -0.720021 0.143117
v 0.019015 -0.723572 0.143073
v 0.022548 -0.712723 0.142068
v 0.023006 -0.716258 0.141839
v 0.02347 -0.720132 0.141592
v 0.019747 -0.748832 0.14168
v 0.035272 -0.71945 0.141601
v 0.034521 -0.715923 0.141819
v 0.033644 -0.7124 0.142041
v 0.044686 -0.715713 0.143151
v 0.032893 -0.708875 0.14227
v 0.044008 -0.712146 0.14275
v 0.043118 -0.705033 0.142473
v 0.017368 -0.705781 0.142553
v 0.043423 -0.708583 0.142456
v 0.043028 -0.701954 0.142683
v 0.012699 -0.702838 0.142777
v 0.016595 -0.614047 0.14932
v 0.041701 -0.612731 0.14778
v 0.036519 -0.446277 0.159053
v 0.026405 -0.441456 0.162028
v 0.036519 -0.446277 0.159053
v 0.03543 -0.44566 0.154057
v 0.025407 -0.440489 0.157069
v 0.036519 -0.446277 0.159053
v 0.030256 -0.4369 0.162345
v 0.03543 -0.44566 0.154057
v 0.029485 -0.43568 0.157401
v 0.035266 -0.433554 0.162566
v 0.036519 -0.446277 0.159053
v 0.03543 -0.44566 0.154057
v 0.034064 -0.432594 0.157651
v 0.047208 -0.430962 0.157852
v 0.047613 -0.445614 0.156785
v 0.047613 -0.445614 0.156785
v 0.041701 -0.612731 0.14778
v 0.054756 -0.704208 0.137969
v 0.043028 -0.701954 0.142683
v 0.05221 -0.612054 0.144674
v 0.049518 -0.445068 0.147944
v 0.05221 -0.612054 0.144674
v 0.055379 -0.611336 0.133694
v 0.055379 -0.611336 0.133694
v 0.059402 -0.700335 0.126804
v 0.052663 -0.444166 0.133351
v 0.0595 -0.703411 0.126585
v 0.059577 -0.705052 0.104851
v 0.059606 -0.706216 0.116027
v 0.05507 -0.707941 0.137907
v 0.059841 -0.706959 0.126533
v 0.055638 -0.711506 0.138116
v 0.060493 -0.710516 0.126759
v 0.059736 -0.709804 0.11642
v 0.056296 -0.715074 0.138415
v 0.061253 -0.714075 0.127078
v 0.056869 -0.718638 0.138629
v 0.059873 -0.713401 0.116939
v 0.061916 -0.717629 0.127305
v 0.060013 -0.71699 0.117333
v 0.045577 -0.722826 0.14346
v 0.045272 -0.719275 0.143456
v 0.057181 -0.722193 0.138583
v 0.062277 -0.721174 0.127253
v 0.061916 -0.717629 0.127305
v 0.046309 -0.748078 0.142067
v 0.057181 -0.722193 0.138583
v 0.063417 -0.746385 0.125451
v 0.058119 -0.747475 0.136983
v 0.051903 -0.915623 0.133642
v 0.0718 -0.913649 0.114231
v 0.065103 -0.914781 0.127166
v 0.058926 -1.087799 0.124868
v 0.080308 -1.085676 0.103968
v 0.072866 -1.086804 0.117652
v 0.067088 -1.263662 0.115816
v 0.088917 -1.261494 0.094468
v 0.081248 -1.262588 0.108379
v 0.076095 -1.44227 0.106556
v 0.097599 -1.440135 0.085534
v 0.090091 -1.441173 0.099284
v 0.085655 -1.622682 0.097162
v 0.106331 -1.62063 0.07697
v 0.099235 -1.621604 0.090306
v 0.060155 -0.720551 0.117351
v 0.062277 -0.721174 0.127253
v 0.061297 -0.745785 0.115548
v 0.063417 -0.746385 0.125451
v 0.059985 -0.716484 0.105522
v 0.069684 -0.913129 0.104321
v 0.0718 -0.913649 0.114231
v 0.061256 -0.744932 0.103561
v 0.069648 -0.912375 0.092328
v 0.078195 -1.085219 0.094055
v 0.080308 -1.085676 0.103968
v 0.078163 -1.084542 0.082057
v 0.086805 -1.261084 0.084553
v 0.088917 -1.261494 0.094468
v 0.086776 -1.260464 0.072551
v 0.09549 -1.439756 0.075617
v 0.097599 -1.440135 0.085534
v 0.095462 -1.439175 0.063614
v 0.10451 -1.626248 0.0666
v 0.106331 -1.62063 0.07697
v 0.104195 -1.619709 0.055048
v 0.097121 -1.43887 0.058993
v 0.088435 -1.260144 0.067932
v 0.07982 -1.084199 0.077438
v 0.105855 -1.619414 0.050427
v 0.071303 -0.912001 0.087711
v 0.104489 -1.62579 0.05464
v 0.06291 -0.744519 0.098946
v 0.105976 -1.625503 0.050026
v 0.061769 -0.7193 0.100749
v 0.107463 -1.625172 0.044472
v 0.107514 -1.619069 0.044756
v 0.059841 -0.712581 0.105449
v 0.09878 -1.438515 0.053323
v 0.059712 -0.709013 0.105348
v 0.061457 -0.715758 0.100885
v 0.060911 -0.712213 0.100859
v 0.06029 -0.708666 0.100779
v 0.059463 -0.701575 0.10089
v 0.059577 -0.705052 0.104851
v 0.059402 -0.700335 0.126804
v 0.059358 -0.698174 0.096539
v 0.059457 -0.701251 0.096347
v 0.059754 -0.705119 0.100753
v 0.059463 -0.701575 0.10089
v 0.05945 -0.700916 0.091654
v 0.059457 -0.701251 0.096347
v 0.059358 -0.698174 0.096539
v 0.059921 -0.704781 0.096094
v 0.05974 -0.704443 0.091282
v 0.060868 -0.708293 0.095842
v 0.06198 -0.711797 0.09559
v 0.060276 -0.70795 0.090746
v 0.062937 -0.715305 0.095338
v 0.060895 -0.711449 0.090156
v 0.06144 -0.714954 0.08962
v 0.063422 -0.718829 0.095086
v 0.061752 -0.718478 0.089248
v 0.064562 -0.744032 0.093284
v 0.062893 -0.743699 0.087445
v 0.060084 -0.718205 0.084493
v 0.072958 -0.911562 0.082045
v 0.071291 -0.911276 0.076203
v 0.081476 -1.083797 0.07177
v 0.079812 -1.083548 0.065926
v 0.090092 -1.25977 0.062262
v 0.088429 -1.259548 0.056416
v 0.097117 -1.438312 0.047476
v 0.105852 -1.618876 0.038909
v 0.095455 -1.438161 0.042714
v 0.105973 -1.624976 0.038744
v 0.104433 -1.623753 0.033959
v 0.086766 -1.259382 0.051655
v 0.10536 -1.641949 0.009419
v 0.078148 -1.08336 0.061166
v 0.095448 -1.437017 0.019123
v 0.086755 -1.258161 0.028068
v 0.069626 -0.911059 0.071444
v 0.078131 -1.082026 0.037585
v 0.061226 -0.743444 0.082689
v 0.069602 -0.909573 0.047873
v 0.072988 -1.082279 0.037574
v 0.061192 -0.741764 0.05913
v 0.064458 -0.909829 0.047862
v 0.056048 -0.742009 0.05912
v 0.081611 -1.258411 0.028057
v 0.090304 -1.437266 0.019113
v 0.099447 -1.626278 0.010151
v 0.104779 -1.630927 0.034002
v 0.105856 -1.631096 0.038743
v 0.101008 -1.625008 0.040111
v 0.099661 -1.631078 0.034561
v 0.100816 -1.630975 0.039796
v 0.099935 -1.637199 0.034396
v 0.101795 -1.630952 0.04419
v 0.100558 -1.637052 0.039485
v 0.100824 -1.631376 0.048398
v 0.101105 -1.637097 0.043909
v 0.100395 -1.643368 0.038996
v 0.099667 -1.631959 0.053478
v 0.100562 -1.637456 0.048158
v 0.100567 -1.6434 0.043621
v 0.099665 -1.63257 0.065897
v 0.099941 -1.638065 0.053073
v 0.100397 -1.643789 0.048073
v 0.100516 -1.649831 0.043325
v 0.099944 -1.638618 0.064681
v 0.101315 -1.626666 0.075688
v 0.101098 -1.632604 0.074843
v 0.095744 -1.627285 0.086167
v 0.095605 -1.63315 0.08544
v 0.084755 -1.634226 0.090741
v 0.100784 -1.638681 0.073868
v 0.095605 -1.63315 0.08544
v 0.075175 -1.641081 0.088975
v 0.084388 -1.640308 0.089817
v 0.074733 -1.647221 0.088649
v 0.095374 -1.639235 0.084599
v 0.084141 -1.646538 0.088975
v 0.07474 -1.653355 0.088328
v 0.100229 -1.644685 0.063625
v 0.100568 -1.644909 0.072996
v 0.100522 -1.650778 0.063018
v 0.095227 -1.64554 0.083819
v 0.100658 -1.651217 0.072439
v 0.084186 -1.65341 0.088397
v 0.095373 -1.651668 0.083301
v 0.106426 -1.773093 0.05684
v 0.027481 -1.778295 0.082058
v 0.106564 -1.773621 0.066787
v 0.101629 -1.774409 0.077275
v 0.055081 -1.654728 0.093504
v 0.027736 -1.782752 0.086983
v 0.080928 -1.775635 0.081949
v 0.090857 -1.775176 0.082045
v 0.101976 -1.776273 0.07744
v 0.091044 -1.777112 0.082298
v 0.080638 -1.777621 0.082233
v 0.100765 -1.777704 0.076057
v 0.090769 -1.778408 0.080651
v 0.105483 -1.776954 0.066353
v 0.107009 -1.775534 0.066784
v 0.077117 -1.779115 0.080816
v 0.105622 -1.776439 0.056557
v 0.106904 -1.775002 0.056316
v 0.105618 -1.775548 0.036867
v 0.027608 -1.780552 0.082328
v 0.027709 -1.78184 0.080897
v 0.027918 -1.779191 0.031222
v 0.027979 -1.786674 0.082652
v 0.055914 -1.776384 0.003337
v 0.091462 -1.783158 0.082541
v 0.092191 -1.77919 0.086868
v 0.028202 -1.784328 0.03099
v 0.105611 -1.774029 0.003321
v 0.056198 -1.781521 0.003105
v 0.106899 -1.772602 0.00338
v 0.107834 -1.77867 0.003111
v 0.107848 -1.781535 0.066595
v 0.106403 -1.770382 0.00348
v 0.11175 -1.774331 0.0033
v 0.11176 -1.777252 0.067786
v 0.105721 -1.649444 0.009073
v 0.100217 -1.642224 0.009422
v 0.105668 -1.650582 0.063026
v 0.105663 -1.649669 0.043333
v 0.105073 -1.637032 0.034075
v 0.105541 -1.643345 0.038797
v 0.105659 -1.637224 0.038798
v 0.106933 -1.631299 0.044187
v 0.106244 -1.637434 0.043901
v 0.105858 -1.631597 0.049463
v 0.105714 -1.643562 0.043617
v 0.105661 -1.637693 0.048845
v 0.104784 -1.631863 0.054059
v 0.105543 -1.643788 0.048282
v 0.105077 -1.637934 0.05342
v 0.104801 -1.632399 0.065565
v 0.105088 -1.638452 0.064509
v 0.105376 -1.644511 0.063578
v 0.106403 -1.626717 0.076485
v 0.106169 -1.632808 0.07572
v 0.105832 -1.638899 0.074863
v 0.099356 -1.627689 0.089815
v 0.099212 -1.633775 0.089062
v 0.099212 -1.633775 0.089062
v 0.085626 -1.634846 0.095779
v 0.08578 -1.628764 0.096623
v 0.105598 -1.644991 0.074099
v 0.075471 -1.635322 0.094433
v 0.063968 -1.63594 0.094439
v 0.075026 -1.641448 0.09411
v 0.05937 -1.642321 0.094715
v 0.063941 -1.642044 0.094122
v 0.059417 -1.6484 0.093986
v 0.085379 -1.640929 0.094832
v 0.074706 -1.647567 0.093788
v 0.074763 -1.653668 0.093468
v 0.085225 -1.647012 0.093987
v 0.098982 -1.639862 0.088221
v 0.098839 -1.64595 0.087468
v 0.085316 -1.653627 0.09342
v 0.105671 -1.651097 0.073612
v 0.09898 -1.651784 0.086976
v 0.105423 -1.778154 0.08077
v 0.102578 -1.782321 0.077441
v 0.043614 -0.430356 0.154214
v 0.043995 -0.445229 0.153141
v 0.044492 -0.444836 0.146846
v 0.043995 -0.445229 0.153141
v 0.048577 -0.611915 0.141026
v 0.050307 -0.611435 0.132806
v 0.052336 -0.431865 0.145989
v 0.047613 -0.445614 0.156785
v 0.049518 -0.445068 0.147944
v 0.047365 -0.431206 0.144817
v 0.043995 -0.445229 0.153141
v 0.044492 -0.444836 0.146846
v 0.047556 -0.444044 0.132699
v 0.052336 -0.431865 0.145989
v 0.052412 -0.4347 0.140669
v 0.047365 -0.431206 0.144817
v 0.047393 -0.433817 0.13993
v 0.052523 -0.438857 0.13638
v 0.049518 -0.445068 0.147944
v 0.044492 -0.444836 0.146846
v 0.047503 -0.438251 0.135401
v 0.044492 -0.444836 0.146846
v 0.049518 -0.445068 0.147944
v 0.054211 -0.698346 0.096502
v 0.051003 -0.60983 0.102231
v 0.056976 -0.607931 0.068695
v 0.051829 -0.608056 0.068599
v 0.05426 -0.698979 0.062186
v 0.056148 -0.609697 0.102403
v 0.059406 -0.698812 0.062201
v 0.059358 -0.698174 0.096539
v 0.059402 -0.700335 0.126804
v 0.059561 -0.704113 0.086582
v 0.05945 -0.700916 0.091654
v 0.059684 -0.707634 0.086031
v 0.054674 -0.710854 0.061348
v 0.059812 -0.711151 0.085423
v 0.059942 -0.713916 0.061121
v 0.059945 -0.714672 0.084871
v 0.054421 -0.70441 0.086696
v 0.054309 -0.70122 0.091691
v 0.054559 -0.708034 0.086345
v 0.054709 -0.711587 0.085964
v 0.054861 -0.71506 0.085591
v 0.103767 -1.454653 -2.367907
v 0.094522 -1.274872 -2.349393
v 0.092807 -1.274385 -2.355037
v 0.102051 -1.454156 -2.373549
v 0.102163 -1.45534 -2.362081
v 0.091102 -1.274004 -2.359635
v 0.1023 -1.461396 -2.362827
v 0.103732 -1.46073 -2.368534
v 0.083611 -1.096356 -2.337163
v 0.102191 -1.460236 -2.374061
v 0.081907 -1.09599 -2.341763
v 0.100346 -1.453766 -2.378147
v 0.10322 -1.466833 -2.36916
v 0.091011 -1.272791 -2.371591
v 0.102197 -1.467448 -2.363737
v 0.081817 -1.094815 -2.353723
v 0.083829 -1.093737 -2.363608
v 0.093021 -1.27168 -2.381473
v 0.074712 -0.918499 -2.346724
v 0.10056 -1.458508 -2.390546
v 0.102263 -1.451403 -2.399981
v 0.072698 -0.919531 -2.336834
v 0.065697 -0.746896 -2.33116
v 0.100658 -1.459838 -2.378652
v 0.063679 -0.747866 -2.321265
v 0.056808 -0.57986 -2.317254
v 0.072785 -0.920649 -2.32487
v 0.054786 -0.58075 -2.307352
v 0.055591 -0.554666 -2.315269
v 0.063762 -0.748907 -2.309293
v 0.074487 -0.920992 -2.320267
v 0.053567 -0.555533 -2.305365
v 0.055221 -0.551155 -2.314789
v 0.054864 -0.581692 -2.295372
v 0.065463 -0.749219 -2.304688
v 0.085324 -1.096824 -2.331518
v 0.0762 -0.921432 -2.314619
v 0.092918 -1.275549 -2.343566
v 0.08372 -1.097481 -2.325689
v 0.067174 -0.749622 -2.299036
v 0.100805 -1.460907 -2.3579
v 0.074593 -0.922063 -2.308787
v 0.091304 -1.276115 -2.338819
v 0.082104 -1.098033 -2.32094
v 0.102022 -1.48255 -2.336356
v 0.101167 -1.467991 -2.359014
v 0.101475 -1.474015 -2.359998
v 0.091531 -1.278498 -2.315322
v 0.102014 -1.4735 -2.364702
v 0.102548 -1.472945 -2.369785
v 0.10191 -1.479554 -2.365612
v 0.102093 -1.466346 -2.374411
v 0.102036 -1.47905 -2.370412
v 0.09688 -1.482839 -2.336349
v 0.096062 -1.466906 -2.334679
v 0.096335 -1.474153 -2.360291
v 0.096045 -1.468077 -2.359539
v 0.095735 -1.461474 -2.35871
v 0.086388 -1.278766 -2.315299
v 0.097322 -1.461242 -2.364136
v 0.086225 -1.276292 -2.339651
v 0.097231 -1.455358 -2.363562
v 0.089443 -1.27633 -2.34947
v 0.097147 -1.467191 -2.364711
v 0.09862 -1.454807 -2.367853
v 0.096906 -1.473247 -2.365308
v 0.098585 -1.460612 -2.368454
v 0.098082 -1.46651 -2.369062
v 0.096763 -1.479566 -2.365763
v 0.097409 -1.47263 -2.369693
v 0.09725 -1.460366 -2.372615
v 0.096889 -1.478908 -2.370342
v 0.097069 -1.466306 -2.373277
v 0.096824 -1.472355 -2.373943
v 0.096855 -1.485312 -2.371007
v 0.096675 -1.47863 -2.374801
v 0.095863 -1.46613 -2.378376
v 0.096155 -1.472228 -2.378887
v 0.095575 -1.460096 -2.377866
v 0.095737 -1.464885 -2.390746
v 0.097162 -1.454489 -2.371967
v 0.095281 -1.45409 -2.377274
v 0.095416 -1.458372 -2.390978
v 0.086043 -1.274356 -2.358739
v 0.08793 -1.272015 -2.380774
v 0.09717 -1.451664 -2.399263
v 0.097265 -1.457578 -2.399625
v 0.085891 -1.273002 -2.372108
v 0.078739 -1.09407 -2.362901
v 0.091643 -1.450803 -2.40991
v 0.076697 -1.09503 -2.35424
v 0.069619 -0.918828 -2.346036
v 0.076848 -1.096341 -2.340866
v 0.067579 -0.919751 -2.337353
v 0.060595 -0.747217 -2.330533
v 0.080229 -1.097953 -2.331558
v 0.05856 -0.748092 -2.321783
v 0.051696 -0.580158 -2.316707
v 0.067726 -0.920998 -2.323972
v 0.049667 -0.580968 -2.30787
v 0.050483 -0.555062 -2.314738
v 0.058703 -0.749253 -2.308394
v 0.071095 -0.922384 -2.314639
v 0.048448 -0.55575 -2.305881
v 0.050147 -0.551839 -2.314235
v 0.049804 -0.582022 -2.294473
v 0.062059 -0.750373 -2.299035
v 0.077026 -1.098215 -2.321772
v 0.077185 -1.100608 -2.297413
v 0.067899 -0.92278 -2.304869
v 0.05313 -0.582562 -2.28506
v 0.048422 -0.553411 -2.292227
v 0.050463 -0.557248 -2.28721
v 0.048294 -0.552286 -2.30527
v 0.051922 -0.557568 -2.283095
v 0.049521 -0.548595 -2.313423
v 0.050124 -0.55402 -2.286996
v 0.048143 -0.548867 -2.304209
v 0.048258 -0.549889 -2.29182
v 0.046199 -0.548435 -2.32218
v 0.046721 -0.551565 -2.322853
v 0.048773 -0.54514 -2.312459
v 0.038701 -0.554479 -2.326829
v 0.038352 -0.551259 -2.32634
v 0.046994 -0.554626 -2.323272
v 0.050483 -0.555062 -2.314738
v 0.050147 -0.551839 -2.314235
v 0.038352 -0.551259 -2.32634
v 0.046994 -0.554626 -2.323272
v 0.051696 -0.580158 -2.316707
v 0.039499 -0.579555 -2.329211
v 0.048 -0.579687 -2.325446
v 0.060595 -0.747217 -2.330533
v 0.045496 -0.746481 -2.345908
v 0.055481 -0.746587 -2.340731
v 0.069619 -0.918828 -2.346036
v 0.052954 -0.91802 -2.36296
v 0.063747 -0.918095 -2.357027
v 0.078739 -1.09407 -2.362901
v 0.061602 -1.093241 -2.380292
v 0.072636 -1.093278 -2.374127
v 0.08793 -1.272015 -2.380774
v 0.071129 -1.271201 -2.397832
v 0.08199 -1.271199 -2.391828
v 0.09717 -1.451664 -2.399263
v 0.081192 -1.450888 -2.415508
v 0.045536 -0.544957 -2.321347
v 0.0377 -0.548016 -2.325557
v 0.044902 -0.541102 -2.320529
v 0.036906 -0.544559 -2.324641
v 0.029472 -0.551375 -2.324374
v 0.028571 -0.547922 -2.324052
v 0.02992 -0.554852 -2.324694
v 0.038701 -0.554479 -2.326829
v 0.016388 -0.551892 -2.324367
v 0.030728 -0.580052 -2.327088
v 0.039499 -0.579555 -2.329211
v 0.017296 -0.580487 -2.327082
v 0.036802 -0.747047 -2.343782
v 0.045496 -0.746481 -2.345908
v 0.023374 -0.747589 -2.343788
v 0.044322 -0.918638 -2.360832
v 0.052954 -0.91802 -2.36296
v 0.030897 -0.919266 -2.360845
v 0.052989 -1.093897 -2.378165
v 0.061602 -1.093241 -2.380292
v 0.039568 -1.094588 -2.378185
v 0.062511 -1.271884 -2.395709
v 0.071129 -1.271201 -2.397832
v 0.049092 -1.272619 -2.395733
v 0.072687 -1.457269 -2.413935
v 0.081192 -1.450888 -2.415508
v 0.059198 -1.452393 -2.413411
v 0.039693 -1.273878 -2.399074
v 0.030162 -1.095758 -2.381517
v 0.021468 -0.920039 -2.364139
v 0.053857 -1.452462 -2.415232
v 0.059509 -1.458399 -2.413987
v 0.054231 -1.458352 -2.415597
v 0.049714 -1.452524 -2.416645
v 0.050047 -1.458346 -2.416883
v 0.04542 -1.452943 -2.415222
v 0.013936 -0.74819 -2.347064
v 0.007829 -0.580473 -2.330299
v 0.011176 -0.555404 -2.326509
v 0.007034 -0.555469 -2.327923
v 0.020408 -1.09558 -2.378176
v 0.011116 -0.552189 -2.326021
v 0.029935 -1.273673 -2.395731
v 0.016147 -0.548372 -2.324037
v 0.04031 -1.458912 -2.41394
v 0.027531 -0.544424 -2.323732
v 0.011066 -0.548922 -2.325266
v 0.036205 -0.540845 -2.323783
v 0.015913 -0.544818 -2.323709
v 0.026653 -0.540846 -2.323416
v 0.006938 -0.552403 -2.32734
v 0.011053 -0.545408 -2.324394
v 0.00273 -0.555676 -2.326478
v 0.01571 -0.541194 -2.32339
v 0.006843 -0.549271 -2.326294
v 0.00259 -0.552464 -2.325992
v -0.002715 -0.55592 -2.324639
v 0.002446 -0.5492 -2.325241
v 0.004203 -0.748367 -2.343758
v 0.006739 -0.5458 -2.325004
v -0.001881 -0.581103 -2.327037
v 0.011013 -0.541684 -2.323607
v 0.011732 -0.920166 -2.360828
v 0.011 -0.537814 -2.323085
v 0.006624 -0.541976 -2.323795
v 0.006501 -0.538014 -2.323081
v 0.002253 -0.545691 -2.324372
v 0.002072 -0.541972 -2.323587
v 0.001848 -0.538109 -2.323065
v 0.006338 -0.534763 -2.322812
v 0.011 -0.537814 -2.323085
v 0.006338 -0.534763 -2.322812
v 0.035743 -0.533813 -2.322966
v 0.026211 -0.53723 -2.323109
v 0.035816 -0.537011 -2.323234
v 0.035743 -0.533813 -2.322966
v 0.04454 -0.536862 -2.319937
v 0.033492 -0.444871 -2.314508
v 0.041722 -0.444586 -2.312781
v 0.048096 -0.54143 -2.311577
v 0.047728 -0.5376 -2.311007
v 0.047615 -0.534392 -2.310747
v 0.043482 -0.445284 -2.305
v 0.041722 -0.444586 -2.312781
v 0.03659 -0.277972 -2.299918
v 0.037566 -0.27873 -2.291382
v 0.047998 -0.54541 -2.303007
v 0.047808 -0.540876 -2.302157
v 0.048097 -0.546338 -2.291419
v 0.047615 -0.534392 -2.310747
v 0.047948 -0.542717 -2.291047
v 0.049522 -0.550728 -2.286786
v 0.047856 -0.539547 -2.286184
v 0.04778 -0.536689 -2.281382
v 0.045124 -0.447609 -2.280725
v 0.043482 -0.445284 -2.305
v 0.040167 -0.279901 -2.279205
v 0.047898 -0.539954 -2.281699
v 0.04778 -0.536689 -2.281382
v 0.048812 -0.547182 -2.286601
v 0.0482 -0.543432 -2.286381
v 0.047856 -0.539547 -2.286184
v 0.050583 -0.551319 -2.282599
v 0.048426 -0.543935 -2.282013
v 0.049456 -0.5478 -2.282319
v 0.051483 -0.554486 -2.282851
v 0.049588 -0.551402 -2.278189
v 0.050522 -0.557908 -2.278785
v 0.050186 -0.554687 -2.278493
v 0.048739 -0.558319 -2.273332
v 0.04858 -0.554855 -2.273092
v 0.058869 -0.750912 -2.28928
v 0.049962 -0.58352 -2.275346
v 0.068052 -0.925058 -2.280498
v 0.059014 -0.753033 -2.264896
v 0.050096 -0.585441 -2.250944
v 0.073195 -0.924787 -2.280521
v 0.064157 -0.752759 -2.264918
v 0.055239 -0.585178 -2.250967
v 0.082328 -1.100339 -2.297435
v 0.072977 -0.922593 -2.304036
v 0.063947 -0.750716 -2.288447
v 0.065565 -0.750216 -2.293201
v 0.05504 -0.58333 -2.274512
v 0.05666 -0.582868 -2.279269
v 0.058271 -0.58232 -2.285108
v 0.053821 -0.558109 -2.272525
v 0.053958 -0.558574 -2.248871
v 0.048626 -0.554286 -2.24849
v 0.05367 -0.554559 -2.272371
v 0.048416 -0.551366 -2.272942
v 0.053318 -0.542255 -2.247586
v 0.048884 -0.54787 -2.277824
v 0.048254 -0.547796 -2.272788
v 0.048275 -0.544131 -2.277462
v 0.047934 -0.540263 -2.277056
v 0.04778 -0.536689 -2.281382
v 0.048176 -0.542441 -2.247558
v 0.048103 -0.544161 -2.272594
v 0.047934 -0.540263 -2.277056
v 0.048068 -0.53935 -2.247315
v 0.045124 -0.447609 -2.280725
v 0.045466 -0.451585 -2.240415
v 0.053215 -0.539182 -2.247345
v 0.050613 -0.451431 -2.240445
v 0.045264 -0.279879 -2.279935
v 0.05293 -0.536509 -2.281444
v 0.052927 -0.536509 -2.281444
v 0.053074 -0.539948 -2.277023
v 0.053034 -0.53958 -2.281714
v 0.052996 -0.539224 -2.286254
v 0.053034 -0.53958 -2.281714
v 0.05293 -0.536509 -2.281444
v 0.053377 -0.54349 -2.277184
v 0.053074 -0.539948 -2.277023
v 0.053244 -0.543865 -2.272486
v 0.053381 -0.547428 -2.272467
v 0.053509 -0.543106 -2.281994
v 0.052996 -0.539224 -2.286254
v 0.053925 -0.547035 -2.277181
v 0.053523 -0.550995 -2.27239
v 0.053297 -0.542748 -2.28665
v 0.053086 -0.542398 -2.291197
v 0.054467 -0.546613 -2.282277
v 0.054559 -0.550581 -2.277125
v 0.055118 -0.554124 -2.277123
v 0.05559 -0.550112 -2.282561
v 0.053841 -0.546249 -2.28721
v 0.055442 -0.557664 -2.277283
v 0.056558 -0.553614 -2.282844
v 0.057054 -0.557135 -2.283124
v 0.054469 -0.549743 -2.287823
v 0.055023 -0.553242 -2.288382
v 0.055344 -0.556763 -2.288778
v 0.053217 -0.545914 -2.291773
v 0.053354 -0.549427 -2.292406
v 0.053506 -0.553274 -2.293061
v 0.056563 -0.581965 -2.290764
v 0.053417 -0.552015 -2.304815
v 0.053272 -0.548526 -2.30389
v 0.053132 -0.545047 -2.30284
v 0.054552 -0.547676 -2.314029
v 0.052998 -0.541558 -2.301914
v 0.053787 -0.544208 -2.313176
v 0.052779 -0.537215 -2.311935
v 0.052996 -0.539224 -2.286254
v 0.053128 -0.540726 -2.312415
v 0.052671 -0.534138 -2.311693
v 0.052927 -0.536509 -2.281444
v 0.050267 -0.447432 -2.280921
v 0.04854 -0.445041 -2.305935
v 0.042596 -0.278773 -2.292487
v 0.045081 -0.274178 -2.282138
v 0.042596 -0.278773 -2.292487
v 0.037566 -0.27873 -2.291382
v 0.040052 -0.273779 -2.281108
v 0.042596 -0.278773 -2.292487
v 0.044918 -0.26943 -2.285758
v 0.037566 -0.27873 -2.291382
v 0.039877 -0.268765 -2.284942
v 0.044781 -0.265834 -2.290596
v 0.042596 -0.278773 -2.292487
v 0.037566 -0.27873 -2.291382
v 0.039797 -0.265447 -2.289362
v 0.039797 -0.263154 -2.302408
v 0.040246 -0.2778 -2.30354
v 0.040246 -0.2778 -2.30354
v 0.04854 -0.445041 -2.305935
v 0.048187 -0.536281 -2.32353
v 0.052671 -0.534138 -2.311693
v 0.045356 -0.444168 -2.316406
v 0.031391 -0.278074 -2.305441
v 0.045356 -0.444168 -2.316406
v 0.034354 -0.44443 -2.319567
v 0.034354 -0.44443 -2.319567
v 0.036671 -0.533356 -2.32801
v 0.016775 -0.278528 -2.308578
v 0.03677 -0.536429 -2.328262
v 0.015321 -0.540298 -2.32848
v 0.026557 -0.5403 -2.328535
v 0.04851 -0.539981 -2.324029
v 0.037083 -0.539942 -2.328777
v 0.049084 -0.543474 -2.324772
v 0.037674 -0.543421 -2.329604
v 0.027319 -0.543817 -2.328842
v 0.049748 -0.546955 -2.325606
v 0.038357 -0.546885 -2.330538
v 0.050327 -0.550445 -2.326354
v 0.028206 -0.54733 -2.329155
v 0.038948 -0.55036 -2.331376
v 0.028967 -0.550848 -2.329472
v 0.055591 -0.554666 -2.315269
v 0.055221 -0.551155 -2.314789
v 0.050648 -0.553965 -2.326842
v 0.039261 -0.553869 -2.331913
v 0.038948 -0.55036 -2.331376
v 0.056808 -0.57986 -2.317254
v 0.050648 -0.553965 -2.326842
v 0.040066 -0.579044 -2.334305
v 0.051661 -0.5792 -2.329035
v 0.065697 -0.746896 -2.33116
v 0.046138 -0.745952 -2.35099
v 0.059137 -0.746074 -2.344321
v 0.074712 -0.918499 -2.346724
v 0.053655 -0.917486 -2.368033
v 0.0674 -0.917565 -2.360617
v 0.083829 -1.093737 -2.363608
v 0.06232 -1.092703 -2.385363
v 0.076288 -1.092735 -2.377718
v 0.093021 -1.27168 -2.381473
v 0.07184 -1.270662 -2.402904
v 0.085642 -1.270647 -2.395418
v 0.102263 -1.451403 -2.399981
v 0.081919 -1.450422 -2.420585
v 0.0953 -1.450367 -2.41351
v 0.029352 -0.554377 -2.32979
v 0.039261 -0.553869 -2.331913
v 0.030158 -0.579574 -2.332184
v 0.040066 -0.579044 -2.334305
v 0.017167 -0.551568 -2.329452
v 0.036233 -0.746562 -2.348878
v 0.046138 -0.745952 -2.35099
v 0.018147 -0.579965 -2.332134
v 0.024226 -0.747052 -2.348838
v 0.043753 -0.918159 -2.365928
v 0.053655 -0.917486 -2.368033
v 0.031749 -0.918725 -2.365895
v 0.05242 -1.093423 -2.383261
v 0.06232 -1.092703 -2.385363
v 0.040419 -1.094046 -2.383235
v 0.061942 -1.271413 -2.400806
v 0.07184 -1.270662 -2.402904
v 0.049943 -1.272075 -2.400783
v 0.072188 -1.457159 -2.419074
v 0.081919 -1.450422 -2.420585
v 0.060024 -1.451875 -2.418468
v 0.045312 -1.272167 -2.402438
v 0.035787 -1.094122 -2.384888
v 0.027115 -0.918779 -2.367546
v 0.055393 -1.451975 -2.420124
v 0.019591 -0.747075 -2.350486
v 0.060244 -1.457943 -2.419064
v 0.013511 -0.579949 -2.333779
v 0.055622 -1.45806 -2.420548
v 0.012706 -0.554766 -2.331385
v 0.05006 -1.45823 -2.422031
v 0.049713 -1.452136 -2.42178
v 0.016692 -0.547702 -2.329114
v 0.039631 -1.272316 -2.404092
v 0.016224 -0.544175 -2.328809
v 0.012476 -0.551249 -2.330898
v 0.012087 -0.547757 -2.330178
v 0.011643 -0.544273 -2.329382
v 0.011023 -0.537258 -2.328205
v 0.015321 -0.540298 -2.32848
v 0.036671 -0.533356 -2.32801
v 0.006345 -0.534332 -2.327944
v 0.006471 -0.537404 -2.328195
v 0.011252 -0.540778 -2.328671
v 0.011023 -0.537258 -2.328205
v 0.001768 -0.537556 -2.328185
v 0.006471 -0.537404 -2.328195
v 0.006345 -0.534332 -2.327944
v 0.006583 -0.540914 -2.328834
v 0.001762 -0.541083 -2.32865
v 0.006692 -0.544382 -2.329954
v 0.0068 -0.547834 -2.331239
v 0.001589 -0.544596 -2.32936
v 0.006909 -0.551297 -2.33237
v 0.001361 -0.548103 -2.330154
v 0.001188 -0.551613 -2.330873
v 0.00702 -0.554801 -2.333029
v 0.001182 -0.555137 -2.33136
v 0.007825 -0.579967 -2.33542
v 0.001987 -0.580322 -2.333754
v -0.003572 -0.555439 -2.329694
v 0.013907 -0.74714 -2.352133
v 0.00807 -0.747542 -2.35047
v 0.021432 -0.918882 -2.369197
v 0.015598 -0.91932 -2.367537
v 0.030106 -1.094253 -2.386541
v 0.024272 -1.094718 -2.384885
v 0.033798 -1.2728 -2.402438
v 0.043881 -1.452629 -2.420126
v 0.02905 -1.273224 -2.400784
v 0.044346 -1.458701 -2.42055
v 0.039465 -1.458065 -2.418966
v 0.019523 -1.095127 -2.383229
v 0.01693 -1.478621 -2.42086
v 0.010847 -0.919707 -2.36588
v 0.005467 -1.274521 -2.400786
v -0.004064 -1.096347 -2.383223
v 0.003319 -0.747899 -2.348809
v -0.012746 -0.920815 -2.365863
v -0.002766 -0.580641 -2.332089
v -0.020281 -0.748856 -2.348777
v -0.012718 -0.921322 -2.360738
v -0.026372 -0.581404 -2.332037
v -0.020253 -0.749365 -2.343653
v -0.026345 -0.581903 -2.326912
v -0.004037 -1.096852 -2.378098
v 0.005494 -1.275024 -2.395661
v 0.016067 -1.463485 -2.414197
v 0.040246 -1.46516 -2.419665
v 0.044977 -1.464786 -2.420735
v 0.045721 -1.458836 -2.415589
v 0.040829 -1.465506 -2.41456
v 0.046023 -1.464807 -2.415693
v 0.041296 -1.471591 -2.415137
v 0.050388 -1.464283 -2.416657
v 0.046342 -1.470888 -2.415737
v 0.054621 -1.464318 -2.415697
v 0.050745 -1.470449 -2.416274
v 0.046507 -1.477222 -2.415888
v 0.059736 -1.464431 -2.414557
v 0.055009 -1.470395 -2.415737
v 0.05111 -1.476768 -2.416049
v 0.072152 -1.463757 -2.414549
v 0.059962 -1.470525 -2.415133
v 0.055579 -1.476704 -2.415886
v 0.051479 -1.483191 -2.416317
v 0.071565 -1.469876 -2.415131
v 0.081278 -1.4568 -2.415879
v 0.08105 -1.462797 -2.415958
v 0.091778 -1.45661 -2.410316
v 0.09166 -1.462518 -2.410469
v 0.097069 -1.463578 -2.399671
v 0.080708 -1.468949 -2.415948
v 0.09166 -1.462518 -2.410469
v 0.096042 -1.471045 -2.390448
v 0.096778 -1.469733 -2.399608
v 0.096353 -1.4772 -2.390311
v 0.091452 -1.468661 -2.410542
v 0.096584 -1.476022 -2.399672
v 0.096665 -1.483306 -2.39062
v 0.071141 -1.475998 -2.41572
v 0.080484 -1.475237 -2.416043
v 0.071167 -1.4821 -2.416315
v 0.091327 -1.475012 -2.41071
v 0.080581 -1.481553 -2.416446
v 0.09672 -1.482921 -2.400061
v 0.091444 -1.481143 -2.41116
v 0.024267 -1.606769 -2.428278
v 0.103428 -1.610432 -2.349625
v 0.077629 -1.603956 -2.428286
v 0.08757 -1.603448 -2.428422
v 0.098095 -1.603394 -2.423502
v 0.102002 -1.48513 -2.371041
v 0.108785 -1.614355 -2.350089
v 0.102919 -1.605154 -2.402867
v 0.102944 -1.604197 -2.412768
v 0.09845 -1.60521 -2.42394
v 0.103395 -1.606085 -2.413051
v 0.103407 -1.607113 -2.402671
v 0.097225 -1.606835 -2.422807
v 0.101891 -1.607555 -2.412845
v 0.087485 -1.606857 -2.427508
v 0.087763 -1.605326 -2.428961
v 0.102161 -1.608923 -2.399194
v 0.077687 -1.607349 -2.427649
v 0.077247 -1.605886 -2.428859
v 0.05801 -1.608494 -2.427655
v 0.103928 -1.612641 -2.349863
v 0.102637 -1.614063 -2.350031
v 0.101811 -1.483104 -2.390648
v 0.052954 -1.616544 -2.350247
v 0.104881 -1.618672 -2.350536
v 0.024862 -1.615246 -2.378147
v 0.10426 -1.612045 -2.413766
v 0.053252 -1.621657 -2.350786
v 0.024487 -1.610446 -2.427666
v 0.025161 -1.620359 -2.378685
v 0.024396 -1.608959 -2.428882
v 0.024751 -1.614967 -2.430117
v 0.088192 -1.611265 -2.430096
v 0.02448 -1.610444 -2.433813
v 0.016974 -1.479146 -2.415737
v 0.051458 -1.482773 -2.42145
v 0.040948 -1.471202 -2.42026
v 0.046294 -1.476965 -2.421027
v 0.045663 -1.470878 -2.420842
v 0.050409 -1.464372 -2.421807
v 0.05076 -1.470531 -2.421423
v 0.05569 -1.464177 -2.420733
v 0.05111 -1.476675 -2.421198
v 0.055706 -1.470307 -2.420839
v 0.060292 -1.464021 -2.41966
v 0.055775 -1.476427 -2.421025
v 0.060282 -1.470105 -2.420256
v 0.071793 -1.463367 -2.419672
v 0.071138 -1.481655 -2.421445
v 0.071365 -1.469474 -2.420261
v 0.071063 -1.475575 -2.420852
v 0.082064 -1.456516 -2.42096
v 0.081932 -1.462657 -2.42103
v 0.081709 -1.468814 -2.420998
v 0.09544 -1.456456 -2.413933
v 0.095319 -1.462587 -2.414093
v 0.095319 -1.462587 -2.414093
v 0.102142 -1.463631 -2.400558
v 0.102354 -1.457494 -2.400408
v 0.081578 -1.474956 -2.421067
v 0.100876 -1.464745 -2.390443
v 0.100973 -1.465929 -2.378984
v 0.101187 -1.470886 -2.390302
v 0.101916 -1.472467 -2.374707
v 0.101287 -1.472027 -2.379261
v 0.101818 -1.478579 -2.375057
v 0.101828 -1.469784 -2.400615
v 0.101499 -1.477015 -2.390287
v 0.101616 -1.475922 -2.400764
v 0.095111 -1.468732 -2.414166
v 0.094989 -1.474864 -2.414327
v 0.101733 -1.482539 -2.401185
v 0.081723 -1.481065 -2.421445
v 0.095102 -1.480704 -2.414758
v 0.108153 -1.607623 -2.414286
v 0.088927 -1.606694 -2.433788
v 0.101949 -1.606565 -2.427467
v 0.099074 -1.61119 -2.424841
v 0.036124 -0.263105 -2.298798
v 0.03659 -0.277972 -2.299918
v 0.030287 -0.278206 -2.300413
v 0.041722 -0.444586 -2.312781
v 0.033492 -0.444871 -2.314508
v 0.028078 -0.26502 -2.307607
v 0.040246 -0.2778 -2.30354
v 0.031391 -0.278074 -2.305441
v 0.026856 -0.264732 -2.302613
v 0.03659 -0.277972 -2.299918
v 0.030287 -0.278206 -2.300413
v 0.016126 -0.278727 -2.303473
v 0.028078 -0.26502 -2.307607
v 0.023079 -0.268381 -2.307839
v 0.026856 -0.264732 -2.302613
v 0.022264 -0.267829 -2.302784
v 0.019242 -0.272948 -2.308167
v 0.031391 -0.278074 -2.305441
v 0.030287 -0.278206 -2.300413
v 0.018217 -0.272695 -2.303126
v 0.030287 -0.278206 -2.300413
v 0.031391 -0.278074 -2.305441
v 0.006338 -0.534763 -2.322812
v 0.002913 -0.446396 -2.315209
v -0.030653 -0.447672 -2.321174
v -0.030724 -0.448061 -2.31604
v -0.027731 -0.538928 -2.322987
v 0.003059 -0.445991 -2.320341
v -0.027744 -0.538506 -2.328116
v 0.006345 -0.534332 -2.327944
v 0.036671 -0.533356 -2.32801
v 0.001768 -0.537556 -2.328185
v -0.002947 -0.54125 -2.328468
v 0.001768 -0.537556 -2.328185
v -0.003132 -0.544798 -2.328767
v -0.027337 -0.550897 -2.324
v -0.003375 -0.548348 -2.329071
v -0.003561 -0.551896 -2.32938
v -0.027214 -0.555076 -2.329539
v -0.002791 -0.541788 -2.323349
v 0.001848 -0.538109 -2.323065
v -0.002766 -0.545417 -2.323667
v -0.002779 -0.548979 -2.323994
v -0.002792 -0.552459 -2.324319
v -1.018035 -0.554679 -2.31511
v -1.013118 -0.553974 -2.326693
v -1.017664 -0.551167 -2.31463
v -1.001743 -0.553878 -2.33179
v -1.001428 -0.550369 -2.331253
v -1.013118 -0.553974 -2.326693
v -1.019261 -0.579872 -2.317102
v -1.002557 -0.579052 -2.33419
v -1.01414 -0.579208 -2.328894
v -1.028206 -0.746902 -2.331052
v -1.008692 -0.745952 -2.350925
v -1.021675 -0.746075 -2.344228
v -1.037282 -0.918497 -2.346662
v -1.016271 -0.917479 -2.368018
v -1.03 -0.917558 -2.360571
v -1.046462 -1.093727 -2.363593
v -1.025002 -1.092688 -2.385395
v -1.038952 -1.092721 -2.377719
v -1.05572 -1.271662 -2.381505
v -1.034587 -1.270639 -2.402982
v -1.048372 -1.270625 -2.395466
v -1.06503 -1.451376 -2.40006
v -1.044732 -1.450391 -2.42071
v -1.009457 -0.554637 -2.323133
v -1.012927 -0.555075 -2.31459
v -1.012589 -0.551853 -2.314087
v -1.001172 -0.554489 -2.326708
v -1.000822 -0.55127 -2.326219
v -1.014148 -0.580171 -2.316567
v -1.009457 -0.554637 -2.323133
v -1.001979 -0.579564 -2.329098
v -1.010471 -0.579697 -2.325313
v -1.023103 -0.747223 -2.330437
v -1.008038 -0.746483 -2.345845
v -1.018011 -0.74659 -2.340646
v -1.032187 -0.918827 -2.345985
v -1.01556 -0.918015 -2.362946
v -1.026339 -0.91809 -2.356988
v -1.041371 -1.094061 -2.362896
v -1.024272 -1.093228 -2.380325
v -1.035293 -1.093266 -2.374136
v -1.050628 -1.271998 -2.380817
v -1.033866 -1.27118 -2.397912
v -1.044713 -1.271178 -2.391884
v -1.059936 -1.451638 -2.399355
v -1.043994 -1.450858 -2.415635
v -1.009755 -1.443626 0.106138
v -1.00409 -1.444007 0.107809
v -1.013654 -1.624478 0.098412
v -1.000744 -1.264933 0.115402
v -1.007804 -1.624706 0.096762
v -1.00536 -1.264621 0.113732
v -0.99824 -1.444225 0.106161
v -0.995078 -1.265295 0.117074
v -0.997194 -1.088654 0.12279
v -0.992576 -1.088943 0.124461
v -0.989227 -1.265494 0.115426
v -0.986909 -1.089277 0.126134
v -0.990164 -0.916338 0.131571
v -0.985545 -0.916595 0.133244
v -0.981057 -1.089449 0.124488
v -0.979877 -0.916893 0.13492
v -0.993474 -1.444387 0.10451
v -0.98446 -1.26564 0.113776
v -1.003355 -1.629878 0.09485
v -0.969887 -1.445614 0.104555
v -0.980764 -1.650451 0.093886
v -1.00825 -1.630774 0.096272
v -1.004117 -1.63702 0.094475
v -1.01398 -1.630543 0.097749
v -1.008859 -1.636821 0.095542
v -1.019318 -1.624086 0.096741
v -1.014303 -1.636584 0.096608
v -1.01437 -1.4433 0.104469
v -1.019528 -1.630166 0.096251
v -1.023933 -1.623751 0.095072
v -1.017363 -1.264037 0.11373
v -1.026371 -1.442677 0.10447
v -1.024136 -1.62984 0.094755
v -1.009199 -1.088127 0.122785
v -1.027285 -1.263662 0.115816
v -1.019124 -1.087799 0.124868
v -1.036292 -1.44227 0.106556
v -1.0121 -0.915623 0.133642
v -1.036082 -1.629098 0.094761
v -1.045852 -1.622682 0.097162
v -1.002173 -0.915888 0.131563
v -1.006506 -0.748078 0.142067
v -0.996577 -0.748263 0.139992
v -1.005774 -0.722826 0.14346
v -0.984565 -0.748614 0.140005
v -0.995844 -0.722988 0.141386
v -1.005469 -0.719275 0.143456
v -0.979944 -0.748832 0.14168
v -0.983667 -0.720132 0.141592
v -0.99547 -0.71945 0.141601
v -0.974274 -0.749082 0.143358
v -0.979213 -0.723572 0.143073
v -0.974023 -0.917028 0.133274
v -0.973543 -0.723837 0.14475
v -0.976289 -1.089574 0.122839
v -0.968419 -0.74917 0.141715
v -0.969254 -0.917123 0.131627
v -0.96087 -1.266791 0.113825
v -0.952693 -1.090611 0.122894
v -0.963649 -0.749226 0.14007
v -0.969864 -1.445348 0.099412
v -0.945652 -0.918008 0.13169
v -0.960846 -1.266526 0.108682
v -0.95267 -1.090349 0.117751
v -0.979877 -1.634201 0.089577
v -0.985295 -1.265338 0.108703
v -0.994309 -1.44408 0.099437
v -1.004151 -1.629996 0.089744
v -0.977124 -1.089277 0.117766
v -0.99508 -1.266023 0.111882
v -0.986893 -1.08967 0.12096
v -1.004099 -1.444825 0.102612
v -0.970089 -0.916835 0.126553
v -0.945629 -0.917749 0.126547
v -0.979849 -0.917092 0.129755
v -0.940041 -0.749918 0.140143
v -0.962916 -0.723947 0.141464
v -0.940017 -0.749647 0.135
v -0.967687 -0.723908 0.143108
v -0.939234 -0.722079 0.141688
v -0.973439 -0.720275 0.144621
v -0.964484 -0.748933 0.134996
v -0.939112 -0.718444 0.136756
v -0.974226 -0.748772 0.13822
v -0.963723 -0.723671 0.136385
v -0.967703 -0.72035 0.143152
v -0.962939 -0.720397 0.14168
v -0.973332 -0.716682 0.14402
v -0.967882 -0.716773 0.142962
v -0.963135 -0.716843 0.141901
v -0.968116 -0.713188 0.142697
v -0.963656 -0.720202 0.136584
v -0.963388 -0.713288 0.142127
v -0.973224 -0.713077 0.143265
v -0.938795 -0.706911 0.142671
v -0.968295 -0.709609 0.142517
v -0.963679 -0.716712 0.136782
v -0.963584 -0.709735 0.142359
v -0.96831 -0.706051 0.142581
v -0.973118 -0.70948 0.142674
v -0.973014 -0.705914 0.142567
v -0.96831 -0.706051 0.142581
v -0.972897 -0.702838 0.142777
v -0.938706 -0.703835 0.142883
v -0.977566 -0.705781 0.142553
v -0.977786 -0.709332 0.142487
v -0.982345 -0.709188 0.142301
v -0.97817 -0.712895 0.142665
v -0.973014 -0.705914 0.142567
v -0.977566 -0.705781 0.142553
v -0.972897 -0.702838 0.14278
v -0.978608 -0.71646 0.142928
v -0.972897 -0.702838 0.14278
v -0.936167 -0.61605 0.149365
v -0.984119 -0.447029 0.161628
v -0.978992 -0.720021 0.143117
v -0.982746 -0.712723 0.142068
v -0.983204 -0.716258 0.141839
v -0.994718 -0.715923 0.141819
v -0.993842 -0.7124 0.142041
v -0.993091 -0.708875 0.14227
v -1.004884 -0.715713 0.143151
v -1.004205 -0.712146 0.14275
v -1.00362 -0.708583 0.142456
v -1.003315 -0.705033 0.142473
v -0.977566 -0.705781 0.142553
v -1.003226 -0.701954 0.142683
v -0.972897 -0.702838 0.142777
v -0.976792 -0.614047 0.14932
v -1.001898 -0.612731 0.14778
v -0.996716 -0.446277 0.159053
v -1.014953 -0.704207 0.137969
v -1.015267 -0.707941 0.137907
v -1.015835 -0.711506 0.138116
v -1.016494 -0.715074 0.138415
v -1.017067 -0.718638 0.138629
v -1.020691 -0.710516 0.126759
v -1.02145 -0.714075 0.127078
v -1.022114 -0.717629 0.127305
v -1.005774 -0.722826 0.14346
v -1.005469 -0.719275 0.143456
v -1.017378 -0.722193 0.138583
v -1.022475 -0.721174 0.127253
v -1.022114 -0.717629 0.127305
v -1.017378 -0.722193 0.138583
v -1.006506 -0.748078 0.142067
v -1.023615 -0.746385 0.125451
v -1.018317 -0.747475 0.136983
v -1.0121 -0.915623 0.133642
v -1.031998 -0.913649 0.114231
v -1.025301 -0.914781 0.127166
v -1.019124 -1.087799 0.124868
v -1.040506 -1.085676 0.103968
v -1.033063 -1.086804 0.117652
v -1.027285 -1.263662 0.115816
v -1.049114 -1.261494 0.094468
v -1.041445 -1.262588 0.108379
v -1.036292 -1.44227 0.106556
v -1.057796 -1.440135 0.085534
v -1.050288 -1.441173 0.099284
v -1.045852 -1.622682 0.097162
v -1.066528 -1.62063 0.07697
v -1.059433 -1.621604 0.090306
v -0.996716 -0.446277 0.159053
v -0.986603 -0.441456 0.162028
v -0.996716 -0.446277 0.159053
v -0.990454 -0.4369 0.162345
v -0.983401 -0.446488 0.156557
v -0.985605 -0.440489 0.157069
v -0.995627 -0.44566 0.154057
v -0.989683 -0.43568 0.157401
v -0.995627 -0.44566 0.154057
v -0.996716 -0.446277 0.159053
v -0.995464 -0.433554 0.162566
v -0.936142 -0.615671 0.144229
v -0.994262 -0.432594 0.157651
v -0.995627 -0.44566 0.154057
v -0.9766 -0.613681 0.144187
v -1.007406 -0.430962 0.157852
v -0.93868 -0.70347 0.137746
v -0.972838 -0.702483 0.13764
v -1.00781 -0.445614 0.156785
v -0.938769 -0.706564 0.137535
v -0.972838 -0.702483 0.13764
v -0.968339 -0.705835 0.137436
v -0.972992 -0.705755 0.137419
v -0.977491 -0.705568 0.137407
v -0.968553 -0.709733 0.137375
v -0.963689 -0.709504 0.137215
v -0.968339 -0.705835 0.137436
v -0.963703 -0.713141 0.136989
v -0.973107 -0.70978 0.137533
v -0.977491 -0.705568 0.137407
v -0.968728 -0.713529 0.137595
v -0.977495 -0.709473 0.137348
v -0.968915 -0.717128 0.137929
v -0.982192 -0.708967 0.137158
v -0.973219 -0.713741 0.138158
v -0.977528 -0.713273 0.13757
v -0.973322 -0.717366 0.138916
v -0.969055 -0.720468 0.138184
v -0.977536 -0.716878 0.137909
v -0.969187 -0.723718 0.138185
v -0.973415 -0.720618 0.139483
v -0.973504 -0.723738 0.139601
v -0.982383 -0.712599 0.136932
v -0.977581 -0.720221 0.138168
v -0.982608 -0.716163 0.136725
v -0.977633 -0.723472 0.138172
v -0.982838 -0.719691 0.136523
v -0.983662 -0.748375 0.13494
v -0.989261 -0.916115 0.126506
v -0.996361 -0.722701 0.13627
v -0.995923 -0.719214 0.136476
v -0.995033 -0.715749 0.136681
v -0.997095 -0.747977 0.134876
v -1.004894 -0.719404 0.13834
v -1.005236 -0.722666 0.138341
v -1.005957 -0.74782 0.136953
v -1.004245 -0.716077 0.138054
v -1.002691 -0.91561 0.126446
v -1.01147 -0.915384 0.128537
v -0.996291 -1.088434 0.117724
v -1.009718 -1.087843 0.117669
v -1.018431 -1.087566 0.11977
v -1.007985 -1.337186 0.104907
v -1.017881 -1.263748 0.108615
v -1.026574 -1.263433 0.110721
v -1.02689 -1.442384 0.099354
v -1.035589 -1.442043 0.10146
v -1.036532 -1.628461 0.089657
v -1.045135 -1.622381 0.092071
v -1.023057 -1.623508 0.090003
v -1.017733 -1.623834 0.091847
v -1.013604 -1.624097 0.093276
v -1.009295 -1.624289 0.09185
v -1.013917 -1.629891 0.092641
v -1.009576 -1.630172 0.091332
v -1.00465 -1.636603 0.08937
v -1.018088 -1.629714 0.091327
v -1.009857 -1.636092 0.090543
v -1.014233 -1.635728 0.091531
v -1.02335 -1.629534 0.089675
v -1.018456 -1.635629 0.090533
v -1.02356 -1.635583 0.089337
v -1.045203 -1.628284 0.091555
v -1.055825 -1.621483 0.086633
v -1.035977 -1.634945 0.089306
v -1.018822 -1.641646 0.089664
v -1.023768 -1.641696 0.088997
v -1.014562 -1.641769 0.090229
v -1.010153 -1.642113 0.089677
v -1.005098 -1.642706 0.08903
v -1.010295 -1.648399 0.088881
v -1.014901 -1.647985 0.089062
v -1.019368 -1.647907 0.088865
v -1.035373 -1.641081 0.088975
v -1.015248 -1.654369 0.088367
v -1.044952 -1.634226 0.090741
v -1.03493 -1.647221 0.088649
v -1.055941 -1.627285 0.086167
v -1.044586 -1.640308 0.089817
v -1.055803 -1.63315 0.08544
v -1.055803 -1.63315 0.08544
v -1.061296 -1.632604 0.074843
v -1.055572 -1.639234 0.084599
v -1.061513 -1.626666 0.075688
v -1.060982 -1.638681 0.073868
v -1.044338 -1.646538 0.088975
v -1.034938 -1.653355 0.088328
v -1.055425 -1.64554 0.083819
v -1.044384 -1.653417 0.088397
v -1.060766 -1.644909 0.072996
v -1.060141 -1.638618 0.064681
v -1.060427 -1.644685 0.063625
v -1.060855 -1.65122 0.072439
v -1.059862 -1.63257 0.065897
v -1.060719 -1.650781 0.063014
v -1.060595 -1.643789 0.048073
v -1.060138 -1.638065 0.053073
v -1.059569 -1.626154 0.067099
v -1.059865 -1.631959 0.053478
v -1.06076 -1.637456 0.048158
v -1.061436 -1.620766 0.076213
v -1.052706 -1.440346 0.084786
v -1.059596 -1.625916 0.053875
v -1.050572 -1.44003 0.076149
v -1.044024 -1.261703 0.093712
v -1.059319 -1.619888 0.054188
v -1.061022 -1.631376 0.048398
v -1.041888 -1.261361 0.085084
v -1.035414 -1.085883 0.10323
v -1.050591 -1.439377 0.062726
v -1.061219 -1.625405 0.048626
v -1.033278 -1.085501 0.094586
v -1.026897 -0.913857 0.113551
v -1.041905 -1.260665 0.071663
v -1.061146 -1.619496 0.048862
v -1.024767 -0.913417 0.104851
v -1.018504 -0.746582 0.124849
v -1.033292 -1.08474 0.081168
v -1.053885 -1.439773 0.053241
v -1.01638 -0.746065 0.116079
v -1.017369 -0.72147 0.126648
v -1.024776 -0.912571 0.091439
v -1.045191 -1.260878 0.062184
v -1.015238 -0.72083 0.117881
v -1.017041 -0.718211 0.126635
v -1.016384 -0.745112 0.102674
v -1.036568 -1.084767 0.071697
v -1.028037 -0.912278 0.081984
v -1.01509 -0.716462 0.104728
v -1.015092 -0.717313 0.117795
v -1.019617 -0.744253 0.093252
v -1.017068 -0.719534 0.099175
v -1.018486 -0.719241 0.095044
v -1.01674 -0.71631 0.099448
v -1.018057 -0.716156 0.095267
v -1.017043 -0.718932 0.090747
v -1.014936 -0.712939 0.104852
v -1.016148 -0.713022 0.099737
v -1.016717 -0.715702 0.09094
v -1.014944 -0.713774 0.117256
v -1.017167 -0.712984 0.095498
v -1.016421 -0.714883 0.126322
v -1.0148 -0.710176 0.116583
v -1.013007 -0.716009 0.134742
v -1.014784 -0.709368 0.104986
v -1.013523 -0.719205 0.134936
v -1.015679 -0.711322 0.125892
v -1.012349 -0.712444 0.134443
v -1.003455 -0.71252 0.137669
v -1.011724 -0.708508 0.134213
v -1.015008 -0.707517 0.12558
v -0.994003 -0.71224 0.136896
v -1.00276 -0.708721 0.137381
v -0.993375 -0.707671 0.137177
v -1.011343 -0.704218 0.134292
v -0.977491 -0.705568 0.137407
v -1.002381 -0.70485 0.137412
v -1.00228 -0.701639 0.137631
v -0.972838 -0.702483 0.13764
v -0.9766 -0.613681 0.144187
v -1.000964 -0.612405 0.142726
v -0.995627 -0.44566 0.154057
v -1.00228 -0.701639 0.137631
v -1.000964 -0.612405 0.142726
v -1.004192 -0.445229 0.153141
v -1.008775 -0.611915 0.141026
v -1.01465 -0.703641 0.12559
v -1.014663 -0.706516 0.11608
v -1.014541 -0.700443 0.125847
v -1.010505 -0.611435 0.132806
v -1.008775 -0.611915 0.141026
v -1.014537 -0.702862 0.116014
v -1.014646 -0.705731 0.105159
v -1.01545 -0.709486 0.100089
v -1.014519 -0.701872 0.100824
v -1.014541 -0.700443 0.125847
v -1.014409 -0.698346 0.096502
v -1.014516 -0.701606 0.096328
v -1.01485 -0.705744 0.100436
v -1.014519 -0.701872 0.100824
v -1.01605 -0.709461 0.095757
v -1.015033 -0.705591 0.09604
v -1.016129 -0.712407 0.091135
v -1.015435 -0.708859 0.091308
v -1.014836 -0.705106 0.091513
v -1.014507 -0.70122 0.091691
v -1.014409 -0.698346 0.096502
v -1.014907 -0.711587 0.085964
v -1.014757 -0.708034 0.086345
v -1.015058 -0.71506 0.085591
v -1.014618 -0.70441 0.086696
v -1.014507 -0.70122 0.091691
v -1.014457 -0.698979 0.062186
v -1.014409 -0.698346 0.096502
v -1.014873 -0.710897 0.061345
v -1.010505 -0.611435 0.132806
v -1.0112 -0.60983 0.102231
v -1.007754 -0.444044 0.132699
v -1.008775 -0.611915 0.141026
v -1.00469 -0.444836 0.146846
v -1.004192 -0.445229 0.153141
v -1.012027 -0.608056 0.068599
v -1.003811 -0.430356 0.154214
v -1.012534 -0.431865 0.145989
v -1.00781 -0.445614 0.156785
v -1.009716 -0.445068 0.147944
v -1.007562 -0.431206 0.144817
v -1.004192 -0.445229 0.153141
v -1.00469 -0.444836 0.146846
v -1.012534 -0.431865 0.145989
v -1.01261 -0.4347 0.140669
v -1.007562 -0.431206 0.144817
v -1.00759 -0.433817 0.13993
v -1.009716 -0.445068 0.147944
v -1.012721 -0.438856 0.13638
v -1.007701 -0.438251 0.135401
v -1.00469 -0.444836 0.146846
v -1.00469 -0.444836 0.146846
v -1.012861 -0.444166 0.133351
v -1.009716 -0.445068 0.147944
v -1.017174 -0.607931 0.068695
v -1.016346 -0.609697 0.102403
v -1.019601 -0.698812 0.062201
v -1.015577 -0.611336 0.133694
v -1.009716 -0.445068 0.147944
v -1.019556 -0.698174 0.096539
v -1.012407 -0.612054 0.144674
v -1.0196 -0.700335 0.126804
v -1.019647 -0.700916 0.091654
v -1.019654 -0.701251 0.096347
v -1.019647 -0.700916 0.091654
v -1.019556 -0.698174 0.096539
v -1.019938 -0.704443 0.091282
v -1.019647 -0.700916 0.091654
v -1.019758 -0.704113 0.086582
v -1.019881 -0.707634 0.086031
v -1.020197 -0.715333 0.06102
v -1.02001 -0.711151 0.085423
v -1.020473 -0.70795 0.090746
v -1.020118 -0.704781 0.096094
v -1.019661 -0.701575 0.10089
v -1.019661 -0.701575 0.10089
v -1.019556 -0.698174 0.096539
v -1.0196 -0.700335 0.126804
v -1.019775 -0.705052 0.104851
v -1.019952 -0.705119 0.100753
v -1.019775 -0.705052 0.104851
v -1.021065 -0.708293 0.095842
v -1.021093 -0.711449 0.090156
v -1.020487 -0.708666 0.100779
v -1.020143 -0.714672 0.084871
v -1.022177 -0.711797 0.09559
v -1.021638 -0.714954 0.08962
v -1.020282 -0.718205 0.084493
v -1.015207 -0.718521 0.085311
v -1.021389 -0.741764 0.05913
v -1.016245 -0.742009 0.05912
v -1.016352 -0.743744 0.083536
v -1.024753 -0.911365 0.07229
v -1.024656 -0.909829 0.047862
v -1.029799 -0.909573 0.047873
v -1.033275 -1.083658 0.062012
v -1.033185 -1.082279 0.037574
v -1.038329 -1.082026 0.037585
v -1.021423 -0.743444 0.082689
v -1.029824 -0.911059 0.071444
v -1.046952 -1.258161 0.028068
v -1.02309 -0.743699 0.087445
v -1.041808 -1.258411 0.028057
v -1.041892 -1.259674 0.052502
v -1.038346 -1.08336 0.061166
v -1.050582 -1.438448 0.043562
v -1.031489 -0.911276 0.076203
v -1.050502 -1.437266 0.019113
v -1.055645 -1.437017 0.019123
v -1.046964 -1.259382 0.051655
v -1.040009 -1.083548 0.065926
v -1.065558 -1.641958 0.009419
v -1.055653 -1.438161 0.042714
v -1.048627 -1.259548 0.056416
v -1.05965 -1.626386 0.010146
v -1.064631 -1.623753 0.033959
v -1.059567 -1.624443 0.034726
v -1.061132 -1.619103 0.040421
v -1.062564 -1.619201 0.044732
v -1.062512 -1.625031 0.044462
v -1.061206 -1.625008 0.040111
v -1.061993 -1.630952 0.04419
v -1.061014 -1.630975 0.039796
v -1.059859 -1.631078 0.034561
v -1.061303 -1.637096 0.043909
v -1.060755 -1.637052 0.039485
v -1.060765 -1.6434 0.043621
v -1.060592 -1.643368 0.038996
v -1.060133 -1.637199 0.034396
v -1.060713 -1.649836 0.043326
v -1.060415 -1.642226 0.009422
v -1.06527 -1.637032 0.034075
v -1.064976 -1.630927 0.034002
v -1.066053 -1.631096 0.038743
v -1.066171 -1.624976 0.038744
v -1.06605 -1.618876 0.038909
v -1.057315 -1.438312 0.047476
v -1.067712 -1.619069 0.044756
v -1.058977 -1.438515 0.053323
v -1.05029 -1.25977 0.062262
v -1.06766 -1.625172 0.044472
v -1.041674 -1.083797 0.07177
v -1.048632 -1.260144 0.067932
v -1.033156 -0.911562 0.082045
v -1.040017 -1.084199 0.077438
v -1.031501 -0.912001 0.087711
v -1.024759 -0.744032 0.093284
v -1.023107 -0.744519 0.098946
v -1.029845 -0.912375 0.092328
v -1.02362 -0.718829 0.095086
v -1.021453 -0.744932 0.103561
v -1.021966 -0.7193 0.100749
v -1.020183 -0.716483 0.105522
v -1.02195 -0.718478 0.089248
v -1.023135 -0.715305 0.095338
v -1.021654 -0.715758 0.100885
v -1.021108 -0.712213 0.100859
v -1.020038 -0.712581 0.105449
v -1.019909 -0.709013 0.105348
v -1.02007 -0.713401 0.116939
v -1.019804 -0.706216 0.116027
v -1.019934 -0.709804 0.11642
v -1.019698 -0.703411 0.126585
v -1.0196 -0.700335 0.126804
v -1.020038 -0.706959 0.126533
v -1.020211 -0.71699 0.117333
v -1.020353 -0.720551 0.117351
v -1.022475 -0.721174 0.127253
v -1.021494 -0.745785 0.115548
v -1.023615 -0.746385 0.125451
v -1.029881 -0.913129 0.104321
v -1.031998 -0.913649 0.114231
v -1.03836 -1.084542 0.082057
v -1.038393 -1.085219 0.094055
v -1.040506 -1.085676 0.103968
v -1.046974 -1.260464 0.072551
v -1.047003 -1.261084 0.084553
v -1.049114 -1.261494 0.094468
v -1.057319 -1.43887 0.058993
v -1.05566 -1.439175 0.063614
v -1.055687 -1.439756 0.075617
v -1.057796 -1.440135 0.085534
v -1.066052 -1.619414 0.050427
v -1.064393 -1.619709 0.055048
v -1.064708 -1.626248 0.0666
v -1.066528 -1.62063 0.07697
v -1.066174 -1.625503 0.050026
v -1.064687 -1.62579 0.05464
v -1.067131 -1.631299 0.044187
v -1.066056 -1.631597 0.049463
v -1.065856 -1.637224 0.038798
v -1.066442 -1.637434 0.043901
v -1.065738 -1.643345 0.038797
v -1.064981 -1.631863 0.054059
v -1.065858 -1.637693 0.048845
v -1.065912 -1.643562 0.043617
v -1.065861 -1.649672 0.043333
v -1.065275 -1.637934 0.05342
v -1.06574 -1.643788 0.048282
v -1.064999 -1.632399 0.065565
v -1.065286 -1.638452 0.064509
v -1.0666 -1.626717 0.076485
v -1.066366 -1.632807 0.07572
v -1.059553 -1.627689 0.089815
v -1.05941 -1.633775 0.089062
v -1.045823 -1.634846 0.095779
v -1.045978 -1.628764 0.096623
v -1.06603 -1.638899 0.074863
v -1.05941 -1.633775 0.089062
v -1.065574 -1.644511 0.063578
v -1.035669 -1.635322 0.094433
v -1.024166 -1.63594 0.094439
v -1.065865 -1.650588 0.063023
v -1.065795 -1.644991 0.074099
v -1.059179 -1.639862 0.088221
v -1.045576 -1.640929 0.094832
v -1.035224 -1.641448 0.09411
v -1.024139 -1.642044 0.094122
v -1.019575 -1.636244 0.095523
v -1.019567 -1.642321 0.094715
v -1.019615 -1.6484 0.093986
v -1.034904 -1.647567 0.093788
v -1.014627 -1.642617 0.095308
v -1.014951 -1.64866 0.094167
v -1.045422 -1.647012 0.093987
v -1.009523 -1.642862 0.094733
v -1.010133 -1.64891 0.094003
v -1.004801 -1.643085 0.094157
v -1.015278 -1.654728 0.093504
v -1.034961 -1.653668 0.093468
v -0.980755 -1.650209 0.088742
v -0.987679 -1.778295 0.082058
v -0.987934 -1.782752 0.086983
v -1.041127 -1.775634 0.081949
v -1.040843 -1.777621 0.082233
v -1.045514 -1.653629 0.09342
v -0.987806 -1.780552 0.082328
v -1.052389 -1.77919 0.086868
v -1.059036 -1.64595 0.087468
v -1.059177 -1.651786 0.086975
v -1.065868 -1.651082 0.073615
v -1.071958 -1.777252 0.067783
v -1.06562 -1.778154 0.08077
v -1.062775 -1.782321 0.077441
v -1.05166 -1.783158 0.082541
v -1.068045 -1.781535 0.066597
v -0.988176 -1.786674 0.082652
v -0.987906 -1.78184 0.080897
v -0.988399 -1.784327 0.03099
v -0.988116 -1.779191 0.031222
v -1.037297 -1.779116 0.080816
v -1.016112 -1.776384 0.003337
v -1.016395 -1.781521 0.003105
v -1.068032 -1.77867 0.003111
v -1.071947 -1.774332 0.0033
v -1.065808 -1.774029 0.003321
v -1.065815 -1.775548 0.036867
v -1.067097 -1.772602 0.00338
v -1.067101 -1.774999 0.056235
v -1.066601 -1.770383 0.00348
v -1.066624 -1.773096 0.056872
v -1.066762 -1.773621 0.066787
v -1.05557 -1.651659 0.083302
v -1.06582 -1.776439 0.056557
v -1.067206 -1.775534 0.066784
v -1.050967 -1.778408 0.080651
v -1.061826 -1.774409 0.077275
v -1.051054 -1.775176 0.082045
v -1.062173 -1.776273 0.07744
v -1.051242 -1.777112 0.082298
v -1.065681 -1.776954 0.066353
v -1.060963 -1.777704 0.076057
v -1.001898 -0.612731 0.14778
v -1.00781 -0.445614 0.156785
v -1.003226 -0.701954 0.142683
v -1.015577 -0.611336 0.133694
v -1.013789 -0.722295 0.134892
v -1.005236 -0.722666 0.138341
v -1.004894 -0.719404 0.13834
v -1.017369 -0.72147 0.126648
v -1.017041 -0.718211 0.126635
v -1.005957 -0.74782 0.136953
v -1.013789 -0.722295 0.134892
v -1.018504 -0.746582 0.124849
v -1.014717 -0.747403 0.133301
v -1.01147 -0.915384 0.128537
v -1.026897 -0.913857 0.113551
v -1.021698 -0.914736 0.123486
v -1.018431 -1.087566 0.11977
v -1.035414 -1.085883 0.10323
v -1.029459 -1.086777 0.113974
v -1.026574 -1.263433 0.110721
v -1.044024 -1.261703 0.093712
v -1.03784 -1.262573 0.104701
v -1.035589 -1.442043 0.10146
v -1.052706 -1.440346 0.084786
v -1.046684 -1.441167 0.095606
v -1.045135 -1.622381 0.092071
v -1.061436 -1.620766 0.076213
v -0.718188 -0.214482 -2.30817
v -0.714679 -0.218982 -2.30844
v -0.704943 -0.211394 -2.307985
v -0.684242 -0.199745 -2.307195
v -0.682224 -0.199842 -2.296296
v -0.685616 -0.193561 -2.295918
v -0.683126 -0.206167 -2.307558
v -0.681127 -0.206832 -2.297757
v -0.68419 -0.212559 -2.307976
v -0.682234 -0.213977 -2.297141
v -0.687286 -0.218396 -2.308281
v -0.685684 -0.22029 -2.29752
v -0.690959 -0.225178 -2.297813
v -0.697989 -0.225385 -2.30871
v -0.697647 -0.228074 -2.297987
v -0.704463 -0.225922 -2.308779
v -0.704822 -0.228637 -2.298021
v -0.692123 -0.222749 -2.308595
v -0.710808 -0.224376 -2.308649
v -0.711792 -0.226845 -2.297913
v -0.698519 -0.224001 -2.308654
v -0.688604 -0.217376 -2.308165
v -0.692901 -0.22156 -2.308481
v -0.704437 -0.224441 -2.308631
v -0.710297 -0.223015 -2.308604
v -0.716248 -0.220832 -2.308473
v -0.717801 -0.22289 -2.297676
v -0.720302 -0.215721 -2.30813
v -0.722198 -0.217202 -2.297335
v -0.722461 -0.209496 -2.307771
v -0.724477 -0.210484 -2.296933
v -0.724507 -0.203391 -2.296507
v -0.722426 -0.202903 -2.307385
v -0.722169 -0.1965 -2.296094
v -0.71909 -0.214867 -2.308106
v -0.72101 -0.209168 -2.30775
v -0.720298 -0.196857 -2.307044
v -0.715381 -0.21964 -2.308354
v -0.716394 -0.191756 -2.306693
v -0.717667 -0.190776 -2.295751
v -0.710878 -0.188146 -2.306507
v -0.711703 -0.186922 -2.29552
v -0.704733 -0.185129 -2.295413
v -0.70456 -0.186567 -2.306393
v -0.698064 -0.187079 -2.306428
v -0.697563 -0.185752 -2.295449
v -0.690959 -0.188611 -2.295621
v -0.68738 -0.19404 -2.306866
v -0.692117 -0.189727 -2.306604
v -0.684577 -0.206242 -2.307599
v -0.685635 -0.21225 -2.307911
v -0.685616 -0.200312 -2.307209
v -0.693004 -0.191089 -2.306559
v -0.692917 -0.221896 -2.302489
v -0.688463 -0.195007 -2.30689
v -0.698344 -0.188537 -2.306513
v -0.684626 -0.206604 -2.301572
v -0.688485 -0.195384 -2.3009
v -0.685618 -0.200672 -2.301217
v -0.685618 -0.212535 -2.301927
v -0.685523 -0.206224 -2.307727
v -0.686462 -0.211865 -2.308065
v -0.689183 -0.216911 -2.308381
v -0.693415 -0.220767 -2.308584
v -0.686469 -0.200584 -2.307389
v -0.689175 -0.195654 -2.307065
v -0.698644 -0.223073 -2.308737
v -0.693541 -0.191643 -2.306843
v -0.691173 -0.193494 -2.306912
v -0.698434 -0.224312 -2.302634
v -0.704353 -0.223547 -2.308765
v -0.704437 -0.224808 -2.302663
v -0.709908 -0.222147 -2.308681
v -0.710277 -0.223332 -2.302575
v -0.714706 -0.219022 -2.308494
v -0.71532 -0.220043 -2.302377
v -0.718227 -0.214511 -2.308224
v -0.71902 -0.215298 -2.302093
v -0.72009 -0.209103 -2.3079
v -0.720976 -0.20961 -2.301752
v -0.720104 -0.203373 -2.307569
v -0.720821 -0.203269 -2.307289
v -0.719013 -0.197556 -2.30702
v -0.71902 -0.19791 -2.301051
v -0.718227 -0.197957 -2.307232
v -0.71532 -0.193164 -2.300767
v -0.714704 -0.193465 -2.306948
v -0.709926 -0.190329 -2.306774
v -0.715354 -0.192767 -2.30679
v -0.710212 -0.18948 -2.306545
v -0.704345 -0.188003 -2.306496
v -0.710277 -0.189875 -2.30057
v -0.704437 -0.188399 -2.300481
v -0.704373 -0.188922 -2.30669
v -0.698434 -0.188896 -2.300511
v -0.698663 -0.189391 -2.306718
v -0.700845 -0.196712 -2.307105
v -0.693435 -0.191736 -2.306807
v -0.698666 -0.189446 -2.306669
v -0.703716 -0.195488 -2.307031
v -0.704359 -0.188975 -2.306641
v -0.702072 -0.195487 -2.307031
v -0.691173 -0.193494 -2.306912
v -0.700845 -0.196712 -2.307105
v -0.689232 -0.195599 -2.307038
v -0.686513 -0.200613 -2.307339
v -0.700838 -0.2157 -2.308243
v -0.685573 -0.206238 -2.307676
v -0.693435 -0.220739 -2.308545
v -0.689232 -0.216877 -2.308314
v -0.700838 -0.2157 -2.308243
v -0.702121 -0.216981 -2.30832
v -0.698666 -0.22303 -2.308682
v -0.70366 -0.216981 -2.30832
v -0.704359 -0.2235 -2.30871
v -0.704943 -0.2157 -2.308243
v -0.709897 -0.222101 -2.308626
v -0.714679 -0.218982 -2.30844
v -0.704943 -0.211394 -2.307985
v -0.704938 -0.203128 -2.307489
v -0.718188 -0.214482 -2.30817
v -0.720042 -0.209089 -2.307847
v -0.720042 -0.203387 -2.307505
v -0.718188 -0.197993 -2.307182
v -0.703603 -0.202259 -2.307437
v -0.703601 -0.200494 -2.307331
v -0.704945 -0.199897 -2.307296
v -0.714679 -0.193494 -2.306912
v -0.704944 -0.196713 -2.307105
v -0.704939 -0.203786 -2.29653
v -0.704939 -0.207956 -2.29678
v -0.704945 -0.200554 -2.296337
v -0.704939 -0.207299 -2.307739
v -0.704939 -0.203129 -2.307489
v -0.703129 -0.208008 -2.307782
v -0.703603 -0.202916 -2.296478
v -0.703603 -0.202259 -2.307437
v -0.703601 -0.201151 -2.296372
v -0.703601 -0.200494 -2.307331
v -0.704945 -0.199897 -2.307296
v -0.704661 -0.19671 -2.296106
v -0.704944 -0.196713 -2.307105
v -0.702893 -0.195282 -2.307019
v -0.702072 -0.196144 -2.296072
v -0.700845 -0.196712 -2.307105
v -0.700845 -0.197369 -2.296146
v -0.700838 -0.2157 -2.308243
v -0.700838 -0.216357 -2.297284
v -0.702891 -0.217288 -2.308338
v -0.702891 -0.21783 -2.297372
v -0.704943 -0.216357 -2.297284
v -0.704943 -0.2157 -2.308243
v -0.704943 -0.212051 -2.297026
v -0.704943 -0.211394 -2.307985
v -0.703129 -0.211027 -2.296964
v -0.703129 -0.21037 -2.307923
v -0.703129 -0.208664 -2.296823
v -0.686513 -0.211862 -2.308013
v -0.704944 -0.196713 -2.307105
v -0.709897 -0.190375 -2.306725
v -0.714679 -0.193494 -2.306912
v -0.704359 -0.188975 -2.306641
v -0.703716 -0.195488 -2.307031
v -0.689232 -0.216877 -2.308314
v -0.686513 -0.211862 -2.308013
v -0.700838 -0.2157 -2.308243
v -0.691173 -0.193494 -2.306912
v -0.693435 -0.191736 -2.306807
v -0.700845 -0.196712 -2.307105
v -0.704943 -0.211394 -2.307985
v -0.703129 -0.21037 -2.307923
v -0.703129 -0.208008 -2.307782
v -0.704939 -0.207299 -2.307739
v 0.062207 -0.526785 0.158643
v 0.059924 -0.527621 0.161683
v 0.05934 -0.521396 0.162272
v 0.06057 -0.532305 0.159075
v 0.063141 -0.529942 0.155092
v 0.06252 -0.52149 0.157535
v 0.063924 -0.524959 0.154499
v 0.057684 -0.532689 0.162513
v 0.064756 -0.524639 0.150221
v 0.060228 -0.516824 0.158556
v 0.063295 -0.518059 0.151959
v 0.05674 -0.515853 0.162118
v 0.056926 -0.525659 0.164855
v 0.054819 -0.519223 0.165483
v 0.054912 -0.51216 0.160661
v 0.053047 -0.525336 0.167452
v 0.059692 -0.513491 0.155779
v 0.050906 -0.521333 0.167792
v 0.053274 -0.529968 0.166711
v 0.053818 -0.534451 0.164328
v 0.045843 -0.5265 0.16925
v 0.055688 -0.538979 0.15881
v 0.050908 -0.537648 0.163691
v 0.060364 -0.536717 0.154176
v 0.047304 -0.53308 0.167512
v 0.046915 -0.519671 0.168438
v 0.044469 -0.530762 0.170286
v 0.050235 -0.514422 0.165294
v 0.057629 -0.509953 0.157825
v 0.04685 -0.515053 0.168479
v 0.065943 -0.520366 0.148992
v 0.050603 -0.509561 0.150839
v 0.063683 -0.531468 0.151033
v 0.058833 -0.520131 0.142109
v 0.063411 -0.536037 0.150929
v 0.052692 -0.541331 0.161539
v 0.056437 -0.535837 0.1439
v 0.045674 -0.540935 0.15457
v 0.052975 -0.528631 0.147801
v 0.051095 -0.531604 0.149581
v 0.048446 -0.532884 0.152205
v 0.00099 -0.529637 0.099965
v 0.002873 -0.52666 0.098182
v -0.001662 -0.530919 0.102593
v 0.003481 -0.522786 0.097722
v -0.004374 -0.530164 0.105361
v 0.053583 -0.524763 0.147341
v 0.045739 -0.532131 0.15497
v -0.006417 -0.527574 0.107528
v 0.052755 -0.521036 0.148326
v 0.002652 -0.519054 0.098707
v 0.050715 -0.518449 0.15049
v 0.000609 -0.516464 0.100874
v 0.048007 -0.517695 0.153254
v -0.002102 -0.515709 0.103643
v 0.045359 -0.518976 0.155878
v -0.004755 -0.516991 0.106271
v 0.039883 -0.514855 0.161456
v 0.043479 -0.521949 0.157659
v -0.006638 -0.519968 0.108053
v -0.007246 -0.523842 0.108514
v 0.037349 -0.530522 0.163392
v 0.042871 -0.525817 0.158118
v 0.043698 -0.529544 0.157135
v 0.065924 -0.671999 0.147796
v 0.063601 -0.67276 0.150901
v 0.062479 -0.668426 0.152253
v 0.060753 -0.6722 0.153766
v 0.064285 -0.677516 0.148231
v 0.066857 -0.675153 0.144246
v 0.066235 -0.666703 0.146693
v 0.06764 -0.670169 0.143653
v 0.061401 -0.677902 0.151664
v 0.068473 -0.66985 0.139375
v 0.062865 -0.665263 0.151153
v 0.063945 -0.662035 0.14771
v 0.067012 -0.66327 0.141113
v 0.060457 -0.661063 0.151272
v 0.058538 -0.664435 0.154635
v 0.058628 -0.657372 0.149815
v 0.056764 -0.670546 0.156606
v 0.063408 -0.658702 0.144934
v 0.054622 -0.666544 0.156946
v 0.056991 -0.675178 0.155865
v 0.057534 -0.679662 0.153482
v 0.049559 -0.671711 0.158404
v 0.059404 -0.68419 0.147964
v 0.054624 -0.682858 0.152845
v 0.06408 -0.681928 0.143331
v 0.05102 -0.678291 0.156666
v 0.050633 -0.664882 0.157592
v 0.04818 -0.675963 0.159442
v 0.053952 -0.659633 0.154449
v 0.061345 -0.655164 0.146979
v 0.050566 -0.660264 0.157633
v 0.05432 -0.654772 0.139993
v 0.069661 -0.665582 0.138145
v 0.0674 -0.676679 0.140187
v 0.067137 -0.681238 0.140079
v 0.06255 -0.665341 0.131263
v 0.056409 -0.686542 0.150693
v 0.060153 -0.681048 0.133054
v 0.049392 -0.686146 0.143723
v 0.056692 -0.673842 0.136955
v 0.054812 -0.676814 0.138735
v 0.052163 -0.678095 0.14136
v 0.004706 -0.674847 0.089119
v 0.006589 -0.67187 0.087336
v 0.002054 -0.67613 0.091747
v 0.007198 -0.667997 0.086876
v -0.000657 -0.675375 0.094515
v 0.057299 -0.669974 0.136495
v 0.049456 -0.677341 0.144124
v -0.002701 -0.672785 0.096682
v 0.056472 -0.666247 0.13748
v 0.006369 -0.664265 0.087861
v 0.054431 -0.66366 0.139644
v 0.004325 -0.661674 0.090028
v 0.051723 -0.662906 0.142408
v 0.001614 -0.660919 0.092797
v 0.049075 -0.664187 0.145032
v -0.001038 -0.662202 0.095425
v 0.0436 -0.660065 0.15061
v 0.047195 -0.66716 0.146813
v -0.002921 -0.665179 0.097208
v -0.00353 -0.669053 0.097668
v 0.041065 -0.675731 0.152546
v 0.046587 -0.671028 0.147273
v 0.047415 -0.674754 0.146289
v 0.034527 -1.846087 0.05131
v 0.039483 -1.846641 0.063626
v 0.04211 -1.853515 0.061735
v 0.037517 -1.853001 0.05032
v 0.050165 -1.853868 0.071044
v 0.033841 -1.84542 0.038058
v 0.036881 -1.852383 0.038037
v 0.048174 -1.847023 0.07367
v 0.060807 -1.854024 0.077239
v 0.037501 -1.844713 0.025304
v 0.040273 -1.851728 0.026217
v 0.033781 -1.841426 0.038262
v 0.04511 -1.844042 0.014431
v 0.047325 -1.851105 0.01614
v 0.03744 -1.840718 0.025508
v 0.045049 -1.840047 0.014636
v 0.055842 -1.843479 0.006618
v 0.057272 -1.850584 0.008898
v 0.055782 -1.839485 0.006822
v 0.068536 -1.843087 0.002711
v 0.069037 -1.85022 0.005277
v 0.068475 -1.839092 0.002915
v 0.081815 -1.842907 0.003133
v 0.081345 -1.850053 0.005668
v 0.081755 -1.838912 0.003338
v 0.094241 -1.842959 0.007839
v 0.092862 -1.850102 0.01003
v 0.09418 -1.838964 0.008043
v 0.104467 -1.843237 0.016319
v 0.102339 -1.85036 0.017889
v 0.104406 -1.839243 0.016523
v 0.111385 -1.843712 0.027653
v 0.108751 -1.850799 0.028394
v 0.111324 -1.839717 0.027858
v 0.114245 -1.844331 0.040614
v 0.111402 -1.851373 0.040407
v 0.114184 -1.840336 0.040819
v 0.112737 -1.845027 0.053797
v 0.110004 -1.852019 0.052625
v 0.112676 -1.841033 0.054002
v 0.107025 -1.845726 0.065774
v 0.10471 -1.852667 0.063726
v 0.106964 -1.841732 0.065978
v 0.097728 -1.846352 0.075246
v 0.096093 -1.853246 0.072505
v 0.097667 -1.842357 0.07545
v 0.085853 -1.846835 0.081187
v 0.085087 -1.853695 0.078011
v 0.085792 -1.842841 0.081391
v 0.072686 -1.847126 0.082954
v 0.072884 -1.853964 0.079648
v 0.072626 -1.843131 0.083158
v 0.059656 -1.84719 0.080354
v 0.07347 -1.836612 0.05383
v 0.048113 -1.843029 0.073874
v 0.059596 -1.843196 0.080558
v 0.068078 -1.83661 0.052327
v 0.039423 -1.842647 0.06383
v 0.063621 -1.836399 0.046866
v 0.034466 -1.842093 0.051515
v 0.06346 -1.836042 0.039832
v 0.063164 -1.828094 0.040852
v 0.06766 -1.835689 0.034183
v 0.06602 -1.827804 0.036028
v 0.070167 -1.8276 0.033273
v 0.072367 -1.835539 0.032505
v 0.077934 -1.835478 0.033102
v 0.075775 -1.827502 0.033026
v 0.080354 -1.827533 0.034987
v 0.083226 -1.835636 0.037753
v 0.084205 -1.827776 0.040887
v 0.084514 -1.835869 0.042578
v 0.083463 -1.836159 0.048068
v 0.083616 -1.828144 0.047901
v 0.078391 -1.836486 0.05295
v 0.080004 -1.828418 0.05219
v 0.07546 -1.828591 0.054225
v 0.068509 -1.828637 0.053055
v 0.070738 -1.828358 0.048251
v 0.074261 -1.828345 0.049064
v 0.06374 -1.828444 0.047869
v 0.06808 -1.828206 0.044511
v 0.070325 -1.782128 0.050783
v 0.067877 -1.782029 0.048121
v 0.073892 -1.782104 0.051383
v 0.07754 -1.828218 0.047546
v 0.067582 -1.781849 0.044519
v 0.07778 -1.781921 0.048947
v 0.079369 -1.827983 0.043488
v 0.07816 -1.781639 0.043553
v 0.077366 -1.827802 0.039361
v 0.073165 -1.82779 0.037873
v 0.073848 -1.781538 0.040281
v 0.069214 -1.827969 0.040205
v 0.069563 -1.781665 0.041498
v 0.050432 -0.357523 -2.32213
v 0.053547 -0.358151 -2.319884
v 0.054507 -0.353685 -2.318498
v 0.052349 -0.361211 -2.320529
v 0.047224 -0.360979 -2.32323
v 0.050537 -0.353128 -2.32141
v 0.046119 -0.356051 -2.323766
v 0.055552 -0.361829 -2.317536
v 0.046887 -0.351203 -2.32246
v 0.041828 -0.356134 -2.324594
v 0.049323 -0.347735 -2.319661
v 0.053085 -0.350638 -2.318732
v 0.042881 -0.34949 -2.322804
v 0.052774 -0.346575 -2.31612
v 0.056197 -0.351227 -2.315601
v 0.050949 -0.343147 -2.314114
v 0.056315 -0.348035 -2.312784
v 0.058379 -0.355136 -2.313944
v 0.04622 -0.344737 -2.318969
v 0.05638 -0.357344 -2.316991
v 0.058997 -0.351723 -2.310548
v 0.058009 -0.359309 -2.31472
v 0.056898 -0.364968 -2.314115
v 0.059334 -0.361499 -2.311316
v 0.060102 -0.356651 -2.31001
v 0.053447 -0.366127 -2.317658
v 0.060992 -0.356957 -2.305743
v 0.049906 -0.364668 -2.320993
v 0.051871 -0.369943 -2.316222
v 0.0566 -0.368353 -2.311368
v 0.047019 -0.367942 -2.320794
v 0.059939 -0.3636 -2.307533
v 0.059477 -0.350203 -2.306479
v 0.062099 -0.362254 -2.305034
v 0.055801 -0.345148 -2.309543
v 0.06247 -0.359914 -2.304403
v 0.048762 -0.341066 -2.315829
v 0.059517 -0.346747 -2.305837
v 0.058222 -0.344966 -2.306917
v 0.047096 -0.341625 -2.317539
v 0.040588 -0.350892 -2.325017
v 0.041831 -0.341856 -2.308818
v 0.040217 -0.353231 -2.325648
v 0.040165 -0.342416 -2.310528
v 0.043343 -0.362887 -2.323858
v 0.033657 -0.351682 -2.318006
v 0.044464 -0.36818 -2.323134
v 0.043169 -0.366399 -2.324213
v 0.053925 -0.37208 -2.314221
v 0.05559 -0.37152 -2.312511
v 0.036238 -0.367189 -2.317202
v 0.037533 -0.36897 -2.316122
v 0.046993 -0.372871 -2.30721
v 0.033286 -0.354023 -2.318636
v 0.03986 -0.360932 -2.313032
v 0.041942 -0.363795 -2.311296
v 0.048659 -0.372311 -2.3055
v 0.044691 -0.364928 -2.308707
v -0.007495 -0.36944 -2.261293
v -0.00958 -0.366573 -2.263031
v -0.004743 -0.370575 -2.2587
v -0.010439 -0.362743 -2.263448
v -0.00206 -0.369673 -2.255948
v 0.039003 -0.357107 -2.313448
v 0.047369 -0.364028 -2.305958
v -0.000167 -0.366978 -2.253772
v 0.039599 -0.353344 -2.312435
v -0.009842 -0.358974 -2.262433
v 0.04149 -0.350652 -2.310262
v -0.007948 -0.356279 -2.260258
v 0.044168 -0.349752 -2.307513
v -0.005266 -0.355377 -2.257505
v 0.046917 -0.350885 -2.304924
v -0.002513 -0.356512 -2.254912
v 0.051291 -0.345756 -2.299905
v 0.048999 -0.353748 -2.303189
v -0.000429 -0.359379 -2.253174
v 0.00043 -0.363209 -2.252757
v 0.052586 -0.347537 -2.298826
v 0.055538 -0.360704 -2.297391
v 0.049856 -0.357573 -2.302772
v 0.055167 -0.363044 -2.298022
v 0.04926 -0.361336 -2.303786
v 0.054614 -0.502713 -2.333062
v 0.057784 -0.503263 -2.330774
v 0.0578 -0.499219 -2.330278
v 0.060014 -0.499573 -2.328116
v 0.056531 -0.506402 -2.33146
v 0.051405 -0.506171 -2.334162
v 0.054718 -0.49832 -2.332341
v 0.0503 -0.501243 -2.334698
v 0.059732 -0.507021 -2.328468
v 0.051068 -0.496395 -2.333392
v 0.04601 -0.501324 -2.335525
v 0.053504 -0.492926 -2.330593
v 0.057264 -0.495831 -2.329667
v 0.047063 -0.494681 -2.333736
v 0.056955 -0.491767 -2.327051
v 0.060378 -0.496418 -2.326532
v 0.05513 -0.488339 -2.325046
v 0.060496 -0.493226 -2.323715
v 0.06256 -0.500325 -2.324875
v 0.0504 -0.489928 -2.329901
v 0.060563 -0.502537 -2.327921
v 0.063178 -0.496915 -2.321479
v 0.06219 -0.504501 -2.325652
v 0.061079 -0.51016 -2.325047
v 0.063515 -0.506691 -2.322248
v 0.064283 -0.501843 -2.320942
v 0.057628 -0.511319 -2.328589
v 0.065173 -0.502148 -2.316675
v 0.054087 -0.509859 -2.331925
v 0.056053 -0.515134 -2.327154
v 0.060781 -0.513544 -2.322301
v 0.0512 -0.513132 -2.331725
v 0.06412 -0.508792 -2.318465
v 0.063659 -0.495394 -2.31741
v 0.06628 -0.507446 -2.315965
v 0.059983 -0.49034 -2.320475
v 0.066651 -0.505105 -2.315335
v 0.052943 -0.486257 -2.326761
v 0.063698 -0.491938 -2.316769
v 0.062403 -0.490158 -2.317849
v 0.051277 -0.486817 -2.328471
v 0.046012 -0.487048 -2.319749
v 0.044346 -0.487607 -2.32146
v 0.044769 -0.496084 -2.335949
v 0.047525 -0.508079 -2.33479
v 0.044398 -0.498424 -2.336579
v 0.037838 -0.496874 -2.328938
v 0.04735 -0.511591 -2.335145
v 0.048645 -0.513371 -2.334065
v 0.059771 -0.516712 -2.323443
v 0.058106 -0.517272 -2.325153
v 0.040419 -0.512381 -2.328133
v 0.041714 -0.514162 -2.327054
v 0.051174 -0.518062 -2.318141
v 0.037467 -0.499214 -2.329568
v 0.044041 -0.506124 -2.323963
v 0.046123 -0.508986 -2.322228
v 0.05284 -0.517502 -2.316431
v 0.048872 -0.51012 -2.319638
v -0.003314 -0.514632 -2.272225
v -0.005399 -0.511765 -2.273963
v -0.000561 -0.515766 -2.269632
v -0.006257 -0.507934 -2.27438
v 0.002121 -0.514865 -2.266879
v 0.043184 -0.502299 -2.32438
v 0.05155 -0.50922 -2.316889
v 0.004014 -0.512169 -2.264704
v 0.043781 -0.498536 -2.323366
v -0.005661 -0.504166 -2.273365
v 0.045671 -0.495844 -2.321194
v -0.003767 -0.50147 -2.27119
v 0.04835 -0.494944 -2.318444
v -0.001085 -0.500569 -2.268436
v 0.051098 -0.496077 -2.315856
v 0.001668 -0.501704 -2.265843
v 0.055472 -0.490948 -2.310837
v 0.05318 -0.49894 -2.31412
v 0.003752 -0.504571 -2.264106
v 0.004611 -0.508401 -2.263688
v 0.056767 -0.492729 -2.309757
v 0.059719 -0.505896 -2.308323
v 0.054037 -0.502765 -2.313704
v 0.059348 -0.508236 -2.308954
v 0.053441 -0.506527 -2.314717
v 0.076474 -1.679684 -2.361936
v 0.088754 -1.678659 -2.366906
v 0.087567 -1.685517 -2.369952
v 0.076185 -1.686467 -2.365346
v 0.096819 -1.684414 -2.378005
v 0.063227 -1.680431 -2.361222
v 0.063908 -1.68716 -2.364684
v 0.098736 -1.677469 -2.375595
v 0.102938 -1.683278 -2.388632
v 0.050448 -1.680821 -2.364843
v 0.052064 -1.687521 -2.36804
v 0.063018 -1.676448 -2.360916
v 0.039523 -1.680812 -2.372405
v 0.041938 -1.687513 -2.375049
v 0.05024 -1.676839 -2.364537
v 0.039315 -1.676829 -2.372099
v 0.031635 -1.680403 -2.38309
v 0.034627 -1.687134 -2.384952
v 0.031427 -1.67642 -2.382784
v 0.027639 -1.67964 -2.395739
v 0.030923 -1.686426 -2.396675
v 0.02743 -1.675657 -2.395432
v 0.027968 -1.678605 -2.408982
v 0.031228 -1.685467 -2.408949
v 0.027759 -1.674622 -2.408675
v 0.032586 -1.67741 -2.421383
v 0.035508 -1.68436 -2.420443
v 0.032377 -1.673428 -2.421077
v 0.040993 -1.676185 -2.431599
v 0.0433 -1.683225 -2.429912
v 0.040784 -1.672203 -2.431293
v 0.052278 -1.675063 -2.438523
v 0.05376 -1.682184 -2.436329
v 0.052069 -1.67108 -2.438217
v 0.065217 -1.674165 -2.441404
v 0.065753 -1.681352 -2.439
v 0.065009 -1.670182 -2.441098
v 0.07841 -1.673588 -2.439931
v 0.07798 -1.680817 -2.437634
v 0.078202 -1.669605 -2.439625
v 0.090426 -1.673395 -2.434262
v 0.089117 -1.680638 -2.43238
v 0.090218 -1.669412 -2.433956
v 0.099963 -1.673607 -2.425012
v 0.097956 -1.680835 -2.423807
v 0.099754 -1.669624 -2.424707
v 0.105987 -1.674201 -2.413184
v 0.103539 -1.681386 -2.412844
v 0.105779 -1.670218 -2.412878
v 0.107846 -1.675112 -2.400059
v 0.105262 -1.68223 -2.40068
v 0.107638 -1.67113 -2.399753
v 0.105339 -1.676243 -2.38706
v 0.077662 -1.667793 -2.398139
v 0.098527 -1.673486 -2.375288
v 0.10513 -1.67226 -2.386754
v 0.075369 -1.66826 -2.39372
v 0.088545 -1.674676 -2.3666
v 0.070901 -1.668742 -2.390386
v 0.076265 -1.675701 -2.36163
v 0.063862 -1.669124 -2.390207
v 0.064061 -1.661147 -2.389422
v 0.058184 -1.6691 -2.394383
v 0.058147 -1.661162 -2.393259
v 0.056257 -1.668681 -2.40115
v 0.055826 -1.660772 -2.3999
v 0.057789 -1.668244 -2.405888
v 0.058074 -1.660144 -2.40655
v 0.061649 -1.667725 -2.409915
v 0.062606 -1.659655 -2.40983
v 0.068554 -1.667262 -2.411244
v 0.067503 -1.659331 -2.410703
v 0.074838 -1.667178 -2.408056
v 0.073962 -1.659209 -2.40789
v 0.077296 -1.667391 -2.403709
v 0.077345 -1.659508 -2.401715
v 0.076225 -1.660098 -2.394779
v 0.071405 -1.660181 -2.396991
v 0.07215 -1.659806 -2.401368
v 0.071072 -1.660735 -2.390013
v 0.067681 -1.66058 -2.394333
v 0.069355 -1.608147 -2.394164
v 0.066211 -1.608566 -2.390844
v 0.068827 -1.607834 -2.398579
v 0.062614 -1.608777 -2.390541
v 0.068428 -1.659698 -2.405301
v 0.066156 -1.607787 -2.401017
v 0.062552 -1.607953 -2.401309
v 0.063882 -1.659979 -2.404738
v 0.061511 -1.660311 -2.402029
v 0.05954 -1.608263 -2.399331
v 0.061312 -1.660599 -2.398426
v 0.058387 -1.608585 -2.395918
v 0.063369 -1.660719 -2.395456
v 0.059579 -1.608785 -2.392509
v -1.012862 -0.357532 -2.321908
v -1.015391 -0.355236 -2.319923
v -1.016751 -0.358569 -2.318917
v -1.017494 -0.35383 -2.317635
v -1.014777 -0.361222 -2.320303
v -1.009658 -0.36099 -2.323015
v -1.012966 -0.353139 -2.321185
v -1.017971 -0.361842 -2.317303
v -1.008553 -0.356062 -2.323552
v -1.015869 -0.36614 -2.317431
v -1.012335 -0.364679 -2.320774
v -1.019312 -0.364981 -2.313881
v -1.014291 -0.369955 -2.316001
v -1.018965 -0.356713 -2.316542
v -1.020423 -0.359322 -2.314481
v -1.009448 -0.367954 -2.320583
v -1.021741 -0.361513 -2.311075
v -1.020791 -0.35515 -2.313703
v -1.019009 -0.368367 -2.311136
v -1.022338 -0.363615 -2.307291
v -1.022506 -0.356666 -2.309766
v -1.023386 -0.356972 -2.305496
v -1.021401 -0.351737 -2.310303
v -1.018612 -0.351239 -2.315362
v -1.024492 -0.36227 -2.304786
v -1.021872 -0.350218 -2.306233
v -1.024861 -0.359929 -2.304154
v -1.018002 -0.371534 -2.312282
v -1.006899 -0.368191 -2.322927
v -1.02191 -0.346762 -2.30559
v -1.017545 -0.363064 -2.29779
v -1.018724 -0.348048 -2.312544
v -1.018202 -0.345163 -2.309304
v -1.01519 -0.346588 -2.315887
v -1.01336 -0.343161 -2.313885
v -1.011176 -0.341079 -2.315604
v -1.015507 -0.350652 -2.318501
v -1.011747 -0.347746 -2.319437
v -1.008641 -0.344749 -2.31875
v -1.009318 -0.351214 -2.322243
v -1.005313 -0.349502 -2.322595
v -1.004265 -0.356145 -2.32439
v -1.009514 -0.341638 -2.317318
v -1.005778 -0.362899 -2.323653
v -1.002655 -0.353243 -2.325446
v -1.005606 -0.366409 -2.32401
v -1.003024 -0.350903 -2.324814
v -1.002568 -0.342433 -2.310322
v -1.020617 -0.344982 -2.306672
v -1.004229 -0.341873 -2.308608
v -1.01367 -0.345776 -2.299676
v -0.996078 -0.351697 -2.317818
v -1.006565 -0.349769 -2.307301
v -0.998659 -0.367204 -2.317014
v -0.995708 -0.354037 -2.318451
v -1.003893 -0.350669 -2.310057
v -1.002008 -0.353361 -2.312234
v -1.009308 -0.350903 -2.304706
v -0.954344 -0.356322 -2.260165
v -0.95702 -0.355421 -2.257406
v -0.952456 -0.359017 -2.262346
v -0.959767 -0.356557 -2.254807
v -0.951862 -0.362785 -2.263364
v -1.011387 -0.353766 -2.302968
v -0.961848 -0.359424 -2.253066
v -0.962707 -0.363254 -2.252648
v -1.001414 -0.357123 -2.313251
v -1.002271 -0.360948 -2.312834
v -0.95272 -0.366616 -2.262946
v -0.954802 -0.369483 -2.261205
v -0.999952 -0.368985 -2.315933
v -1.00435 -0.363811 -2.311095
v -1.01634 -0.372094 -2.313996
v -1.009393 -0.372888 -2.307
v -1.011055 -0.372328 -2.305286
v -1.007093 -0.364945 -2.3085
v -0.957548 -0.370618 -2.258606
v -0.960224 -0.369717 -2.255847
v -1.009765 -0.364045 -2.305744
v -0.962112 -0.367022 -2.253666
v -1.01165 -0.361354 -2.303567
v -1.012244 -0.357591 -2.302551
v -1.017914 -0.360724 -2.297158
v -1.014963 -0.347556 -2.298594
v -1.020271 -0.499227 -2.330093
v -1.020203 -0.503348 -2.330629
v -1.017091 -0.502722 -2.332886
v -1.019004 -0.506409 -2.331281
v -1.013885 -0.506177 -2.333993
v -1.017193 -0.498326 -2.332163
v -1.022195 -0.507029 -2.328286
v -1.01278 -0.501248 -2.33453
v -1.020096 -0.511326 -2.328409
v -1.016562 -0.509866 -2.331752
v -1.023539 -0.510168 -2.324859
v -1.018518 -0.515142 -2.326979
v -1.023154 -0.501225 -2.327525
v -1.02465 -0.504508 -2.325459
v -1.013675 -0.51314 -2.331561
v -1.025968 -0.5067 -2.322053
v -1.025019 -0.500336 -2.324681
v -1.023236 -0.513554 -2.322114
v -1.026565 -0.508802 -2.31827
v -1.026733 -0.501852 -2.320744
v -1.027613 -0.502159 -2.316475
v -1.025628 -0.496924 -2.321281
v -1.022839 -0.496426 -2.32634
v -1.026099 -0.495405 -2.317211
v -1.022229 -0.516721 -2.32326
v -1.028719 -0.507457 -2.315764
v -1.020567 -0.517281 -2.324975
v -1.029088 -0.505116 -2.315132
v -1.011126 -0.513378 -2.333906
v -1.021772 -0.50825 -2.308769
v -1.022951 -0.493235 -2.323522
v -1.022429 -0.49035 -2.320281
v -1.026137 -0.491949 -2.316568
v -1.019417 -0.491775 -2.326865
v -1.024844 -0.490168 -2.317651
v -1.017587 -0.488348 -2.324863
v -1.015403 -0.486266 -2.326582
v -1.019736 -0.495838 -2.329477
v -1.015974 -0.492933 -2.330415
v -1.012869 -0.489936 -2.329728
v -1.013545 -0.496401 -2.333221
v -1.00954 -0.494687 -2.333573
v -1.008493 -0.501331 -2.335367
v -1.010006 -0.508084 -2.334631
v -1.006882 -0.49843 -2.336424
v -1.009833 -0.511597 -2.334988
v -1.013741 -0.486825 -2.328295
v -1.007251 -0.49609 -2.335792
v -1.006795 -0.487619 -2.3213
v -1.008457 -0.48706 -2.319586
v -1.017898 -0.490962 -2.310654
v -1.000305 -0.496884 -2.328796
v -1.010793 -0.494956 -2.318279
v -1.002887 -0.512391 -2.327992
v -0.999936 -0.499224 -2.329429
v -1.00812 -0.495856 -2.321035
v -1.006235 -0.498547 -2.323212
v -1.013535 -0.49609 -2.315684
v -0.958571 -0.501509 -2.271143
v -0.961247 -0.500608 -2.268384
v -0.956683 -0.504204 -2.273324
v -0.963994 -0.501743 -2.265785
v -0.956089 -0.507972 -2.274342
v -1.015614 -0.498953 -2.313945
v -0.966075 -0.50461 -2.264044
v -0.966934 -0.508441 -2.263626
v -1.005641 -0.50231 -2.324229
v -1.006499 -0.506135 -2.323812
v -0.956947 -0.511802 -2.273924
v -0.959029 -0.51467 -2.272183
v -1.004179 -0.514172 -2.32691
v -1.008577 -0.508998 -2.322073
v -1.01362 -0.518075 -2.317978
v -1.015282 -0.517515 -2.316264
v -1.01132 -0.510132 -2.319478
v -0.961775 -0.515805 -2.269584
v -0.964451 -0.514904 -2.266825
v -1.013992 -0.509232 -2.316722
v -0.966339 -0.512209 -2.264644
v -1.015878 -0.506541 -2.314545
v -1.016471 -0.502778 -2.313528
v -1.022141 -0.50591 -2.308136
v -1.01919 -0.492743 -2.309572
v -1.050302 -1.685504 -2.370155
v -1.051481 -1.678647 -2.367103
v -1.03919 -1.679675 -2.362161
v -1.059572 -1.684397 -2.378186
v -1.038911 -1.686457 -2.365574
v -1.061483 -1.677452 -2.375769
v -1.065715 -1.683255 -2.388799
v -1.025942 -1.680425 -2.361477
v -1.026632 -1.687152 -2.36494
v -1.038981 -1.675693 -2.361854
v -1.013172 -1.680816 -2.365126
v -1.014796 -1.687514 -2.368322
v -1.025732 -1.676442 -2.36117
v -1.012962 -1.676833 -2.364819
v -1.002263 -1.680805 -2.372713
v -1.004685 -1.687504 -2.375354
v -1.002054 -1.676822 -2.372406
v -0.994399 -1.680393 -2.383415
v -0.997397 -1.687123 -2.385273
v -0.994189 -1.676411 -2.383108
v -0.990431 -1.679626 -2.396073
v -0.993719 -1.686412 -2.397004
v -0.990221 -1.675643 -2.395766
v -0.990789 -1.678586 -2.409314
v -0.994051 -1.685448 -2.409277
v -0.99058 -1.674603 -2.409007
v -0.995435 -1.677386 -2.421705
v -0.998357 -1.684335 -2.420761
v -0.995225 -1.673403 -2.421398
v -1.003865 -1.676156 -2.431902
v -1.00617 -1.683195 -2.430212
v -1.003655 -1.672173 -2.431595
v -1.015165 -1.675029 -2.438801
v -1.016643 -1.682151 -2.436606
v -1.014955 -1.671046 -2.438493
v -1.028111 -1.674128 -2.441652
v -1.028642 -1.681315 -2.439249
v -1.027902 -1.670145 -2.441345
v -1.041301 -1.673549 -2.440149
v -1.040866 -1.680779 -2.437856
v -1.041091 -1.669567 -2.439842
v -1.053303 -1.673357 -2.434453
v -1.051991 -1.680601 -2.432577
v -1.053094 -1.669374 -2.434146
v -1.06282 -1.673571 -2.425182
v -1.060811 -1.6808 -2.423984
v -1.06261 -1.669588 -2.424875
v -1.068817 -1.674169 -2.413341
v -1.06637 -1.681354 -2.413009
v -1.068608 -1.670186 -2.413034
v -1.070647 -1.675085 -2.400213
v -1.068066 -1.682203 -2.400841
v -1.070438 -1.671102 -2.399905
v -1.068111 -1.676221 -2.387219
v -1.040655 -1.667486 -2.401912
v -1.061273 -1.67347 -2.375462
v -1.067901 -1.672238 -2.386912
v -1.039113 -1.668096 -2.395062
v -1.051272 -1.674664 -2.366796
v -1.035497 -1.668557 -2.391639
v -1.030177 -1.668959 -2.389951
v -1.030391 -1.660966 -2.389371
v -1.025316 -1.669133 -2.391114
v -1.023564 -1.661191 -2.391102
v -1.02097 -1.669082 -2.394646
v -1.019908 -1.661056 -2.39536
v -1.01906 -1.668661 -2.401416
v -1.018625 -1.660752 -2.400167
v -1.020603 -1.668222 -2.40615
v -1.02089 -1.660121 -2.406812
v -1.024467 -1.667701 -2.410166
v -1.025427 -1.65963 -2.410079
v -1.031376 -1.667236 -2.411483
v -1.030324 -1.659306 -2.41094
v -1.037654 -1.667152 -2.408281
v -1.036778 -1.659184 -2.408113
v -1.039685 -1.659401 -2.403313
v -1.04016 -1.659758 -2.398366
v -1.034952 -1.659783 -2.401596
v -1.03369 -1.660254 -2.39635
v -1.03683 -1.66041 -2.392188
v -1.031633 -1.60822 -2.393507
v -1.032215 -1.607915 -2.397064
v -1.028986 -1.608547 -2.391067
v -1.031987 -1.659669 -2.405095
v -1.030487 -1.607762 -2.400236
v -1.0286 -1.66066 -2.394554
v -1.024535 -1.608792 -2.390932
v -1.02755 -1.659871 -2.405505
v -1.027173 -1.607824 -2.401687
v -1.024885 -1.660666 -2.39702
v -1.023675 -1.608076 -2.400807
v -1.021476 -1.60869 -2.394353
v -1.023939 -1.66037 -2.4015
v -1.021464 -1.608412 -2.397961
v -1.022404 -0.526787 0.158643
v -1.020084 -0.527547 0.161746
v -1.018943 -0.523013 0.163082
v -1.020766 -0.532303 0.159079
v -1.023338 -0.529942 0.155092
v -1.022716 -0.521492 0.157539
v -1.024121 -0.524959 0.154499
v -1.017591 -0.531364 0.1633
v -1.024954 -0.524639 0.150221
v -1.019346 -0.520052 0.161999
v -1.020426 -0.516824 0.158556
v -1.023493 -0.518059 0.151959
v -1.016938 -0.515853 0.162118
v -1.015018 -0.519224 0.165482
v -1.01511 -0.512161 0.160661
v -1.013245 -0.525335 0.167452
v -1.019889 -0.513492 0.15578
v -1.016339 -0.528185 0.165263
v -1.011103 -0.521333 0.167792
v -1.014015 -0.534451 0.164328
v -1.011386 -0.531118 0.167117
v -1.017504 -0.535423 0.160766
v -1.006039 -0.5265 0.16925
v -1.015885 -0.538979 0.15881
v -1.011105 -0.537648 0.163691
v -1.020561 -0.536716 0.154176
v -1.007501 -0.53308 0.167512
v -1.007114 -0.51967 0.168438
v -1.004666 -0.530761 0.170286
v -1.010433 -0.514422 0.165294
v -1.017826 -0.509953 0.157825
v -1.007047 -0.515054 0.168479
v -1.010802 -0.509561 0.150839
v -1.026142 -0.520371 0.148991
v -1.023881 -0.531469 0.151033
v -1.023618 -0.536028 0.150925
v -1.019031 -0.52013 0.142109
v -1.01289 -0.541331 0.161539
v -1.016634 -0.535837 0.1439
v -1.005872 -0.540935 0.15457
v -1.013173 -0.528631 0.147801
v -1.011293 -0.531604 0.149581
v -1.008644 -0.532884 0.152205
v -0.961188 -0.529637 0.099965
v -0.96307 -0.52666 0.098182
v -0.958535 -0.530919 0.102593
v -0.963679 -0.522786 0.097722
v -0.955824 -0.530164 0.105361
v -1.01378 -0.524763 0.147341
v -1.005937 -0.532131 0.15497
v -0.95378 -0.527574 0.107528
v -1.012953 -0.521036 0.148326
v -0.96285 -0.519054 0.098707
v -1.010912 -0.518449 0.15049
v -0.960806 -0.516464 0.100874
v -1.008205 -0.517695 0.153254
v -0.958095 -0.515709 0.103643
v -1.005556 -0.518976 0.155878
v -0.955443 -0.516991 0.106271
v -1.00008 -0.514854 0.161456
v -1.003676 -0.521949 0.157659
v -0.95356 -0.519968 0.108053
v -0.952951 -0.523842 0.108514
v -0.997546 -0.530521 0.163392
v -1.003069 -0.525817 0.158118
v -1.003896 -0.529544 0.157135
v -1.026121 -0.671996 0.147797
v -1.0238 -0.672757 0.150901
v -1.023124 -0.668332 0.151737
v -1.024484 -0.677516 0.14823
v -1.027055 -0.675153 0.144246
v -1.026434 -0.666702 0.146689
v -1.027838 -0.670169 0.143653
v -1.021599 -0.677901 0.151665
v -1.02867 -0.66985 0.139375
v -1.023066 -0.665264 0.151151
v -1.024142 -0.662035 0.14771
v -1.027209 -0.66327 0.141113
v -1.020654 -0.661063 0.151272
v -1.018733 -0.664433 0.154636
v -1.018826 -0.657371 0.149815
v -1.020801 -0.671547 0.153978
v -1.016961 -0.670547 0.156606
v -1.023606 -0.658701 0.144933
v -1.01482 -0.666544 0.156946
v -1.017187 -0.67518 0.155865
v -1.017732 -0.679662 0.153482
v -1.009757 -0.671711 0.158404
v -1.019602 -0.68419 0.147964
v -1.014822 -0.682858 0.152845
v -1.024278 -0.681928 0.14333
v -1.011218 -0.678291 0.156666
v -1.01083 -0.664882 0.157592
v -1.008379 -0.675963 0.159442
v -1.01415 -0.659633 0.154449
v -1.010763 -0.660268 0.157637
v -1.021542 -0.655164 0.146979
v -1.029858 -0.665576 0.138146
v -1.014517 -0.654772 0.139993
v -1.027598 -0.67668 0.140187
v -1.022747 -0.665341 0.131263
v -1.027325 -0.681248 0.140083
v -1.016603 -0.68654 0.150696
v -1.020351 -0.681048 0.133054
v -1.009589 -0.686146 0.143723
v -1.016889 -0.673842 0.136955
v -1.015009 -0.676814 0.138735
v -1.01236 -0.678095 0.14136
v -0.964904 -0.674847 0.089119
v -0.966787 -0.67187 0.087336
v -0.962252 -0.67613 0.091747
v -0.967395 -0.667997 0.086876
v -0.959541 -0.675375 0.094515
v -1.017497 -0.669974 0.136495
v -1.009653 -0.677341 0.144124
v -0.957497 -0.672785 0.096682
v -1.016669 -0.666247 0.13748
v -0.966567 -0.664265 0.087861
v -1.014629 -0.66366 0.139644
v -0.964523 -0.661674 0.090028
v -1.011921 -0.662906 0.142408
v -0.961812 -0.660919 0.092797
v -1.009273 -0.664187 0.145032
v -0.959159 -0.662202 0.095425
v -1.003797 -0.660066 0.15061
v -1.007393 -0.66716 0.146813
v -0.957277 -0.665179 0.097208
v -0.956668 -0.669052 0.097668
v -1.001263 -0.675732 0.152546
v -1.006785 -0.671028 0.147273
v -1.007612 -0.674754 0.146289
v -0.999681 -1.846642 0.063626
v -0.994724 -1.846087 0.05131
v -1.002308 -1.853515 0.061735
v -0.997714 -1.853001 0.05032
v -1.010363 -1.853868 0.071044
v -0.994039 -1.84542 0.038058
v -0.997079 -1.852383 0.038037
v -1.008371 -1.847023 0.07367
v -1.021005 -1.854024 0.077239
v -0.997699 -1.844713 0.025304
v -1.000471 -1.851727 0.026217
v -0.993978 -1.841426 0.038262
v -1.005307 -1.844042 0.014431
v -1.007523 -1.851105 0.01614
v -0.997638 -1.840718 0.025508
v -1.005247 -1.840047 0.014636
v -1.01604 -1.843479 0.006618
v -1.01747 -1.850584 0.008898
v -1.015979 -1.839485 0.006822
v -1.028733 -1.843087 0.002711
v -1.029235 -1.85022 0.005277
v -1.028673 -1.839092 0.002915
v -1.042013 -1.842907 0.003133
v -1.041543 -1.850053 0.005668
v -1.041952 -1.838912 0.003338
v -1.054439 -1.842959 0.007839
v -1.053059 -1.850102 0.01003
v -1.054378 -1.838964 0.008043
v -1.064665 -1.843237 0.016319
v -1.062537 -1.850359 0.017889
v -1.064604 -1.839243 0.016523
v -1.071582 -1.843712 0.027653
v -1.068949 -1.850799 0.028394
v -1.071522 -1.839717 0.027858
v -1.074442 -1.84433 0.040614
v -1.071599 -1.851373 0.040407
v -1.074382 -1.840336 0.040819
v -1.072935 -1.845027 0.053797
v -1.070202 -1.852019 0.052625
v -1.072874 -1.841033 0.054002
v -1.067223 -1.845726 0.065774
v -1.064908 -1.852666 0.063726
v -1.067162 -1.841732 0.065978
v -1.057925 -1.846352 0.075246
v -1.056291 -1.853246 0.072505
v -1.057865 -1.842357 0.07545
v -1.04605 -1.846835 0.081187
v -1.045285 -1.853695 0.078011
v -1.04599 -1.842841 0.081391
v -1.032884 -1.847126 0.082954
v -1.033082 -1.853964 0.079648
v -1.032823 -1.843131 0.083158
v -1.019854 -1.84719 0.080354
v -1.031581 -1.836629 0.053688
v -1.008311 -1.843029 0.073874
v -1.019793 -1.843196 0.080558
v -1.027153 -1.836585 0.051363
v -0.99962 -1.842647 0.06383
v -1.02382 -1.836399 0.046868
v -0.994664 -1.842093 0.051515
v -1.023658 -1.836041 0.03983
v -1.023064 -1.828281 0.044409
v -1.027857 -1.835689 0.034182
v -1.024196 -1.827982 0.038918
v -1.027221 -1.827734 0.034966
v -1.032565 -1.835539 0.032505
v -1.033889 -1.827517 0.032691
v -1.038132 -1.835478 0.033103
v -1.040552 -1.827533 0.034987
v -1.043425 -1.835636 0.037755
v -1.043831 -1.827716 0.039542
v -1.044744 -1.835969 0.044667
v -1.044694 -1.827954 0.044445
v -1.042793 -1.83624 0.049264
v -1.041858 -1.828326 0.050885
v -1.038586 -1.836486 0.05295
v -1.037045 -1.828546 0.053769
v -1.032086 -1.828645 0.054219
v -1.034458 -1.828345 0.049064
v -1.02589 -1.828567 0.05086
v -1.030934 -1.828358 0.048251
v -1.028278 -1.828206 0.044508
v -1.030521 -1.782128 0.050782
v -1.028075 -1.782029 0.04812
v -1.035087 -1.782082 0.051247
v -1.038398 -1.828179 0.046984
v -1.02778 -1.781849 0.04452
v -1.03769 -1.78193 0.049047
v -1.03884 -1.781724 0.045361
v -1.039243 -1.827893 0.041645
v -1.036007 -1.827776 0.03839
v -1.036602 -1.781562 0.041509
v -1.032398 -1.827819 0.038167
v -1.033182 -1.781553 0.040331
v -1.029413 -1.827968 0.040203
v -1.029759 -1.781665 0.041499
vt 0.396157 0.958935022
vt 0.397783 0.96132499
vt 0.396363 0.959761977
vt 0.396359 0.959187984
vt 0.397908 0.96146202
vt 0.396363 0.959761977
vt 0.39755 0.961386025
vt 0.39916 0.96488601
vt 0.397879 0.961456
vt 0.39755 0.961386025
vt 0.399029 0.96460098
vt 0.398825 0.96486199
vt 0.400053 0.969210982
vt 0.39996 0.968917012
vt 0.399133 0.964883983
vt 0.398825 0.96486199
vt 0.398502 0.964839995
vt 0.400433 0.978350997
vt 0.400591 0.979458988
vt 0.400061 0.969277024
vt 0.398502 0.964839995
vt 0.398825 0.96486199
vt 0.396461 0.979458988
vt 0.396366 0.960223973
vt 0.349546 0.979458988
vt 0.396386 0.96330303
vt 0.400053 0.969210982
vt 0.3495 0.961398005
vt 0.400278 0.979458988
vt 0.399746 0.96846199
vt 0.396366 0.960223973
vt 0.396461 0.979458988
vt 0.398315 0.96622002
vt 0.39916 0.96488601
vt 0.399908 0.968962014
vt 0.398315 0.96622002
vt 0.399089 0.964998007
vt 0.396386 0.96330303
vt 0.349546 0.979458988
vt 0.398308 0.964825988
vt 0.397908 0.96146202
vt 0.39916 0.96488601
vt 0.3495 0.961398005
vt 0.399089 0.964881003
vt 0.396154 0.959366024
vt 0.397942 0.961745024
vt 0.398308 0.964825988
vt 0.349319 0.937178016
vt 0.397208 0.961314023
vt 0.396359 0.959187984
vt 0.397849 0.96144998
vt 0.397208 0.961314023
vt 0.396372 0.959279
vt 0.324397 0.93690598
vt 0.324397 0.959634006
vt 0.32353 0.91464698
vt 0.32353 0.939154983
vt 0.349149 0.914478004
vt 0.396156 0.959716022
vt 0.32353 0.91375601
vt 0.349144 0.91375601
vt 0.349319 0.937178016
vt 0.324397 0.93690598
vt 0.324397 0.959634006
vt 0.32353 0.939154983
vt 0.32353 0.94320202
vt 0.324397 0.941516995
vt 0.322532 0.939051986
vt 0.32353 0.94320202
vt 0.324397 0.941516995
vt 0.322532 0.939051986
vt 0.322532 0.94320202
vt 0.32353 0.947118998
vt 0.32353 0.951035976
vt 0.324397 0.94588101
vt 0.32353 0.960156977
vt 0.322532 0.95114398
vt 0.322532 0.947220027
vt 0.321536 0.94320202
vt 0.321535 0.947459996
vt 0.322532 0.960390985
vt 0.321535 0.938808024
vt 0.321533 0.951399982
vt 0.320541 0.94320202
vt 0.32353 0.969277024
vt 0.324397 0.969277024
vt 0.320538 0.947746992
vt 0.321533 0.960949004
vt 0.320538 0.938516974
vt 0.320535 0.951705992
vt 0.319546 0.94320202
vt 0.322532 0.969449997
vt 0.319541 0.94798702
vt 0.320535 0.961615026
vt 0.319541 0.938272
vt 0.319523 0.95196402
vt 0.31855 0.94320202
vt 0.321535 0.969862998
vt 0.318544 0.938170016
vt 0.318544 0.94808799
vt 0.311443 0.943197012
vt 0.318537 0.93407202
vt 0.319536 0.93417901
vt 0.320535 0.93443602
vt 0.320154 0.91375601
vt 0.321533 0.93474299
vt 0.322532 0.935
vt 0.32353 0.935108006
vt 0.32353 0.91375601
vt 0.32353 0.914505005
vt 0.32353 0.935108006
vt 0.322532 0.935
vt 0.321533 0.93474299
vt 0.318929 0.91464198
vt 0.320535 0.93443602
vt 0.321535 0.938808024
vt 0.322532 0.94320202
vt 0.320538 0.938516974
vt 0.32353 0.947118998
vt 0.319536 0.93417901
vt 0.322532 0.947220027
vt 0.32353 0.951035976
vt 0.324397 0.94588101
vt 0.324397 0.959634006
vt 0.322502 0.950869024
vt 0.322502 0.950869024
vt 0.321536 0.94320202
vt 0.321535 0.947459996
vt 0.320541 0.94320202
vt 0.319541 0.938272
vt 0.320538 0.947746992
vt 0.321533 0.951399982
vt 0.318537 0.93407202
vt 0.319546 0.94320202
vt 0.31142 0.91464102
vt 0.31142 0.91375601
vt 0.311421 0.93407202
vt 0.264111 0.91439098
vt 0.264166 0.93470597
vt 0.264213 0.943841994
vt 0.215519 0.91614199
vt 0.215617 0.936456025
vt 0.264113 0.91527498
vt 0.215683 0.945614994
vt 0.311421 0.93407202
vt 0.215523 0.91702503
vt 0.264166 0.93470597
vt 0.311432 0.938170016
vt 0.318544 0.938170016
vt 0.215617 0.936456025
vt 0.31855 0.94320202
vt 0.165916 0.91966301
vt 0.264188 0.93880397
vt 0.16591 0.91878098
vt 0.16604 0.93909198
vt 0.16604 0.93909198
vt 0.115557 0.92295802
vt 0.11555 0.922077
vt 0.215648 0.940554023
vt 0.115701 0.942386985
vt 0.311443 0.94320202
vt 0.264213 0.943835974
vt 0.166077 0.94318998
vt 0.215683 0.945585012
vt 0.057858 0.927187026
vt 0.115742 0.946484983
vt 0.063457 0.946308017
vt 0.166119 0.948221028
vt 0.264215 0.948722005
vt 0.215696 0.95046997
vt 0.311432 0.94808799
vt 0.318544 0.94808799
vt 0.319541 0.94798702
vt 0.319443 0.95197302
vt 0.320535 0.951705992
vt 0.311421 0.952069998
vt 0.320535 0.961615026
vt 0.319536 0.962172985
vt 0.321533 0.960949004
vt 0.318537 0.962406993
vt 0.322532 0.960390985
vt 0.264215 0.952704012
vt 0.32353 0.969277024
vt 0.324397 0.969277024
vt 0.322532 0.969449997
vt 0.321535 0.969862998
vt 0.323568 0.979458988
vt 0.349523 0.972827017
vt 0.322521 0.979610026
vt 0.320539 0.970355988
vt 0.321522 0.979972005
vt 0.319542 0.970770001
vt 0.320524 0.98040402
vt 0.318545 0.970942974
vt 0.319525 0.980765998
vt 0.311422 0.962406993
vt 0.311437 0.970942974
vt 0.264244 0.963039994
vt 0.264281 0.971575975
vt 0.215704 0.95445198
vt 0.215754 0.964787006
vt 0.215809 0.973322988
vt 0.16614 0.953105986
vt 0.166155 0.95708698
vt 0.166222 0.96742201
vt 0.16629 0.975956976
vt 0.11579 0.95151502
vt 0.115816 0.956399977
vt 0.115836 0.96038097
vt 0.115913 0.970714986
vt 0.11599 0.979249
vt 0.064911 0.950209975
vt 0.063412 0.974336982
vt 0.065178 0.982972026
vt 0.065012 0.96410501
vt 0.06499 0.960124016
vt 0.064961 0.95524001
vt 0.063275 0.960153997
vt 0.063246 0.95537001
vt 0.063197 0.950442016
vt 0.061443 0.94673699
vt 0.061483 0.950815976
vt 0.062041 0.926005006
vt 0.061527 0.955500007
vt 0.115701 0.942386985
vt 0.063298 0.964128017
vt 0.166119 0.948273003
vt 0.061557 0.960044026
vt 0.061583 0.964002013
vt 0.063462 0.982928991
vt 0.949443 0.06522703
vt 0.061663 0.973906994
vt 0.059838 0.959887028
vt 0.059866 0.963826
vt 0.059807 0.955631018
vt 0.059768 0.951237977
vt 0.058088 0.955761015
vt 0.059732 0.947174013
vt 0.058054 0.95161301
vt 0.05812 0.95977801
vt 0.056372 0.955892026
vt 0.063321 0.94632697
vt 0.115791 0.95159799
vt 0.061443 0.94673699
vt 0.064911 0.950209975
vt 0.063197 0.950442016
vt 0.064961 0.95524001
vt 0.264215 0.952704012
vt 0.311421 0.952069998
vt 0.319536 0.962172985
vt 0.318537 0.962406993
vt 0.311422 0.962406993
vt 0.320539 0.970355988
vt 0.319542 0.970770001
vt 0.318545 0.970942974
vt 0.311437 0.970942974
vt 0.320524 0.98040402
vt 0.264244 0.963039994
vt 0.264281 0.971575975
vt 0.319525 0.980765998
vt 0.215754 0.964787006
vt 0.215809 0.973322988
vt 0.215704 0.95445198
vt 0.166222 0.96742201
vt 0.145671 0.958428025
vt 0.16629 0.975956976
vt 0.115913 0.970714986
vt 0.11599 0.979249
vt 0.06499 0.960124016
vt 0.065012 0.96410501
vt 0.063501 0.974341989
vt 0.065178 0.982972026
vt 0.063246 0.95537001
vt 0.063275 0.960153997
vt 0.063298 0.964128017
vt 0.061483 0.950815976
vt 0.061527 0.955500007
vt 0.061557 0.960044026
vt 0.061583 0.964002013
vt 0.063462 0.982928991
vt 0.949443 0.06522703
vt 0.061663 0.973906994
vt 0.059838 0.959887028
vt 0.059866 0.963826
vt 0.059807 0.955631018
vt 0.059768 0.951237977
vt 0.059732 0.947174013
vt 0.058054 0.95161301
vt 0.058088 0.955761015
vt 0.057847 0.92632401
vt 0.056372 0.955892026
vt 0.05812 0.95977801
vt 0.020601 0.93000901
vt 0.059943 0.973371983
vt 0.021773 0.92910099
vt 0.061742 0.982645988
vt 0.058225 0.972944021
vt 0.949417 0.063511014
vt 0.949285 0.061792016
vt 0.061742 0.982645988
vt 0.06002 0.98228401
vt 0.061792 0.9926909804
vt 0.056511 0.972842991
vt 0.058299 0.982001007
vt 0.060071 0.9923890233
vt 0.06002 0.98228401
vt 0.058351 0.992157996
vt 0.058299 0.982001007
vt 0.056575 0.981959999
vt 0.022078 0.975009024
vt 0.056703 0.992132008
vt 0.022141 0.984610021
vt 0.056417 0.98197198
vt 0.022177 0.9947900176
vt 0.05651 0.972841024
vt 0.022141 0.984610975
vt 0.022079 0.975126982
vt 0.021123 0.994871974
vt 0.021066 0.984694004
vt 0.020983 0.974870026
vt 0.019926 0.989161015
vt 0.056373 0.955892026
vt 0.019882 0.98200798
vt 0.019882 0.982066989
vt 0.021066 0.984694004
vt 0.020981 0.97469598
vt 0.019809 0.973156989
vt 0.019782 0.969901025
vt 0.019669 0.95657003
vt 0.020594 0.92919302
vt 0.019437 0.92928201
vt 0.019443 0.930032015
vt 0.019443 0.930004
vt 0.019437 0.92928201
vt 0.019882 0.982033014
vt 0.019443 0.930005014
vt 0.019437 0.92928201
vt 0.019443 0.930032015
vt 0.019437 0.92928201
vt 0.020594 0.92919302
vt 0.019882 0.981978
vt 0.020601 0.93001002
vt 0.021776 0.92910099
vt 0.02179 0.929934025
vt 0.021066 0.984695017
vt 0.057844 0.92632401
vt 0.057863 0.927187026
vt 0.056372 0.955892026
vt 0.056509 0.972841024
vt 0.056432 0.981970012
vt 0.021066 0.984692991
vt 0.021123 0.994871974
vt 0.019926 0.989161015
vt 0.056709 0.992130995
vt 0.056582 0.981958985
vt 0.058351 0.992157996
vt 0.056509 0.972841024
vt 0.058299 0.982001007
vt 0.058225 0.972944021
vt 0.059943 0.973371983
vt 0.06002 0.98228401
vt 0.061742 0.982645988
vt 0.060071 0.9923890233
vt 0.061792 0.9926909804
vt 0.949417 0.063511014
vt 0.949285 0.061792016
vt 0.061742 0.982645988
vt 0.06002 0.98228401
vt 0.058299 0.982001007
vt 0.058225 0.972944021
vt 0.059943 0.973371983
vt 0.05812 0.95977801
vt 0.063462 0.982928991
vt 0.061663 0.973906994
vt 0.059866 0.963826
vt 0.065178 0.982972026
vt 0.06341 0.974336982
vt 0.061583 0.964002013
vt 0.059838 0.959887028
vt 0.11599 0.979249
vt 0.063298 0.964128017
vt 0.061557 0.960044026
vt 0.058088 0.955761015
vt 0.059807 0.955631018
vt 0.058054 0.95161301
vt 0.061527 0.955500007
vt 0.059768 0.951237977
vt 0.059732 0.947174013
vt 0.063275 0.960153997
vt 0.061483 0.950815976
vt 0.063246 0.95537001
vt 0.065012 0.96410501
vt 0.06499 0.960124016
vt 0.115913 0.970714986
vt 0.16629 0.975956976
vt 0.115836 0.96038097
vt 0.166222 0.96742201
vt 0.215809 0.973322988
vt 0.115816 0.956399977
vt 0.215754 0.964787006
vt 0.264281 0.971575975
vt 0.166155 0.95708698
vt 0.264244 0.963039994
vt 0.311437 0.970942974
vt 0.215704 0.95445198
vt 0.16614 0.953105986
vt 0.311422 0.962406993
vt 0.318545 0.970942974
vt 0.264215 0.952704012
vt 0.215696 0.95046997
vt 0.318537 0.962406993
vt 0.319542 0.970770001
vt 0.311421 0.952069998
vt 0.264215 0.948722005
vt 0.166119 0.948221028
vt 0.319443 0.95197302
vt 0.215683 0.945585012
vt 0.311432 0.94808799
vt 0.264213 0.943835974
vt 0.319536 0.962172985
vt 0.318544 0.94808799
vt 0.311443 0.94320202
vt 0.215648 0.940554023
vt 0.264188 0.93880397
vt 0.31855 0.94320202
vt 0.166077 0.94318998
vt 0.319541 0.94798702
vt 0.311432 0.938170016
vt 0.319546 0.94320202
vt 0.318544 0.938170016
vt 0.320535 0.951705992
vt 0.320538 0.947746992
vt 0.319541 0.938272
vt 0.320535 0.961615026
vt 0.320541 0.94320202
vt 0.320539 0.970355988
vt 0.321535 0.969862998
vt 0.321533 0.960949004
vt 0.322532 0.969449997
vt 0.321533 0.951399982
vt 0.322532 0.960390985
vt 0.32353 0.969277024
vt 0.321535 0.947459996
vt 0.324397 0.969277024
vt 0.349511 0.969277024
vt 0.396372 0.961135983
vt 0.349492 0.96015799
vt 0.3963 0.959261
vt 0.349375 0.95050001
vt 0.324397 0.959634006
vt 0.324397 0.94588101
vt 0.32353 0.951035976
vt 0.322532 0.95114398
vt 0.32353 0.94320202
vt 0.324397 0.941516995
vt 0.322532 0.947220027
vt 0.32353 0.947118998
vt 0.324397 0.91459298
vt 0.349375 0.947650015
vt 0.322532 0.94320202
vt 0.32353 0.94320202
vt 0.34915 0.91461599
vt 0.396304 0.95998901
vt 0.324397 0.91375601
vt 0.349144 0.91375601
vt 0.349375 0.947650015
vt 0.324397 0.941516995
vt 0.321536 0.94320202
vt 0.320538 0.938516974
vt 0.321535 0.938808024
vt 0.322532 0.939051986
vt 0.32353 0.939154983
vt 0.324397 0.93690598
vt 0.32353 0.91464299
vt 0.324397 0.91445398
vt 0.32353 0.91375601
vt 0.324397 0.91375601
vt 0.324397 0.93690598
vt 0.32353 0.939154983
vt 0.32353 0.94320202
vt 0.32353 0.951035976
vt 0.322532 0.939051986
vt 0.322532 0.94320202
vt 0.32353 0.947118998
vt 0.322532 0.947220027
vt 0.322532 0.95114398
vt 0.321535 0.938808024
vt 0.321536 0.94320202
vt 0.321535 0.947459996
vt 0.322785 0.960331976
vt 0.320541 0.94320202
vt 0.324397 0.959634006
vt 0.324397 0.94588101
vt 0.349375 0.95050001
vt 0.349492 0.96015799
vt 0.32353 0.969277024
vt 0.396372 0.961135983
vt 0.349511 0.969277024
vt 0.349534 0.975905001
vt 0.323582 0.979458988
vt 0.324397 0.969277024
vt 0.349523 0.972827017
vt 0.322532 0.969449997
vt 0.322521 0.979610026
vt 0.321533 0.951399982
vt 0.321522 0.979972005
vt 0.321535 0.969862998
vt 0.321533 0.960949004
vt 0.320539 0.970355988
vt 0.320535 0.961615026
vt 0.320535 0.951705992
vt 0.320538 0.947746992
vt 0.319542 0.970770001
vt 0.319536 0.962172985
vt 0.319521 0.951964974
vt 0.319541 0.94798702
vt 0.318537 0.962406993
vt 0.318545 0.970942974
vt 0.318544 0.94808799
vt 0.319546 0.94320202
vt 0.31855 0.94320202
vt 0.311422 0.962406993
vt 0.311437 0.970942974
vt 0.311421 0.952069998
vt 0.311443 0.943197012
vt 0.264244 0.963039994
vt 0.264281 0.971575975
vt 0.264215 0.952704012
vt 0.264213 0.943849027
vt 0.215754 0.964787006
vt 0.215809 0.973322988
vt 0.215704 0.95445198
vt 0.215683 0.945602
vt 0.166222 0.96742201
vt 0.16629 0.975956976
vt 0.145609 0.95843202
vt 0.166119 0.94827503
vt 0.115913 0.970714986
vt 0.11599 0.979249
vt 0.115791 0.951578975
vt 0.063496 0.974341989
vt 0.065178 0.982972026
vt 0.065012 0.96410501
vt 0.06499 0.960124016
vt 0.064961 0.95524001
vt 0.063275 0.960153997
vt 0.063298 0.964128017
vt 0.063246 0.95537001
vt 0.063462 0.982928991
vt 0.064911 0.950209975
vt 0.063197 0.950442016
vt 0.061663 0.973906994
vt 0.059943 0.973371983
vt 0.061583 0.964002013
vt 0.059866 0.963826
vt 0.058225 0.972944021
vt 0.05812 0.95977801
vt 0.059838 0.959887028
vt 0.061557 0.960044026
vt 0.058088 0.955761015
vt 0.059807 0.955631018
vt 0.061527 0.955500007
vt 0.058054 0.95161301
vt 0.059768 0.951237977
vt 0.061483 0.950815976
vt 0.059732 0.947174013
vt 0.061443 0.94673699
vt 0.063323 0.94632697
vt 0.062182 0.92599398
vt 0.061443 0.94673699
vt 0.063197 0.950442016
vt 0.063451 0.94630897
vt 0.064961 0.95524001
vt 0.064911 0.950209975
vt 0.11579 0.95151502
vt 0.115742 0.946484983
vt 0.115701 0.942386985
vt 0.115557 0.922957
vt 0.16604 0.93909198
vt 0.11555 0.922077
vt 0.215617 0.936456025
vt 0.165916 0.91966301
vt 0.264166 0.93470597
vt 0.215523 0.91702503
vt 0.115701 0.942386985
vt 0.16591 0.91878098
vt 0.16604 0.93909198
vt 0.215617 0.936456025
vt 0.215519 0.91614199
vt 0.264166 0.93470597
vt 0.264113 0.91527498
vt 0.264111 0.91439098
vt 0.311421 0.93407202
vt 0.311421 0.93407202
vt 0.31142 0.91464001
vt 0.31142 0.91375601
vt 0.318537 0.93407202
vt 0.318895 0.91464102
vt 0.318537 0.93407202
vt 0.320172 0.91375601
vt 0.318544 0.938170016
vt 0.319541 0.938272
vt 0.319536 0.93417901
vt 0.320538 0.938516974
vt 0.320535 0.93443602
vt 0.319536 0.93417901
vt 0.320535 0.93443602
vt 0.32353 0.91450101
vt 0.321533 0.93474299
vt 0.322532 0.935
vt 0.32353 0.935108006
vt 0.321533 0.93474299
vt 0.32353 0.91375601
vt 0.322532 0.935
vt 0.32353 0.935108006
vt 0.064961 0.95524001
vt 0.11579 0.95151502
vt 0.115816 0.956399977
vt 0.06499 0.960124016
vt 0.064911 0.950209975
vt 0.115836 0.96038097
vt 0.063197 0.950442016
vt 0.063246 0.95537001
vt 0.16614 0.953105986
vt 0.063275 0.960153997
vt 0.166155 0.95708698
vt 0.065012 0.96410501
vt 0.061527 0.955500007
vt 0.115913 0.970714986
vt 0.061483 0.950815976
vt 0.166222 0.96742201
vt 0.16629 0.975956976
vt 0.11599 0.979249
vt 0.215809 0.973322988
vt 0.063411 0.974336982
vt 0.065178 0.982972026
vt 0.215754 0.964787006
vt 0.264281 0.971575975
vt 0.063298 0.964128017
vt 0.264244 0.963039994
vt 0.311437 0.970942974
vt 0.215704 0.95445198
vt 0.311422 0.962406993
vt 0.318545 0.970942974
vt 0.264215 0.952704012
vt 0.215696 0.95046997
vt 0.318537 0.962406993
vt 0.319542 0.970770001
vt 0.311421 0.952069998
vt 0.264215 0.948722005
vt 0.166119 0.948221028
vt 0.215683 0.945585012
vt 0.115742 0.946484983
vt 0.166077 0.94318998
vt 0.264213 0.943835974
vt 0.063462 0.946307003
vt 0.215648 0.940554023
vt 0.115701 0.942386985
vt 0.16604 0.93909198
vt 0.057858 0.926323
vt 0.061443 0.94673699
vt 0.059732 0.947174013
vt 0.11555 0.922077
vt 0.059768 0.951237977
vt 0.059807 0.955631018
vt 0.058054 0.95161301
vt 0.061557 0.960044026
vt 0.058088 0.955761015
vt 0.057849 0.92632401
vt 0.062359 0.925980985
vt 0.059732 0.947174013
vt 0.061443 0.94673699
vt 0.063317 0.946327984
vt 0.11555 0.922077
vt 0.063197 0.950442016
vt 0.115701 0.942386985
vt 0.064911 0.950209975
vt 0.11579 0.951566994
vt 0.061483 0.950815976
vt 0.064961 0.95524001
vt 0.059768 0.951237977
vt 0.063246 0.95537001
vt 0.061527 0.955500007
vt 0.058054 0.95161301
vt 0.059807 0.955631018
vt 0.063275 0.960153997
vt 0.058088 0.955761015
vt 0.061557 0.960044026
vt 0.059838 0.959887028
vt 0.056374 0.955892026
vt 0.05812 0.95977801
vt 0.061583 0.964002013
vt 0.059866 0.963826
vt 0.063298 0.964128017
vt 0.061663 0.973906994
vt 0.06499 0.960124016
vt 0.065012 0.96410501
vt 0.063494 0.974341989
vt 0.145691 0.958427012
vt 0.11599 0.979249
vt 0.065178 0.982972026
vt 0.063462 0.982928991
vt 0.115913 0.970714986
vt 0.16629 0.975956976
vt 0.949443 0.06522703
vt 0.166222 0.96742201
vt 0.215809 0.973322988
vt 0.215754 0.964787006
vt 0.264281 0.971575975
vt 0.166119 0.948275983
vt 0.264244 0.963039994
vt 0.311437 0.970942974
vt 0.215704 0.95445198
vt 0.311422 0.962406993
vt 0.318545 0.970942974
vt 0.264215 0.952704012
vt 0.215683 0.945602
vt 0.318537 0.962406993
vt 0.319542 0.970770001
vt 0.311421 0.952069998
vt 0.264213 0.943845987
vt 0.16604 0.93909198
vt 0.16591 0.91878098
vt 0.215617 0.936456025
vt 0.311443 0.943198025
vt 0.319524 0.95196402
vt 0.318544 0.94808799
vt 0.319536 0.962172985
vt 0.31855 0.94320202
vt 0.320539 0.970355988
vt 0.319541 0.94798702
vt 0.320535 0.961615026
vt 0.320535 0.951705992
vt 0.320524 0.98040402
vt 0.319525 0.980765998
vt 0.321535 0.969862998
vt 0.943651 0.31854498
vt 0.94355 0.319542
vt 0.318526 0.98091799
vt 0.943651 0.31854498
vt 0.94355 0.319542
vt 0.319542 0.970770001
vt 0.941741 0.31852603
vt 0.943832 0.311437
vt 0.943832 0.311437
vt 0.941921 0.31140304
vt 0.945336 0.26428103
vt 0.945336 0.26428103
vt 0.943425 0.264275
vt 0.94684 0.21580899
vt 0.94684 0.21580899
vt 0.944929 0.21582502
vt 0.948345 0.16628999
vt 0.948345 0.16628999
vt 0.946433 0.16632098
vt 0.949851 0.11598998
vt 0.949851 0.11598998
vt 0.947938 0.11603302
vt 0.951356 0.06517798
vt 0.951356 0.06517798
vt 0.321522 0.979972005
vt 0.320539 0.970355988
vt 0.322521 0.979610026
vt 0.321535 0.969862998
vt 0.319536 0.962172985
vt 0.320535 0.961615026
vt 0.318537 0.962406993
vt 0.318545 0.970942974
vt 0.319523 0.95196402
vt 0.311422 0.962406993
vt 0.311437 0.970942974
vt 0.311421 0.952069998
vt 0.264244 0.963039994
vt 0.264281 0.971575975
vt 0.264215 0.952704012
vt 0.215754 0.964787006
vt 0.215809 0.973322988
vt 0.215704 0.95445198
vt 0.166222 0.96742201
vt 0.16629 0.975956976
vt 0.166155 0.95708698
vt 0.115913 0.970714986
vt 0.11599 0.979249
vt 0.115836 0.96038097
vt 0.063502 0.974341989
vt 0.065178 0.982972026
vt 0.065012 0.96410501
vt 0.115791 0.951593995
vt 0.166119 0.94824499
vt 0.215683 0.94561398
vt 0.06499 0.960124016
vt 0.063298 0.964128017
vt 0.063275 0.960153997
vt 0.064961 0.95524001
vt 0.063246 0.95537001
vt 0.064911 0.950209975
vt 0.264213 0.943841994
vt 0.311443 0.943197012
vt 0.318544 0.94808799
vt 0.31855 0.94320202
vt 0.16604 0.93909198
vt 0.319541 0.94798702
vt 0.115701 0.942386985
vt 0.320535 0.951705992
vt 0.063327 0.946326017
vt 0.321533 0.960949004
vt 0.320538 0.947746992
vt 0.322532 0.969449997
vt 0.321533 0.951399982
vt 0.322532 0.960390985
vt 0.319546 0.94320202
vt 0.321535 0.947459996
vt 0.318544 0.938170016
vt 0.322532 0.95114398
vt 0.320541 0.94320202
vt 0.319541 0.938272
vt 0.318537 0.93407202
vt 0.320538 0.938516974
vt 0.264166 0.93470597
vt 0.321536 0.94320202
vt 0.311421 0.93407202
vt 0.322532 0.947220027
vt 0.215617 0.936456025
vt 0.32353 0.947118998
vt 0.322532 0.94320202
vt 0.32353 0.94320202
vt 0.321535 0.938808024
vt 0.322532 0.939051986
vt 0.32353 0.939154983
vt 0.324397 0.941516995
vt 0.32353 0.951035976
vt 0.324397 0.94588101
vt 0.324397 0.959634006
vt 0.32353 0.960156977
vt 0.32353 0.969277024
vt 0.324397 0.969277024
vt 0.32358 0.979458988
vt 0.349523 0.972827017
vt 0.349546 0.979458988
vt 0.322532 0.969449997
vt 0.32353 0.969277024
vt 0.324397 0.969277024
vt 0.349511 0.969277024
vt 0.349534 0.975905001
vt 0.396372 0.961135983
vt 0.396366 0.960223973
vt 0.321533 0.960949004
vt 0.322791 0.96033001
vt 0.321533 0.951399982
vt 0.324397 0.959634006
vt 0.322532 0.95114398
vt 0.320538 0.947746992
vt 0.32353 0.951035976
vt 0.324397 0.94588101
vt 0.349375 0.95050001
vt 0.349492 0.96015799
vt 0.396359 0.959187984
vt 0.32353 0.94320202
vt 0.32353 0.951035976
vt 0.324397 0.941516995
vt 0.321535 0.947459996
vt 0.322532 0.947220027
vt 0.32353 0.947118998
vt 0.320541 0.94320202
vt 0.322532 0.94320202
vt 0.321536 0.94320202
vt 0.319546 0.94320202
vt 0.320538 0.938516974
vt 0.318544 0.938170016
vt 0.319541 0.938272
vt 0.318537 0.93407202
vt 0.319536 0.93417901
vt 0.264166 0.93470597
vt 0.311421 0.93407202
vt 0.215519 0.91614199
vt 0.264111 0.91439098
vt 0.31142 0.91375601
vt 0.215519 0.91614199
vt 0.264111 0.91439098
vt 0.31142 0.91375601
vt 0.16591 0.91878098
vt 0.215617 0.936456025
vt 0.264166 0.93470597
vt 0.264188 0.93880397
vt 0.311421 0.93407202
vt 0.311432 0.938170016
vt 0.311443 0.94320202
vt 0.318537 0.93407202
vt 0.319258 0.91375601
vt 0.320191 0.91375601
vt 0.319536 0.93417901
vt 0.320535 0.93443602
vt 0.321535 0.938808024
vt 0.321533 0.93474299
vt 0.322532 0.939051986
vt 0.32353 0.939154983
vt 0.324397 0.93690598
vt 0.32353 0.91375601
vt 0.322532 0.935
vt 0.32353 0.935108006
vt 0.324397 0.91375601
vt 0.349375 0.947650015
vt 0.32353 0.91375601
vt 0.349144 0.91375601
vt 0.324397 0.91375601
vt 0.349144 0.91375601
vt 0.396359 0.959187984
vt 0.324397 0.941516995
vt 0.324397 0.93690598
vt 0.32353 0.939154983
vt 0.32353 0.94320202
vt 0.32353 0.951035976
vt 0.32353 0.94320202
vt 0.324397 0.941516995
vt 0.322532 0.939051986
vt 0.32353 0.935108006
vt 0.322532 0.935
vt 0.321533 0.93474299
vt 0.322532 0.94320202
vt 0.32353 0.947118998
vt 0.321535 0.938808024
vt 0.320535 0.93443602
vt 0.322532 0.947220027
vt 0.322532 0.95114398
vt 0.321536 0.94320202
vt 0.320538 0.938516974
vt 0.319541 0.938272
vt 0.320541 0.94320202
vt 0.321535 0.947459996
vt 0.318544 0.938170016
vt 0.319546 0.94320202
vt 0.31855 0.94320202
vt 0.320538 0.947746992
vt 0.319541 0.94798702
vt 0.318544 0.94808799
vt 0.321533 0.951399982
vt 0.320535 0.951705992
vt 0.31944 0.95197302
vt 0.311432 0.94808799
vt 0.319536 0.962172985
vt 0.320535 0.961615026
vt 0.321533 0.960949004
vt 0.320539 0.970355988
vt 0.322532 0.960390985
vt 0.321535 0.969862998
vt 0.32353 0.969277024
vt 0.32353 0.951035976
vt 0.322532 0.969449997
vt 0.324397 0.959634006
vt 0.324397 0.94588101
vt 0.349375 0.95050001
vt 0.349492 0.96015799
vt 0.396366 0.960223973
vt 0.397908 0.96146202
vt 0.397208 0.961314023
vt 0.397208 0.961314023
vt 0.397908 0.96146202
vt 0.398308 0.964825988
vt 0.39916 0.96488601
vt 0.398308 0.964825988
vt 0.39916 0.96488601
vt 0.400053 0.969210982
vt 0.398315 0.96622002
vt 0.398315 0.96622002
vt 0.400053 0.969210982
vt 0.400591 0.979458988
vt 0.396461 0.979458988
vt 0.396372 0.961135983
vt 0.349511 0.969277024
vt 0.323571 0.979458988
vt 0.324397 0.969277024
vt 0.349546 0.979458988
vt 0.396386 0.96330303
vt 0.349546 0.979458988
vt 0.349523 0.972827017
vt 0.3495 0.961398005
vt 0.324397 0.969277024
vt 0.396359 0.959187984
vt 0.32353 0.969277024
vt 0.322502 0.950869024
vt 0.322532 0.960390985
vt 0.322521 0.979610026
vt 0.322532 0.969449997
vt 0.321522 0.979972005
vt 0.321535 0.969862998
vt 0.321533 0.960949004
vt 0.320524 0.98040402
vt 0.320539 0.970355988
vt 0.319525 0.980765998
vt 0.320535 0.961615026
vt 0.319542 0.970770001
vt 0.319536 0.962172985
vt 0.943651 0.31854498
vt 0.94355 0.319542
vt 0.318526 0.98091799
vt 0.943651 0.31854498
vt 0.94355 0.319542
vt 0.943832 0.311437
vt 0.941741 0.31852603
vt 0.943832 0.311437
vt 0.941921 0.31140304
vt 0.945336 0.26428103
vt 0.945336 0.26428103
vt 0.943425 0.264275
vt 0.94684 0.21580899
vt 0.94684 0.21580899
vt 0.944929 0.21582502
vt 0.948345 0.16628999
vt 0.948345 0.16628999
vt 0.946433 0.16632098
vt 0.949851 0.11598998
vt 0.949851 0.11598998
vt 0.947938 0.11603302
vt 0.951356 0.06517798
vt 0.951356 0.06517798
vt 0.949443 0.06522703
vt 0.318537 0.962406993
vt 0.318545 0.970942974
vt 0.311422 0.962406993
vt 0.311437 0.970942974
vt 0.319441 0.95197302
vt 0.264244 0.963039994
vt 0.264281 0.971575975
vt 0.311421 0.952069998
vt 0.264215 0.952704012
vt 0.215754 0.964787006
vt 0.215809 0.973322988
vt 0.215704 0.95445198
vt 0.166222 0.96742201
vt 0.16629 0.975956976
vt 0.166155 0.95708698
vt 0.115913 0.970714986
vt 0.11599 0.979249
vt 0.115836 0.96038097
vt 0.06341 0.974336982
vt 0.065178 0.982972026
vt 0.065012 0.96410501
vt 0.115816 0.956399977
vt 0.16614 0.953105986
vt 0.215696 0.95046997
vt 0.06499 0.960124016
vt 0.264215 0.948722005
vt 0.063298 0.964128017
vt 0.311432 0.94808799
vt 0.063275 0.960153997
vt 0.318544 0.94808799
vt 0.063246 0.95537001
vt 0.064961 0.95524001
vt 0.320535 0.951705992
vt 0.11579 0.95151502
vt 0.321533 0.951399982
vt 0.319541 0.94798702
vt 0.320538 0.947746992
vt 0.321535 0.947459996
vt 0.32353 0.951035976
vt 0.322502 0.950869024
vt 0.324397 0.959634006
vt 0.324397 0.94588101
vt 0.32353 0.94320202
vt 0.322532 0.947220027
vt 0.32353 0.947118998
vt 0.32353 0.939154983
vt 0.32353 0.94320202
vt 0.324397 0.941516995
vt 0.322532 0.94320202
vt 0.322532 0.939051986
vt 0.321536 0.94320202
vt 0.320541 0.94320202
vt 0.321535 0.938808024
vt 0.319546 0.94320202
vt 0.320538 0.938516974
vt 0.319541 0.938272
vt 0.31855 0.94320202
vt 0.318544 0.938170016
vt 0.311443 0.94320202
vt 0.311432 0.938170016
vt 0.318537 0.93407202
vt 0.264213 0.943835974
vt 0.264188 0.93880397
vt 0.215683 0.945585012
vt 0.215648 0.940554023
vt 0.166119 0.948221028
vt 0.166077 0.94318998
vt 0.115742 0.946484983
vt 0.064911 0.950209975
vt 0.115701 0.942386985
vt 0.063197 0.950442016
vt 0.063456 0.946308017
vt 0.16604 0.93909198
vt 0.057859 0.926323
vt 0.215617 0.936456025
vt 0.11555 0.922077
vt 0.16591 0.91878098
vt 0.264166 0.93470597
vt 0.215519 0.91614199
vt 0.311421 0.93407202
vt 0.264111 0.91439098
vt 0.215519 0.91614199
vt 0.31142 0.91375601
vt 0.264111 0.91439098
vt 0.31142 0.91375601
vt 0.16591 0.91878098
vt 0.11555 0.922077
vt 0.06234 0.925982
vt 0.061443 0.94673699
vt 0.061483 0.950815976
vt 0.063197 0.950442016
vt 0.061443 0.94673699
vt 0.061483 0.950815976
vt 0.059732 0.947174013
vt 0.061527 0.955500007
vt 0.059768 0.951237977
vt 0.061557 0.960044026
vt 0.059807 0.955631018
vt 0.058054 0.95161301
vt 0.061583 0.964002013
vt 0.059838 0.959887028
vt 0.058088 0.955761015
vt 0.061663 0.973906994
vt 0.059866 0.963826
vt 0.05812 0.95977801
vt 0.056372 0.955892026
vt 0.059943 0.973371983
vt 0.063462 0.982928991
vt 0.061742 0.982645988
vt 0.949417 0.063511014
vt 0.949285 0.061792016
vt 0.061742 0.982645988
vt 0.06002 0.98228401
vt 0.061792 0.9926909804
vt 0.059943 0.973371983
vt 0.06002 0.98228401
vt 0.058225 0.972944021
vt 0.060071 0.9923890233
vt 0.058299 0.982001007
vt 0.05651 0.972841024
vt 0.058225 0.972944021
vt 0.058299 0.982001007
vt 0.056513 0.972841024
vt 0.058351 0.992157996
vt 0.056574 0.981959999
vt 0.056416 0.98197198
vt 0.056703 0.992132008
vt 0.022078 0.975045025
vt 0.021775 0.92910099
vt 0.022141 0.984610021
vt 0.022177 0.9947900176
vt 0.056372 0.955892026
vt 0.020594 0.92919302
vt 0.022079 0.975116014
vt 0.022141 0.984610975
vt 0.021123 0.994871974
vt 0.021066 0.984694004
vt 0.020982 0.974861026
vt 0.019926 0.989161015
vt 0.019882 0.98200798
vt 0.019882 0.982066989
vt 0.021066 0.984694004
vt 0.019782 0.96991998
vt 0.019809 0.973156989
vt 0.020982 0.974757016
vt 0.019669 0.95657003
vt 0.020594 0.92919302
vt 0.019437 0.92928201
vt 0.019437 0.92928201
vt 0.019437 0.92928201
vt 0.019437 0.92928201
vt 0.019882 0.981978
vt 0.021066 0.984695017
vt 0.019437 0.92928201
vt 0.019437 0.92928201
vt 0.019437 0.92928201
vt 0.020594 0.92919302
vt 0.019437 0.92928201
vt 0.019882 0.982033014
vt 0.021776 0.92910099
vt 0.020594 0.92919302
vt 0.021066 0.984694004
vt 0.055749 0.926485
vt 0.057849 0.92632401
vt 0.05651 0.972842991
vt 0.056372 0.955892026
vt 0.059732 0.947174013
vt 0.058054 0.95161301
vt 0.059768 0.951237977
vt 0.061527 0.955500007
vt 0.059807 0.955631018
vt 0.061557 0.960044026
vt 0.058088 0.955761015
vt 0.059838 0.959887028
vt 0.061583 0.964002013
vt 0.05812 0.95977801
vt 0.059866 0.963826
vt 0.061663 0.973906994
vt 0.059943 0.973371983
vt 0.058225 0.972944021
vt 0.063462 0.982928991
vt 0.061742 0.982645988
vt 0.06002 0.98228401
vt 0.949417 0.063511014
vt 0.949285 0.061792016
vt 0.061792 0.9926909804
vt 0.061742 0.982645988
vt 0.063462 0.982928991
vt 0.058299 0.982001007
vt 0.061663 0.973906994
vt 0.061583 0.964002013
vt 0.059943 0.973371983
vt 0.059838 0.959887028
vt 0.059866 0.963826
vt 0.05812 0.95977801
vt 0.06002 0.98228401
vt 0.058225 0.972944021
vt 0.056509 0.972841024
vt 0.058299 0.982001007
vt 0.060071 0.9923890233
vt 0.058351 0.992157996
vt 0.056434 0.981970012
vt 0.056577 0.981958985
vt 0.056705 0.992132008
vt 0.021123 0.994871974
vt 0.019926 0.989161015
vt 0.400591 0.979458988
vt 0.396461 0.979458988
vt 0.396386 0.96330303
vt 0.396461 0.979458988
vt 0.349546 0.979458988
vt 0.3495 0.961398005
vt 0.400061 0.969277024
vt 0.398502 0.964839995
vt 0.398825 0.96486199
vt 0.400061 0.969277024
vt 0.398502 0.964839995
vt 0.398825 0.96486199
vt 0.396359 0.959187984
vt 0.400053 0.969210982
vt 0.39916 0.96488601
vt 0.400053 0.969210982
vt 0.39916 0.96488601
vt 0.397908 0.96146202
vt 0.39755 0.961386025
vt 0.39755 0.961386025
vt 0.397908 0.96146202
vt 0.396363 0.959761977
vt 0.396363 0.959761977
vt 0.324397 0.93690598
vt 0.349319 0.937178016
vt 0.349144 0.91375601
vt 0.349144 0.91375601
vt 0.32353 0.91375601
vt 0.349319 0.937178016
vt 0.32353 0.91375601
vt 0.324397 0.93690598
vt 0.324397 0.959634006
vt 0.322532 0.935
vt 0.32353 0.935108006
vt 0.321533 0.93474299
vt 0.320191 0.91375601
vt 0.320535 0.93443602
vt 0.319272 0.91375601
vt 0.319536 0.93417901
vt 0.322532 0.935
vt 0.32353 0.935108006
vt 0.321533 0.93474299
vt 0.320535 0.93443602
vt 0.319536 0.93417901
vt 0.064961 0.95524001
vt 0.11579 0.95151502
vt 0.115816 0.956399977
vt 0.06499 0.960124016
vt 0.064911 0.950209975
vt 0.115836 0.96038097
vt 0.063197 0.950442016
vt 0.063246 0.95537001
vt 0.16614 0.953105986
vt 0.063275 0.960153997
vt 0.166155 0.95708698
vt 0.065012 0.96410501
vt 0.061527 0.955500007
vt 0.115913 0.970714986
vt 0.061483 0.950815976
vt 0.166222 0.96742201
vt 0.16629 0.975956976
vt 0.11599 0.979249
vt 0.215809 0.973322988
vt 0.06341 0.974336982
vt 0.065178 0.982972026
vt 0.215754 0.964787006
vt 0.264281 0.971575975
vt 0.063298 0.964128017
vt 0.264244 0.963039994
vt 0.311437 0.970942974
vt 0.215704 0.95445198
vt 0.311422 0.962406993
vt 0.318545 0.970942974
vt 0.264215 0.952704012
vt 0.215696 0.95046997
vt 0.318537 0.962406993
vt 0.319542 0.970770001
vt 0.311421 0.952069998
vt 0.264215 0.948722005
vt 0.166119 0.948221028
vt 0.215683 0.945585012
vt 0.115742 0.946484983
vt 0.166077 0.94318998
vt 0.264213 0.943835974
vt 0.063455 0.946308017
vt 0.215648 0.940554023
vt 0.115701 0.942386985
vt 0.16604 0.93909198
vt 0.057858 0.926323
vt 0.061443 0.94673699
vt 0.059732 0.947174013
vt 0.11555 0.922077
vt 0.059768 0.951237977
vt 0.059807 0.955631018
vt 0.058054 0.95161301
vt 0.061557 0.960044026
vt 0.058088 0.955761015
vt 0.05785 0.92632401
vt 0.062357 0.925980985
vt 0.059732 0.947174013
vt 0.061443 0.94673699
vt 0.063325 0.946326017
vt 0.11555 0.922077
vt 0.063197 0.950442016
vt 0.115701 0.942386985
vt 0.064911 0.950209975
vt 0.115791 0.951593995
vt 0.061483 0.950815976
vt 0.064961 0.95524001
vt 0.059768 0.951237977
vt 0.063246 0.95537001
vt 0.061527 0.955500007
vt 0.058054 0.95161301
vt 0.059807 0.955631018
vt 0.063275 0.960153997
vt 0.058088 0.955761015
vt 0.061557 0.960044026
vt 0.059838 0.959887028
vt 0.056372 0.955892026
vt 0.05812 0.95977801
vt 0.061583 0.964002013
vt 0.059866 0.963826
vt 0.063298 0.964128017
vt 0.061663 0.973906994
vt 0.06499 0.960124016
vt 0.065012 0.96410501
vt 0.063496 0.974341989
vt 0.115836 0.96038097
vt 0.11599 0.979249
vt 0.065178 0.982972026
vt 0.063462 0.982928991
vt 0.115913 0.970714986
vt 0.16629 0.975956976
vt 0.949443 0.06522703
vt 0.166222 0.96742201
vt 0.215809 0.973322988
vt 0.166155 0.95708698
vt 0.215754 0.964787006
vt 0.264281 0.971575975
vt 0.166119 0.948252976
vt 0.264244 0.963039994
vt 0.311437 0.970942974
vt 0.215704 0.95445198
vt 0.311422 0.962406993
vt 0.318545 0.970942974
vt 0.264215 0.952704012
vt 0.215683 0.945607007
vt 0.318537 0.962406993
vt 0.319542 0.970770001
vt 0.311421 0.952069998
vt 0.264213 0.94384402
vt 0.16604 0.93909198
vt 0.16591 0.91878098
vt 0.215617 0.936456025
vt 0.311443 0.943197012
vt 0.31952 0.951964974
vt 0.318544 0.94808799
vt 0.319536 0.962172985
vt 0.31855 0.94320202
vt 0.320539 0.970355988
vt 0.319541 0.94798702
vt 0.320535 0.961615026
vt 0.320535 0.951705992
vt 0.320524 0.98040402
vt 0.319525 0.980765998
vt 0.321535 0.969862998
vt 0.943651 0.31854498
vt 0.94355 0.319542
vt 0.318526 0.98091799
vt 0.943651 0.31854498
vt 0.94355 0.319542
vt 0.319542 0.970770001
vt 0.941741 0.31852603
vt 0.943832 0.311437
vt 0.943832 0.311437
vt 0.941921 0.31140304
vt 0.945336 0.26428103
vt 0.945336 0.26428103
vt 0.943425 0.264275
vt 0.94684 0.21580899
vt 0.94684 0.21580899
vt 0.944929 0.21582502
vt 0.948345 0.16628999
vt 0.948345 0.16628999
vt 0.946433 0.16632098
vt 0.949851 0.11598998
vt 0.949851 0.11598998
vt 0.947938 0.11603302
vt 0.951356 0.06517798
vt 0.951356 0.06517798
vt 0.321522 0.979972005
vt 0.320539 0.970355988
vt 0.322521 0.979610026
vt 0.321535 0.969862998
vt 0.319536 0.962172985
vt 0.320535 0.961615026
vt 0.318537 0.962406993
vt 0.318545 0.970942974
vt 0.319522 0.95196402
vt 0.311422 0.962406993
vt 0.311437 0.970942974
vt 0.311421 0.952069998
vt 0.264244 0.963039994
vt 0.264281 0.971575975
vt 0.264215 0.952704012
vt 0.215754 0.964787006
vt 0.215809 0.973322988
vt 0.215704 0.95445198
vt 0.166222 0.96742201
vt 0.16629 0.975956976
vt 0.166155 0.95708698
vt 0.115913 0.970714986
vt 0.11599 0.979249
vt 0.115836 0.96038097
vt 0.0635 0.974341989
vt 0.065178 0.982972026
vt 0.065012 0.96410501
vt 0.115791 0.951577008
vt 0.166119 0.948276997
vt 0.215683 0.945602
vt 0.06499 0.960124016
vt 0.063298 0.964128017
vt 0.063275 0.960153997
vt 0.064961 0.95524001
vt 0.063246 0.95537001
vt 0.064911 0.950209975
vt 0.264213 0.943847
vt 0.311443 0.943196
vt 0.318544 0.94808799
vt 0.31855 0.94320202
vt 0.16604 0.93909198
vt 0.319541 0.94798702
vt 0.115701 0.942386985
vt 0.320535 0.951705992
vt 0.063319 0.94632697
vt 0.321533 0.960949004
vt 0.320538 0.947746992
vt 0.322532 0.969449997
vt 0.321533 0.951399982
vt 0.322532 0.960390985
vt 0.319546 0.94320202
vt 0.321535 0.947459996
vt 0.318544 0.938170016
vt 0.322532 0.95114398
vt 0.320541 0.94320202
vt 0.319541 0.938272
vt 0.318537 0.93407202
vt 0.320538 0.938516974
vt 0.264166 0.93470597
vt 0.321536 0.94320202
vt 0.311421 0.93407202
vt 0.322532 0.947220027
vt 0.215617 0.936456025
vt 0.32353 0.947118998
vt 0.322532 0.94320202
vt 0.32353 0.94320202
vt 0.321535 0.938808024
vt 0.322532 0.939051986
vt 0.32353 0.939154983
vt 0.324397 0.941516995
vt 0.32353 0.951035976
vt 0.324397 0.94588101
vt 0.324397 0.959634006
vt 0.32353 0.960156977
vt 0.32353 0.969277024
vt 0.324397 0.969277024
vt 0.32358 0.979458988
vt 0.349523 0.972827017
vt 0.349546 0.979458988
vt 0.322532 0.969449997
vt 0.32353 0.969277024
vt 0.324397 0.969277024
vt 0.349511 0.969277024
vt 0.349534 0.975905001
vt 0.396372 0.961135983
vt 0.396366 0.960223973
vt 0.321533 0.960949004
vt 0.32279 0.960331023
vt 0.321533 0.951399982
vt 0.324397 0.959634006
vt 0.322532 0.95114398
vt 0.320538 0.947746992
vt 0.32353 0.951035976
vt 0.324397 0.94588101
vt 0.349375 0.95050001
vt 0.349492 0.96015799
vt 0.396359 0.959187984
vt 0.32353 0.94320202
vt 0.324397 0.941516995
vt 0.321535 0.947459996
vt 0.322532 0.947220027
vt 0.32353 0.947118998
vt 0.320541 0.94320202
vt 0.322532 0.94320202
vt 0.321536 0.94320202
vt 0.319546 0.94320202
vt 0.320538 0.938516974
vt 0.318544 0.938170016
vt 0.319541 0.938272
vt 0.318537 0.93407202
vt 0.319536 0.93417901
vt 0.264166 0.93470597
vt 0.311421 0.93407202
vt 0.215519 0.91614199
vt 0.264111 0.91439098
vt 0.31142 0.91375601
vt 0.215519 0.91614199
vt 0.264111 0.91439098
vt 0.31142 0.91375601
vt 0.16591 0.91878098
vt 0.215617 0.936456025
vt 0.264166 0.93470597
vt 0.264188 0.93880397
vt 0.311421 0.93407202
vt 0.311432 0.938170016
vt 0.311443 0.94320202
vt 0.318537 0.93407202
vt 0.318926 0.91375601
vt 0.320197 0.91375601
vt 0.319536 0.93417901
vt 0.320535 0.93443602
vt 0.32353 0.91375601
vt 0.321535 0.938808024
vt 0.321533 0.93474299
vt 0.322532 0.939051986
vt 0.32353 0.939154983
vt 0.324397 0.93690598
vt 0.32353 0.91375601
vt 0.322532 0.935
vt 0.32353 0.935108006
vt 0.324397 0.91375601
vt 0.349375 0.947650015
vt 0.349144 0.91375601
vt 0.324397 0.91375601
vt 0.349144 0.91375601
vt 0.396359 0.959187984
vt 0.324397 0.941516995
vt 0.324397 0.93690598
vt 0.32353 0.939154983
vt 0.32353 0.94320202
vt 0.32353 0.951035976
vt 0.32353 0.94320202
vt 0.324397 0.941516995
vt 0.322532 0.939051986
vt 0.32353 0.935108006
vt 0.322532 0.935
vt 0.321533 0.93474299
vt 0.322532 0.94320202
vt 0.32353 0.947118998
vt 0.321535 0.938808024
vt 0.320535 0.93443602
vt 0.322532 0.947220027
vt 0.322532 0.95114398
vt 0.321536 0.94320202
vt 0.320538 0.938516974
vt 0.319541 0.938272
vt 0.320541 0.94320202
vt 0.321535 0.947459996
vt 0.318544 0.938170016
vt 0.319546 0.94320202
vt 0.31855 0.94320202
vt 0.320538 0.947746992
vt 0.319541 0.94798702
vt 0.318544 0.94808799
vt 0.321533 0.951399982
vt 0.320535 0.951705992
vt 0.319441 0.95197302
vt 0.311432 0.94808799
vt 0.319536 0.962172985
vt 0.320535 0.961615026
vt 0.321533 0.960949004
vt 0.320539 0.970355988
vt 0.322532 0.960390985
vt 0.321535 0.969862998
vt 0.32353 0.969277024
vt 0.32353 0.951035976
vt 0.322532 0.969449997
vt 0.324397 0.959634006
vt 0.324397 0.94588101
vt 0.349375 0.95050001
vt 0.349492 0.96015799
vt 0.396366 0.960223973
vt 0.397908 0.96146202
vt 0.397208 0.961314023
vt 0.397208 0.961314023
vt 0.397908 0.96146202
vt 0.398308 0.964825988
vt 0.39916 0.96488601
vt 0.398308 0.964825988
vt 0.39916 0.96488601
vt 0.400053 0.969210982
vt 0.398315 0.96622002
vt 0.398315 0.96622002
vt 0.400053 0.969210982
vt 0.400591 0.979458988
vt 0.396461 0.979458988
vt 0.396372 0.961135983
vt 0.349511 0.969277024
vt 0.323571 0.979458988
vt 0.324397 0.969277024
vt 0.349546 0.979458988
vt 0.396386 0.96330303
vt 0.349546 0.979458988
vt 0.349523 0.972827017
vt 0.3495 0.961398005
vt 0.324397 0.969277024
vt 0.396359 0.959187984
vt 0.32353 0.969277024
vt 0.322502 0.950869024
vt 0.322532 0.960390985
vt 0.322521 0.979610026
vt 0.322532 0.969449997
vt 0.321522 0.979972005
vt 0.321535 0.969862998
vt 0.321533 0.960949004
vt 0.320524 0.98040402
vt 0.320539 0.970355988
vt 0.319525 0.980765998
vt 0.320535 0.961615026
vt 0.319542 0.970770001
vt 0.319536 0.962172985
vt 0.943651 0.31854498
vt 0.94355 0.319542
vt 0.318526 0.98091799
vt 0.943651 0.31854498
vt 0.94355 0.319542
vt 0.943832 0.311437
vt 0.941741 0.31852603
vt 0.943832 0.311437
vt 0.941921 0.31140304
vt 0.945336 0.26428103
vt 0.945336 0.26428103
vt 0.943425 0.264275
vt 0.94684 0.21580899
vt 0.94684 0.21580899
vt 0.944929 0.21582502
vt 0.948345 0.16628999
vt 0.948345 0.16628999
vt 0.946433 0.16632098
vt 0.949851 0.11598998
vt 0.949851 0.11598998
vt 0.947938 0.11603302
vt 0.951356 0.06517798
vt 0.951356 0.06517798
vt 0.949443 0.06522703
vt 0.318537 0.962406993
vt 0.318545 0.970942974
vt 0.311422 0.962406993
vt 0.311437 0.970942974
vt 0.31944 0.95197302
vt 0.264244 0.963039994
vt 0.264281 0.971575975
vt 0.311421 0.952069998
vt 0.264215 0.952704012
vt 0.215754 0.964787006
vt 0.215809 0.973322988
vt 0.215704 0.95445198
vt 0.166222 0.96742201
vt 0.16629 0.975956976
vt 0.166155 0.95708698
vt 0.115913 0.970714986
vt 0.11599 0.979249
vt 0.115836 0.96038097
vt 0.063411 0.974336982
vt 0.065178 0.982972026
vt 0.065012 0.96410501
vt 0.115816 0.956399977
vt 0.16614 0.953105986
vt 0.215696 0.95046997
vt 0.06499 0.960124016
vt 0.264215 0.948722005
vt 0.063298 0.964128017
vt 0.311432 0.94808799
vt 0.063275 0.960153997
vt 0.318544 0.94808799
vt 0.063246 0.95537001
vt 0.064961 0.95524001
vt 0.320535 0.951705992
vt 0.11579 0.95151502
vt 0.321533 0.951399982
vt 0.319541 0.94798702
vt 0.320538 0.947746992
vt 0.321535 0.947459996
vt 0.32353 0.951035976
vt 0.322502 0.950869024
vt 0.324397 0.959634006
vt 0.324397 0.94588101
vt 0.32353 0.94320202
vt 0.322532 0.947220027
vt 0.32353 0.947118998
vt 0.32353 0.939154983
vt 0.32353 0.94320202
vt 0.324397 0.941516995
vt 0.322532 0.94320202
vt 0.322532 0.939051986
vt 0.321536 0.94320202
vt 0.320541 0.94320202
vt 0.321535 0.938808024
vt 0.319546 0.94320202
vt 0.320538 0.938516974
vt 0.319541 0.938272
vt 0.31855 0.94320202
vt 0.318544 0.938170016
vt 0.311443 0.94320202
vt 0.311432 0.938170016
vt 0.318537 0.93407202
vt 0.264213 0.943835974
vt 0.264188 0.93880397
vt 0.215683 0.945585012
vt 0.215648 0.940554023
vt 0.166119 0.948221028
vt 0.166077 0.94318998
vt 0.115742 0.946484983
vt 0.064911 0.950209975
vt 0.115701 0.942386985
vt 0.063197 0.950442016
vt 0.063453 0.946308017
vt 0.16604 0.93909198
vt 0.057857 0.926323
vt 0.215617 0.936456025
vt 0.11555 0.922077
vt 0.16591 0.91878098
vt 0.264166 0.93470597
vt 0.215519 0.91614199
vt 0.311421 0.93407202
vt 0.264111 0.91439098
vt 0.215519 0.91614199
vt 0.31142 0.91375601
vt 0.264111 0.91439098
vt 0.31142 0.91375601
vt 0.16591 0.91878098
vt 0.11555 0.922077
vt 0.062278 0.925987005
vt 0.061443 0.94673699
vt 0.061483 0.950815976
vt 0.063197 0.950442016
vt 0.061443 0.94673699
vt 0.061483 0.950815976
vt 0.059732 0.947174013
vt 0.061527 0.955500007
vt 0.059768 0.951237977
vt 0.061557 0.960044026
vt 0.059807 0.955631018
vt 0.058054 0.95161301
vt 0.061583 0.964002013
vt 0.059838 0.959887028
vt 0.058088 0.955761015
vt 0.061663 0.973906994
vt 0.059866 0.963826
vt 0.05812 0.95977801
vt 0.056372 0.955892026
vt 0.059943 0.973371983
vt 0.063462 0.982928991
vt 0.061742 0.982645988
vt 0.949417 0.063511014
vt 0.949285 0.061792016
vt 0.061742 0.982645988
vt 0.06002 0.98228401
vt 0.061792 0.9926909804
vt 0.059943 0.973371983
vt 0.06002 0.98228401
vt 0.058225 0.972944021
vt 0.060071 0.9923890233
vt 0.058299 0.982001007
vt 0.056515 0.972841024
vt 0.058225 0.972944021
vt 0.058299 0.982001007
vt 0.056513 0.972841024
vt 0.058351 0.992157996
vt 0.056575 0.981959999
vt 0.056412 0.98197198
vt 0.056704 0.992132008
vt 0.021775 0.92910099
vt 0.021775 0.92910099
vt 0.022079 0.975050986
vt 0.022141 0.984610021
vt 0.022177 0.9947900176
vt 0.056372 0.955892026
vt 0.020594 0.92919302
vt 0.022079 0.975108981
vt 0.022141 0.984610975
vt 0.021123 0.994871974
vt 0.021066 0.984694004
vt 0.020982 0.974849999
vt 0.019926 0.989161015
vt 0.019882 0.98200798
vt 0.019882 0.982066989
vt 0.021066 0.984694004
vt 0.019782 0.969877005
vt 0.019809 0.973156989
vt 0.020981 0.974713981
vt 0.019669 0.95657003
vt 0.020594 0.92919302
vt 0.019437 0.92928201
vt 0.056509 0.972841978
vt 0.019437 0.92928201
vt 0.019437 0.92928201
vt 0.019437 0.92928201
vt 0.019882 0.981976986
vt 0.019437 0.92928201
vt 0.019437 0.92928201
vt 0.019437 0.92928201
vt 0.020594 0.92919302
vt 0.019437 0.92928201
vt 0.019882 0.982033014
vt 0.020594 0.92919302
vt 0.057849 0.92632401
vt 0.056372 0.955892026
vt 0.059732 0.947174013
vt 0.058054 0.95161301
vt 0.059768 0.951237977
vt 0.061527 0.955500007
vt 0.059807 0.955631018
vt 0.061557 0.960044026
vt 0.058088 0.955761015
vt 0.059838 0.959887028
vt 0.061583 0.964002013
vt 0.05812 0.95977801
vt 0.059866 0.963826
vt 0.061663 0.973906994
vt 0.056509 0.972841024
vt 0.059943 0.973371983
vt 0.058225 0.972944021
vt 0.063462 0.982928991
vt 0.061742 0.982645988
vt 0.06002 0.98228401
vt 0.949417 0.063511014
vt 0.949285 0.061792016
vt 0.061792 0.9926909804
vt 0.061742 0.982645988
vt 0.063462 0.982928991
vt 0.058299 0.982001007
vt 0.061663 0.973906994
vt 0.061583 0.964002013
vt 0.059943 0.973371983
vt 0.059838 0.959887028
vt 0.059866 0.963826
vt 0.05812 0.95977801
vt 0.06002 0.98228401
vt 0.058225 0.972944021
vt 0.058299 0.982001007
vt 0.060071 0.9923890233
vt 0.058351 0.992157996
vt 0.056436 0.981970012
vt 0.056578 0.981958985
vt 0.056705 0.992132008
vt 0.021066 0.984694004
vt 0.021066 0.984694004
vt 0.021123 0.994871974
vt 0.019926 0.989161015
vt 0.400591 0.979458988
vt 0.396461 0.979458988
vt 0.396386 0.96330303
vt 0.349546 0.979458988
vt 0.3495 0.961398005
vt 0.400061 0.969277024
vt 0.398502 0.964839995
vt 0.398825 0.96486199
vt 0.400061 0.969277024
vt 0.398502 0.964839995
vt 0.398825 0.96486199
vt 0.396359 0.959187984
vt 0.400053 0.969210982
vt 0.39916 0.96488601
vt 0.400053 0.969210982
vt 0.39916 0.96488601
vt 0.397908 0.96146202
vt 0.39755 0.961386025
vt 0.39755 0.961386025
vt 0.397908 0.96146202
vt 0.396363 0.959761977
vt 0.396363 0.959761977
vt 0.324397 0.93690598
vt 0.349319 0.937178016
vt 0.349144 0.91375601
vt 0.349144 0.91375601
vt 0.32353 0.91375601
vt 0.349319 0.937178016
vt 0.32353 0.91375601
vt 0.324397 0.93690598
vt 0.324397 0.959634006
vt 0.32353 0.939154983
vt 0.322532 0.935
vt 0.32353 0.935108006
vt 0.321533 0.93474299
vt 0.320161 0.91375601
vt 0.320535 0.93443602
vt 0.319536 0.93417901
vt 0.318854 0.91375601
vt 0.322532 0.935
vt 0.32353 0.935108006
vt 0.321533 0.93474299
vt 0.320535 0.93443602
vt 0.319536 0.93417901
vt 0.943651 0.31854498
vt 0.318526 0.98091799
vt 0.94355 0.319542
vt 0.943651 0.31854498
vt 0.94355 0.319542
vt 0.941741 0.31852603
vt 0.943832 0.311437
vt 0.943832 0.311437
vt 0.941921 0.31140304
vt 0.945336 0.26428103
vt 0.945336 0.26428103
vt 0.943425 0.264275
vt 0.94684 0.21580899
vt 0.94684 0.21580899
vt 0.944929 0.21582502
vt 0.948345 0.16628999
vt 0.948345 0.16628999
vt 0.946433 0.16632098
vt 0.949851 0.11598998
vt 0.949851 0.11598998
vt 0.947938 0.11603302
vt 0.951356 0.06517798
vt 0.951356 0.06517798
vt 0.318526 0.98091799
vt 0.943651 0.31854498
vt 0.94355 0.319542
vt 0.943651 0.31854498
vt 0.94355 0.319542
vt 0.943832 0.311437
vt 0.941741 0.31852603
vt 0.943832 0.311437
vt 0.941921 0.31140304
vt 0.945336 0.26428103
vt 0.945336 0.26428103
vt 0.943425 0.264275
vt 0.94684 0.21580899
vt 0.94684 0.21580899
vt 0.944929 0.21582502
vt 0.948345 0.16628999
vt 0.948345 0.16628999
vt 0.946433 0.16632098
vt 0.949851 0.11598998
vt 0.949851 0.11598998
vt 0.947938 0.11603302
vt 0.951356 0.06517798
vt 0.951356 0.06517798
vt 0.115816 0.956399977
vt 0.11579 0.95151502
vt 0.064961 0.95524001
vt 0.16614 0.953105986
vt 0.064911 0.950209975
vt 0.166155 0.95708698
vt 0.115742 0.946484983
vt 0.166119 0.948221028
vt 0.215704 0.95445198
vt 0.215696 0.95046997
vt 0.166077 0.94318998
vt 0.215683 0.945585012
vt 0.264215 0.952704012
vt 0.264215 0.948722005
vt 0.215648 0.940554023
vt 0.264213 0.943835974
vt 0.115701 0.942386985
vt 0.16604 0.93909198
vt 0.063459 0.946308017
vt 0.11555 0.922077
vt 0.057858 0.926323
vt 0.063197 0.950442016
vt 0.061443 0.94673699
vt 0.063246 0.95537001
vt 0.061483 0.950815976
vt 0.06499 0.960124016
vt 0.061527 0.955500007
vt 0.115836 0.96038097
vt 0.063275 0.960153997
vt 0.065012 0.96410501
vt 0.166222 0.96742201
vt 0.115913 0.970714986
vt 0.063298 0.964128017
vt 0.215754 0.964787006
vt 0.16629 0.975956976
vt 0.215809 0.973322988
vt 0.11599 0.979249
vt 0.264281 0.971575975
vt 0.06341 0.974336982
vt 0.065178 0.982972026
vt 0.264244 0.963039994
vt 0.311437 0.970942974
vt 0.311422 0.962406993
vt 0.318545 0.970942974
vt 0.311421 0.952069998
vt 0.318537 0.962406993
vt 0.319542 0.970770001
vt 0.311432 0.94808799
vt 0.31944 0.95197302
vt 0.319536 0.962172985
vt 0.311443 0.94320202
vt 0.318544 0.94808799
vt 0.264188 0.93880397
vt 0.31855 0.94320202
vt 0.215617 0.936456025
vt 0.311432 0.938170016
vt 0.264166 0.93470597
vt 0.16591 0.91878098
vt 0.215519 0.91614199
vt 0.311421 0.93407202
vt 0.11555 0.922077
vt 0.264111 0.91439098
vt 0.16591 0.91878098
vt 0.215519 0.91614199
vt 0.06236 0.925980985
vt 0.16604 0.93909198
vt 0.115701 0.942386985
vt 0.063317 0.94632697
vt 0.215617 0.936456025
vt 0.166119 0.94827503
vt 0.215683 0.945604026
vt 0.115791 0.951582015
vt 0.264166 0.93470597
vt 0.264111 0.91439098
vt 0.264213 0.94384402
vt 0.31142 0.91375601
vt 0.318537 0.93407202
vt 0.31142 0.91375601
vt 0.318544 0.938170016
vt 0.319257 0.91375601
vt 0.319546 0.94320202
vt 0.311421 0.93407202
vt 0.320191 0.91375601
vt 0.311443 0.943198025
vt 0.318537 0.93407202
vt 0.319541 0.938272
vt 0.319536 0.93417901
vt 0.320541 0.94320202
vt 0.320538 0.938516974
vt 0.320535 0.93443602
vt 0.321535 0.938808024
vt 0.319536 0.93417901
vt 0.321533 0.93474299
vt 0.321536 0.94320202
vt 0.32353 0.91375601
vt 0.322532 0.939051986
vt 0.320535 0.93443602
vt 0.322532 0.935
vt 0.32353 0.935108006
vt 0.322532 0.94320202
vt 0.32353 0.94320202
vt 0.32353 0.939154983
vt 0.324397 0.93690598
vt 0.324397 0.91375601
vt 0.32353 0.947118998
vt 0.322532 0.947220027
vt 0.322532 0.95114398
vt 0.321535 0.947459996
vt 0.32353 0.94320202
vt 0.32353 0.951035976
vt 0.324397 0.941516995
vt 0.320538 0.947746992
vt 0.324397 0.941516995
vt 0.349144 0.91375601
vt 0.396359 0.959187984
vt 0.319541 0.94798702
vt 0.321533 0.951399982
vt 0.320535 0.951705992
vt 0.320535 0.961615026
vt 0.321533 0.960949004
vt 0.322532 0.960390985
vt 0.320539 0.970355988
vt 0.321535 0.969862998
vt 0.322532 0.969449997
vt 0.32353 0.969277024
vt 0.32353 0.951035976
vt 0.324397 0.959634006
vt 0.324397 0.94588101
vt 0.349375 0.95050001
vt 0.349492 0.96015799
vt 0.396366 0.960223973
vt 0.323571 0.979458988
vt 0.322521 0.979610026
vt 0.321522 0.979972005
vt 0.320524 0.98040402
vt 0.319525 0.980765998
vt 0.321535 0.969862998
vt 0.320539 0.970355988
vt 0.319542 0.970770001
vt 0.943651 0.31854498
vt 0.94355 0.319542
vt 0.318526 0.98091799
vt 0.943651 0.31854498
vt 0.94355 0.319542
vt 0.941741 0.31852603
vt 0.943832 0.311437
vt 0.943832 0.311437
vt 0.941921 0.31140304
vt 0.945336 0.26428103
vt 0.945336 0.26428103
vt 0.943425 0.264275
vt 0.94684 0.21580899
vt 0.94684 0.21580899
vt 0.944929 0.21582502
vt 0.948345 0.16628999
vt 0.948345 0.16628999
vt 0.946433 0.16632098
vt 0.949851 0.11598998
vt 0.949851 0.11598998
vt 0.947938 0.11603302
vt 0.951356 0.06517798
vt 0.951356 0.06517798
vt 0.949443 0.06522703
vt 0.397208 0.961314023
vt 0.397908 0.96146202
vt 0.398308 0.964825988
vt 0.39916 0.96488601
vt 0.396359 0.959187984
vt 0.397908 0.96146202
vt 0.397208 0.961314023
vt 0.39916 0.96488601
vt 0.398308 0.964825988
vt 0.398315 0.96622002
vt 0.400053 0.969210982
vt 0.349144 0.91375601
vt 0.400053 0.969210982
vt 0.398315 0.96622002
vt 0.349375 0.947650015
vt 0.400591 0.979458988
vt 0.324397 0.91375601
vt 0.324397 0.941516995
vt 0.396461 0.979458988
vt 0.32353 0.91375601
vt 0.324397 0.93690598
vt 0.32353 0.939154983
vt 0.32353 0.94320202
vt 0.32353 0.951035976
vt 0.322532 0.939051986
vt 0.322532 0.935
vt 0.32353 0.935108006
vt 0.321533 0.93474299
vt 0.322532 0.94320202
vt 0.32353 0.947118998
vt 0.321535 0.938808024
vt 0.322532 0.947220027
vt 0.320538 0.938516974
vt 0.322532 0.95114398
vt 0.321536 0.94320202
vt 0.321535 0.947459996
vt 0.320541 0.94320202
vt 0.319541 0.938272
vt 0.320538 0.947746992
vt 0.318544 0.938170016
vt 0.319546 0.94320202
vt 0.31855 0.94320202
vt 0.321533 0.951399982
vt 0.319541 0.94798702
vt 0.320535 0.951705992
vt 0.318544 0.94808799
vt 0.319523 0.95196402
vt 0.311421 0.952069998
vt 0.264215 0.952704012
vt 0.318537 0.962406993
vt 0.319536 0.962172985
vt 0.320535 0.961615026
vt 0.311422 0.962406993
vt 0.319542 0.970770001
vt 0.318545 0.970942974
vt 0.311437 0.970942974
vt 0.320539 0.970355988
vt 0.264244 0.963039994
vt 0.264281 0.971575975
vt 0.215704 0.95445198
vt 0.215754 0.964787006
vt 0.215809 0.973322988
vt 0.14566 0.95842898
vt 0.166222 0.96742201
vt 0.16629 0.975956976
vt 0.115913 0.970714986
vt 0.11599 0.979249
vt 0.063494 0.974341989
vt 0.065178 0.982972026
vt 0.065012 0.96410501
vt 0.06499 0.960124016
vt 0.064961 0.95524001
vt 0.064911 0.950209975
vt 0.063246 0.95537001
vt 0.063197 0.950442016
vt 0.061443 0.94673699
vt 0.063275 0.960153997
vt 0.061483 0.950815976
vt 0.061527 0.955500007
vt 0.063298 0.964128017
vt 0.061557 0.960044026
vt 0.061583 0.964002013
vt 0.063462 0.982928991
vt 0.949443 0.06522703
vt 0.061663 0.973906994
vt 0.059838 0.959887028
vt 0.059866 0.963826
vt 0.059807 0.955631018
vt 0.059768 0.951237977
vt 0.059732 0.947174013
vt 0.058054 0.95161301
vt 0.058088 0.955761015
vt 0.05812 0.95977801
vt 0.059943 0.973371983
vt 0.056374 0.955892026
vt 0.061742 0.982645988
vt 0.058225 0.972944021
vt 0.949417 0.063511014
vt 0.06002 0.98228401
vt 0.949285 0.061792016
vt 0.061792 0.9926909804
vt 0.061742 0.982645988
vt 0.060071 0.9923890233
vt 0.063462 0.982928991
vt 0.06002 0.98228401
vt 0.058299 0.982001007
vt 0.05651 0.972841024
vt 0.058351 0.992157996
vt 0.056414 0.98197198
vt 0.058299 0.982001007
vt 0.059943 0.973371983
vt 0.058225 0.972944021
vt 0.056573 0.981959999
vt 0.061663 0.973906994
vt 0.056512 0.972841024
vt 0.05812 0.95977801
vt 0.059866 0.963826
vt 0.063499 0.974341989
vt 0.061583 0.964002013
vt 0.059838 0.959887028
vt 0.065178 0.982972026
vt 0.11599 0.979249
vt 0.063298 0.964128017
vt 0.115913 0.970714986
vt 0.16629 0.975956976
vt 0.065012 0.96410501
vt 0.061557 0.960044026
vt 0.166222 0.96742201
vt 0.215809 0.973322988
vt 0.115836 0.96038097
vt 0.063275 0.960153997
vt 0.215754 0.964787006
vt 0.264281 0.971575975
vt 0.166155 0.95708698
vt 0.06499 0.960124016
vt 0.264244 0.963039994
vt 0.311437 0.970942974
vt 0.215704 0.95445198
vt 0.11579 0.95155698
vt 0.311422 0.962406993
vt 0.318545 0.970942974
vt 0.264215 0.952704012
vt 0.166119 0.948257983
vt 0.318537 0.962406993
vt 0.319542 0.970770001
vt 0.311421 0.952069998
vt 0.215683 0.945611
vt 0.264213 0.94384402
vt 0.319526 0.95196402
vt 0.319536 0.962172985
vt 0.311443 0.943197012
vt 0.318544 0.94808799
vt 0.31855 0.94320202
vt 0.319541 0.94798702
vt 0.319546 0.94320202
vt 0.318544 0.938170016
vt 0.320535 0.951705992
vt 0.320538 0.947746992
vt 0.319541 0.938272
vt 0.320535 0.961615026
vt 0.320541 0.94320202
vt 0.320539 0.970355988
vt 0.321533 0.960949004
vt 0.320524 0.98040402
vt 0.321533 0.951399982
vt 0.319525 0.980765998
vt 0.321535 0.969862998
vt 0.321522 0.979972005
vt 0.321535 0.969862998
vt 0.322521 0.979610026
vt 0.322532 0.969449997
vt 0.321533 0.960949004
vt 0.322532 0.969449997
vt 0.322791 0.96033001
vt 0.323583 0.979458988
vt 0.32353 0.951035976
vt 0.32353 0.969277024
vt 0.324397 0.959634006
vt 0.324397 0.94588101
vt 0.349375 0.95050001
vt 0.349492 0.96015799
vt 0.396366 0.960223973
vt 0.324397 0.969277024
vt 0.349511 0.969277024
vt 0.396372 0.961135983
vt 0.349534 0.975905001
vt 0.32353 0.969277024
vt 0.322532 0.960390985
vt 0.324397 0.969277024
vt 0.349523 0.972827017
vt 0.349546 0.979458988
vt 0.32353 0.960156977
vt 0.322532 0.95114398
vt 0.321535 0.947459996
vt 0.32353 0.951035976
vt 0.324397 0.959634006
vt 0.324397 0.94588101
vt 0.32353 0.94320202
vt 0.322532 0.947220027
vt 0.32353 0.947118998
vt 0.321536 0.94320202
vt 0.322532 0.94320202
vt 0.320538 0.938516974
vt 0.321535 0.938808024
vt 0.322532 0.939051986
vt 0.32353 0.939154983
vt 0.324397 0.941516995
vt 0.320535 0.93443602
vt 0.321533 0.93474299
vt 0.319536 0.93417901
vt 0.322532 0.935
vt 0.32353 0.935108006
vt 0.32353 0.91375601
vt 0.324397 0.93690598
vt 0.320179 0.91375601
vt 0.3495 0.961398005
vt 0.349319 0.937178016
vt 0.396359 0.959187984
vt 0.349546 0.979458988
vt 0.396386 0.96330303
vt 0.396461 0.979458988
vt 0.349144 0.91375601
vt 0.400591 0.979458988
vt 0.400061 0.969277024
vt 0.398502 0.964839995
vt 0.398825 0.96486199
vt 0.400061 0.969277024
vt 0.398502 0.964839995
vt 0.398825 0.96486199
vt 0.400053 0.969210982
vt 0.39916 0.96488601
vt 0.400053 0.969210982
vt 0.39916 0.96488601
vt 0.39755 0.961386025
vt 0.397908 0.96146202
vt 0.397908 0.96146202
vt 0.39755 0.961386025
vt 0.396363 0.959761977
vt 0.396359 0.959187984
vt 0.396363 0.959761977
vt 0.349144 0.91375601
vt 0.349319 0.937178016
vt 0.32353 0.91375601
vt 0.3495 0.961398005
vt 0.396386 0.96330303
vt 0.324397 0.93690598
vt 0.349546 0.979458988
vt 0.324397 0.959634006
vt 0.32353 0.939154983
vt 0.32353 0.94320202
vt 0.32353 0.939154983
vt 0.324397 0.941516995
vt 0.322532 0.939051986
vt 0.32353 0.935108006
vt 0.322532 0.935
vt 0.321533 0.93474299
vt 0.318873 0.91375601
vt 0.320535 0.93443602
vt 0.321535 0.938808024
vt 0.322532 0.94320202
vt 0.32353 0.947118998
vt 0.32353 0.951035976
vt 0.324397 0.94588101
vt 0.324397 0.959634006
vt 0.322502 0.950869024
vt 0.322532 0.947220027
vt 0.322502 0.950869024
vt 0.321536 0.94320202
vt 0.320538 0.938516974
vt 0.321535 0.947459996
vt 0.319536 0.93417901
vt 0.320541 0.94320202
vt 0.319541 0.938272
vt 0.318537 0.93407202
vt 0.318537 0.93407202
vt 0.31142 0.91375601
vt 0.31142 0.91375601
vt 0.311421 0.93407202
vt 0.264166 0.93470597
vt 0.264111 0.91439098
vt 0.264111 0.91439098
vt 0.215617 0.936456025
vt 0.215519 0.91614199
vt 0.215519 0.91614199
vt 0.311421 0.93407202
vt 0.264166 0.93470597
vt 0.16591 0.91878098
vt 0.311432 0.938170016
vt 0.16591 0.91878098
vt 0.16604 0.93909198
vt 0.215617 0.936456025
vt 0.115701 0.942386985
vt 0.264188 0.93880397
vt 0.11555 0.922077
vt 0.11555 0.922077
vt 0.16604 0.93909198
vt 0.215648 0.940554023
vt 0.057856 0.926323
vt 0.115701 0.942386985
vt 0.166077 0.94318998
vt 0.062309 0.92598498
vt 0.063456 0.946308017
vt 0.063319 0.94632697
vt 0.064911 0.950209975
vt 0.064961 0.95524001
vt 0.063246 0.95537001
vt 0.063197 0.950442016
vt 0.061527 0.955500007
vt 0.061483 0.950815976
vt 0.061443 0.94673699
vt 0.059807 0.955631018
vt 0.059768 0.951237977
vt 0.058088 0.955761015
vt 0.058054 0.95161301
vt 0.059732 0.947174013
vt 0.056371 0.955892026
vt 0.057849 0.92632401
vt 0.059732 0.947174013
vt 0.061443 0.94673699
vt 0.061483 0.950815976
vt 0.063197 0.950442016
vt 0.064911 0.950209975
vt 0.115742 0.946484983
vt 0.064961 0.95524001
vt 0.11579 0.95151502
vt 0.166119 0.948221028
vt 0.063246 0.95537001
vt 0.215683 0.945585012
vt 0.16614 0.953105986
vt 0.264213 0.943835974
vt 0.215696 0.95046997
vt 0.264215 0.948722005
vt 0.311443 0.94320202
vt 0.311432 0.94808799
vt 0.264215 0.952704012
vt 0.31855 0.94320202
vt 0.311421 0.952069998
vt 0.318544 0.94808799
vt 0.319441 0.95197302
vt 0.318544 0.938170016
vt 0.319546 0.94320202
vt 0.319541 0.94798702
vt 0.320538 0.947746992
vt 0.320535 0.951705992
vt 0.321533 0.951399982
vt 0.320535 0.961615026
vt 0.322532 0.960390985
vt 0.321533 0.960949004
vt 0.32353 0.969277024
vt 0.324397 0.969277024
vt 0.322532 0.969449997
vt 0.319536 0.962172985
vt 0.318537 0.962406993
vt 0.318545 0.970942974
vt 0.311422 0.962406993
vt 0.311437 0.970942974
vt 0.264244 0.963039994
vt 0.264281 0.971575975
vt 0.215704 0.95445198
vt 0.215754 0.964787006
vt 0.215809 0.973322988
vt 0.166155 0.95708698
vt 0.166222 0.96742201
vt 0.16629 0.975956976
vt 0.115816 0.956399977
vt 0.115836 0.96038097
vt 0.115913 0.970714986
vt 0.11599 0.979249
vt 0.06499 0.960124016
vt 0.065012 0.96410501
vt 0.06341 0.974336982
vt 0.065178 0.982972026
vt 0.063275 0.960153997
vt 0.063298 0.964128017
vt 0.061527 0.955500007
vt 0.061557 0.960044026
vt 0.059768 0.951237977
vt 0.059807 0.955631018
vt 0.058054 0.95161301
vt 0.061583 0.964002013
vt 0.059838 0.959887028
vt 0.058088 0.955761015
vt 0.056371 0.955892026
vt 0.059866 0.963826
vt 0.05812 0.95977801
vt 0.061663 0.973906994
vt 0.059943 0.973371983
vt 0.063462 0.982928991
vt 0.061742 0.982645988
vt 0.949417 0.063511014
vt 0.949285 0.061792016
vt 0.061742 0.982645988
vt 0.063462 0.982928991
vt 0.06002 0.98228401
vt 0.061792 0.9926909804
vt 0.058225 0.972944021
vt 0.061663 0.973906994
vt 0.061583 0.964002013
vt 0.056509 0.972841024
vt 0.058299 0.982001007
vt 0.060071 0.9923890233
vt 0.06002 0.98228401
vt 0.059943 0.973371983
vt 0.059866 0.963826
vt 0.061557 0.960044026
vt 0.059838 0.959887028
vt 0.05812 0.95977801
vt 0.058225 0.972944021
vt 0.059807 0.955631018
vt 0.058088 0.955761015
vt 0.058299 0.982001007
vt 0.059768 0.951237977
vt 0.058054 0.95161301
vt 0.059732 0.947174013
vt 0.056372 0.955892026
vt 0.056509 0.972841024
vt 0.057849 0.92632401
vt 0.021775 0.92910099
vt 0.020594 0.92919302
vt 0.022079 0.975117028
vt 0.020983 0.974866986
vt 0.056433 0.981970012
vt 0.020594 0.92919302
vt 0.021066 0.984695017
vt 0.058351 0.992157996
vt 0.056704 0.992132008
vt 0.056582 0.981958985
vt 0.021066 0.984692991
vt 0.021123 0.994871974
vt 0.019926 0.989161015
vt 0.019882 0.981978
vt 0.019882 0.982034028
vt 0.019437 0.92928201
vt 0.019437 0.92928201
vt 0.019437 0.92928201
vt 0.019437 0.92928201
vt 0.019782 0.969905019
vt 0.019437 0.92928201
vt 0.019437 0.92928201
vt 0.019437 0.92928201
vt 0.020594 0.92919302
vt 0.019437 0.92928201
vt 0.019669 0.95657003
vt 0.020594 0.92919302
vt 0.020981 0.974687994
vt 0.021776 0.92910099
vt 0.022079 0.975072026
vt 0.022141 0.984610021
vt 0.056706 0.992132008
vt 0.019809 0.973156989
vt 0.021066 0.984694004
vt 0.019882 0.98200798
vt 0.022177 0.9947900176
vt 0.022141 0.984610975
vt 0.021123 0.994871974
vt 0.021066 0.984694004
vt 0.019882 0.982066989
vt 0.019926 0.989161015
vt 0.349511 0.969277024
vt 0.396372 0.961135983
vt 0.324397 0.969277024
vt 0.349523 0.972827017
vt 0.318526 0.98091799
vt 0.943651 0.31854498
vt 0.94355 0.319542
vt 0.943651 0.31854498
vt 0.94355 0.319542
vt 0.943832 0.311437
vt 0.941741 0.31852603
vt 0.943832 0.311437
vt 0.941921 0.31140304
vt 0.945336 0.26428103
vt 0.945336 0.26428103
vt 0.943425 0.264275
vt 0.94684 0.21580899
vt 0.94684 0.21580899
vt 0.944929 0.21582502
vt 0.948345 0.16628999
vt 0.948345 0.16628999
vt 0.946433 0.16632098
vt 0.949851 0.11598998
vt 0.949851 0.11598998
vt 0.947938 0.11603302
vt 0.951356 0.06517798
vt 0.951356 0.06517798
vt 0.717676 0.61621797
vt 0.718545 0.61852503
vt 0.723218 0.616338
vt 0.741288 0.615413
vt 0.75266 0.61553198
vt 0.751167 0.60677302
vt 0.740535 0.62051302
vt 0.749794 0.62392002
vt 0.738066 0.62511998
vt 0.746628 0.632024
vt 0.734125 0.62856603
vt 0.740159 0.638054
vt 0.731916 0.64152402
vt 0.723989 0.63114703
vt 0.723154 0.642168
vt 0.718816 0.629825
vt 0.71449 0.640298
vt 0.729279 0.63057297
vt 0.714319 0.626993
vt 0.706666 0.63554198
vt 0.724079 0.629934
vt 0.733447 0.627478
vt 0.728991 0.62943298
vt 0.719307 0.62868398
vt 0.715114 0.62610698
vt 0.710998 0.62281197
vt 0.701063 0.628349
vt 0.70927 0.61777502
vt 0.697885 0.61979502
vt 0.70923 0.61246002
vt 0.697885 0.6106
vt 0.700758 0.60175103
vt 0.710983 0.60744202
vt 0.706734 0.594567
vt 0.710461 0.61757398
vt 0.710441 0.61265898
vt 0.714237 0.60323203
vt 0.712075 0.62222302
vt 0.718786 0.60031402
vt 0.714541 0.58994597
vt 0.724091 0.599243
vt 0.72327 0.58786702
vt 0.732371 0.588664
vt 0.729379 0.59989297
vt 0.734275 0.60196698
vt 0.740608 0.59262103
vt 0.747168 0.59881502
vt 0.740551 0.610286
vt 0.738072 0.605671
vt 0.739416 0.62014002
vt 0.73713 0.624371
vt 0.740101 0.61540997
vt 0.737073 0.606434
vt 0.728004 0.62544602
vt 0.739429 0.610659
vt 0.733603 0.602984
vt 0.735451 0.61872202
vt 0.735467 0.612042
vt 0.736142 0.615395
vt 0.733784 0.621683
vt 0.732601 0.61767298
vt 0.731374 0.6197
vt 0.72957 0.62131703
vt 0.727261 0.622216
vt 0.732995 0.61540502
vt 0.732568 0.613104
vt 0.724745 0.62239897
vt 0.7313 0.61107397
vt 0.731945 0.61206597
vt 0.724433 0.625634
vt 0.722359 0.62177902
vt 0.721055 0.62470502
vt 0.720215 0.620391
vt 0.718081 0.62281197
vt 0.718544 0.61852598
vt 0.715856 0.620089
vt 0.717675 0.61621797
vt 0.714613 0.61684102
vt 0.717663 0.61381698
vt 0.714512 0.613343
vt 0.718482 0.61159497
vt 0.712103 0.608047
vt 0.715056 0.604133
vt 0.717974 0.607418
vt 0.719984 0.609708
vt 0.720905 0.605541
vt 0.722109 0.608504
vt 0.724554 0.608082
vt 0.719246 0.601453
vt 0.724147 0.600487
vt 0.729066 0.60105997
vt 0.724386 0.604747
vt 0.727955 0.60516298
vt 0.727118 0.608334
vt 0.731148 0.606654
vt 0.729413 0.60935998
vt 0.727616 0.612226
vt 0.731305 0.61106998
vt 0.729412 0.609361
vt 0.726333 0.611449
vt 0.727118 0.60833502
vt 0.727069 0.61167002
vt 0.731945 0.61206597
vt 0.727616 0.612226
vt 0.732571 0.61310297
vt 0.732994 0.61540502
vt 0.725103 0.61909997
vt 0.7326 0.61767298
vt 0.727261 0.62221497
vt 0.729569 0.62131602
vt 0.725103 0.61909997
vt 0.724316 0.619192
vt 0.724745 0.62239802
vt 0.723689 0.61894
vt 0.72236 0.621778
vt 0.72328 0.618213
vt 0.720216 0.62039
vt 0.718545 0.61852503
vt 0.723218 0.616338
vt 0.723925 0.613765
vt 0.717676 0.61621797
vt 0.717664 0.61381698
vt 0.718483 0.611596
vt 0.719985 0.60970902
vt 0.724301 0.61367
vt 0.724607 0.61341202
vt 0.72456 0.61283302
vt 0.722109 0.608505
vt 0.72556 0.61176902
vt 0.725562 0.61517203
vt 0.72545 0.615488
vt 0.725765 0.61464798
vt 0.723504 0.614816
vt 0.723925 0.613765
vt 0.723875 0.61537403
vt 0.725527 0.61484402
vt 0.724301 0.61367
vt 0.725588 0.61468798
vt 0.724607 0.61341202
vt 0.72456 0.61283302
vt 0.725926 0.61437398
vt 0.72556 0.61176902
vt 0.726702 0.61156
vt 0.726191 0.61440003
vt 0.727616 0.612226
vt 0.72631 0.614524
vt 0.725103 0.61909997
vt 0.725665 0.616538
vt 0.724002 0.619066
vt 0.725357 0.61655498
vt 0.725172 0.61630398
vt 0.72328 0.618213
vt 0.725265 0.61602598
vt 0.723218 0.616338
vt 0.725168 0.61584997
vt 0.72373 0.61579603
vt 0.725182 0.615627
vt 0.731373 0.619699
vt 0.72556 0.61176902
vt 0.724554 0.608083
vt 0.722109 0.608505
vt 0.727118 0.60833502
vt 0.726333 0.611449
vt 0.729569 0.62131602
vt 0.731373 0.619699
vt 0.725103 0.61909997
vt 0.731945 0.61206597
vt 0.731305 0.61106998
vt 0.727616 0.612226
vt 0.723218 0.616338
vt 0.72373 0.61579603
vt 0.723875 0.61537403
vt 0.723504 0.614816
vt 0.345644 0.711805
vt 0.346858 0.71167803
vt 0.34669 0.711532
vt 0.346837 0.711954
vt 0.345324 0.712211
vt 0.344725 0.71142
vt 0.343247 0.712058
vt 0.347949 0.71189302
vt 0.340262 0.71302098
vt 0.345957 0.711057
vt 0.342134 0.710481
vt 0.347381 0.71118897
vt 0.347674 0.711641
vt 0.348123 0.71137202
vt 0.347744 0.711168
vt 0.348726 0.711581
vt 0.346073 0.71074402
vt 0.349028 0.711455
vt 0.348842 0.71174902
vt 0.348891 0.71189702
vt 0.350129 0.711506
vt 0.348821 0.712187
vt 0.349558 0.71192098
vt 0.347052 0.712039
vt 0.350083 0.71189302
vt 0.349774 0.711473
vt 0.351505 0.71167803
vt 0.349176 0.71113598
vt 0.347748 0.71286
vt 0.350843 0.71187198
vt 0.335253 0.71185
vt 0.349792 0.711868
vt 0.345128 0.712449
vt 0.343892 0.71223998
vt 0.346596 0.709647
vt 0.350615 0.71134198
vt 0.349126 0.71130902
vt 0.352252 0.71181703
vt 0.351444 0.71261
vt 0.35283 0.712457
vt 0.35377 0.712542
vt 0.672664 0.716231
vt 0.669468 0.71509802
vt 0.677961 0.71691102
vt 0.668402 0.71374297
vt 0.685324 0.71691102
vt 0.350873 0.711936
vt 0.354796 0.71223402
vt 0.694704 0.716003
vt 0.350939 0.71177
vt 0.669473 0.712399
vt 0.351673 0.710984
vt 0.672672 0.711298
vt 0.353112 0.711043
vt 0.677976 0.71067703
vt 0.354059 0.71096897
vt 0.685343 0.710761
vt 0.352498 0.71154702
vt 0.354989 0.71130502
vt 0.69472 0.711779
vt 0.706044 0.71396
vt 0.353238 0.71171498
vt 0.355164 0.71156198
vt 0.355103 0.711995
vt 0.345645 0.73723602
vt 0.346855 0.737112
vt 0.347033 0.737077
vt 0.347761 0.73710102
vt 0.346836 0.737386
vt 0.345325 0.737643
vt 0.344731 0.736852
vt 0.343248 0.73748899
vt 0.347948 0.737329
vt 0.340264 0.73845202
vt 0.346678 0.736893
vt 0.345964 0.736489
vt 0.342138 0.735911
vt 0.347396 0.73662502
vt 0.348119 0.736794
vt 0.347758 0.736602
vt 0.348747 0.737023
vt 0.346081 0.736175
vt 0.349022 0.73687202
vt 0.34883 0.737189
vt 0.348887 0.73733097
vt 0.350119 0.73694497
vt 0.348822 0.73762
vt 0.349559 0.73735797
vt 0.347052 0.73747098
vt 0.350109 0.73733097
vt 0.349771 0.736903
vt 0.351513 0.737105
vt 0.349192 0.736575
vt 0.347757 0.738293
vt 0.350848 0.737301
vt 0.3498 0.73729903
vt 0.335241 0.73728102
vt 0.345129 0.73788
vt 0.34659 0.735071
vt 0.343897 0.73767197
vt 0.350619 0.736771
vt 0.34913 0.736741
vt 0.352257 0.73724598
vt 0.35145 0.73804098
vt 0.352836 0.73788798
vt 0.353777 0.737974
vt 0.67276 0.74165303
vt 0.669564 0.74052
vt 0.678058 0.742333
vt 0.668497 0.739165
vt 0.685423 0.742333
vt 0.350878 0.73736697
vt 0.354803 0.737665
vt 0.694807 0.74142498
vt 0.350945 0.737202
vt 0.669569 0.73782098
vt 0.35168 0.73641503
vt 0.672769 0.736719
vt 0.35312 0.73647398
vt 0.678074 0.73609698
vt 0.354066 0.73640102
vt 0.685442 0.73618102
vt 0.352504 0.736978
vt 0.354996 0.736737
vt 0.694822 0.73720002
vt 0.70615 0.73938102
vt 0.353246 0.73714697
vt 0.35517 0.73699498
vt 0.35511 0.737427
vt 0.649058 0.66044998
vt 0.638473 0.656918
vt 0.635298 0.66309798
vt 0.647949 0.66728997
vt 0.624485 0.655101
vt 0.660188 0.660433
vt 0.661258 0.66728997
vt 0.629515 0.65023297
vt 0.616589 0.64397
vt 0.670847 0.65704298
vt 0.674035 0.66328502
vt 0.659705 0.65739202
vt 0.67996 0.650329
vt 0.685038 0.655316
vt 0.6694 0.65425497
vt 0.67768 0.64815003
vt 0.6867 0.64097297
vt 0.693247 0.644082
vt 0.683686 0.639655
vt 0.690334 0.62982
vt 0.697248 0.630338
vt 0.686537 0.629623
vt 0.688103 0.618523
vt 0.694911 0.61631697
vt 0.685005 0.61942202
vt 0.682819 0.60849
vt 0.688411 0.604293
vt 0.68028 0.610339
vt 0.674794 0.600861
vt 0.678706 0.595249
vt 0.673032 0.60334003
vt 0.66501 0.596057
vt 0.666986 0.589598
vt 0.664109 0.59895802
vt 0.654312 0.59457803
vt 0.654221 0.58786702
vt 0.654348 0.597565
vt 0.643688 0.59633
vt 0.641527 0.58995402
vt 0.644643 0.59918898
vt 0.63401 0.601272
vt 0.62998 0.595806
vt 0.635834 0.603715
vt 0.626317 0.609097
vt 0.620708 0.60511398
vt 0.62883 0.61083502
vt 0.621284 0.61900502
vt 0.61461 0.61707902
vt 0.624232 0.619834
vt 0.619759 0.63014603
vt 0.61289 0.63067198
vt 0.622627 0.62990803
vt 0.622973 0.64103597
vt 0.646813 0.628151
vt 0.631766 0.648099
vt 0.625795 0.63975
vt 0.648274 0.631593
vt 0.639921 0.654185
vt 0.652336 0.63441598
vt 0.64956 0.65738302
vt 0.657335 0.63424802
vt 0.655705 0.630742
vt 0.661179 0.631144
vt 0.657399 0.62979
vt 0.658187 0.628353
vt 0.662354 0.627935
vt 0.661495 0.62430203
vt 0.658264 0.62654603
vt 0.657405 0.625158
vt 0.658011 0.620933
vt 0.655304 0.624044
vt 0.654562 0.62005597
vt 0.650718 0.62117898
vt 0.652899 0.624362
vt 0.64746 0.624811
vt 0.651414 0.62556303
vt 0.650862 0.62708902
vt 0.651397 0.629265
vt 0.653096 0.62833
vt 0.652788 0.62739497
vt 0.653268 0.630691
vt 0.654374 0.62890702
vt 0.654552 0.62746102
vt 0.654571 0.62747598
vt 0.654547 0.62743902
vt 0.653223 0.62647802
vt 0.654596 0.62747598
vt 0.654563 0.627414
vt 0.654519 0.62596798
vt 0.654599 0.62741
vt 0.655875 0.626369
vt 0.656351 0.62747502
vt 0.654622 0.62743503
vt 0.655728 0.62857997
vt 0.654617 0.62746203
vt 0.348565 0.694328
vt 0.347603 0.694403
vt 0.347407 0.694439
vt 0.348 0.69416398
vt 0.349234 0.69421
vt 0.348638 0.694497
vt 0.34949 0.69434398
vt 0.346838 0.69415802
vt 0.349427 0.694561
vt 0.350364 0.694268
vt 0.349043 0.69466197
vt 0.348063 0.694619
vt 0.350244 0.69467598
vt 0.348243 0.69483298
vt 0.346948 0.694632
vt 0.348895 0.69503498
vt 0.346964 0.69489902
vt 0.345603 0.69458902
vt 0.349739 0.69471598
vt 0.346625 0.694418
vt 0.345422 0.69503403
vt 0.345496 0.69434702
vt 0.345991 0.69384098
vt 0.344058 0.693909
vt 0.343375 0.69479197
vt 0.347453 0.69389302
vt 0.340325 0.69577402
vt 0.348566 0.693994
vt 0.347882 0.69394398
vt 0.346106 0.693353
vt 0.349272 0.693806
vt 0.34209 0.693223
vt 0.345229 0.69529098
vt 0.338376 0.69475102
vt 0.347175 0.694736
vt 0.332134 0.694389
vt 0.35065 0.693936
vt 0.345896 0.691719
vt 0.347294 0.692981
vt 0.350864 0.694337
vt 0.351707 0.69434202
vt 0.352187 0.694494
vt 0.351703 0.694542
vt 0.352646 0.694804
vt 0.349962 0.694166
vt 0.35348 0.69438398
vt 0.3509 0.69472098
vt 0.351092 0.69441098
vt 0.348255 0.695207
vt 0.347267 0.69599098
vt 0.352913 0.694068
vt 0.352492 0.694341
vt 0.350173 0.69439
vt 0.353487 0.69460398
vt 0.355381 0.694027
vt 0.35468 0.69371498
vt 0.349306 0.694883
vt 0.35319 0.69373697
vt 0.691302 0.69351
vt 0.700845 0.69454902
vt 0.683801 0.69342297
vt 0.712367 0.696769
vt 0.678401 0.694057
vt 0.35607 0.694296
vt 0.352018 0.69381398
vt 0.675139 0.69517797
vt 0.355952 0.694789
vt 0.700832 0.698847
vt 0.355129 0.69502097
vt 0.691284 0.699772
vt 0.354323 0.69529402
vt 0.683789 0.699772
vt 0.352762 0.695233
vt 0.678393 0.69907898
vt 0.349474 0.69426203
vt 0.351629 0.69523102
vt 0.675139 0.697927
vt 0.67405 0.69654602
vt 0.348616 0.69370002
vt 0.343814 0.69554698
vt 0.350072 0.694919
vt 0.344608 0.69431102
vt 0.350325 0.69428802
vt 0.348285 0.70291698
vt 0.347323 0.702972
vt 0.347456 0.70305097
vt 0.346611 0.70304698
vt 0.34774 0.702793
vt 0.348961 0.70279902
vt 0.348376 0.70309198
vt 0.349222 0.70293403
vt 0.346536 0.702776
vt 0.349194 0.70314902
vt 0.35008 0.70285898
vt 0.348749 0.703277
vt 0.347788 0.70323098
vt 0.349964 0.703265
vt 0.347969 0.70346397
vt 0.346661 0.70325798
vt 0.348639 0.70367098
vt 0.346688 0.70354098
vt 0.345317 0.703196
vt 0.349511 0.70330298
vt 0.346344 0.703049
vt 0.345122 0.70369
vt 0.345272 0.70284897
vt 0.345714 0.702352
vt 0.343714 0.702429
vt 0.343004 0.703485
vt 0.347187 0.702465
vt 0.340035 0.704382
vt 0.348299 0.70259303
vt 0.347629 0.70250702
vt 0.345834 0.70184302
vt 0.349008 0.70239902
vt 0.341689 0.70169002
vt 0.344942 0.70395303
vt 0.338179 0.703353
vt 0.346916 0.703389
vt 0.332134 0.70298803
vt 0.350393 0.70256603
vt 0.345676 0.700409
vt 0.347056 0.701649
vt 0.350612 0.702959
vt 0.351938 0.70310998
vt 0.352392 0.703416
vt 0.351404 0.702951
vt 0.349685 0.70275903
vt 0.351443 0.703143
vt 0.353201 0.70297998
vt 0.350813 0.70300198
vt 0.35062 0.70330602
vt 0.347019 0.704526
vt 0.347997 0.70375502
vt 0.35263 0.70265597
vt 0.35221 0.70292503
vt 0.349906 0.70296198
vt 0.353213 0.703196
vt 0.355094 0.702614
vt 0.354388 0.7023
vt 0.349048 0.70345002
vt 0.352895 0.702322
vt 0.689349 0.7022
vt 0.698843 0.70323497
vt 0.681885 0.702111
vt 0.710306 0.70544797
vt 0.67651 0.70274198
vt 0.355786 0.702887
vt 0.351716 0.70240498
vt 0.673268 0.703856
vt 0.355678 0.70338303
vt 0.698831 0.70751202
vt 0.35487 0.70362198
vt 0.689332 0.70843
vt 0.354081 0.70390302
vt 0.681874 0.70843
vt 0.352542 0.703852
vt 0.676505 0.70774
vt 0.349248 0.702904
vt 0.351437 0.70386302
vt 0.673267 0.706591
vt 0.672182 0.70521802
vt 0.348391 0.702344
vt 0.34354 0.704166
vt 0.349917 0.70356798
vt 0.34448 0.702932
vt 0.350008 0.702887
vt 0.535459 0.619725
vt 0.54038 0.60963202
vt 0.534717 0.60562497
vt 0.528743 0.617764
vt 0.544016 0.59618002
vt 0.534114 0.630948
vt 0.52719 0.631478
vt 0.5481 0.601687
vt 0.555572 0.590088
vt 0.537391 0.641854
vt 0.530987 0.64487398
vt 0.536997 0.630678
vt 0.543971 0.651169
vt 0.538924 0.65611798
vt 0.540215 0.640558
vt 0.54624 0.64897698
vt 0.553182 0.65779102
vt 0.549967 0.66403598
vt 0.554605 0.65500498
vt 0.563894 0.66117197
vt 0.562824 0.668086
vt 0.564371 0.658103
vt 0.57513 0.661166
vt 0.576275 0.668086
vt 0.574609 0.658067
vt 0.585828 0.657533
vt 0.589113 0.663804
vt 0.584351 0.65476
vt 0.595012 0.650757
vt 0.600223 0.65571803
vt 0.592688 0.648562
vt 0.601712 0.64120102
vt 0.608375 0.64426
vt 0.598639 0.63990098
vt 0.605268 0.62992102
vt 0.612253 0.63030398
vt 0.601469 0.629754
vt 0.602951 0.61852598
vt 0.609792 0.61617702
vt 0.599797 0.619469
vt 0.597491 0.60844803
vt 0.603067 0.60411602
vt 0.594957 0.61031997
vt 0.589327 0.600743
vt 0.593228 0.59502
vt 0.58755 0.60330302
vt 0.57933 0.59605098
vt 0.581294 0.589512
vt 0.578463 0.59897798
vt 0.568519 0.59464598
vt 0.568374 0.58786702
vt 0.568583 0.59766
vt 0.557783 0.596519
vt 0.56753 0.620659
vt 0.549967 0.60412198
vt 0.558786 0.59940797
vt 0.564208 0.622069
vt 0.542944 0.61136198
vt 0.561909 0.62522
vt 0.538445 0.62051702
vt 0.561667 0.629964
vt 0.565457 0.628662
vt 0.564649 0.63386
vt 0.566762 0.630588
vt 0.569479 0.63521898
vt 0.569077 0.63135898
vt 0.572998 0.634345
vt 0.571409 0.63064802
vt 0.575826 0.63155502
vt 0.572671 0.629229
vt 0.576842 0.62697
vt 0.572912 0.627635
vt 0.574619 0.62266803
vt 0.571965 0.62554097
vt 0.571588 0.62076598
vt 0.569821 0.624422
vt 0.56739 0.624763
vt 0.568192 0.626567
vt 0.569614 0.62644202
vt 0.565701 0.62641
vt 0.567376 0.62757897
vt 0.569126 0.627836
vt 0.569106 0.62785202
vt 0.569151 0.62783802
vt 0.569104 0.62787098
vt 0.570828 0.62741798
vt 0.569164 0.62785202
vt 0.569166 0.62787098
vt 0.570708 0.628636
vt 0.569814 0.62927198
vt 0.569154 0.627887
vt 0.56863 0.62931198
vt 0.569134 0.62789297
vt 0.567658 0.62874
vt 0.569115 0.627886
vt 0.695866 0.74777198
vt 0.696579 0.74786597
vt 0.697053 0.747876
vt 0.697209 0.747936
vt 0.696442 0.747608
vt 0.695201 0.747644
vt 0.695824 0.747944
vt 0.697609 0.74760902
vt 0.694925 0.74777597
vt 0.696985 0.74732602
vt 0.695873 0.74743003
vt 0.698435 0.74722397
vt 0.696569 0.747393
vt 0.69782 0.747895
vt 0.698959 0.747868
vt 0.69517 0.74723703
vt 0.700455 0.747509
vt 0.698838 0.74812198
vt 0.698324 0.746881
vt 0.70229 0.74674797
vt 0.701078 0.748334
vt 0.704107 0.749322
vt 0.699037 0.748519
vt 0.69752 0.748056
vt 0.706032 0.74831998
vt 0.699225 0.748787
vt 0.712288 0.74803603
vt 0.697147 0.74946898
vt 0.693531 0.748142
vt 0.698582 0.74521703
vt 0.69982 0.747814
vt 0.697478 0.748412
vt 0.697269 0.748231
vt 0.696195 0.74829602
vt 0.695538 0.74849498
vt 0.693797 0.747369
vt 0.69639 0.74806702
vt 0.695402 0.74810803
vt 0.694695 0.748159
vt 0.69504 0.74800098
vt 0.694159 0.748101
vt 0.694108 0.74769598
vt 0.693578 0.74776697
vt 0.694479 0.74760002
vt 0.692741 0.74795097
vt 0.693344 0.74782902
vt 0.69273 0.747752
vt 0.691789 0.748213
vt 0.697169 0.746463
vt 0.692253 0.747909
vt 0.694968 0.74771202
vt 0.69096 0.747777
vt 0.690106 0.748684
vt 0.691528 0.747469
vt 0.69095 0.747998
vt 0.689302 0.74839997
vt 0.688483 0.74815702
vt 0.691667 0.748641
vt 0.353176 0.74923003
vt 0.360668 0.749318
vt 0.343641 0.748196
vt 0.366071 0.74868798
vt 0.332134 0.745983
vt 0.692798 0.74865198
vt 0.369339 0.74757397
vt 0.370444 0.746207
vt 0.68837 0.747662
vt 0.689061 0.747401
vt 0.343677 0.74389797
vt 0.353231 0.74297
vt 0.691945 0.74774802
vt 0.689764 0.74709803
vt 0.696172 0.748667
vt 0.694262 0.747828
vt 0.69512 0.74833202
vt 0.691254 0.74714
vt 0.360731 0.74297
vt 0.366123 0.74366802
vt 0.692424 0.747231
vt 0.36937 0.74482602
vt 0.69411 0.74772298
vt 0.694357 0.74835598
vt 0.700602 0.749058
vt 0.695833 0.747159
vt 0.695013 0.75498098
vt 0.695141 0.75491297
vt 0.694179 0.754843
vt 0.694715 0.75475597
vt 0.693505 0.75470698
vt 0.694072 0.755014
vt 0.695943 0.75469398
vt 0.693235 0.75484598
vt 0.695272 0.75443602
vt 0.694179 0.75449198
vt 0.696754 0.75431103
vt 0.694836 0.75445598
vt 0.696004 0.75498903
vt 0.697196 0.75480402
vt 0.693471 0.75430298
vt 0.698754 0.75440502
vt 0.697144 0.75515199
vt 0.696637 0.75379902
vt 0.700786 0.75369102
vt 0.699453 0.75546801
vt 0.702411 0.75640202
vt 0.697332 0.75564897
vt 0.6958 0.75519902
vt 0.69751 0.75591499
vt 0.695422 0.75646901
vt 0.704278 0.75539798
vt 0.694452 0.75568902
vt 0.710328 0.75510299
vt 0.69184 0.75519699
vt 0.697983 0.75490099
vt 0.69577 0.75548297
vt 0.695543 0.75532901
vt 0.696818 0.75236398
vt 0.694493 0.75539398
vt 0.695423 0.75358701
vt 0.693819 0.75559199
vt 0.692077 0.75446701
vt 0.694684 0.75516999
vt 0.693714 0.755202
vt 0.69295 0.755216
vt 0.693263 0.75506198
vt 0.692492 0.755171
vt 0.692379 0.75475901
vt 0.692779 0.75465798
vt 0.691017 0.75502902
vt 0.691651 0.75489098
vt 0.691853 0.754857
vt 0.691058 0.75483698
vt 0.690066 0.755292
vt 0.690524 0.75499201
vt 0.693216 0.75481802
vt 0.689261 0.75484502
vt 0.688371 0.755759
vt 0.689837 0.75452602
vt 0.689247 0.75506097
vt 0.687585 0.75546801
vt 0.68678 0.75522
vt 0.689911 0.755727
vt 0.353073 0.75633502
vt 0.36053 0.75642401
vt 0.343585 0.75530702
vt 0.365906 0.75579703
vt 0.332134 0.753106
vt 0.691016 0.75575101
vt 0.369158 0.75468701
vt 0.370259 0.753326
vt 0.686677 0.75472099
vt 0.687373 0.75445598
vt 0.343622 0.75103003
vt 0.353129 0.75010598
vt 0.690253 0.75480002
vt 0.688083 0.754152
vt 0.692555 0.75486797
vt 0.693408 0.75536603
vt 0.689575 0.754192
vt 0.360592 0.75010598
vt 0.365959 0.75080001
vt 0.690753 0.75428897
vt 0.369189 0.75195199
vt 0.692455 0.75479102
vt 0.69254 0.75547302
vt 0.698908 0.75614601
vt 0.694079 0.75426698
vt 0.354506 0.687361
vt 0.357501 0.681104
vt 0.348287 0.674685
vt 0.367228 0.691082
vt 0.343377 0.679668
vt 0.368113 0.68428302
vt 0.380288 0.69077498
vt 0.341647 0.665538
vt 0.335341 0.66844702
vt 0.35051 0.672539
vt 0.339197 0.65441698
vt 0.332134 0.654898
vt 0.344297 0.66437
vt 0.342295 0.65417302
vt 0.340408 0.64307702
vt 0.33359 0.641212
vt 0.343457 0.64388603
vt 0.345228 0.63280702
vt 0.339378 0.628918
vt 0.347829 0.634547
vt 0.352937 0.624637
vt 0.348635 0.61912
vt 0.354848 0.62708598
vt 0.362753 0.61917102
vt 0.360383 0.61256897
vt 0.363807 0.622131
vt 0.373866 0.61713302
vt 0.373682 0.610057
vt 0.373927 0.62027502
vt 0.385188 0.61857897
vt 0.387323 0.611708
vt 0.384227 0.621628
vt 0.395693 0.623662
vt 0.400023 0.617746
vt 0.393643 0.62629402
vt 0.404293 0.631782
vt 0.410207 0.628047
vt 0.401056 0.63377798
vt 0.407819 0.64286298
vt 0.414937 0.64158398
vt 0.404605 0.64357603
vt 0.407958 0.654325
vt 0.414937 0.655392
vt 0.404833 0.653924
vt 0.404579 0.66503
vt 0.410774 0.668128
vt 0.401781 0.66366
vt 0.398134 0.67399698
vt 0.403033 0.678751
vt 0.395951 0.671862
vt 0.389376 0.680489
vt 0.392551 0.68648
vt 0.387964 0.67782497
vt 0.379086 0.68408102
vt 0.378126 0.657103
vt 0.368558 0.681247
vt 0.378555 0.68106902
vt 0.37332 0.65862298
vt 0.358897 0.678344
vt 0.369865 0.657861
vt 0.36708 0.655221
vt 0.370616 0.65331203
vt 0.365971 0.65198898
vt 0.370033 0.65110898
vt 0.366898 0.64812303
vt 0.370655 0.64929497
vt 0.370455 0.644584
vt 0.371984 0.648152
vt 0.373954 0.64363402
vt 0.374369 0.64763498
vt 0.377779 0.644692
vt 0.376153 0.64826798
vt 0.380902 0.64820302
vt 0.377146 0.649539
vt 0.381056 0.65304202
vt 0.377341 0.65182602
vt 0.376417 0.653535
vt 0.374936 0.65447003
vt 0.374859 0.65218902
vt 0.373258 0.652722
vt 0.372519 0.654612
vt 0.373739 0.65120602
vt 0.373758 0.65119898
vt 0.37372 0.65120202
vt 0.375488 0.650967
vt 0.373769 0.651182
vt 0.372095 0.651856
vt 0.373709 0.65118098
vt 0.374947 0.64992398
vt 0.373768 0.65116298
vt 0.372218 0.65061003
vt 0.373754 0.65115
vt 0.373717 0.65115798
vt 0.373388 0.649724
vt 0.373734 0.65114802
vt 0.692559 0.731121
vt 0.691348 0.73124802
vt 0.691184 0.73128498
vt 0.691367 0.73097402
vt 0.692879 0.730716
vt 0.693478 0.73150498
vt 0.694958 0.73086798
vt 0.690321 0.73112202
vt 0.697941 0.729905
vt 0.691532 0.73147202
vt 0.69225 0.73186898
vt 0.696071 0.732445
vt 0.690826 0.73173702
vt 0.690086 0.73155302
vt 0.690463 0.731758
vt 0.689492 0.73134398
vt 0.692132 0.73218203
vt 0.690073 0.731246
vt 0.689174 0.73147303
vt 0.689316 0.73103303
vt 0.688943 0.73112398
vt 0.6901 0.730848
vt 0.688063 0.73141998
vt 0.689382 0.73074198
vt 0.68865 0.731008
vt 0.691151 0.73088902
vt 0.688131 0.73102897
vt 0.688428 0.73145598
vt 0.686698 0.731246
vt 0.689029 0.73179102
vt 0.690458 0.730066
vt 0.687361 0.73105597
vt 0.688413 0.731058
vt 0.702966 0.73107702
vt 0.693075 0.730478
vt 0.691615 0.73328698
vt 0.694312 0.73068702
vt 0.68759 0.73158598
vt 0.689078 0.73161697
vt 0.685953 0.731111
vt 0.686759 0.730317
vt 0.685374 0.73047
vt 0.684434 0.730385
vt 0.365517 0.726703
vt 0.368713 0.727835
vt 0.36022 0.72602302
vt 0.369779 0.729191
vt 0.352857 0.72602302
vt 0.687332 0.730991
vt 0.683408 0.730694
vt 0.343474 0.72693098
vt 0.687265 0.731156
vt 0.368707 0.73053497
vt 0.686531 0.731942
vt 0.365508 0.73163497
vt 0.685092 0.731883
vt 0.360203 0.73225802
vt 0.684145 0.73195702
vt 0.352837 0.73217398
vt 0.685706 0.73137897
vt 0.683215 0.73162103
vt 0.343458 0.73115498
vt 0.332134 0.728975
vt 0.684966 0.731211
vt 0.68304 0.731364
vt 0.683101 0.730932
vt 0.692743 0.722646
vt 0.691533 0.72276998
vt 0.691522 0.722816
vt 0.691551 0.72249597
vt 0.693063 0.72223902
vt 0.693661 0.723032
vt 0.695141 0.72239298
vt 0.690437 0.722553
vt 0.698126 0.72143
vt 0.691712 0.72298998
vt 0.692426 0.72339398
vt 0.696253 0.72397202
vt 0.690995 0.72325897
vt 0.690272 0.723091
vt 0.690633 0.72328198
vt 0.690633 0.72277898
vt 0.689648 0.722857
vt 0.692309 0.72370797
vt 0.68937 0.72301298
vt 0.689544 0.72269303
vt 0.689497 0.72254997
vt 0.688241 0.722938
vt 0.689564 0.722264
vt 0.688832 0.72252798
vt 0.691335 0.72241098
vt 0.688313 0.72254503
vt 0.688615 0.722987
vt 0.686876 0.72277302
vt 0.689199 0.72331
vt 0.68754 0.722584
vt 0.690633 0.72158998
vt 0.703135 0.722601
vt 0.688589 0.722584
vt 0.693259 0.72200298
vt 0.694494 0.722211
vt 0.691791 0.724806
vt 0.687768 0.723112
vt 0.689258 0.72314203
vt 0.686131 0.72263598
vt 0.686938 0.72184098
vt 0.685551 0.72199398
vt 0.68461 0.721909
vt 0.365533 0.718229
vt 0.368729 0.71936202
vt 0.360233 0.717548
vt 0.369796 0.72071803
vt 0.352866 0.717548
vt 0.68751 0.722516
vt 0.683584 0.72221798
vt 0.343479 0.71845597
vt 0.687443 0.722681
vt 0.368724 0.722062
vt 0.686708 0.723468
vt 0.365523 0.72316402
vt 0.685268 0.723409
vt 0.360217 0.723786
vt 0.684321 0.72348303
vt 0.352846 0.723702
vt 0.685884 0.722906
vt 0.683391 0.72314602
vt 0.343464 0.722683
vt 0.332134 0.720501
vt 0.685143 0.72273397
vt 0.683217 0.722888
vt 0.683277 0.72245502
vt 0.641415 0.57684797
vt 0.651995 0.580391
vt 0.638245 0.58303398
vt 0.650888 0.58723003
vt 0.627423 0.575069
vt 0.663128 0.58037102
vt 0.6642 0.587229
vt 0.632422 0.570167
vt 0.61958 0.56391102
vt 0.673789 0.576975
vt 0.676981 0.58321798
vt 0.662644 0.57733
vt 0.6829 0.57025403
vt 0.687985 0.575238
vt 0.67234 0.57418698
vt 0.680618 0.56807703
vt 0.689632 0.560894
vt 0.696186 0.563985
vt 0.686616 0.55958003
vt 0.693227 0.54976302
vt 0.700143 0.55021203
vt 0.689454 0.54956
vt 0.691075 0.538458
vt 0.697867 0.536209
vt 0.687954 0.53935498
vt 0.685759 0.528413
vt 0.691346 0.52420598
vt 0.683221 0.53026402
vt 0.677728 0.52078402
vt 0.681637 0.51516998
vt 0.675967 0.523264
vt 0.667941 0.51598197
vt 0.669913 0.50952202
vt 0.667041 0.518884
vt 0.657242 0.514508
vt 0.657147 0.507796
vt 0.65728 0.51749498
vt 0.646623 0.516266
vt 0.644451 0.50989598
vt 0.64758 0.519122
vt 0.636975 0.521217
vt 0.63291 0.515778
vt 0.638783 0.52364802
vt 0.629237 0.52899402
vt 0.623594 0.525047
vt 0.63176 0.530748
vt 0.624214 0.538935
vt 0.617533 0.53702497
vt 0.627164 0.53975898
vt 0.622701 0.550076
vt 0.615838 0.55062097
vt 0.625568 0.549833
vt 0.625936 0.56093103
vt 0.650116 0.549397
vt 0.634692 0.56802398
vt 0.628742 0.55966002
vt 0.651778 0.552347
vt 0.642865 0.574108
vt 0.655263 0.55434197
vt 0.652494 0.57732803
vt 0.660269 0.55417597
vt 0.657412 0.55083102
vt 0.664112 0.55107403
vt 0.659339 0.550439
vt 0.660604 0.54931903
vt 0.665287 0.54786402
vt 0.661252 0.54715002
vt 0.664428 0.54422897
vt 0.660338 0.545084
vt 0.660943 0.54086
vt 0.658736 0.544043
vt 0.656009 0.540228
vt 0.657007 0.54394197
vt 0.652733 0.54159498
vt 0.654844 0.544976
vt 0.650391 0.544735
vt 0.65383 0.54654402
vt 0.653861 0.54814303
vt 0.655724 0.54731798
vt 0.655134 0.55004698
vt 0.656029 0.548253
vt 0.657299 0.54883802
vt 0.657485 0.547386
vt 0.657504 0.547401
vt 0.657482 0.54735702
vt 0.65638 0.546255
vt 0.657529 0.5474
vt 0.657494 0.54733902
vt 0.65752 0.547332
vt 0.658023 0.54593998
vt 0.659142 0.546699
vt 0.657547 0.54734302
vt 0.659283 0.547666
vt 0.657557 0.547365
vt 0.658662 0.54851002
vt 0.65755 0.547387
vn 0.5172 0.2454 -0.8199
vn 0.4166 0.322 -0.8501
vn -0.2162 0.0269 -0.976
vn 0.8098 0.2264 0.5412
vn 0.7855 0.4319 0.4432
vn 0.174 -0.0241 0.9844
vn 0.174 -0.0241 0.9845
vn 0.61 0.6486 0.4551
vn 0.4166 0.322 -0.8501
vn -0.2162 0.0269 -0.976
vn 0.317 0.4129 -0.8538
vn 0.174 -0.0241 0.9845
vn 0.3874 0.8287 0.4039
vn 0.0439 0.5573 -0.8292
vn 0.317 0.4129 -0.8538
vn -0.2162 0.0269 -0.976
vn -0.7115 0.0334 -0.7019
vn -0.5801 0.6109 -0.5388
vn 0.283 0.9034 0.322
vn 0.3874 0.8287 0.4039
vn 0.7086 -0.0288 0.705
vn 0.174 -0.0241 0.9844
vn 0.7086 -0.0288 0.705
vn 0.9843 0.0104 0.1764
vn 0.7051 -0.0821 0.7043
vn 0.174 -0.0241 0.9844
vn 0.3858 0.8182 0.4263
vn 0.1321 -0.0854 0.9876
vn -0.5801 0.6109 -0.5388
vn -0.8452 0.5282 0.0815
vn -0.9774 -0.0072 -0.2112
vn -0.7115 0.0334 -0.7019
vn 0.9843 0.0104 0.1764
vn 0.4476 0.6325 0.6321
vn -0.8452 0.5282 0.0815
vn -0.9774 -0.0072 -0.2112
vn -0.8593 0.3747 0.3482
vn -0.2162 0.0269 -0.976
vn -0.7073 0.0815 -0.7022
vn 0.9843 0.0104 0.1764
vn 0.4378 0.4139 0.7981
vn 0.4475 0.6326 0.6321
vn -0.1695 0.0859 -0.9818
vn -0.8592 0.3747 0.3482
vn 0.5172 0.2454 -0.8199
vn -0.8562 0.2694 0.4408
vn -0.9774 -0.0072 -0.2112
vn -0.0304 0.079 -0.9964
vn 0.9843 0.0104 0.1764
vn 0.5299 0.2065 0.8225
vn -0.8562 0.2694 0.4408
vn -0.9774 -0.0072 -0.2112
vn -0.8316 0.189 0.5221
vn -0.0035 0.0841 -0.9965
vn -0.1825 0.0891 -0.9792
vn 0.6354 0.0449 -0.7709
vn 0.0133 0.1077 -0.9941
vn 0.6408 0.1372 -0.7553
vn 0.5172 0.2454 -0.8199
vn 0.774 -0.0763 0.6285
vn 0.8115 0.0478 0.5824
vn 0.0296 -0.0788 0.9965
vn 0.0027 -0.0831 0.9965
vn 0.1599 -0.089 0.9831
vn -0.0136 -0.1077 0.9941
vn -0.0036 -0.1196 0.9928
vn 0.0029 -0.083 0.9965
vn -0.0587 -0.1708 0.9836
vn 0.0036 0.1187 -0.9929
vn -0.0037 0.084 -0.9965
vn 0.0581 0.1728 -0.9832
vn -0.0058 -0.207 0.9783
vn 0.0063 -0.1032 0.9946
vn 0.0063 -0.1032 0.9946
vn 0.0029 -0.083 0.9965
vn -0.009 -0.0838 0.9964
vn 0.0211 -0.107 0.994
vn 0.0493 -0.1742 0.9835
vn -0.0068 -0.2756 0.9612
vn 0.1196 -0.2187 0.9684
vn -0.0215 -0.1053 0.9942
vn -0.1297 -0.2107 0.9689
vn 0.0599 -0.1255 0.9903
vn -0.0057 -0.2806 0.9598
vn 0.1656 -0.1134 0.9797
vn 0.162 -0.0898 0.9827
vn 0.2072 -0.2259 0.9519
vn -0.0448 -0.1164 0.9922
vn -0.2153 -0.2124 0.9532
vn 0.1046 -0.1307 0.9859
vn -0.0027 -0.2154 0.9765
vn 0.1519 -0.1725 0.9732
vn 0.2782 -0.1826 0.943
vn -0.0768 -0.1125 0.9907
vn -0.2817 -0.1647 0.9453
vn 0.1509 -0.1174 0.9816
vn 0.0004 -0.1302 0.9915
vn 0.1304 -0.2165 0.9675
vn -0.3131 -0.1035 0.9441
vn 0.3142 -0.1233 0.9413
vn 0.0008 -0.0973 0.9953
vn -0.1604 -0.0933 0.9826
vn -0.1437 -0.1095 0.9835
vn -0.1105 -0.1225 0.9863
vn 0.7703 -0.0825 0.6323
vn -0.0667 -0.1204 0.9905
vn -0.0274 -0.1045 0.9941
vn -0.0136 -0.1077 0.9941
vn 0.7716 -0.0811 0.6309
vn 0.6351 0.045 -0.7711
vn 0.0134 0.1078 -0.9941
vn -0.0033 0.0867 -0.9962
vn 0.0687 0.1207 -0.9903
vn 0.6364 0.0496 -0.7697
vn 0.1135 0.1228 -0.9859
vn 0.1271 0.2127 -0.9688
vn 0.0058 0.2067 -0.9784
vn 0.2086 0.2134 -0.9544
vn -0.0065 0.1083 -0.9941
vn 0.1471 0.1097 -0.983
vn -0.0468 0.1771 -0.9831
vn -0.0066 0.1084 -0.9941
vn -0.0037 0.084 -0.9965
vn -0.1823 0.0902 -0.9791
vn -0.002 0.0892 -0.996
vn -0.0417 0.1173 -0.9922
vn 0.007 0.2756 -0.9612
vn -0.1175 0.221 -0.9682
vn 0.0061 0.2794 -0.9601
vn 0.2701 0.1656 -0.9485
vn -0.2003 0.2265 -0.9532
vn -0.0587 0.1264 -0.9902
vn 0.1642 0.0935 -0.982
vn 0.0034 0.2149 -0.9766
vn 0.637 0.0531 -0.769
vn 0.7698 -0.0883 0.6322
vn -0.1649 -0.0904 0.9822
vn 0.7705 -0.0942 0.6305
vn -0.1647 -0.0915 0.9821
vn 0.0004 -0.0995 0.995
vn 0.77 -0.0989 0.6303
vn -0.1648 -0.0899 0.9822
vn 0.6369 0.0511 -0.7693
vn 0.0006 -0.0989 0.9951
vn 0.1697 0.0901 -0.9814
vn 0.6365 0.0466 -0.7698
vn 0.1696 0.0912 -0.9813
vn 0.3043 0.0823 -0.949
vn 0.2986 0.105 -0.9486
vn 0.1697 0.0896 -0.9814
vn 0.0003 0.1302 -0.9915
vn 0.6363 0.0433 -0.7702
vn 0.3044 0.0825 -0.949
vn 0.7696 -0.1023 0.6303
vn 0.1697 0.0884 -0.9815
vn -0.1648 -0.0887 0.9823
vn 0.6362 0.041 -0.7705
vn 0.7692 -0.1047 0.6304
vn 0.3043 0.0801 -0.9492
vn 0.1697 0.0875 -0.9816
vn -0.0004 0.0974 -0.9952
vn -0.0001 0.0995 -0.995
vn 0.3041 0.0782 -0.9494
vn -0 0.0988 -0.9951
vn 0.639 0.0382 -0.7683
vn 0.304 0.077 -0.9496
vn 0.1473 0.0774 -0.9861
vn -0.0004 0.0985 -0.9951
vn -0.3063 0.1069 -0.9459
vn -0.3063 0.1084 -0.9458
vn -0.3065 0.1032 -0.9463
vn -0.2998 0.1239 -0.9459
vn -0.2665 0.1826 -0.9464
vn -0.1408 0.1098 -0.9839
vn -0.1082 0.1305 -0.9855
vn -0.1676 0.1018 -0.9806
vn 0.0688 0.1152 -0.991
vn 0.071 0.095 -0.9929
vn 0.039 0.1182 -0.9922
vn 0.1077 0.0928 -0.9898
vn 0.0164 0.1065 -0.9942
vn -0.1677 0.1048 -0.9803
vn -0.1885 0.1139 -0.9754
vn -0.1842 0.0896 -0.9788
vn -0.1725 0.1755 -0.9692
vn -0.1512 0.2214 -0.9634
vn -0.6943 0.0718 -0.7161
vn -0.1695 0.0859 -0.9818
vn -0.702 0.2177 -0.6781
vn -0.1297 0.2199 -0.9669
vn -0.6905 0.2883 -0.6634
vn -0.1177 0.1748 -0.9775
vn -0.6906 0.2877 -0.6636
vn -0.1108 0.1187 -0.9867
vn -0.7018 0.2179 -0.6782
vn 0.1084 0.0931 -0.9897
vn -0.1123 0.0995 -0.9887
vn 0.1083 0.0945 -0.9896
vn -0.1273 0.103 -0.9865
vn -0.1676 0.1053 -0.9802
vn 0.1083 0.0933 -0.9897
vn -0.1382 0.1041 -0.9849
vn -0.3061 0.1095 -0.9457
vn -0.1675 0.1057 -0.9802
vn 0.1083 0.0924 -0.9898
vn -0.1417 0.1048 -0.9843
vn -0.0006 0.0983 -0.9952
vn -0.306 0.1102 -0.9456
vn -0.1673 0.106 -0.9802
vn 0.1083 0.0918 -0.9899
vn -0.1401 0.1052 -0.9845
vn 0.2976 0.0616 -0.9527
vn 0.0985 0.0856 -0.9914
vn -0.1436 0.0896 -0.9856
vn -0.1631 0.1005 -0.9815
vn -0.3004 0.0947 -0.9491
vn -0.0019 0.0757 -0.9971
vn -0.2723 0.0571 -0.9605
vn -0.0047 0.0229 -0.9997
vn 0.2651 0.0271 -0.9638
vn 0.1109 0.0673 -0.9915
vn 0.2009 0.0047 -0.9796
vn 0.7687 -0.1041 0.6311
vn -0.0063 -0.017 -0.9998
vn -0.1648 -0.0879 0.9824
vn -0.145 0.089 -0.9854
vn -0.0004 -0.0983 0.9952
vn -0.2099 0.0276 -0.9773
vn -0.1101 0.0798 -0.9907
vn -0.1541 0.0557 -0.9865
vn -0.7117 0.0851 -0.6973
vn 0.0676 0.0763 -0.9948
vn -0.1374 0.0176 -0.9904
vn -0.0643 0.082 -0.9946
vn -0.0051 -0.0155 -0.9999
vn 0.1298 0.0024 -0.9915
vn -0.0023 0.0185 -0.9998
vn 0.0653 0.0759 -0.995
vn 0.0392 0.0501 -0.998
vn -0.0403 0.0542 -0.9977
vn 0.0018 0.0813 -0.9967
vn -0.1455 -0.0758 0.9864
vn -0.0003 -0.0983 0.9952
vn -0.109 -0.0662 0.9918
vn -0.3114 -0.0638 0.9481
vn -0.2772 -0.026 0.9605
vn 0.0028 -0.0757 0.9971
vn 0.1629 -0.1047 0.9811
vn 0.1629 -0.1016 0.9814
vn -0.1024 -0.1009 0.9896
vn -0.1205 -0.0912 0.9885
vn -0.1198 -0.0925 0.9885
vn 0.1097 -0.2163 0.9701
vn 0.0987 -0.1729 0.98
vn 0.0935 -0.1175 0.9887
vn 0.0955 -0.0991 0.9905
vn 0.6901 -0.2926 0.6619
vn -0.1211 -0.0939 0.9882
vn 0.1135 -0.1027 0.9882
vn 0.702 -0.2214 0.6769
vn -0.1224 -0.0925 0.9882
vn 0.1261 -0.1037 0.9866
vn 0.1628 -0.1052 0.981
vn -0.1232 -0.0915 0.9882
vn 0.1647 -0.1058 0.9807
vn 0.1296 -0.1043 0.9861
vn -0.1229 -0.0908 0.9883
vn 0.1276 -0.1047 0.9863
vn 0.315 -0.0955 0.9443
vn 0.1587 -0.1006 0.9822
vn -0.1186 -0.106 0.9873
vn 0.1339 -0.0891 0.987
vn 0.0058 -0.023 0.9997
vn 0.2842 -0.0583 0.957
vn 0.1413 -0.0886 0.986
vn -0.2085 -0.0045 0.978
vn 0.0072 0.0174 0.9998
vn 0.2177 -0.0288 0.9756
vn 0.1072 -0.0794 0.9911
vn 0.141 -0.0569 0.9884
vn 0.7123 -0.0844 0.6968
vn -0.0789 -0.0775 0.9939
vn 0.139 -0.0197 0.9901
vn 0.062 -0.082 0.9947
vn 0.0051 0.0157 0.9999
vn -0.1313 -0.0042 0.9913
vn -0.063 -0.0763 0.9951
vn -0.0398 -0.051 0.9979
vn 0.0024 -0.0183 0.9998
vn 0.7657 -0.1046 0.6346
vn -0.0018 -0.0819 0.9966
vn 0.041 -0.055 0.9976
vn 0.5564 -0.2668 -0.7869
vn -0.0459 -0.0797 0.9958
vn 0.7441 -0.1672 0.6468
vn 0.1599 -0.0286 0.9867
vn -0.0203 -0.0833 0.9963
vn 0.7133 -0.028 0.7003
vn 0.7124 0.016 0.7016
vn 0.9876 0.0097 0.1568
vn 0.1829 -0.028 0.9827
vn 0.7124 0.016 0.7016
vn -0.0101 -0.0906 0.9958
vn 0.2015 -0.0556 0.9779
vn 0.7123 0.0159 0.7017
vn 0.9837 0.009 0.1798
vn 0.7134 -0.0275 0.7002
vn 0.9802 -0.0196 0.1973
vn 0.211 -0.091 0.9732
vn -0.0155 -0.1953 0.9806
vn 0.7113 -0.0855 0.6977
vn 0.2034 -0.2031 0.9578
vn 0.9764 -0.0528 0.2092
vn 0.7026 -0.205 0.6815
vn 0.999 -0.0441 -0.0059
vn 0.9671 -0.167 0.192
vn 0.9893 -0.1456 -0.0129
vn 0.6927 0.208 0.6906
vn 0.9447 0.2378 0.2259
vn 0.9683 0.2476 0.033
vn 0.3248 0.8742 0.361
vn 0.9994 -0.0342 0.0026
vn 0.4281 0.8871 0.1724
vn 0.1317 0.8735 0.4687
vn 0.218 0.2039 0.9544
vn 0.0101 0.2022 0.9793
vn 0.0507 0.8826 0.4674
vn 0.43 0.8976 0.0968
vn 0.0515 0.8789 0.4743
vn 0.8939 0.035 0.4469
vn 0.8904 0.3911 0.233
vn 0.5324 -0.7505 -0.3915
vn 0.6055 -0.7802 0.157
vn 0.7989 0.4447 0.405
vn -0.1456 -0.8534 -0.5006
vn 0.1924 -0.7998 0.5686
vn 0.383 0.4249 0.8202
vn -0.3579 -0.7929 0.4932
vn 0.2142 0.3576 0.909
vn 0.4383 0.0118 0.8988
vn -0.4594 -0.8691 -0.1833
vn -0.7764 -0.3284 0.538
vn 0.6467 -0.1779 0.7417
vn -0.7753 -0.0218 0.6312
vn -0.9245 -0.2988 -0.2366
vn 0.6309 -0.1118 0.7678
vn -0.7744 -0.0271 0.6322
vn -0.9994 0.0351 -0.005
vn -0.9991 0.0431 -0.0016
vn -0.9748 0.0529 -0.2165
vn -0.2277 -0.2659 -0.9367
vn -0.6808 -0.2622 -0.6839
vn -0.3598 -0.8456 -0.3944
vn -0.7111 0.0866 -0.6978
vn -0.2232 0.0927 -0.9704
vn -0.713 0.0292 -0.7005
vn 0.0073 0.0915 -0.9958
vn -0.2146 0.055 -0.9751
vn 0.0128 0.0825 -0.9965
vn 0.0367 0.0785 -0.9962
vn -0.1965 0.0267 -0.9801
vn -0.1734 0.0275 -0.9845
vn -0.712 -0.0136 -0.702
vn -0.7119 -0.013 -0.7021
vn -0.7127 0.0303 -0.7008
vn -0.7119 -0.013 -0.7021
vn -0.9854 -0.0101 -0.17
vn -0.9811 -0.0096 -0.1932
vn -0.9775 0.0198 -0.2101
vn -0.9993 0.036 0.0068
vn -0.9991 0.0309 0.0305
vn -0.9988 0.0102 -0.0475
vn -0.9886 0.0168 -0.1494
vn -0.9978 0.0275 0.061
vn -0.9968 0.0392 -0.0702
vn -0.9893 0.0499 -0.1374
vn -0.9951 0.0353 0.0927
vn -0.9925 0.0392 -0.116
vn -0.989 -0.0215 -0.1461
vn -0.9889 0.0652 -0.1335
vn -0.9873 0.0504 -0.1504
vn -0.9759 -0.0076 -0.218
vn -0.9996 -0.0273 -0.0113
vn -0.998 -0.0611 -0.0157
vn -0.9995 0.0023 0.0317
vn -0.9979 -0.0626 -0.0169
vn -0.9916 -0.049 0.1198
vn -0.9979 0.0269 0.0592
vn -0.96 0.0255 -0.2787
vn -0.9803 -0.0499 0.1913
vn -0.9997 -0.0227 -0.0134
vn -0.9839 0.0632 -0.1672
vn -0.9501 0.0649 -0.3051
vn -0.9939 0.0412 0.1027
vn -0.9887 0.0649 -0.1351
vn -0.9827 0.0685 -0.172
vn -0.9938 0.0418 0.1028
vn -0.9892 0.0641 -0.1315
vn -0.9473 0.0808 -0.31
vn -0.9938 0.0427 0.1028
vn -0.9909 0.0624 -0.1195
vn -0.9827 0.0683 -0.172
vn -0.9937 0.0439 0.1029
vn -0.9929 0.0581 -0.104
vn -0.9827 0.0679 -0.1722
vn -0.9473 0.0801 -0.3101
vn -0.9938 0.0424 0.1028
vn -0.9919 0.0769 -0.101
vn -0.9827 0.0673 -0.1723
vn -0.9474 0.079 -0.3102
vn -0.9939 0.0422 0.1022
vn -0.9855 0.1331 -0.1053
vn -0.9829 0.0643 -0.1723
vn -0.9475 0.0775 -0.3103
vn -0.9986 0.0527 -0.0057
vn -0.9853 0.0787 -0.1515
vn -0.9986 0.0531 -0.0054
vn -0.9477 0.0738 -0.3107
vn -0.9985 0.0536 -0.0053
vn -0.9945 0.0529 0.0907
vn -0.9489 0.0925 -0.3016
vn -0.9987 0.0515 -0.0057
vn -0.9542 0.0223 0.2983
vn -0.9541 0.0247 0.2986
vn -0.9964 0.0844 -0.0034
vn -0.9543 0.0204 0.298
vn -0.9517 0.1511 -0.2671
vn -0.9541 0.0245 0.2985
vn -0.9855 0.1695 0.0037
vn -0.9547 0.0475 0.2938
vn -0.9897 0.0899 -0.1116
vn -0.9611 0.1916 -0.1991
vn -0.9571 0.1092 0.2682
vn -0.9957 0.066 0.0652
vn -0.9721 0.2344 0.0096
vn -0.9771 0.1786 -0.1154
vn -0.9739 0.1812 -0.137
vn -0.9969 0.0706 0.0347
vn -0.9775 0.1367 -0.1604
vn -0.9944 0.0825 -0.0664
vn -0.9981 0.0602 0.0117
vn -0.9821 0.0759 -0.1722
vn -0.9766 0.1813 -0.1159
vn -0.9818 0.0502 -0.1831
vn -0.9826 0.0475 -0.1793
vn -0.7115 0.0334 -0.7019
vn -0.9826 0.0475 -0.1794
vn -0.8317 0.189 0.5221
vn -0.9988 0.0345 -0.0356
vn -0.9822 0.0497 -0.1814
vn -0.9993 0.0351 -0.0098
vn -0.998 0.0627 -0.0114
vn -0.9977 0.062 -0.0269
vn -0.9973 0.0728 -0.0003
vn -0.9993 0.0351 -0.0098
vn -0.9898 0.1331 -0.0501
vn -0.998 0.0627 -0.0114
vn -0.7764 -0.0243 0.6297
vn -0.9988 0.0345 -0.0356
vn -0.9869 0.1611 0.0058
vn -0.9973 0.0728 -0.0006
vn -0.7567 0.0717 0.6498
vn -0.8317 0.189 0.5221
vn 0.6297 -0.0815 0.7725
vn 0.5848 0.0378 0.8103
vn 0.9988 -0.0342 0.035
vn 0.9994 -0.0343 0.0092
vn -0.973 0.2306 0.0103
vn -0.9649 0.1594 0.2088
vn -0.9786 0.1619 0.1271
vn -0.9906 0.1247 0.0563
vn -0.9981 0.0613 0.0085
vn -0.9993 0.0351 -0.0098
vn -0.7767 -0.0221 0.6295
vn -0.7764 -0.0243 0.6297
vn 0.6289 -0.0838 0.7729
vn 0.6297 -0.0814 0.7725
vn 0.9994 -0.0343 0.0092
vn 0.9981 -0.0612 -0.0088
vn 0.9973 -0.0736 0.0006
vn 0.9982 -0.0581 0.0114
vn 0.9908 -0.1225 -0.0568
vn 0.9869 -0.1614 -0.0057
vn 0.9982 -0.0581 0.0114
vn 0.9901 -0.131 0.0509
vn 0.9977 -0.0626 0.0263
vn 0.9786 -0.1598 -0.1297
vn 0.973 -0.2305 -0.0101
vn 0.9766 -0.1793 0.119
vn 0.9992 -0.0326 -0.0236
vn 0.9718 -0.2357 -0.0092
vn 0.9863 -0.0472 0.1583
vn 0.9994 -0.0343 0.0092
vn 0.9988 -0.0342 0.035
vn 0.9884 -0.0451 0.145
vn 0.9848 -0.0746 0.1568
vn 0.7086 -0.0288 0.705
vn 0.9884 -0.0451 0.145
vn 0.7051 -0.0823 0.7043
vn 0.7109 -0.1265 0.6918
vn 0.9858 -0.0481 0.1607
vn 0.1321 -0.0854 0.9876
vn 0.9812 -0.1319 0.1411
vn 0.7017 -0.2193 0.6779
vn 0.9947 -0.0815 0.0628
vn 0.6904 -0.2909 0.6623
vn 0.9776 -0.1753 0.1168
vn 0.9967 -0.0704 -0.0395
vn 0.9801 -0.174 0.0959
vn 0.9954 -0.0637 -0.0712
vn 0.99 -0.09 0.1082
vn 0.9597 -0.1913 0.2059
vn 0.9877 -0.1302 0.0866
vn 0.9937 -0.0494 -0.1007
vn 0.9862 -0.0762 0.147
vn 0.9483 -0.1518 0.2786
vn 0.9927 -0.0402 -0.1135
vn 0.9937 -0.0748 0.0839
vn 0.9436 -0.0945 0.3174
vn 0.9854 -0.17 -0.003
vn 0.9964 -0.0844 0.0041
vn 0.9927 -0.0416 -0.1129
vn 0.9945 -0.0568 0.0875
vn 0.9838 -0.0639 0.1676
vn 0.9987 -0.0514 0.006
vn 0.9925 -0.0429 -0.1144
vn 0.9924 -0.0613 0.1064
vn 0.9836 -0.0669 0.1676
vn 0.9985 -0.0536 0.0056
vn 0.9924 -0.0414 -0.1156
vn 0.9908 -0.0631 0.1197
vn 0.9836 -0.0675 0.1674
vn 0.9986 -0.0531 0.0058
vn 0.9924 -0.0404 -0.1164
vn 0.9903 -0.0638 0.1235
vn 0.9832 -0.0682 0.1692
vn 0.9986 -0.0524 0.0049
vn 0.9924 -0.0397 -0.1161
vn 0.9905 -0.0641 0.1215
vn 0.9986 -0.0524 0.0049
vn 0.9939 -0.0392 -0.1032
vn 0.9906 -0.0489 0.1278
vn 0.9845 -0.0628 0.1636
vn 0.9452 -0.0665 0.3197
vn 0.9995 -0.0299 0.0091
vn 0.9564 -0.0274 0.2906
vn 0.9882 -0.0487 0.1455
vn 0.9996 0.0227 0.0141
vn 0.9906 -0.0168 0.136
vn 0.9524 -0.0025 -0.3049
vn 0.9628 0.0304 -0.2684
vn 0.997 -0.0281 -0.0715
vn 0.9988 -0.0316 -0.0385
vn 0.9928 -0.0387 0.113
vn 0.9969 -0.0391 0.0678
vn 0.9992 -0.0364 -0.0136
vn 0.9988 -0.011 0.0482
vn 0.9889 0.0193 0.1476
vn 0.9742 0.006 0.2255
vn 0.9996 0.0274 0.0113
vn 0.998 0.0613 0.0159
vn 0.9979 0.063 0.0173
vn 0.9995 -0.0032 -0.0323
vn 0.9915 0.0473 -0.1216
vn 0.9788 0.05 -0.1989
vn 0.998 -0.0278 -0.0567
vn 0.9947 -0.0168 -0.1013
vn 0.99 -0.0234 -0.1393
vn 0.629 -0.111 0.7695
vn -0.9944 0.0165 0.1042
vn -0.9661 -0.0294 0.2566
vn -0.9879 0.0352 0.1512
vn -0.9995 0.0299 -0.0082
vn -0.9567 0.004 0.2909
vn -0.9986 0.0524 -0.0058
vn -0.9544 0.0191 0.298
vn -0.9859 0.0344 0.164
vn -0.7764 -0.0239 0.6298
vn -0.9858 0.0353 0.164
vn 0.6286 -0.1111 0.7697
vn -0.9858 0.0365 0.1639
vn -0.7763 -0.0216 0.63
vn -0.9857 0.0381 0.1641
vn -0.776 -0.0183 0.6305
vn 0.9866 -0.035 -0.1591
vn 0.6284 -0.1088 0.7702
vn 0.9866 -0.0358 -0.1591
vn 0.9866 -0.037 -0.1591
vn 0.6283 -0.1054 0.7708
vn 0.9865 -0.0386 -0.1591
vn -0.7756 -0.0138 0.6311
vn 0.6283 -0.1007 0.7714
vn 0.9865 -0.0375 -0.1593
vn -0.9858 0.037 0.1641
vn -0.7754 -0.0117 0.6314
vn 0.6297 -0.0947 0.771
vn -0.9865 0.0408 0.1587
vn -0.776 -0.0154 0.6305
vn 0.9871 -0.0407 -0.1552
vn 0.6309 -0.0878 0.7709
vn 0.9504 -0.046 -0.3075
vn 0.954 -0.108 -0.2796
vn -0.9882 0.0575 0.1423
vn 0.9636 -0.1583 -0.2154
vn -0.9914 0.072 0.1093
vn 0.9886 -0.0575 -0.1389
vn 0.9917 -0.072 -0.1065
vn -0.7763 -0.0194 0.6301
vn -0.9953 0.0719 0.0645
vn -0.9981 0.0578 0.0233
vn -0.9981 0.0614 0.0086
vn 0.9955 -0.0686 -0.0657
vn 0.6291 -0.0848 0.7726
vn 0.9981 -0.0575 -0.0224
vn 0.9981 -0.0612 -0.0088
vn 0.0096 -0.074 0.9972
vn 0.0083 -0.0515 0.9986
vn 0.3135 -0.0331 0.949
vn 0.3078 -0.0489 0.9502
vn -0.2904 -0.0806 0.9535
vn 0.175 -0.0421 0.9837
vn -0.2579 -0.1164 0.9591
vn 0.0122 -0.1266 0.9919
vn 0.3135 -0.0338 0.949
vn 0.2795 -0.0877 0.9561
vn 0.1751 -0.0423 0.9836
vn 0.1707 -0.0476 0.9842
vn 0.0136 -0.1662 0.986
vn -0.1007 -0.0568 0.9933
vn -0.1937 -0.1415 0.9708
vn -0.1007 -0.0562 0.9933
vn 0.1381 -0.0444 0.9894
vn 0.1366 -0.0441 0.9896
vn 0.1344 -0.0451 0.9899
vn -0.0862 -0.0565 0.9947
vn 0.1397 -0.0595 0.9884
vn -0.1006 -0.0553 0.9934
vn 0.1224 -0.0464 0.9914
vn 0.1513 -0.0605 0.9866
vn -0.1006 -0.054 0.9935
vn 0.1066 -0.0501 0.993
vn 0.1752 -0.0427 0.9836
vn -0.1007 -0.0555 0.9934
vn 0.1046 -0.0312 0.994
vn 0.1753 -0.0433 0.9836
vn 0.3135 -0.0349 0.9489
vn -0.1001 -0.0558 0.9934
vn 0.1117 0.025 0.9934
vn 0.1752 -0.0463 0.9834
vn 0.3137 -0.0364 0.9488
vn 0.0081 -0.0512 0.9987
vn 0.008 -0.0508 0.9987
vn -0.2967 -0.0649 0.9528
vn -0.2968 -0.0636 0.9528
vn 0.0077 -0.0503 0.9987
vn -0.1399 -0.0703 0.9877
vn -0.2969 -0.0618 0.9529
vn -0.1621 -0.0596 0.985
vn -0.1621 -0.0587 0.985
vn -0.7044 -0.0735 0.706
vn -0.1033 -0.0812 0.9913
vn -0.0577 -0.0736 0.9956
vn -0.7032 -0.0731 0.7073
vn -0.1222 -0.1453 0.9818
vn 0.0125 -0.1646 0.9863
vn -0.0315 -0.0995 0.9945
vn 0.2172 -0.1193 0.9688
vn 0.0098 -0.131 0.9913
vn -0.7072 0.0019 -0.707
vn -0.7098 0.0001 -0.7044
vn 0.055 0.0728 -0.9958
vn 0.1006 0.0811 -0.9916
vn 0.1364 0.067 -0.9884
vn -0.7087 -0 -0.7055
vn 0.2696 0.1164 -0.9559
vn 0.1572 0.0593 -0.9858
vn 0.3037 0.0776 -0.9496
vn -0.0074 0.0514 -0.9987
vn 0.2016 0.141 -0.9693
vn -0.0104 0.0739 -0.9972
vn 0.124 0.1435 -0.9818
vn -0.0128 0.1266 -0.9919
vn -0.0141 0.1666 -0.9859
vn 0.0323 0.0985 -0.9946
vn -0.0127 0.1649 -0.9862
vn -0.2915 0.0861 -0.9527
vn -0.0098 0.1312 -0.9913
vn -0.2248 0.1178 -0.9673
vn -0.1463 0.1288 -0.9808
vn -0.0028 0.0699 -0.9975
vn -0.0486 0.0947 -0.9943
vn -0.1147 0.0698 -0.9909
vn -0.0696 0.0676 -0.9953
vn -0.1489 0.06 -0.987
vn 0.0702 0.0716 -0.995
vn -0.3225 0.0474 -0.9454
vn -0.1663 0.0476 -0.9849
vn 0.1044 0.0624 -0.9926
vn -0.1722 0.0423 -0.9841
vn -0.1244 0.0448 -0.9912
vn -0.1299 0.06 -0.9897
vn -0.1372 0.0921 -0.9863
vn 0.1141 0.0574 -0.9918
vn -0.1264 0.0451 -0.9909
vn -0.7 0.0244 -0.7137
vn 0.1144 0.0567 -0.9918
vn -0.1226 0.0457 -0.9914
vn 0.1132 0.0557 -0.992
vn -0.1092 0.0469 -0.9929
vn -0.0074 0.0514 -0.9986
vn 0.1123 0.0544 -0.9922
vn -0.0901 0.0508 -0.9946
vn -0.1704 0.043 -0.9844
vn 0.1112 0.0557 -0.9922
vn -0.0874 0.0326 -0.9956
vn -0.1706 0.0435 -0.9844
vn -0.0084 0.0508 -0.9987
vn 0.1115 0.057 -0.9921
vn -0.0929 -0.0229 -0.9954
vn -0.1705 0.0466 -0.9843
vn -0.0081 0.0503 -0.9987
vn 0.1572 0.0585 -0.9858
vn -0.709 0.0021 -0.7052
vn 0.1571 0.0573 -0.9859
vn -0.0085 0.0525 -0.9986
vn -0.1507 0.0334 -0.988
vn -0.3229 0.0261 -0.9461
vn 0.0983 0.0486 -0.994
vn -0.0083 0.0194 -0.9998
vn -0.1043 -0.0667 -0.9923
vn -0.2858 -0.0389 -0.9575
vn 0.068 0.0361 -0.997
vn -0.1124 0.0183 -0.9935
vn -0.6756 -0.1864 -0.7133
vn -0.6871 -0.1137 -0.7177
vn -0.1253 -0.0673 -0.9898
vn -0.9933 -0.0579 -0.1001
vn -0.9874 -0.1129 -0.1111
vn -0.6961 -0.0209 -0.7176
vn -0.0874 0.0326 -0.9956
vn -0.0929 -0.0229 -0.9954
vn -0.9874 -0.1129 -0.1111
vn -0.6961 -0.0209 -0.7176
vn -0.0901 0.0508 -0.9946
vn -0.9942 -0.0393 -0.1003
vn -0.698 0.014 -0.7159
vn -0.1092 0.0469 -0.9929
vn -0.9921 -0.0412 -0.1185
vn -0.6991 0.0095 -0.715
vn -0.1226 0.0457 -0.9914
vn -0.9905 -0.041 -0.1311
vn -0.6994 0.0059 -0.7147
vn -0.1264 0.0451 -0.991
vn -0.99 -0.0413 -0.1347
vn -0.6995 0.0032 -0.7146
vn -0.1243 0.0449 -0.9912
vn -0.9903 -0.0417 -0.1328
vn -0.6993 0.0014 -0.7149
vn -0.1272 0.0587 -0.9901
vn -0.9905 -0.0274 -0.1346
vn -0.6759 -0.1847 -0.7134
vn -0.9797 -0.1554 -0.1266
vn -0.6879 -0.1117 -0.7172
vn -0.9771 -0.1535 -0.1472
vn -0.993 -0.061 0.1014
vn -0.9951 -0.0705 0.0698
vn -0.9919 -0.0539 0.1154
vn -0.9933 -0.0579 -0.1001
vn -0.9875 -0.0507 -0.1491
vn -0.9919 -0.0552 0.1145
vn -0.9942 -0.0393 -0.1003
vn -0.9852 -0.0353 -0.1675
vn -0.9916 -0.0568 0.1158
vn -0.9921 -0.0412 -0.1185
vn -0.9851 -0.0384 -0.1679
vn -0.9916 -0.0555 0.1172
vn -0.9905 -0.041 -0.1311
vn -0.985 -0.0389 -0.1679
vn -0.9916 -0.0545 0.1177
vn -0.99 -0.0413 -0.1347
vn -0.985 -0.0393 -0.1678
vn -0.9916 -0.0539 0.1176
vn -0.9902 -0.0418 -0.1329
vn -0.985 -0.0396 -0.1677
vn -0.9931 -0.0515 0.1052
vn -0.9902 -0.0257 -0.1373
vn -0.986 -0.0348 -0.1632
vn -0.9988 -0.0481 -0.0061
vn -0.9988 -0.0484 -0.0059
vn -0.9988 -0.0488 -0.0058
vn -0.9478 -0.0154 -0.3186
vn -0.9894 -0.0236 -0.1434
vn -0.9587 0.019 -0.2839
vn -0.9997 -0.0254 -0.0057
vn -0.9996 0.0274 -0.0027
vn -0.9501 -0.0453 0.3087
vn -0.9988 -0.0494 -0.0057
vn -0.9989 -0.0471 -0.0057
vn -0.9461 -0.0436 -0.321
vn -0.9968 -0.08 -0.0089
vn -0.9856 -0.0564 0.1597
vn -0.951 -0.1057 -0.2907
vn -0.9856 -0.0556 0.1598
vn -0.9912 -0.0701 -0.1127
vn -0.989 -0.0409 0.1424
vn -0.9968 -0.071 0.0375
vn -0.9619 -0.1557 -0.2246
vn -0.9806 -0.1073 -0.164
vn -0.9953 -0.0693 -0.0675
vn -0.9982 -0.0575 0.0155
vn -0.9861 -0.1658 -0.0146
vn -0.9781 -0.1567 -0.1367
vn -0.9481 -0.0883 0.3054
vn -0.9981 -0.0548 -0.0271
vn -0.9726 -0.2317 -0.0184
vn -0.9523 -0.1458 0.2679
vn -0.986 -0.0606 0.1552
vn -0.9626 -0.1859 0.197
vn -0.9854 -0.0592 0.1594
vn -0.9738 -0.2267 -0.0168
vn -0.9855 -0.0581 0.1597
vn -0.9909 -0.1191 -0.0621
vn -0.9855 -0.0576 0.1595
vn -0.9985 -0.0525 -0.012
vn -0.9874 -0.1576 -0.0106
vn -0.9975 -0.0699 -0.0037
vn -0.9782 -0.1746 0.1121
vn -0.9909 -0.1268 0.0457
vn -0.9982 -0.059 0.0074
vn -0.9994 -0.0327 -0.0065
vn -0.9985 -0.0525 -0.012
vn -0.9994 -0.0327 -0.0065
vn -0.9863 -0.023 -0.1633
vn -0.9994 -0.0347 0.0053
vn -0.9841 -0.0469 -0.1715
vn -0.9859 -0.0236 -0.1655
vn -0.6972 -0.0179 -0.7166
vn -0.9906 -0.0221 -0.1352
vn -0.7073 0.021 -0.7066
vn -0.1474 -0.0225 -0.9888
vn -0.1602 0.0353 -0.9865
vn -0.1627 0.0622 -0.9847
vn -0.147 0.0646 -0.987
vn -0.7074 0.0259 -0.7063
vn -0.7054 0.0796 -0.7043
vn -0.1755 0.1209 -0.977
vn 0.0361 0.0312 -0.9989
vn 0.0118 0.0506 -0.9986
vn -0.0678 0.0238 -0.9974
vn -0.1603 0.0629 -0.9851
vn -0.0294 0.0423 -0.9987
vn -0.2152 -0.0807 -0.9732
vn -0.014 0.0461 -0.9988
vn -0.0108 0.0697 -0.9975
vn -0.0366 0.071 -0.9968
vn -0.147 0.0646 -0.987
vn -0.7618 0.2913 -0.5786
vn -0.0041 0.03 -0.9995
vn -0.0141 0.0461 -0.9988
vn -0.0108 0.0697 -0.9975
vn -0.1277 -0.0712 -0.9893
vn -0.0573 -0.0251 -0.998
vn -0.0141 0.0461 -0.9988
vn -0.0024 -0.1342 -0.991
vn -0.0022 -0.0585 -0.9983
vn -0.0013 -0.1289 -0.9917
vn -0.0053 -0.0671 -0.9977
vn 0.2074 -0.0683 -0.9759
vn 0.3057 0.0378 -0.9514
vn 0.274 -0.0225 -0.9615
vn 0.153 0.0538 -0.9868
vn 0.1359 0.0382 -0.99
vn 0.1571 0.0557 -0.986
vn 0.1573 0.0569 -0.9859
vn -0.7093 0.0052 -0.7048
vn -0.7097 0.0093 -0.7044
vn -0.7089 0.0152 -0.7051
vn -0.7037 -0.0669 0.7073
vn -0.7041 -0.0619 0.7074
vn -0.7045 -0.0593 0.7072
vn -0.7034 -0.0706 0.7073
vn -0.1621 -0.0575 0.9851
vn -0.162 -0.0559 0.9852
vn -0.2971 -0.0593 0.953
vn -0.1621 -0.057 0.9851
vn -0.297 -0.0595 0.953
vn 0.0081 -0.0524 0.9986
vn -0.1565 -0.0538 0.9862
vn -0.7044 -0.0629 0.707
vn -0.7095 0.0216 -0.7044
vn -0.1398 -0.0382 0.9894
vn 0.1029 0.0257 -0.9944
vn 0.1217 -0.0642 -0.9905
vn 0.0588 0.0286 -0.9979
vn 0.0508 -0.0221 -0.9985
vn 0.0059 0.0419 -0.9991
vn -0.0108 0.0697 -0.9975
vn -0.7101 0.0265 -0.7036
vn 0.0196 0.0449 -0.9988
vn 0.0059 0.0419 -0.9991
vn -0.7097 0.0296 -0.7038
vn -0.0366 0.071 -0.9968
vn -0.7037 -0.0678 0.7073
vn -0.7479 0.1397 -0.6489
vn -0.7038 -0.0708 0.7069
vn -0.717 0.0373 0.6961
vn -0.5878 0.1529 0.7944
vn 0.0318 -0.092 0.9953
vn 0.0114 -0.0689 0.9976
vn -0.0056 -0.0418 0.9991
vn 0.0042 -0.0309 0.9995
vn 0.0144 -0.0425 0.999
vn 0.0042 -0.032 0.9995
vn 0.0114 -0.07 0.9975
vn -0.0501 0.0242 0.9985
vn -0.0056 -0.0419 0.9991
vn 0.0111 -0.0635 0.9979
vn -0.0609 -0.0284 0.9977
vn 0.0021 0.0583 0.9983
vn 0.0144 -0.0414 0.999
vn -0.1189 0.0662 0.9907
vn -0.1059 -0.0254 0.9941
vn 0.0565 0.0273 0.998
vn 0.0298 -0.0428 0.9986
vn 0.0011 0.129 0.9916
vn -0.2007 0.069 0.9772
vn -0.2625 0.0228 0.9647
vn 0.002 0.1329 0.9911
vn 0.1247 0.0734 0.9895
vn -0.2912 -0.0369 0.9559
vn 0.0046 0.0667 0.9978
vn 0.0075 -0.0193 0.9998
vn 0.2083 0.0811 0.9747
vn 0.2742 0.0385 0.9609
vn 0.3072 -0.0195 0.9514
vn 0.0703 -0.0241 0.9972
vn 0.116 -0.0184 0.9931
vn 0.1531 -0.0324 0.9877
vn 0.3139 -0.0401 0.9486
vn -0.0829 -0.0446 0.9956
vn -0.0611 -0.0339 0.9976
vn -0.0313 -0.0312 0.999
vn 0.1241 0.0706 0.9898
vn -0.0088 -0.0428 0.999
vn 0.1457 0.0725 0.9867
vn 0.1853 -0.0326 0.9821
vn 0.0144 -0.0414 0.999
vn 0.1669 0.0268 0.9856
vn 0.1837 -0.0613 0.9811
vn 0.0114 -0.0689 0.9976
vn 0.0373 -0.0709 0.9968
vn 0.1814 -0.0633 0.9814
vn 0.2115 -0.1198 0.97
vn -0.4969 0.2387 0.8343
vn 0.2115 -0.1198 0.97
vn -0.1755 0.1209 -0.977
vn -0.7403 0.4811 -0.4696
vn 0.2115 -0.1198 0.97
vn -0.3816 0.3654 0.849
vn -0.1755 0.1209 -0.977
vn -0.5726 0.6793 -0.4591
vn -0.0879 0.5171 0.8514
vn 0.2115 -0.1198 0.97
vn -0.1755 0.1209 -0.977
vn -0.395 0.8289 -0.3962
vn 0.5293 0.5952 0.6046
vn 0.7025 -0.0748 0.7077
vn 0.7025 -0.0748 0.7077
vn 0.1814 -0.0633 0.9814
vn 0.6556 0.0007 0.7551
vn 0.1854 -0.0609 0.9808
vn 0.7053 -0.027 0.7083
vn 0.976 -0.045 0.2132
vn 0.7053 -0.027 0.7084
vn 0.9848 0.0191 0.1725
vn 0.9848 0.0191 0.1725
vn 0.982 0.0214 0.1875
vn 0.7725 0.2826 -0.5686
vn 0.9801 0.0449 0.1934
vn 0.9968 0.0628 0.0486
vn 0.9991 0.0345 -0.0256
vn 0.688 0.11 0.7173
vn 0.9767 0.1085 0.1849
vn 0.6769 0.1821 0.7132
vn 0.9732 0.1565 0.1684
vn 0.9969 0.0722 -0.0316
vn 0.6771 0.1815 0.7132
vn 0.9766 0.157 0.1469
vn 0.6882 0.1101 0.7171
vn 0.9955 0.0723 -0.0616
vn 0.985 0.1129 0.1302
vn 0.994 0.063 -0.0897
vn 0.1046 -0.0312 0.994
vn 0.1117 0.025 0.9934
vn 0.6969 0.02 0.7168
vn 0.9914 0.0574 0.1176
vn 0.985 0.1129 0.1302
vn 0.1066 -0.0501 0.993
vn 0.6969 0.02 0.7168
vn 0.9924 0.0382 0.1169
vn 0.6988 -0.0139 0.7152
vn 0.1224 -0.0464 0.9914
vn 0.9904 0.0402 0.132
vn 0.6997 -0.0094 0.7144
vn 0.1344 -0.0451 0.9899
vn 0.9889 0.0402 0.1433
vn 0.6999 -0.0055 0.7142
vn 0.1381 -0.0444 0.9894
vn 0.9883 0.0405 0.1468
vn 0.7001 -0.0032 0.7141
vn 0.1365 -0.0442 0.9897
vn 0.9885 0.041 0.1453
vn 0.6999 -0.0014 0.7143
vn 0.1393 -0.0584 0.9885
vn 0.9888 0.0263 0.1469
vn 0.7006 -0.0236 0.7131
vn 0.9933 0.0541 -0.1026
vn 0.9914 0.0574 0.1176
vn 0.9932 0.0545 -0.1031
vn 0.9924 0.0382 0.1169
vn 0.9882 0.045 0.1462
vn 0.9931 0.056 -0.1029
vn 0.9904 0.0402 0.132
vn 0.9844 0.0351 0.1722
vn 0.9843 0.0381 0.1726
vn 0.9932 0.0547 -0.1031
vn 0.9889 0.0402 0.1433
vn 0.9842 0.0386 0.1726
vn 0.9932 0.0538 -0.1032
vn 0.9883 0.0405 0.1468
vn 0.9842 0.039 0.1727
vn 0.9932 0.0532 -0.1033
vn 0.9885 0.0411 0.1454
vn 0.9842 0.0393 0.1725
vn 0.9945 0.0462 -0.0939
vn 0.9888 0.0252 0.147
vn 0.9852 0.0343 0.1677
vn 0.9499 0.0309 0.3111
vn 0.9499 0.0302 0.3111
vn 0.95 0.0291 0.3109
vn 0.9526 0.0159 0.3038
vn 0.9501 0.0276 0.3108
vn 0.9886 0.0245 0.1485
vn 0.9502 0.0239 0.3107
vn 0.9622 -0.0191 0.2718
vn 0.9515 0.0436 0.3046
vn 0.9996 -0.0273 0.002
vn 0.9997 0.0255 0.0047
vn 0.9908 0.0696 0.1161
vn 0.9988 0.0482 0.0057
vn 0.9951 0.0717 0.0682
vn 0.9543 0.1068 0.2792
vn 0.9633 0.157 0.2179
vn 0.9781 0.159 0.1346
vn 0.9983 0.0576 0.0128
vn 0.9992 0.039 0.0061
vn 0.9823 0.022 0.1858
vn 0.9994 0.0335 0.0073
vn 0.9976 0.069 0.0033
vn 0.9906 0.1227 0.0603
vn 0.9983 0.0575 0.0126
vn 0.9982 0.059 -0.0071
vn 0.9976 0.069 0.0036
vn 0.9994 0.0335 0.0073
vn 0.9875 0.1574 0.0106
vn 0.9906 0.1289 -0.0449
vn 0.9738 0.2268 0.0166
vn 0.9729 0.2305 0.0179
vn 0.9782 0.1763 -0.1093
vn 0.9861 0.1654 0.0139
vn 0.9639 0.1861 -0.1902
vn 0.9556 0.1453 -0.2564
vn 0.9968 0.0801 0.0081
vn 0.9527 0.0881 -0.2909
vn 0.9989 0.0472 0.0055
vn 0.952 0.0661 -0.299
vn 0.9854 0.0614 -0.1587
vn 0.9988 0.0494 0.0053
vn 0.9519 0.0663 -0.299
vn 0.9988 0.0488 0.0055
vn 0.9521 0.0639 -0.2991
vn 0.9988 0.0484 0.0056
vn 0.9522 0.062 -0.2992
vn 0.9522 0.0607 -0.2993
vn 0.9546 0.0446 -0.2946
vn 0.9848 0.0558 -0.1647
vn 0.964 0.0064 -0.2657
vn 0.9887 0.043 -0.1436
vn 0.9847 0.0566 -0.1647
vn 0.7052 0.0669 -0.7059
vn 0.9847 0.0578 -0.1645
vn 0.7058 0.0685 -0.7051
vn 0.7056 0.0711 -0.7051
vn 0.9846 0.0594 -0.1642
vn 0.7052 0.0748 -0.7051
vn 0.9847 0.0583 -0.1645
vn 0.7048 0.0798 -0.705
vn -0.7071 0.0054 -0.7071
vn 0.7043 0.0824 -0.7051
vn -0.7071 0.0096 -0.707
vn -0.7084 0.0153 -0.7057
vn -0.7071 0.0023 -0.7071
vn -0.7073 0.0001 -0.707
vn -0.7062 -0.0002 -0.708
vn 0.9937 0.0379 -0.1055
vn 0.9786 -0.0236 -0.2044
vn -0.9607 -0.0074 0.2774
vn -0.994 -0.029 0.1055
vn -0.9769 0.0225 0.2123
vn -0.9977 -0.0328 0.0599
vn -0.9977 0.0677 0.0001
vn -0.9903 0.0314 0.1351
vn -0.9758 0.0423 -0.2144
vn -0.9978 0.0659 0.0013
vn -0.9992 -0.0052 0.0394
vn -0.9938 -0.0186 -0.1097
vn -0.9898 0.044 -0.1352
vn -0.9995 0.0317 0.0008
vn -0.9965 -0.0357 0.0756
vn -0.9975 -0.0257 -0.0651
vn -0.9991 -0.0008 -0.0414
vn -0.9996 -0.0296 -0.0028
vn -0.9985 -0.0344 0.0421
vn -0.99 0.0072 -0.1412
vn -0.9869 0.0371 -0.157
vn -0.7008 0.0807 -0.7088
vn -0.6999 0.1244 -0.7034
vn -0.156 0.1196 -0.9805
vn -0.9829 0.0399 -0.1799
vn -0.6999 0.1244 -0.7034
vn 0.037 0.0699 -0.9969
vn -0.1791 0.1196 -0.9765
vn 0.0118 0.0665 -0.9977
vn -0.6999 0.1243 -0.7033
vn -0.1979 0.0916 -0.9759
vn 0.0048 0.0579 -0.9983
vn -0.9992 -0.0354 0.0166
vn -0.9794 0.0141 -0.2012
vn -0.9991 -0.0414 0.0066
vn -0.7007 0.0812 -0.7089
vn -0.9764 -0.0194 -0.2151
vn -0.2062 0.0584 -0.9768
vn -0.7004 0.022 -0.7134
vn -0.9893 -0.1458 -0.0016
vn -0.687 -0.0626 -0.7239
vn -0.9668 -0.1329 -0.2184
vn -0.6908 -0.097 -0.7165
vn 0.008 -0.0696 0.9975
vn -0.6112 -0.3682 0.7006
vn 0.0067 -0.0467 -0.9989
vn -0.1998 -0.0564 -0.9782
vn -0.6797 0.3122 -0.6638
vn -0.2133 0.3451 -0.914
vn -0.0146 0.3404 -0.9402
vn -0.3168 0.92 -0.2309
vn -0.1279 0.9341 -0.3334
vn -0.4245 0.9046 -0.0384
vn -0.943 0.2725 -0.1911
vn -0.0471 0.9402 -0.3374
vn -0.4227 0.9052 0.0429
vn -0.968 0.2504 0.0158
vn -0.4298 0.902 0.0419
vn -0.8376 0.1438 -0.527
vn -0.8339 0.5122 -0.2057
vn -0.7491 0.605 -0.2698
vn -0.5888 -0.7651 0.2606
vn -0.3297 0.6476 -0.687
vn 0.1394 -0.9203 0.3655
vn 0.2219 -0.4043 0.8873
vn -0.6802 -0.6552 -0.3287
vn -0.2557 0.5716 -0.7796
vn -0.2623 -0.613 -0.7453
vn -0.5448 0.1771 -0.8197
vn 0.3339 -0.6714 -0.6616
vn 0.4578 -0.8874 0.0541
vn -0.7191 -0.0659 -0.6917
vn 0.7307 -0.2321 -0.6421
vn 0.9222 -0.3343 0.1944
vn 0.7042 0.0658 -0.7069
vn -0.7101 -0.0003 -0.7041
vn 0.999 0.0447 -0.0007
vn 0.9995 0.0298 0.0037
vn 0.9976 0.0324 -0.0618
vn 0.9992 0.0044 -0.0387
vn 0.9905 -0.0334 -0.1336
vn 0.9977 -0.0672 -0.0005
vn 0.9978 -0.0656 -0.0014
vn 0.9775 -0.0428 0.2067
vn 0.9995 -0.0315 -0.0008
vn 0.99 -0.0459 0.1335
vn 0.9934 0.0186 0.1128
vn 0.9992 0.0001 0.0407
vn 0.9974 0.0254 0.0674
vn 0.9974 0.0335 -0.0641
vn 0.9989 0.0322 -0.0334
vn 0.9994 0.0338 -0.0092
vn 0.988 -0.0095 0.1541
vn 0.9846 -0.0395 0.1704
vn 0.9802 -0.0425 0.1933
vn 0.7014 -0.0785 0.7084
vn 0.7005 -0.1214 0.7032
vn 0.7005 -0.1214 0.7032
vn 0.1692 -0.1203 0.9782
vn 0.1499 -0.093 0.9843
vn 0.9767 -0.016 0.2142
vn -0.0597 -0.0728 0.9956
vn 0.1177 -0.0694 0.9906
vn -0.029 -0.0711 0.997
vn 0.1447 -0.1309 0.9808
vn 0.072 -0.0677 0.9951
vn 0.0479 -0.0955 0.9943
vn 0.1923 -0.1206 0.9739
vn -0.0051 -0.0672 0.9977
vn 0.0037 -0.0606 0.9982
vn 0.2108 -0.0918 0.9732
vn 0.7004 -0.1219 0.7032
vn 0.701 -0.0796 0.7087
vn 0.2193 -0.0567 0.974
vn 0.9737 0.0123 0.2276
vn 0.7012 -0.0228 0.7126
vn 0.67 -0.3651 0.6464
vn 0.3517 -0.8967 0.2686
vn -0.3554 0.8939 -0.273
vn -0.7055 0.0796 -0.7043
vn -0.9844 0.0429 -0.1705
vn -0.7054 0.0796 -0.7043
vn -0.7074 0.0263 -0.7063
vn -0.9906 -0.0221 -0.1352
vn 0.8048 0.5931 -0.021
vn 0.7025 -0.0748 0.7077
vn 0.976 -0.045 0.2132
vn -0.4604 0.8311 -0.3118
vn -0.7055 0.0796 -0.7043
vn -0.9844 0.0429 -0.1705
vn -0.6096 0.308 -0.7304
vn 0.8048 0.5931 -0.021
vn 0.8182 0.4711 -0.3295
vn -0.4604 0.8311 -0.3118
vn -0.5088 0.6918 -0.5123
vn 0.8115 0.3596 -0.4606
vn 0.976 -0.045 0.2132
vn -0.9844 0.0429 -0.1705
vn -0.5074 0.504 -0.699
vn -0.9844 0.0429 -0.1705
vn 0.976 -0.045 0.2132
vn -0.9994 -0.0328 -0.0063
vn -0.9991 -0.0258 -0.0326
vn 0.6937 0.1778 -0.698
vn -0.655 0.1486 -0.7409
vn -0.7057 0.0276 -0.708
vn 0.9991 0.0257 0.0334
vn 0.7053 0.0741 -0.7051
vn 0.9994 0.0336 0.0071
vn 0.9824 0.021 0.1858
vn 0.9981 0.059 -0.0196
vn 0.9982 0.059 -0.0071
vn 0.9951 0.0778 -0.0609
vn -0.7092 0.0213 -0.7047
vn 0.9908 0.0849 -0.1053
vn 0.7045 0.0787 -0.7053
vn 0.9873 0.0754 -0.1399
vn -0.9981 -0.0574 0.0214
vn -0.9982 -0.059 0.0074
vn -0.9953 -0.0773 0.0589
vn -0.9912 -0.0843 0.1022
vn -0.9878 -0.0748 0.1365
vn 0.9995 0.0298 -0.0104
vn 0.9986 0.0523 -0.0081
vn 0.9466 0.0805 -0.3122
vn 0.9494 0.0646 -0.3072
vn 0.9574 0.0039 0.2888
vn 0.9823 0.0683 -0.1741
vn 0.9666 -0.0294 0.2545
vn 0.9996 -0.0229 -0.0157
vn 0.9467 0.0798 -0.3121
vn 0.9594 0.0252 -0.2808
vn 0.9823 0.0681 -0.1743
vn 0.9835 0.063 -0.1695
vn 0.9978 -0.0627 -0.0191
vn 0.9941 0.0411 0.1005
vn 0.9807 -0.05 0.1892
vn 0.9941 0.0416 0.1005
vn 0.9884 0.0647 -0.1374
vn 0.9886 0.065 -0.1358
vn 0.989 0.0639 -0.1337
vn 0.9954 0.0422 0.086
vn 0.9889 0.0497 -0.1397
vn 0.994 0.0426 0.1005
vn 0.9906 0.0622 -0.1218
vn 0.9873 0.049 -0.1514
vn 0.994 0.0438 0.1006
vn 0.9927 0.0579 -0.1062
vn 0.9824 0.0677 -0.1743
vn 0.994 0.0423 0.1006
vn 0.9917 0.0767 -0.1033
vn 0.9824 0.0671 -0.1745
vn 0.9467 0.0787 -0.3122
vn 0.9941 0.042 0.1
vn 0.9853 0.1328 -0.1075
vn 0.9826 0.0641 -0.1745
vn 0.9468 0.0772 -0.3124
vn 0.9986 0.0525 -0.0079
vn 0.9986 0.0529 -0.0077
vn 0.9551 0.0191 0.2958
vn 0.955 0.0204 0.296
vn 0.9985 0.0534 -0.0075
vn 0.99 0.0251 0.1389
vn 0.9549 0.0222 0.2962
vn 0.9862 0.0344 0.1617
vn 0.9862 0.0352 0.1618
vn 0.7115 -0.0351 0.7018
vn 0.9947 0.0164 0.1019
vn 0.998 0.0268 0.0568
vn 0.7127 -0.0345 0.7006
vn 0.9918 -0.0491 0.1176
vn 0.998 -0.0612 -0.0179
vn 0.9996 0.0024 0.0293
vn 0.9754 -0.0078 -0.2202
vn 0.9995 -0.0274 -0.0135
vn -0.7017 -0.1061 0.7045
vn -0.699 -0.1081 0.7069
vn -0.9982 -0.0276 -0.0541
vn -0.9949 -0.0167 -0.0991
vn -0.9903 -0.0286 -0.1357
vn -0.7001 -0.1079 0.7059
vn -0.9634 0.0304 -0.2663
vn -0.987 -0.0349 -0.1568
vn -0.9532 -0.0059 -0.3022
vn -0.9986 -0.0523 0.0084
vn -0.9791 0.0501 -0.1969
vn -0.9995 -0.0299 0.0114
vn -0.9917 0.0474 -0.1194
vn -0.9996 0.0228 0.0164
vn -0.9978 0.0631 0.0196
vn -0.9995 -0.0031 -0.0301
vn -0.9979 0.0615 0.0181
vn -0.9558 -0.0271 0.2928
vn -0.9995 0.0276 0.0136
vn -0.9737 0.0062 0.2277
vn -0.9885 0.0196 0.1498
vn -0.9993 -0.0357 0.0064
vn -0.9987 -0.0108 0.0504
vn -0.9926 -0.0385 0.1153
vn -0.9968 -0.0389 0.0701
vn -0.9876 -0.0495 0.1489
vn -0.9972 -0.0279 -0.0693
vn -0.9445 -0.0663 0.3218
vn -0.9842 -0.0625 0.1658
vn -0.994 -0.0351 -0.1038
vn -0.9832 -0.0679 0.1694
vn -0.9903 -0.0639 0.1237
vn -0.9903 -0.0487 0.13
vn -0.9902 -0.0169 0.1388
vn -0.9927 -0.0397 -0.1136
vn -0.99 -0.0637 0.1257
vn -0.7107 -0.084 0.6984
vn -0.9927 -0.0403 -0.1137
vn -0.9905 -0.0629 0.122
vn -0.9832 -0.0676 0.1695
vn -0.9927 -0.0413 -0.1133
vn -0.9922 -0.0611 0.1086
vn -0.9986 -0.0526 0.0082
vn -0.9928 -0.0428 -0.1122
vn -0.9944 -0.0566 0.0897
vn -0.9832 -0.0673 0.1696
vn -0.993 -0.0415 -0.1107
vn -0.9935 -0.0746 0.0861
vn -0.9832 -0.0667 0.1698
vn -0.9986 -0.0529 0.0081
vn -0.993 -0.04 -0.1113
vn -0.9875 -0.1299 0.0889
vn -0.9834 -0.0637 0.1698
vn -0.9985 -0.0535 0.0079
vn -0.987 -0.0358 -0.1568
vn -0.7 -0.1058 0.7062
vn -0.9869 -0.037 -0.1568
vn -0.9986 -0.0513 0.0082
vn -0.9858 -0.0761 0.1495
vn -0.9429 -0.0876 0.3212
vn -0.9939 -0.0493 -0.0986
vn -0.9964 -0.0843 0.0064
vn -0.9799 -0.1738 0.0981
vn -0.9477 -0.1515 0.2809
vn -0.9956 -0.0635 -0.0689
vn -0.9898 -0.0898 0.1104
vn -0.6887 -0.2922 0.6635
vn -0.7005 -0.221 0.6785
vn -0.9773 -0.1751 0.1191
vn -0.0913 -0.117 0.9889
vn -0.0965 -0.1726 0.9803
vn -0.71 -0.1293 0.6923
vn -0.9935 -0.0746 0.0861
vn -0.9875 -0.1299 0.0889
vn -0.0965 -0.1726 0.9803
vn -0.71 -0.1293 0.6923
vn -0.9944 -0.0566 0.0897
vn -0.0933 -0.0987 0.9907
vn -0.7119 -0.0945 0.6959
vn -0.9922 -0.0611 0.1086
vn -0.1113 -0.1023 0.9885
vn -0.7106 -0.099 0.6967
vn -0.9905 -0.0629 0.122
vn -0.1239 -0.1033 0.9869
vn -0.7099 -0.1028 0.6967
vn -0.99 -0.0637 0.1257
vn -0.1274 -0.1039 0.9864
vn -0.7095 -0.1051 0.6968
vn -0.9903 -0.0638 0.1236
vn -0.1255 -0.1042 0.9866
vn -0.7095 -0.1069 0.6965
vn -0.9906 -0.05 0.1272
vn -0.1288 -0.0902 0.9876
vn -0.6891 -0.2905 0.6639
vn -0.1076 -0.2159 0.9705
vn -0.7002 -0.2189 0.6795
vn -0.1283 -0.2161 0.9679
vn 0.1095 -0.0993 0.989
vn 0.079 -0.1121 0.9906
vn 0.1227 -0.0907 0.9883
vn -0.0913 -0.117 0.9889
vn -0.1408 -0.1147 0.9834
vn 0.122 -0.0922 0.9882
vn -0.0933 -0.0987 0.9907
vn -0.1607 -0.1012 0.9818
vn 0.1234 -0.0936 0.9879
vn -0.1113 -0.1023 0.9885
vn -0.1608 -0.1042 0.9815
vn 0.1246 -0.0922 0.9879
vn -0.1239 -0.1033 0.9869
vn -0.1606 -0.1048 0.9814
vn 0.125 -0.0911 0.988
vn -0.1271 -0.1039 0.9864
vn -0.1605 -0.1051 0.9814
vn 0.1249 -0.0905 0.988
vn -0.1256 -0.1043 0.9866
vn -0.1604 -0.1054 0.9814
vn 0.1123 -0.0895 0.9896
vn -0.1319 -0.0888 0.9873
vn -0.1565 -0.1003 0.9826
vn 0.0013 -0.0979 0.9952
vn 0.0015 -0.0982 0.9952
vn 0.0016 -0.0986 0.9951
vn -0.3135 -0.0952 0.9448
vn -0.1378 -0.0873 0.9866
vn -0.2821 -0.0578 0.9576
vn -0.0009 -0.0753 0.9972
vn -0.0028 -0.0226 0.9997
vn 0.3139 -0.0602 0.9476
vn 0.0018 -0.0991 0.9951
vn 0.0014 -0.0969 0.9953
vn -0.3125 -0.1233 0.9419
vn 0.0018 -0.1298 0.9915
vn 0.167 -0.0884 0.982
vn -0.276 -0.1821 0.9437
vn 0.167 -0.0876 0.9821
vn -0.1025 -0.1303 0.9862
vn 0.1482 -0.0749 0.9861
vn 0.047 -0.116 0.9921
vn -0.2053 -0.2258 0.9523
vn -0.1497 -0.1721 0.9736
vn -0.0577 -0.1251 0.9905
vn 0.0237 -0.105 0.9942
vn 0.0049 -0.215 0.9766
vn -0.1176 -0.2183 0.9688
vn 0.3151 -0.1032 0.9434
vn -0.0189 -0.1067 0.9941
vn 0.0078 -0.2803 0.9599
vn 0.2837 -0.1644 0.9447
vn 0.1629 -0.0931 0.9822
vn 0.2174 -0.2121 0.9528
vn 0.1669 -0.0912 0.9818
vn 0.0089 -0.2752 0.9613
vn 0.1671 -0.09 0.9818
vn -0.0472 -0.1738 0.9836
vn 0.167 -0.0896 0.9819
vn -0.0042 -0.1029 0.9947
vn 0.008 -0.2066 0.9784
vn 0.0058 -0.1192 0.9929
vn 0.1318 -0.2104 0.9687
vn 0.0609 -0.1704 0.9835
vn 0.0158 -0.1073 0.9941
vn -0.0007 -0.0826 0.9966
vn -0.0042 -0.1029 0.9947
vn -0.0007 -0.0826 0.9966
vn -0.1577 -0.0886 0.9835
vn 0.0112 -0.0834 0.9965
vn -0.1634 -0.113 0.9801
vn -0.1598 -0.0894 0.9831
vn -0.7092 -0.1262 0.6936
vn -0.1299 -0.085 0.9879
vn -0.7033 -0.0871 0.7055
vn -0.9809 -0.1317 0.1434
vn -0.9844 -0.0745 0.1591
vn -0.9855 -0.0478 0.1629
vn -0.9881 -0.0449 0.1473
vn -0.7036 -0.0816 0.7059
vn -0.7071 -0.0285 0.7066
vn -0.9839 0.0107 0.1786
vn -0.9968 -0.0702 -0.0373
vn -0.9986 -0.0522 -0.0121
vn -0.9944 -0.0825 0.0661
vn -0.9859 -0.0471 0.1605
vn -0.9976 -0.0624 0.0287
vn -0.9591 -0.1914 0.2083
vn -0.9982 -0.0579 0.0136
vn -0.9994 -0.0341 0.0114
vn -0.9987 -0.0341 0.0373
vn -0.9881 -0.0449 0.1473
vn -0.6037 0.192 0.7737
vn -0.9973 -0.0735 0.0028
vn -0.9994 -0.0341 0.0114
vn -0.9763 -0.1791 0.1212
vn -0.99 -0.1308 0.0532
vn -0.9982 -0.0579 0.0136
vn -0.9718 -0.2356 -0.0069
vn -0.9869 -0.1612 -0.0034
vn -0.9731 -0.2304 -0.0078
vn -0.9855 -0.1699 -0.0008
vn -0.9641 -0.1582 -0.2132
vn -0.9509 -0.0454 -0.3061
vn -0.9546 -0.1079 -0.2775
vn -0.9874 -0.0403 -0.1528
vn -0.9889 -0.0574 -0.1367
vn -0.9869 -0.0386 -0.1569
vn -0.9869 -0.0374 -0.1571
vn -0.6999 -0.1027 0.7068
vn -0.7 -0.0985 0.7073
vn -0.7012 -0.0927 0.7069
vn 0.7121 -0.0284 0.7015
vn 0.7116 -0.0234 0.7022
vn 0.7112 -0.0209 0.7027
vn 0.7124 -0.032 0.7011
vn 0.9862 0.0364 0.1618
vn 0.9861 0.0381 0.1618
vn 0.9547 0.0247 0.2964
vn 0.9861 0.037 0.1619
vn 0.9548 0.0245 0.2964
vn 0.9986 0.0514 -0.0079
vn 0.9868 0.0407 0.1565
vn 0.7114 -0.0242 0.7023
vn -0.7011 -0.0863 0.7078
vn 0.9884 0.0568 0.1408
vn -0.992 -0.0718 -0.1041
vn 0.7119 -0.0293 0.7017
vn -0.9789 -0.1597 -0.1275
vn -0.9956 -0.0716 -0.0602
vn -0.991 -0.1224 -0.0546
vn -0.9981 -0.061 -0.0066
vn -0.9994 -0.0341 0.0114
vn -0.701 -0.0813 0.7085
vn -0.9982 -0.0573 -0.0201
vn -0.9981 -0.061 -0.0066
vn -0.7014 -0.0783 0.7085
vn -0.9987 -0.0341 0.0373
vn -0.658 0.0349 0.7522
vn 0.7123 -0.0326 0.7012
vn 0.6903 0.0733 0.7198
vn 0.7758 0.2047 0.5969
vn 0.9994 0.0128 -0.0335
vn 0.9993 0.0349 -0.012
vn 0.9981 0.0612 0.0064
vn 0.9974 0.0726 -0.0029
vn 0.998 0.0615 -0.0138
vn 0.9974 0.0715 -0.003
vn 0.9994 0.0338 -0.0122
vn 0.9907 0.1245 0.0541
vn 0.9981 0.0612 0.0064
vn 0.9991 0.0406 -0.0113
vn 0.9955 0.0717 0.0622
vn 0.9869 0.161 0.0035
vn 0.9979 0.0626 -0.0137
vn 0.9789 0.1621 0.1248
vn 0.9916 0.0719 0.1071
vn 0.9897 0.1329 -0.0523
vn 0.9977 0.0619 -0.0291
vn 0.973 0.2305 0.008
vn 0.9653 0.1594 0.2066
vn 0.9578 0.1092 0.266
vn 0.9721 0.2343 0.0073
vn 0.9763 0.1812 -0.1181
vn 0.9553 0.0475 0.2916
vn 0.9855 0.1694 0.0014
vn 0.9964 0.0843 -0.0056
vn 0.9606 0.1914 -0.2013
vn 0.9512 0.1509 -0.2693
vn 0.9476 0.0939 -0.3052
vn 0.9942 0.0823 -0.0687
vn 0.9894 0.0898 -0.114
vn 0.9854 0.0771 -0.1518
vn 0.947 0.0735 -0.3128
vn 0.995 0.0542 0.0834
vn 0.9959 0.0662 0.0621
vn 0.997 0.0705 0.0324
vn 0.9769 0.1784 -0.1176
vn 0.9981 0.0601 0.0094
vn 0.9736 0.1811 -0.1392
vn 0.9798 0.078 -0.1839
vn 0.9979 0.0626 -0.0137
vn 0.9772 0.1366 -0.1628
vn 0.9817 0.0494 -0.1837
vn 0.9993 0.0349 -0.0121
vn 0.9987 0.0342 -0.038
vn 0.9822 0.0473 -0.1816
vn 0.9767 -0.0085 -0.2145
vn 0.8064 0.2986 0.5104
vn 0.9767 -0.0085 -0.2145
vn -0.9839 0.0107 0.1786
vn -0.5149 0.3928 0.762
vn 0.9767 -0.0085 -0.2145
vn 0.8076 0.4317 0.4016
vn -0.9839 0.0107 0.1786
vn -0.5253 0.5991 0.6042
vn 0.7937 0.5972 0.1157
vn 0.9767 -0.0085 -0.2145
vn -0.9839 0.0107 0.1786
vn -0.4786 0.763 0.4345
vn 0.5387 0.6799 -0.4975
vn 0.71 0.0334 -0.7034
vn 0.71 0.0334 -0.7034
vn 0.9823 0.0473 -0.1815
vn 0.7495 0.1113 -0.6526
vn 0.9814 0.0499 -0.1854
vn 0.7057 0.0811 -0.7038
vn 0.2144 0.0256 -0.9764
vn 0.7057 0.0812 -0.7038
vn 0.1673 0.0855 -0.9822
vn 0.1673 0.0855 -0.9822
vn 0.182 0.0892 -0.9792
vn -0.5965 0.2604 -0.7592
vn 0.1854 0.1131 -0.9761
vn 0.0394 0.1166 -0.9924
vn -0.0313 0.0809 -0.9962
vn 0.7005 0.2172 -0.6798
vn 0.1704 0.1752 -0.9697
vn 0.689 0.2879 -0.6651
vn 0.1491 0.221 -0.9638
vn -0.0412 0.1178 -0.9922
vn 0.6891 0.2874 -0.6653
vn 0.1276 0.2195 -0.9672
vn 0.7003 0.2175 -0.6799
vn -0.0711 0.1148 -0.9908
vn 0.1155 0.1745 -0.9779
vn -0.098 0.1026 -0.9899
vn 0.9917 0.0767 -0.1033
vn 0.9853 0.1328 -0.1075
vn 0.7093 0.1283 -0.6931
vn 0.1087 0.1183 -0.987
vn 0.1155 0.1745 -0.9779
vn 0.9927 0.0579 -0.1062
vn 0.7093 0.1283 -0.6931
vn 0.11 0.0991 -0.989
vn 0.7108 0.0946 -0.697
vn 0.9906 0.0622 -0.1218
vn 0.1248 0.1026 -0.9869
vn 0.71 0.0996 -0.6971
vn 0.989 0.0639 -0.1337
vn 0.1361 0.1037 -0.9852
vn 0.7092 0.1025 -0.6975
vn 0.9884 0.0647 -0.1374
vn 0.1395 0.1044 -0.9847
vn 0.709 0.1052 -0.6973
vn 0.9886 0.0649 -0.1358
vn 0.138 0.1047 -0.9849
vn 0.709 0.107 -0.6971
vn 0.9889 0.0508 -0.1393
vn 0.1411 0.0903 -0.9859
vn 0.7101 0.0848 -0.6989
vn -0.11 0.0924 -0.9896
vn 0.1087 0.1183 -0.987
vn -0.1106 0.0927 -0.9895
vn 0.11 0.0991 -0.989
vn 0.1385 0.1089 -0.9844
vn -0.1105 0.0942 -0.9894
vn 0.1248 0.1026 -0.9869
vn 0.1654 0.1013 -0.981
vn 0.1655 0.1044 -0.9807
vn -0.1105 0.0929 -0.9895
vn 0.1361 0.1037 -0.9853
vn 0.1654 0.1049 -0.9806
vn -0.1105 0.092 -0.9896
vn 0.1392 0.1044 -0.9848
vn 0.1654 0.1053 -0.9806
vn -0.1106 0.0914 -0.9897
vn 0.1381 0.1048 -0.9849
vn 0.1652 0.1056 -0.9806
vn -0.1005 0.0855 -0.9913
vn 0.1414 0.0892 -0.9859
vn 0.1609 0.1002 -0.9819
vn 0.3039 0.1098 -0.9463
vn 0.3041 0.1091 -0.9464
vn 0.3041 0.108 -0.9465
vn 0.2984 0.0943 -0.9498
vn 0.3042 0.1065 -0.9466
vn 0.1427 0.0887 -0.9858
vn 0.3044 0.1028 -0.947
vn 0.27 0.0567 -0.9612
vn 0.2963 0.1219 -0.9473
vn 0.0024 0.0226 -0.9997
vn 0.0002 0.0754 -0.9972
vn 0.106 0.1301 -0.9858
vn -0.0017 0.0979 -0.9952
vn 0.058 0.1276 -0.9901
vn 0.2645 0.1822 -0.947
vn 0.1982 0.2262 -0.9537
vn 0.1151 0.2203 -0.9686
vn 0.0044 0.108 -0.9941
vn -0.0002 0.0889 -0.996
vn 0.1802 0.0898 -0.9795
vn 0.0015 0.0835 -0.9965
vn -0.0062 0.1184 -0.9929
vn 0.0449 0.1771 -0.9832
vn 0.0044 0.1079 -0.9942
vn -0.0155 0.1074 -0.9941
vn -0.0058 0.1184 -0.993
vn 0.0015 0.0835 -0.9965
vn -0.008 0.2063 -0.9785
vn -0.0602 0.1724 -0.9832
vn -0.0092 0.2753 -0.9613
vn -0.0082 0.279 -0.9602
vn -0.1293 0.2121 -0.9687
vn -0.0055 0.2145 -0.9767
vn -0.2106 0.213 -0.9541
vn -0.2723 0.1653 -0.9479
vn -0.0025 0.1298 -0.9915
vn -0.3007 0.1047 -0.9479
vn -0.0017 0.097 -0.9953
vn -0.3064 0.082 -0.9484
vn -0.1662 0.0931 -0.9817
vn -0.0021 0.0991 -0.9951
vn -0.3065 0.0822 -0.9483
vn -0.002 0.0986 -0.9951
vn -0.3064 0.0797 -0.9485
vn -0.0017 0.0982 -0.9952
vn -0.3062 0.0779 -0.9488
vn -0.3061 0.0766 -0.9489
vn -0.2997 0.0613 -0.9521
vn -0.1719 0.0872 -0.9812
vn -0.2672 0.0268 -0.9633
vn -0.1495 0.0769 -0.9858
vn -0.1719 0.088 -0.9812
vn -0.7102 0.0295 -0.7034
vn -0.1718 0.0892 -0.9811
vn -0.71 0.0303 -0.7035
vn -0.7103 0.0329 -0.7031
vn -0.1719 0.0909 -0.9809
vn -0.7107 0.0365 -0.7025
vn -0.172 0.0898 -0.981
vn -0.7111 0.0414 -0.7019
vn -0.7022 -0.1026 0.7046
vn -0.7115 0.044 -0.7013
vn -0.7026 -0.0984 0.7048
vn -0.7019 -0.0927 0.7063
vn -0.7019 -0.1057 0.7044
vn -0.7016 -0.1078 0.7044
vn -0.7029 -0.1079 0.7031
vn -0.1112 0.0759 -0.9909
vn -0.2031 0.004 -0.9791
vn 0.2789 -0.0262 0.96
vn 0.1104 -0.0671 0.9916
vn 0.2109 -0.0042 0.9775
vn 0.0652 -0.0761 0.995
vn -0.0045 0.0178 0.9998
vn 0.1335 -0.0039 0.991
vn -0.2154 -0.0284 0.9761
vn -0.0035 0.0161 0.9999
vn 0.0421 -0.0506 0.9978
vn -0.1049 -0.079 0.9913
vn -0.1368 -0.0193 0.9904
vn -0.0004 -0.0179 0.9998
vn 0.0812 -0.0771 0.9937
vn -0.0598 -0.0816 0.9949
vn -0.0388 -0.0546 0.9978
vn 0.004 -0.0815 0.9967
vn 0.0478 -0.0793 0.9957
vn -0.1389 -0.0564 0.9887
vn -0.1577 -0.0282 0.9871
vn -0.7117 -0.0276 0.702
vn -0.7108 0.0163 0.7032
vn -0.9872 0.0099 0.159
vn -0.1807 -0.0276 0.9832
vn -0.7108 0.0163 0.7032
vn -0.9988 -0.0315 -0.0363
vn -0.9833 0.0092 0.182
vn -0.9993 -0.0364 -0.0113
vn -0.7107 0.0163 0.7033
vn -0.9797 -0.0194 0.1995
vn -0.999 -0.0437 -0.0016
vn 0.0225 -0.083 0.9963
vn -0.1993 -0.0552 0.9784
vn 0.0153 -0.0917 0.9957
vn -0.7118 -0.0271 0.7019
vn -0.2098 -0.0901 0.9736
vn -0.9771 -0.0528 0.2061
vn -0.7101 -0.0864 0.6988
vn -0.6803 -0.1707 0.7127
vn -0.7121 -0.1702 0.6811
vn 0.0155 -0.1939 0.9809
vn -0.2012 -0.2021 0.9585
vn -0.7011 -0.2051 0.6829
vn 0.9994 0.034 -0.0084
vn 0.7362 -0.3244 0.594
vn -0.9893 -0.1453 -0.0117
vn -0.9667 -0.1668 0.1941
vn -0.6908 0.2081 0.6924
vn -0.9442 0.238 0.2276
vn -0.9702 0.2405 0.0286
vn -0.3239 0.8744 0.3613
vn -0.4277 0.8872 0.173
vn -0.1306 0.8736 0.4687
vn -0.216 0.2043 0.9548
vn -0.4324 0.8969 0.0924
vn -0.0495 0.8828 0.4672
vn -0.0078 0.2025 0.9792
vn -0.0503 0.8792 0.4737
vn -0.537 0.0473 0.8423
vn -0.2555 0.4461 0.8578
vn 0.999 0.0443 -0.0032
vn -0.3289 0.5366 0.7771
vn 0.3391 -0.7623 0.5513
vn -0.7493 0.5561 0.3595
vn 0.4587 -0.8694 -0.184
vn -0.2579 -0.7182 0.6462
vn -0.8338 0.4748 0.2816
vn -0.6774 -0.6989 0.2296
vn -0.832 0.0644 0.551
vn -0.5897 -0.7187 -0.3685
vn 0.1442 -0.8534 -0.501
vn -0.6166 -0.2607 -0.7428
vn -0.6984 -0.1078 0.7075
vn -0.0051 0.0812 -0.9967
vn -0.0671 0.0753 -0.9949
vn -0.0413 0.0498 -0.9979
vn -0.1317 0.0021 -0.9913
vn 0.0041 -0.0174 -0.9998
vn 0.003 -0.0159 -0.9999
vn 0.2078 0.0272 -0.9778
vn 0.0001 0.0181 -0.9998
vn 0.1352 0.0172 -0.9907
vn 0.1079 0.0794 -0.991
vn 0.0381 0.0538 -0.9978
vn 0.0621 0.0816 -0.9947
vn -0.0695 0.0761 -0.9947
vn -0.0061 0.0889 -0.996
vn -0.0389 0.0781 -0.9962
vn -0.015 0.0821 -0.9965
vn 0.152 0.0553 -0.9868
vn 0.1712 0.0271 -0.9849
vn 0.1943 0.0263 -0.9806
vn 0.7111 0.0298 -0.7024
vn 0.7104 -0.0133 -0.7037
vn 0.7104 -0.0133 -0.7037
vn 0.985 -0.0103 -0.1722
vn 0.9883 0.0166 -0.1516
vn 0.2124 0.0546 -0.9757
vn 0.9979 0.0274 0.0588
vn 0.9922 0.039 -0.1183
vn 0.9991 0.0307 0.0282
vn 0.9887 -0.0217 -0.1483
vn 0.9966 0.039 -0.0725
vn 0.9987 0.01 -0.0497
vn 0.9807 -0.0098 -0.1953
vn 0.9993 0.0358 0.0045
vn 0.977 0.0196 -0.2123
vn 0.7104 -0.0139 -0.7036
vn 0.7115 0.0287 -0.7021
vn 0.9743 0.0541 -0.2185
vn 0.2244 0.0842 -0.9709
vn 0.7096 0.0855 -0.6994
vn 0.9236 -0.2998 -0.239
vn 0.2261 -0.2664 -0.937
vn 0.679 -0.2627 -0.6855
vn 0.3588 -0.8457 -0.395
vn -0.363 0.8423 0.3985
vn -0.7071 -0.0285 0.7066
vn -0.1718 -0.0237 0.9848
vn -0.7036 -0.0818 0.7059
vn -0.1299 -0.085 0.9879
vn -0.084 0.6269 -0.7745
vn 0.71 0.0334 -0.7034
vn 0.2144 0.0256 -0.9764
vn -0.3948 0.7707 0.5001
vn -0.7071 -0.0285 0.7066
vn -0.1718 -0.0237 0.9848
vn -0.7568 0.2004 0.6221
vn -0.084 0.6269 -0.7745
vn -0.3777 0.4746 -0.795
vn -0.3948 0.7707 0.5001
vn -0.5798 0.6092 0.541
vn -0.4972 0.35 -0.7939
vn 0.2144 0.0256 -0.9764
vn -0.1718 -0.0237 0.9848
vn -0.7461 0.4034 0.5298
vn -0.1718 -0.0237 0.9848
vn 0.2144 0.0256 -0.9764
vn -0.0005 -0.0827 0.9966
vn -0.0274 -0.0784 0.9965
vn -0.7142 0.139 -0.686
vn -0.7507 0.0388 0.6595
vn -0.7054 -0.0805 0.7042
vn 0.0283 0.0785 -0.9965
vn -0.71 0.0351 -0.7033
vn 0.0012 0.0836 -0.9965
vn 0.1803 0.0887 -0.9796
vn -0.0156 0.1076 -0.9941
vn -0.028 0.1061 -0.994
vn -0.0156 0.1075 -0.9941
vn -0.0709 0.1203 -0.9902
vn -0.7015 -0.0868 0.7074
vn -0.1156 0.1224 -0.9857
vn -0.1493 0.1093 -0.9827
vn -0.7112 0.0407 -0.7018
vn 0.0295 -0.1042 0.9941
vn 0.0158 -0.1073 0.9941
vn 0.0688 -0.12 0.9904
vn 0.1127 -0.1222 0.9861
vn 0.1458 -0.1092 0.9833
vn -0.9919 0.0769 -0.101
vn -0.7108 0.1287 -0.6915
vn -0.9855 0.1331 -0.1053
vn -0.1108 0.1187 -0.9867
vn -0.1177 0.1748 -0.9775
vn -0.7108 0.1287 -0.6915
vn -0.9929 0.0581 -0.104
vn -0.1123 0.0995 -0.9887
vn -0.7127 0.095 -0.695
vn -0.9909 0.0624 -0.1195
vn -0.127 0.103 -0.9865
vn -0.7115 0.1002 -0.6955
vn -0.9892 0.0641 -0.1315
vn -0.1382 0.1041 -0.9849
vn -0.711 0.1038 -0.6955
vn -0.9887 0.0649 -0.1351
vn -0.1417 0.1048 -0.9843
vn -0.7105 0.1055 -0.6957
vn -0.9889 0.0651 -0.1335
vn -0.1402 0.1051 -0.9845
vn -0.7105 0.1074 -0.6955
vn -0.9893 0.051 -0.137
vn -0.1433 0.0907 -0.9855
vn 0.7115 -0.1297 0.6906
vn 0.9937 -0.0748 0.0839
vn 0.9877 -0.1302 0.0866
vn 0.0935 -0.1175 0.9887
vn 0.0987 -0.1729 0.98
vn 0.9945 -0.0568 0.0875
vn 0.7115 -0.1297 0.6906
vn 0.0955 -0.0991 0.9905
vn 0.7135 -0.0949 0.6942
vn 0.9924 -0.0613 0.1064
vn 0.1139 -0.1027 0.9882
vn 0.7121 -0.0993 0.695
vn 0.9908 -0.0631 0.1197
vn 0.1261 -0.1037 0.9866
vn 0.7114 -0.1028 0.6952
vn 0.9903 -0.0638 0.1235
vn 0.1296 -0.1043 0.9861
vn 0.7111 -0.1055 0.6952
vn 0.9905 -0.064 0.1214
vn 0.1276 -0.1046 0.9863
vn 0.7111 -0.1073 0.6949
vn 0.9909 -0.0502 0.125
vn 0.131 -0.0906 0.9872
vn -0.3135 -0.0331 0.949
vn -0.0084 -0.0515 0.9986
vn -0.0096 -0.074 0.9972
vn -0.3135 -0.0338 0.949
vn 0.2904 -0.0806 0.9535
vn -0.1751 -0.0423 0.9836
vn 0.2967 -0.0649 0.9528
vn -0.0082 -0.0512 0.9987
vn -0.1752 -0.0427 0.9836
vn -0.3135 -0.0349 0.9489
vn 0.2968 -0.0636 0.9528
vn -0.008 -0.0508 0.9987
vn -0.1753 -0.0433 0.9836
vn -0.3137 -0.0364 0.9488
vn 0.2969 -0.0618 0.9529
vn -0.0078 -0.0503 0.9987
vn 0.1621 -0.0596 0.985
vn 0.1621 -0.0587 0.985
vn 0.1411 -0.0729 0.9873
vn 0.7032 -0.0731 0.7072
vn 0.7026 -0.0756 0.7075
vn 0.2588 -0.1173 0.9588
vn 0.1033 -0.0811 0.9913
vn -0.0122 -0.1266 0.9919
vn 0.1937 -0.1413 0.9708
vn -0.3078 -0.0489 0.9502
vn -0.0136 -0.1662 0.986
vn -0.175 -0.0421 0.9837
vn -0.2795 -0.0877 0.9561
vn -0.1707 -0.0476 0.9842
vn 0.1007 -0.0562 0.9933
vn 0.1007 -0.0568 0.9933
vn -0.1526 -0.0595 0.9865
vn 0.1006 -0.0553 0.9934
vn -0.1381 -0.0444 0.9894
vn -0.1344 -0.0451 0.9899
vn -0.1366 -0.0441 0.9896
vn -0.1224 -0.0464 0.9914
vn 0.0871 -0.059 0.9945
vn -0.1396 -0.0595 0.9884
vn 0.1006 -0.054 0.9935
vn -0.1066 -0.0501 0.993
vn 0.1007 -0.0555 0.9934
vn -0.1046 -0.0312 0.994
vn -0.1751 -0.0463 0.9835
vn 0.1001 -0.0558 0.9934
vn -0.1117 0.025 0.9934
vn -0.3138 -0.0401 0.9486
vn -0.1551 -0.0313 0.9874
vn 0.0881 -0.0458 0.9951
vn -0.0081 -0.0524 0.9986
vn -0.3058 -0.0212 0.9518
vn 0.2971 -0.0593 0.953
vn -0.0075 -0.0193 0.9998
vn 0.1621 -0.0575 0.9851
vn 0.297 -0.0595 0.953
vn 0.162 -0.0559 0.9852
vn 0.7034 -0.0706 0.7073
vn 0.7038 -0.0669 0.7072
vn 0.1621 -0.057 0.9851
vn 0.7086 0 -0.7056
vn 0.7042 -0.0619 0.7073
vn 0.709 0.0021 -0.7052
vn 0.7093 0.0052 -0.7049
vn 0.7098 -0.0006 -0.7044
vn -0.1572 0.0585 -0.9858
vn -0.1572 0.0593 -0.9858
vn -0.1487 0.0597 -0.9871
vn -0.1571 0.0573 -0.9859
vn 0.0074 0.0514 -0.9987
vn 0.0084 0.0508 -0.9987
vn 0.0074 0.0514 -0.9987
vn -0.1571 0.0557 -0.986
vn 0.7097 0.0093 -0.7045
vn 0.0081 0.0503 -0.9987
vn 0.7045 -0.0593 0.7072
vn 0.1565 -0.0538 0.9862
vn 0.7089 0.0152 -0.7051
vn 0.2912 -0.0369 0.9559
vn 0.7043 -0.0629 0.7071
vn -0.0046 0.0667 0.9978
vn -0.1573 0.0569 -0.9859
vn 0.7082 0.0217 -0.7057
vn 0.0085 0.0525 -0.9986
vn -0.1529 0.0541 -0.9868
vn 0.2625 0.0228 0.9647
vn 0.1395 -0.0379 0.9895
vn -0.002 0.1329 0.9911
vn 0.2007 0.069 0.9772
vn 0.1059 -0.0254 0.9941
vn 0.1188 0.0663 0.9907
vn -0.1364 0.0385 -0.9899
vn 0.0609 -0.0284 0.9977
vn -0.0011 0.129 0.9916
vn 0.7036 -0.0677 0.7073
vn 0.0501 0.0242 0.9985
vn -0.1059 0.0281 -0.994
vn 0.0204 -0.0446 0.9988
vn 0.0056 -0.0419 0.9991
vn -0.0021 0.0583 0.9983
vn -0.0042 -0.0309 0.9995
vn 0.0056 -0.0418 0.9991
vn -0.0114 -0.0689 0.9976
vn 0.7037 -0.0708 0.7069
vn -0.0144 -0.0414 0.999
vn -0.0565 0.0273 0.998
vn -0.0298 -0.0428 0.9986
vn -0.1247 0.0734 0.9895
vn -0.0042 -0.032 0.9995
vn -0.0144 -0.0425 0.999
vn -0.0114 -0.07 0.9975
vn -0.2083 0.0811 0.9747
vn -0.0318 -0.092 0.9953
vn 0.7307 0.0222 0.6823
vn 0.5878 0.1529 0.7944
vn -0.2742 0.0385 0.9609
vn -0.0703 -0.0241 0.9972
vn -0.116 -0.0184 0.9931
vn 0.0619 -0.0342 0.9975
vn 0.0313 -0.0312 0.999
vn 0.0088 -0.0428 0.999
vn -0.1241 0.0706 0.9898
vn -0.1457 0.0725 0.9867
vn -0.1669 0.0267 0.9856
vn -0.1816 -0.0355 0.9827
vn -0.0144 -0.0414 0.999
vn -0.1837 -0.0613 0.9811
vn -0.0114 -0.0689 0.9976
vn -0.0373 -0.0709 0.9968
vn -0.1814 -0.0633 0.9814
vn -0.2115 -0.1198 0.97
vn -0.7378 0.0201 0.6747
vn -0.688 0.11 0.7173
vn -0.6769 0.1821 0.7132
vn -0.6771 0.1815 0.7132
vn -0.6882 0.1101 0.7171
vn -0.9732 0.1565 0.1684
vn -0.9766 0.157 0.1469
vn -0.985 0.113 0.1302
vn -0.1046 -0.0312 0.994
vn -0.1117 0.025 0.9934
vn -0.6969 0.02 0.7168
vn -0.9914 0.0575 0.1176
vn -0.985 0.113 0.1302
vn -0.6969 0.02 0.7168
vn -0.1066 -0.0501 0.993
vn -0.9924 0.0382 0.117
vn -0.6988 -0.0139 0.7152
vn -0.1224 -0.0464 0.9914
vn -0.9904 0.0402 0.132
vn -0.6997 -0.0094 0.7144
vn -0.1344 -0.0451 0.9899
vn -0.9889 0.0402 0.1433
vn -0.7001 -0.0058 0.7141
vn -0.1381 -0.0444 0.9894
vn -0.9883 0.0405 0.1468
vn -0.7001 -0.0032 0.7141
vn -0.1365 -0.0442 0.9897
vn -0.9885 0.041 0.1453
vn -0.6999 -0.0014 0.7143
vn -0.1393 -0.0584 0.9885
vn -0.9888 0.0263 0.1469
vn -0.7006 -0.0236 0.7131
vn -0.2115 -0.1198 0.97
vn 0.4969 0.2387 0.8343
vn -0.2115 -0.1198 0.97
vn 0.3816 0.3655 0.849
vn 0.7618 0.2913 -0.5786
vn 0.7403 0.4811 -0.4695
vn 0.1755 0.1209 -0.977
vn 0.5731 0.6791 -0.4586
vn 0.1755 0.1209 -0.977
vn -0.2115 -0.1198 0.97
vn 0.0879 0.5171 0.8514
vn 0.7479 0.1397 -0.6489
vn 0.395 0.8289 -0.3962
vn 0.1755 0.1209 -0.977
vn 0.0366 0.071 -0.9968
vn -0.5293 0.5952 0.6046
vn 0.7097 0.0296 -0.7039
vn 0.0108 0.0697 -0.9975
vn -0.7025 -0.0748 0.7077
vn 0.7101 0.0266 -0.7036
vn 0.0108 0.0697 -0.9975
vn -0.0059 0.0419 -0.9991
vn 0.0041 0.03 -0.9995
vn 0.0141 0.0461 -0.9988
vn -0.0508 -0.0221 -0.9985
vn -0.0196 0.0449 -0.9988
vn -0.0059 0.0419 -0.9991
vn -0.0589 0.0286 -0.9979
vn 0.0022 -0.0585 -0.9983
vn 0.0141 0.0461 -0.9988
vn -0.1217 -0.0641 -0.9905
vn 0.0573 -0.0251 -0.998
vn -0.2074 -0.0683 -0.9759
vn 0.0294 0.0423 -0.9987
vn 0.0013 -0.1289 -0.9917
vn 0.1277 -0.0712 -0.9893
vn 0.0024 -0.1342 -0.9909
vn -0.274 -0.0225 -0.9615
vn 0.2151 -0.0806 -0.9733
vn -0.3057 0.0378 -0.9514
vn 0.0053 -0.0671 -0.9977
vn 0.0082 0.0193 -0.9998
vn 0.0678 0.0238 -0.9974
vn 0.2857 -0.0389 -0.9575
vn 0.1125 0.0183 -0.9935
vn 0.3216 0.0195 -0.9467
vn 0.1602 0.0312 -0.9866
vn 0.1704 0.0466 -0.9843
vn 0.1706 0.0435 -0.9844
vn -0.1103 0.0568 -0.9923
vn -0.0983 0.0486 -0.994
vn -0.068 0.0361 -0.997
vn -0.1112 0.0557 -0.9922
vn 0.0929 -0.0229 -0.9954
vn 0.0874 0.0326 -0.9956
vn 0.0901 0.0508 -0.9946
vn 0.1043 -0.0667 -0.9923
vn -0.1123 0.0544 -0.9922
vn 0.1092 0.0469 -0.9929
vn 0.1705 0.043 -0.9844
vn -0.1135 0.0557 -0.992
vn 0.1226 0.0457 -0.9914
vn 0.1722 0.0423 -0.9841
vn -0.1138 0.0566 -0.9919
vn 0.1264 0.0451 -0.9909
vn -0.1141 0.0574 -0.9918
vn 0.1244 0.0448 -0.9912
vn -0.1046 0.0625 -0.9925
vn 0.1299 0.0601 -0.9897
vn 0.1663 0.0476 -0.9849
vn 0.3224 0.0475 -0.9454
vn 0.0105 0.0739 -0.9972
vn -0.3107 0.0819 -0.947
vn 0.0128 0.1266 -0.9919
vn -0.2696 0.1164 -0.9559
vn -0.1006 0.0811 -0.9916
vn 0.2915 0.0861 -0.9527
vn -0.2014 0.141 -0.9693
vn 0.0141 0.1666 -0.9859
vn 0.1489 0.06 -0.987
vn 0.2248 0.1178 -0.9673
vn 0.1147 0.0698 -0.9909
vn 0.1367 0.0925 -0.9863
vn 0.7 0.0244 -0.7137
vn -0.0703 0.0717 -0.9949
vn 0.1463 0.1288 -0.9808
vn 0.0696 0.0676 -0.9953
vn 0.0127 0.1649 -0.9862
vn -0.124 0.1435 -0.9818
vn -0.0554 0.0729 -0.9958
vn -0.0323 0.0985 -0.9946
vn 0.0098 0.1312 -0.9913
vn 0.0486 0.0947 -0.9943
vn -0.037 0.0699 -0.9969
vn 0.0073 0.0702 -0.9975
vn 0.156 0.1196 -0.9805
vn -0.0118 0.0665 -0.9977
vn 0.7008 0.0806 -0.7088
vn 0.1791 0.1196 -0.9765
vn 0.6999 0.1243 -0.7034
vn 0.6999 0.1243 -0.7034
vn 0.9869 0.0371 -0.157
vn 0.6999 0.1243 -0.7033
vn 0.99 0.0075 -0.1406
vn 0.9829 0.0399 -0.1799
vn 0.1979 0.0916 -0.9759
vn -0.0016 0.0593 -0.9982
vn 0.7007 0.0812 -0.7089
vn 0.2072 0.0563 -0.9767
vn 0.9794 0.0141 -0.2012
vn 0.9985 -0.0344 0.0421
vn 0.9992 -0.0353 0.0166
vn 0.9759 -0.0199 -0.2175
vn 0.9965 -0.0358 0.0754
vn 0.9991 -0.0414 0.0066
vn 0.9991 -0.0008 -0.0414
vn 0.9976 -0.0257 -0.065
vn 0.9929 -0.0477 0.1094
vn 0.9938 -0.0186 -0.1097
vn 0.9898 0.0439 -0.1352
vn 0.9902 -0.0257 -0.1373
vn 0.9902 -0.0418 -0.1329
vn 0.9892 -0.0246 -0.1447
vn 0.9916 -0.0539 0.1177
vn 0.99 -0.0413 -0.1347
vn 0.986 -0.0348 -0.1632
vn 0.9758 0.0423 -0.2144
vn 0.9916 -0.0545 0.1177
vn 0.9905 -0.041 -0.1311
vn 0.985 -0.0396 -0.1677
vn 0.9587 0.019 -0.2839
vn 0.9916 -0.0555 0.1172
vn 0.9921 -0.0412 -0.1185
vn 0.985 -0.0393 -0.1678
vn 0.9478 -0.0155 -0.3186
vn 0.9917 -0.0568 0.1158
vn 0.9942 -0.0393 -0.1003
vn 0.985 -0.0389 -0.1678
vn 0.9988 -0.0481 -0.006
vn 0.9919 -0.0552 0.1145
vn 0.9933 -0.0579 -0.1001
vn 0.9851 -0.0384 -0.1679
vn 0.9988 -0.0484 -0.0059
vn 0.9919 -0.0538 0.1153
vn 0.9874 -0.1129 -0.1111
vn 0.9852 -0.0353 -0.1675
vn 0.9988 -0.0488 -0.0058
vn 0.9988 -0.0494 -0.0057
vn 0.9855 -0.0327 -0.1667
vn 0.993 -0.061 0.1014
vn 0.9989 -0.0471 -0.0057
vn 0.9468 -0.0418 -0.3191
vn 0.9968 -0.08 -0.0089
vn 0.951 -0.1057 -0.2907
vn 0.986 -0.1658 -0.0146
vn 0.9481 -0.0883 0.3055
vn 0.9912 -0.07 -0.1126
vn 0.9619 -0.1557 -0.2246
vn 0.9524 -0.1458 0.2679
vn 0.9951 -0.0705 0.0699
vn 0.9726 -0.2317 -0.0184
vn 0.9797 -0.1553 -0.1266
vn 0.9968 -0.071 0.0375
vn 0.6756 -0.1864 -0.7133
vn 0.9953 -0.0693 -0.0675
vn 0.6871 -0.1137 -0.7177
vn 0.9771 -0.1535 -0.1472
vn 0.6759 -0.1847 -0.7135
vn 0.1253 -0.0673 -0.9898
vn 0.6879 -0.1116 -0.7172
vn 0.9806 -0.1073 -0.164
vn -0.0361 0.0312 -0.9989
vn 0.1469 -0.0224 -0.9889
vn -0.0117 0.0505 -0.9987
vn 0.6983 -0.0139 -0.7157
vn 0.014 0.0461 -0.9988
vn 0.1602 0.0353 -0.9864
vn 0.1603 0.0629 -0.9851
vn 0.0108 0.0697 -0.9975
vn 0.0366 0.071 -0.9968
vn 0.147 0.0646 -0.987
vn 0.1755 0.1209 -0.977
vn 0.1627 0.0623 -0.9847
vn 0.147 0.0646 -0.987
vn 0.7054 0.0796 -0.7043
vn 0.7074 0.0262 -0.7063
vn 0.9841 -0.0469 -0.1715
vn 0.9982 -0.0575 0.0155
vn 0.9859 -0.0236 -0.1655
vn 0.9906 -0.0221 -0.1352
vn 0.7074 0.0262 -0.7063
vn 0.9994 -0.0347 0.0053
vn 0.9981 -0.0548 -0.0271
vn 0.9781 -0.1567 -0.1367
vn 0.9985 -0.0525 -0.012
vn 0.9863 -0.023 -0.1633
vn 0.9994 -0.0327 -0.0065
vn 0.9975 -0.0699 -0.0037
vn 0.9909 -0.1191 -0.0621
vn 0.9985 -0.0525 -0.012
vn 0.9738 -0.2267 -0.0168
vn 0.9874 -0.1576 -0.0106
vn 0.9626 -0.1859 0.197
vn 0.9782 -0.1746 0.1121
vn 0.9909 -0.1268 0.0457
vn 0.9982 -0.059 0.0074
vn 0.9994 -0.0327 -0.0065
vn 0.9912 -0.0843 0.1023
vn 0.9953 -0.0773 0.0589
vn 0.9878 -0.0748 0.1366
vn 0.9981 -0.0573 0.0214
vn 0.9982 -0.059 0.0074
vn 0.7067 0.0283 -0.707
vn 0.9994 -0.0328 -0.0063
vn 0.7083 0.0218 -0.7056
vn 0.9906 -0.0221 -0.1352
vn 0.9991 -0.0258 -0.0326
vn 0.6096 0.308 -0.7304
vn 0.7074 0.0263 -0.7063
vn 0.9844 0.0429 -0.1705
vn 0.7055 0.0796 -0.7043
vn 0.655 0.1486 -0.7409
vn 0.3554 0.8939 -0.273
vn -0.8048 0.5932 -0.021
vn -0.7025 -0.0748 0.7077
vn -0.976 -0.045 0.2132
vn 0.4604 0.8311 -0.3118
vn 0.7055 0.0796 -0.7043
vn 0.9844 0.0429 -0.1705
vn -0.8048 0.5932 -0.021
vn -0.8181 0.4711 -0.3297
vn 0.4604 0.8311 -0.3118
vn 0.5086 0.6922 -0.5121
vn -0.976 -0.045 0.2132
vn -0.8115 0.3596 -0.4606
vn 0.5074 0.5039 -0.699
vn 0.9844 0.0429 -0.1705
vn 0.9844 0.0429 -0.1705
vn -0.7725 0.2826 -0.5686
vn -0.976 -0.045 0.2132
vn -0.6937 0.1778 -0.698
vn -0.9991 0.0257 0.0334
vn -0.7055 0.0739 -0.7048
vn -0.9848 0.0191 0.1725
vn -0.976 -0.045 0.2132
vn -0.9994 0.0337 0.0071
vn -0.7054 -0.027 0.7083
vn -0.9824 0.021 0.1858
vn -0.9982 0.0593 -0.0072
vn -0.9976 0.069 0.0036
vn -0.9982 0.059 -0.0071
vn -0.9994 0.0335 0.0073
vn -0.9907 0.1288 -0.0449
vn -0.9982 0.0591 -0.0072
vn -0.9993 0.036 0.0072
vn -0.9951 0.0779 -0.0609
vn -0.7045 0.0791 -0.7052
vn -0.9908 0.0847 -0.1051
vn -0.9783 0.1761 -0.1096
vn -0.9875 0.1574 0.0106
vn -0.9983 0.0575 0.0126
vn -0.9983 0.0576 0.0128
vn -0.9994 0.0335 0.0073
vn -0.9823 0.022 0.1858
vn -0.9992 0.039 0.006
vn -0.9907 0.1223 0.0599
vn -0.9969 0.0626 0.0486
vn -0.9738 0.2268 0.0166
vn -0.9639 0.1861 -0.1902
vn -0.978 0.1593 0.1348
vn -0.9873 0.0754 -0.1399
vn -0.9729 0.2305 0.0179
vn -0.9556 0.1453 -0.2564
vn -0.9854 0.0614 -0.1587
vn 0.9861 -0.0606 0.155
vn -0.7043 0.0824 -0.7051
vn 0.7084 0.0153 -0.7057
vn 0.9855 -0.058 0.1597
vn 0.9855 -0.0592 0.1593
vn 0.7071 0.0096 -0.7071
vn -0.7047 0.0798 -0.705
vn 0.9855 -0.0576 0.1595
vn 0.7071 0.0054 -0.7071
vn -0.7052 0.0748 -0.7051
vn -0.9847 0.0583 -0.1645
vn -0.9846 0.0594 -0.1643
vn -0.7055 0.0711 -0.7051
vn -0.952 0.0661 -0.299
vn 0.7071 0.0023 -0.7071
vn 0.9855 -0.0564 0.1598
vn -0.9847 0.0578 -0.1644
vn 0.9856 -0.0556 0.1598
vn -0.9519 0.0663 -0.299
vn 0.7073 0.0001 -0.707
vn -0.7057 0.0685 -0.7051
vn -0.9847 0.0566 -0.1647
vn -0.9521 0.0639 -0.2991
vn -0.7046 0.0663 -0.7065
vn -0.9848 0.0558 -0.1647
vn -0.9522 0.062 -0.2992
vn 0.7062 -0.0002 -0.708
vn -0.9879 0.0378 -0.1507
vn 0.9867 -0.0455 0.1564
vn 0.9485 -0.0531 0.3122
vn 0.9998 -0.0201 -0.0061
vn 0.9996 0.0274 -0.0027
vn 0.9607 -0.0073 0.2774
vn 0.9977 0.0677 0.0001
vn 0.977 0.0225 0.2119
vn 0.994 -0.0291 0.1056
vn 0.9978 0.0659 0.0013
vn 0.9903 0.0314 0.1352
vn 0.9995 0.0317 0.0007
vn 0.9992 -0.0052 0.0394
vn 0.9977 -0.033 0.0599
vn 0.9995 -0.0306 0.0012
vn 0.7056 -0.0034 -0.7086
vn -0.9975 0.0347 -0.0622
vn -0.9937 0.038 -0.1055
vn -0.9786 -0.0236 -0.2044
vn -0.9638 0.0057 -0.2667
vn -0.9548 0.0478 -0.2933
vn -0.9522 0.0607 -0.2992
vn -0.9997 0.0255 0.0047
vn -0.9988 0.0482 0.0057
vn -0.9988 0.0484 0.0056
vn -0.9996 -0.0273 0.002
vn -0.9988 0.0488 0.0055
vn -0.9499 0.0302 0.3111
vn -0.9988 0.0494 0.0053
vn -0.95 0.0291 0.311
vn -0.95 0.0276 0.3109
vn -0.9989 0.0472 0.0055
vn -0.9502 0.0238 0.3107
vn -0.9842 0.0381 0.1727
vn -0.9968 0.0801 0.0081
vn -0.9844 0.035 0.1722
vn -0.9509 0.0453 0.3062
vn -0.9883 0.0444 0.1461
vn -0.9527 0.0881 -0.2909
vn -0.9861 0.1654 0.0139
vn -0.9543 0.1068 0.2792
vn -0.9633 0.157 0.2179
vn -0.9908 0.0695 0.1161
vn -0.9951 0.0717 0.0681
vn -0.9955 0.0723 -0.0616
vn -0.9982 0.0584 -0.0096
vn -0.9969 0.0722 -0.0316
vn -0.9799 0.0452 0.1943
vn -0.982 0.0213 0.1876
vn -0.9768 0.1085 0.1848
vn -0.994 0.063 -0.0897
vn -0.9933 0.0541 -0.1026
vn -0.9914 0.0575 0.1176
vn -0.9932 0.0545 -0.1032
vn -0.9924 0.0382 0.117
vn -0.9931 0.056 -0.103
vn -0.9904 0.0402 0.132
vn -0.9842 0.0386 0.1726
vn -0.9932 0.0547 -0.1031
vn -0.9889 0.0402 0.1433
vn -0.9842 0.039 0.1726
vn -0.9932 0.0538 -0.1032
vn -0.9883 0.0405 0.1468
vn -0.9499 0.0309 0.311
vn -0.9842 0.0393 0.1725
vn -0.9932 0.0532 -0.1032
vn -0.9885 0.0411 0.1453
vn -0.9526 0.0159 0.3038
vn -0.9853 0.0343 0.1676
vn -0.9947 0.0496 -0.0901
vn -0.9888 0.0252 0.1471
vn -0.9622 -0.0191 0.2718
vn -0.9888 0.0236 0.1471
vn -0.9977 -0.0672 -0.0005
vn -0.9775 -0.0428 0.2067
vn -0.9905 -0.0334 -0.1336
vn -0.9978 -0.0656 -0.0014
vn -0.9992 0.0044 -0.0387
vn -0.9934 0.0186 0.1128
vn -0.99 -0.0459 0.1335
vn -0.9995 -0.0315 -0.0008
vn -0.9996 0.027 0.0014
vn -0.9974 0.0254 0.0674
vn -0.9992 0.0001 0.0407
vn -0.9974 0.0335 -0.0641
vn -0.9989 0.0323 -0.0334
vn -0.988 -0.0096 0.1541
vn -0.9846 -0.0395 0.1704
vn -0.7014 -0.0785 0.7084
vn -0.7005 -0.1214 0.7032
vn -0.1692 -0.1203 0.9782
vn -0.1499 -0.0929 0.9843
vn -0.9802 -0.0425 0.1933
vn -0.7005 -0.1214 0.7032
vn -0.9994 0.0338 -0.0092
vn 0.06 -0.0729 0.9955
vn -0.1177 -0.0694 0.9906
vn -0.9992 0.0396 0.0003
vn -0.9767 -0.016 0.2142
vn -0.7004 -0.1219 0.7032
vn -0.1923 -0.1206 0.9739
vn 0.029 -0.0711 0.997
vn -0.072 -0.0677 0.9951
vn -0.2173 -0.1193 0.9688
vn -0.1447 -0.1309 0.9808
vn -0.0479 -0.0955 0.9943
vn 0.0051 -0.0672 0.9977
vn -0.0125 -0.1646 0.9863
vn -0.0098 -0.131 0.9913
vn -0.2108 -0.0918 0.9732
vn 0.1222 -0.1453 0.9818
vn 0.0315 -0.0993 0.9946
vn 0.0576 -0.0735 0.9956
vn -0.0059 -0.0682 0.9977
vn -0.0037 -0.0606 0.9982
vn 0.7073 -0.0051 -0.7069
vn 0.6888 -0.0619 -0.7223
vn 0.6112 -0.3681 0.7007
vn -0.0049 -0.0469 -0.9989
vn 0.0151 0.3444 -0.9387
vn -0.22 -0.056 0.9739
vn 0.8376 0.144 -0.5269
vn -0.2219 -0.4043 0.8873
vn -0.7011 -0.0795 0.7086
vn -0.7016 -0.0224 0.7123
vn -0.9738 0.0207 0.2266
vn -0.9222 -0.3343 0.1944
vn -0.6693 -0.3646 0.6474
vn -0.3517 -0.8968 0.2685
vn -0.1396 -0.92 0.3662
vn -0.4577 -0.8874 0.0541
vn 0.5889 -0.765 0.2607
vn 0.8339 0.5121 -0.2057
vn 0.6805 -0.6548 -0.3288
vn 0.7487 0.6055 -0.2697
vn 0.05 0.941 -0.3347
vn 0.3297 0.6476 -0.687
vn 0.2624 -0.613 -0.7453
vn -0.3339 -0.6714 -0.6616
vn -0.7307 -0.2321 -0.6421
vn 0.2557 0.5716 -0.7796
vn 0.4296 0.902 0.0419
vn 0.5448 0.1771 -0.8197
vn 0.9682 0.2493 0.0204
vn 0.7191 -0.0657 -0.6918
vn 0.9895 -0.1443 0.0004
vn 0.9668 -0.1327 -0.2185
vn 0.7003 0.0225 -0.7135
vn 0.4227 0.9052 0.043
vn 0.943 0.2725 -0.191
vn 0.1279 0.9341 -0.3334
vn 0.6907 -0.097 -0.7166
vn 0.2 -0.0565 -0.9782
vn 0.6797 0.3122 -0.6637
vn 0.2133 0.3451 -0.914
vn 0.4246 0.9046 -0.0384
vn 0.3168 0.9199 -0.231
vn -0.1814 -0.0633 0.9814
vn -0.7025 -0.0748 0.7077
vn -0.1853 -0.0609 0.9808
vn -0.9848 0.0191 0.1725
vn 0.6961 -0.0209 -0.7176
vn 0.0874 0.0326 -0.9956
vn 0.0929 -0.0229 -0.9954
vn 0.9933 -0.0579 -0.1001
vn 0.9874 -0.1129 -0.1111
vn 0.0901 0.0508 -0.9946
vn 0.6961 -0.0209 -0.7176
vn 0.9942 -0.0393 -0.1003
vn 0.698 0.014 -0.7159
vn 0.1092 0.0469 -0.9929
vn 0.9921 -0.0412 -0.1185
vn 0.6991 0.0095 -0.715
vn 0.1226 0.0457 -0.9914
vn 0.9905 -0.041 -0.1311
vn 0.6994 0.0059 -0.7147
vn 0.1264 0.0451 -0.991
vn 0.99 -0.0413 -0.1347
vn 0.6995 0.0032 -0.7146
vn 0.1243 0.0449 -0.9912
vn 0.9903 -0.0417 -0.1328
vn 0.6992 0.0014 -0.7149
vn 0.1272 0.0587 -0.9901
vn 0.9905 -0.0274 -0.1346
vn -0 0.0599 -0.9982
vn -0 0.0599 -0.9982
vn -0 0.0599 -0.9982
vn 0.6317 0.2655 -0.7283
vn 0.9245 0.3411 -0.1702
vn 0.7772 0.611 -0.1505
vn 0.68 0.0491 -0.7316
vn 0.9807 0.0142 -0.1949
vn 0.6242 -0.1718 -0.7621
vn 0.9236 -0.3228 -0.2067
vn 0.526 -0.3635 -0.7689
vn 0.7759 -0.5913 -0.2196
vn 0.5373 -0.8098 -0.2355
vn 0.1698 -0.6151 -0.77
vn 0.2368 -0.9409 -0.2423
vn -0.0504 -0.6126 -0.7888
vn -0.085 -0.966 -0.2443
vn 0.3637 -0.5049 -0.7828
vn -0.272 -0.5824 -0.7661
vn -0.3989 -0.8853 -0.2389
vn -0.1572 0.6817 -0.7145
vn -0.1261 0.1565 -0.9796
vn -0.3696 0.6039 -0.7062
vn 0.0576 0.7254 -0.6859
vn 0.2609 0.6405 -0.7223
vn -0.4473 -0.4443 -0.7762
vn -0.6683 -0.7078 -0.2288
vn -0.5978 -0.2816 -0.7505
vn -0.8663 -0.4519 -0.2127
vn -0.6642 -0.0658 -0.7446
vn -0.9694 -0.1504 -0.194
vn -0.9698 0.1685 -0.1761
vn -0.6418 0.1585 -0.7503
vn -0.8641 0.4777 -0.1588
vn 0.5785 0.3549 -0.7345
vn 0.654 0.1424 -0.743
vn -0.5789 0.3523 -0.7354
vn 0.4631 0.5415 -0.7017
vn -0.4648 0.5441 -0.6985
vn -0.6622 0.7358 -0.1417
vn -0.2672 0.6541 -0.7076
vn -0.3948 0.9094 -0.131
vn -0.0813 0.9885 -0.1277
vn -0.0556 0.7173 -0.6945
vn 0.1659 0.697 -0.6976
vn 0.2413 0.9621 -0.1273
vn 0.5374 0.832 -0.1376
vn 0.519 0.4571 -0.7223
vn 0.3571 0.5843 -0.7287
vn -0.6511 0.0464 -0.7576
vn -0.6363 0.2675 -0.7236
vn -0.6365 -0.1727 -0.7517
vn -0.0732 -0.1241 -0.9896
vn -0.247 0.0787 -0.9658
vn -0.5253 -0.3664 -0.768
vn -0.1737 -0.5923 -0.7868
vn -0.1704 0.0607 -0.9835
vn -0.0132 -0.1766 -0.9842
vn -0.1644 0.0028 -0.9864
vn -0.0826 0.2901 -0.9534
vn 0.9896 0.0093 -0.1438
vn 0.9365 -0.3106 -0.1629
vn 0.5747 -0.4062 -0.7104
vn 0.5403 -0.8184 -0.1957
vn 0.9353 0.331 -0.1251
vn 0.7401 0.6719 0.0291
vn 0.2439 -0.9486 -0.2018
vn 0.4022 0.7392 -0.5402
vn 0.4034 0.482 -0.7778
vn -0.0394 0.2261 -0.9733
vn -0.0811 -0.9758 -0.2029
vn 0.0143 0.2327 -0.9724
vn -0.3969 -0.8962 -0.1981
vn 0.0671 0.2154 -0.9742
vn -0.6698 -0.7185 -0.1873
vn 0.112 0.1909 -0.9752
vn -0.8701 -0.462 -0.172
vn 0.1508 0.1412 -0.9784
vn -0.9758 -0.1555 -0.1536
vn 0.1829 -0.1083 -0.9771
vn -0.737 0.1622 -0.6561
vn 0.1611 0.0356 -0.9863
vn 0.6001 -0.2789 -0.7497
vn 0.23 0.1575 -0.9604
vn -0.8686 0.4818 -0.1159
vn 0.1172 -0.0659 -0.9909
vn -0.6703 0.735 -0.1023
vn -0.3985 0.9127 -0.0901
vn 0.4417 -0.4322 -0.7862
vn 0.27 -0.5773 -0.7706
vn 0.0515 -0.6102 -0.7906
vn 0.0759 -0.0967 -0.9924
vn 0.0153 -0.1118 -0.9936
vn -0.0823 0.993 -0.0846
vn -0.2243 -0.0428 -0.9736
vn 0.2434 0.9661 -0.0862
vn -0.0002 0.06 -0.9982
vn -0.0001 0.0599 -0.9982
vn -0 0.0599 -0.9982
vn 0 0.0598 -0.9982
vn -0.0002 0.0599 -0.9982
vn -0.0002 0.0599 -0.9982
vn 0 0.0598 -0.9982
vn 0 0.0598 -0.9982
vn -0 0.0599 -0.9982
vn 0 0.0598 -0.9982
vn 0 0.0598 -0.9982
vn 0 0.0598 -0.9982
vn -0.0001 0.0598 -0.9982
vn -0.0001 0.0598 -0.9982
vn 0 0.0596 -0.9982
vn 0 0.0598 -0.9982
vn -0 0.0597 -0.9982
vn -0.0002 0.0597 -0.9982
vn -0 0.0597 -0.9982
vn 0 0.0598 -0.9982
vn -0 0.0597 -0.9982
vn 0.0001 0.0597 -0.9982
vn 0.0001 0.0598 -0.9982
vn 0 0.0598 -0.9982
vn 0.0001 0.0598 -0.9982
vn 0.0001 0.0598 -0.9982
vn 0 0.0598 -0.9982
vn 0 0.0598 -0.9982
vn 0 0.0598 -0.9982
vn 0 0.0596 -0.9982
vn 0 0.0598 -0.9982
vn -0 0.0599 -0.9982
vn -0 0.0599 -0.9982
vn 0.4527 -0.3217 0.8316
vn 0.3914 0.242 0.8878
vn 0.7829 0.4434 0.4365
vn 0.4247 0.3392 -0.8394
vn 0.4885 -0.2143 -0.8458
vn 0.6611 0.486 -0.5716
vn 0.6938 -0.4124 0.5904
vn 0.6938 -0.3388 -0.6355
vn 0.6694 0.3975 0.6276
vn 0.6695 0.4696 -0.5755
vn 0.4356 0.3285 -0.838
vn 0.7621 -0.6449 -0.0573
vn 0.5871 -0.2462 -0.7712
vn -0.0015 -0.6346 -0.7728
vn -0.2916 -0.9537 -0.0735
vn -0.5624 -0.2402 -0.7912
vn -0.9238 -0.3822 -0.0229
vn -0.557 0.319 -0.7668
vn -0.8911 0.4532 0.0231
vn -0 0.7032 -0.711
vn 0.0001 0.9988 0.0494
vn 0.8911 0.4532 0.0231
vn 0.5524 0.3166 -0.7711
vn 0.1979 -0.3821 0.9027
vn 0.4691 -0.2222 -0.8547
vn 0.6848 -0.4352 0.5845
vn 0.6847 -0.3627 -0.6322
vn 0.6612 0.4139 0.6257
vn 0 0.0598 -0.9982
vn 0.0001 0.0598 -0.9982
vn 0 0.0598 -0.9982
vn 0 0.0598 -0.9982
vn 0.0001 0.0598 -0.9982
vn -0 0.0599 -0.9982
vn -0.0001 0.06 -0.9982
vn -0.0001 0.06 -0.9982
vn -0.0001 0.06 -0.9982
vn 0.0001 0.0597 -0.9982
vn 0.0001 0.0597 -0.9982
vn 0.0001 0.0597 -0.9982
vn 0.0002 0.0598 -0.9982
vn -0.0003 0.0598 -0.9982
vn -0.0001 0.0599 -0.9982
vn -0.0003 0.06 -0.9982
vn 0.8711 -0.0755 0.4853
vn 0.7552 -0.1131 0.6457
vn 0.7341 0.1764 0.6558
vn 0.7947 -0.3681 0.4826
vn 0.923 -0.243 0.2983
vn 0.8918 0.1871 0.412
vn 0.9656 0.0262 0.2585
vn 0.6477 -0.3724 0.6647
vn 0.8968 -0.0203 0.4419
vn 0.7804 0.4076 0.4742
vn 0.8535 0.1604 0.4958
vn 0.5964 0.4621 0.6563
vn 0.6309 -0.0298 0.7753
vn 0.5044 0.2986 0.8102
vn 0.6506 0.2843 0.7042
vn 0.411 -0.0065 0.9116
vn 0.7892 0.2533 0.5594
vn 0.3064 0.2073 0.9291
vn 0.423 -0.2468 0.8719
vn 0.4412 -0.4685 0.7654
vn 0.4649 -0.033 0.8847
vn 0.6994 -0.3289 0.6345
vn 0.5615 -0.2965 0.7725
vn 0.7799 -0.2964 0.5512
vn 0.5042 -0.2093 0.8379
vn 0.4754 0.0976 0.8743
vn -0.1134 -0.2772 0.9541
vn 0.5711 0.238 0.7856
vn 0.5483 0.7697 0.3271
vn -0.0015 0.5144 0.8575
vn 0.9611 0.2465 -0.125
vn -0.3113 0.7944 -0.5215
vn 0.8812 -0.1518 0.4477
vn 0.0886 0.2726 -0.9581
vn 0.8392 -0.5434 -0.0214
vn 0.2932 -0.81 0.5078
vn -0.0232 -0.5027 -0.8641
vn -0.5607 -0.7536 -0.3432
vn -0.1559 -0.2566 -0.9539
vn -0.3113 -0.5023 -0.8067
vn -0.5323 -0.6095 -0.5875
vn 0.3767 -0.8291 -0.4132
vn 0.6236 -0.4386 -0.6471
vn 0.0289 -0.9972 -0.0687
vn 0.7034 0.0693 -0.7074
vn -0.3265 -0.8982 0.2943
vn -0.1052 0.0664 -0.9922
vn -0.7562 -0.547 -0.3591
vn -0.5945 -0.5586 0.5784
vn -0.1734 0.3745 -0.9109
vn 0.5947 0.5585 -0.5782
vn -0.344 0.5903 -0.7303
vn 0.3268 0.8982 -0.2941
vn -0.5677 0.6527 -0.5017
vn -0.0287 0.9972 0.0689
vn -0.7889 0.5457 -0.2826
vn -0.3765 0.829 0.4135
vn -0.8462 0.5328 -0.0036
vn -0.9443 0.3 -0.1354
vn -0.6234 0.4386 0.6473
vn -0.7032 -0.0693 0.7077
vn -0.9657 -0.2404 0.0983
vn -0.995 -0.0229 -0.0967
vn -0.9267 -0.3309 -0.1783
vn 0.8705 -0.073 0.4867
vn 0.7601 -0.1125 0.64
vn 0.7077 0.0769 0.7024
vn 0.6288 -0.0852 0.7729
vn 0.7946 -0.3677 0.483
vn 0.923 -0.243 0.2983
vn 0.8904 0.1835 0.4165
vn 0.9656 0.0263 0.2586
vn 0.648 -0.377 0.6618
vn 0.8974 -0.0208 0.4408
vn 0.7316 0.2435 0.6368
vn 0.7821 0.4129 0.4667
vn 0.8536 0.1607 0.4956
vn 0.59 0.471 0.6558
vn 0.5025 0.295 0.8127
vn 0.6509 0.2848 0.7037
vn 0.4184 -0.0046 0.9082
vn 0.7893 0.2537 0.5591
vn 0.3064 0.2074 0.929
vn 0.4182 -0.2482 0.8738
vn 0.4412 -0.4684 0.7654
vn 0.4646 -0.0331 0.8849
vn 0.6993 -0.328 0.6351
vn 0.5613 -0.2965 0.7726
vn 0.7799 -0.2956 0.5518
vn 0.5033 -0.2102 0.8382
vn 0.4753 0.0975 0.8744
vn -0.114 -0.2769 0.9541
vn 0.5709 0.2385 0.7856
vn 0.5482 0.7697 0.327
vn -0.0017 0.5145 0.8575
vn -0.3112 0.7944 -0.5215
vn 0.9611 0.2463 -0.125
vn 0.8812 -0.1513 0.4479
vn 0.8396 -0.5427 -0.0212
vn 0.0886 0.2727 -0.958
vn 0.2933 -0.81 0.5079
vn -0.0234 -0.5028 -0.8641
vn -0.5606 -0.7536 -0.3432
vn -0.1559 -0.256 -0.954
vn -0.3113 -0.5024 -0.8067
vn -0.5325 -0.6093 -0.5875
vn 0.3767 -0.829 -0.4133
vn 0.6236 -0.4387 -0.6471
vn 0.029 -0.9972 -0.0688
vn 0.7034 0.0692 -0.7074
vn -0.3265 -0.8982 0.2942
vn -0.1049 0.0664 -0.9923
vn -0.7562 -0.5471 -0.359
vn -0.5945 -0.5586 0.5784
vn -0.1735 0.3744 -0.9109
vn 0.5947 0.5585 -0.5782
vn -0.3439 0.5903 -0.7302
vn 0.3268 0.8982 -0.2941
vn -0.5677 0.6528 -0.5016
vn -0.0287 0.9972 0.069
vn -0.7889 0.5457 -0.2825
vn -0.3765 0.829 0.4135
vn -0.8462 0.5329 -0.0036
vn -0.9443 0.3 -0.1354
vn -0.6234 0.4387 0.6473
vn -0.7032 -0.0693 0.7077
vn -0.9658 -0.24 0.0982
vn -0.995 -0.023 -0.097
vn -0.9266 -0.331 -0.1784
vn -0.9549 -0.2194 0.2002
vn -0.8344 -0.2328 0.4996
vn -0.7806 -0.4245 0.4587
vn -0.8938 -0.4119 0.1775
vn -0.5823 -0.4333 0.6879
vn -0.9716 -0.2031 -0.1218
vn -0.9094 -0.3967 -0.125
vn -0.6232 -0.2421 0.7436
vn -0.3202 -0.4371 0.8405
vn -0.8826 -0.186 -0.4318
vn -0.8259 -0.3805 -0.4161
vn -0.7933 0.606 -0.058
vn -0.6977 -0.1696 -0.696
vn -0.6522 -0.3652 -0.6643
vn -0.7215 0.6198 -0.3087
vn -0.5734 0.633 -0.5201
vn -0.4369 -0.156 -0.8859
vn -0.4072 -0.3524 -0.8426
vn -0.363 0.6436 -0.6738
vn -0.1284 -0.1465 -0.9808
vn -0.1175 -0.3434 -0.9318
vn -0.1146 0.6518 -0.7497
vn 0.1943 -0.142 -0.9706
vn 0.1857 -0.3393 -0.9222
vn 0.144 0.6552 -0.7416
vn 0.4963 -0.1434 -0.8562
vn 0.4693 -0.3405 -0.8147
vn 0.3882 0.6541 -0.6492
vn 0.7448 -0.1501 -0.6501
vn 0.7027 -0.3469 -0.6212
vn 0.5871 0.6487 -0.4842
vn 0.9129 -0.1616 -0.3747
vn 0.8606 -0.3577 -0.3625
vn 0.7231 0.6391 -0.262
vn 0.9825 -0.1767 -0.0597
vn 0.9259 -0.3719 -0.0666
vn 0.7785 0.6276 -0.0083
vn 0.9458 -0.1936 0.2607
vn 0.8915 -0.3877 0.2343
vn 0.7494 0.6137 0.2484
vn 0.807 -0.2105 0.5517
vn 0.7611 -0.4037 0.5077
vn 0.6372 0.6 0.4837
vn 0.581 -0.2258 0.7819
vn 0.5489 -0.418 0.7239
vn 0.4563 0.5879 0.668
vn 0.2925 -0.2375 0.9263
vn 0.2778 -0.429 0.8595
vn 0.2234 0.578 0.7849
vn -0.0275 -0.2446 0.9692
vn -0.0227 -0.4357 0.8998
vn -0.0342 0.5729 0.8189
vn -0.3442 -0.2461 0.9061
vn -0.0511 0.6513 0.7571
vn -0.5136 0.5746 0.6372
vn -0.288 0.5714 0.7685
vn -0.3948 0.6751 0.6232
vn -0.6826 0.5822 0.4418
vn -0.6646 0.6945 0.2755
vn -0.7801 0.5929 0.1998
vn -0.6786 0.7138 -0.1732
vn -0.7518 0.645 -0.1369
vn -0.434 0.7242 -0.5359
vn -0.5571 0.6815 -0.4746
vn -0.2416 0.6915 -0.6808
vn -0.0927 0.7208 -0.6869
vn 0.268 0.7401 -0.6168
vn 0.1196 0.7072 -0.6968
vn 0.4724 0.6909 -0.5473
vn 0.5953 0.7306 -0.3344
vn 0.7244 0.6739 -0.1453
vn 0.7132 0.7007 0.0166
vn 0.612 0.6998 0.3684
vn 0.6892 0.6468 0.3268
vn 0.3128 0.674 0.6692
vn 0.4458 0.6405 0.6254
vn 0.0868 0.6195 0.7802
vn -0.3757 0.6082 0.6992
vn -0.3484 0.7633 0.5441
vn 0.052 0.7557 0.6528
vn -0.709 0.6178 0.3401
vn -0.5841 0.7985 0.1455
vn -0.3753 0.6007 0.7059
vn -0.7109 0.6154 0.3404
vn 0.1403 0.5997 0.7879
vn 0.4202 0.7765 0.4696
vn -0.7513 0.641 -0.1567
vn 0.6611 0.6106 0.436
vn 0.57 0.821 0.034
vn 0.7056 0.6457 -0.2919
vn 0.3871 0.8281 -0.4054
vn -0.0689 0.841 -0.5366
vn 0.1343 0.6635 -0.736
vn -0.4899 0.8109 -0.32
vn -0.4661 0.6629 -0.586
vn 0.4817 0.0183 -0.8762
vn 0.6477 0.0059 -0.7619
vn 0.6878 0.1732 -0.7049
vn 0.57 -0.1808 -0.8015
vn 0.3216 -0.162 -0.9329
vn 0.4881 0.2247 -0.8434
vn 0.2657 0.0875 -0.9601
vn 0.7326 -0.2002 -0.6505
vn 0.3037 0.3251 -0.8956
vn 0.4496 0.0725 -0.8903
vn 0.4229 0.4956 -0.7587
vn 0.6056 0.3587 -0.7103
vn 0.4781 0.2469 -0.8429
vn 0.5975 0.5543 -0.5794
vn 0.7692 0.3225 -0.5517
vn 0.6662 0.3776 -0.6431
vn 0.7711 0.4821 -0.4158
vn 0.8697 0.1304 -0.476
vn 0.5417 0.338 -0.7696
vn 0.7662 0.0338 -0.6417
vn 0.9028 0.3023 -0.3059
vn 0.8622 -0.081 -0.5001
vn 0.8018 -0.3559 -0.4801
vn 0.9209 -0.1816 -0.3448
vn 0.9585 0.0488 -0.2809
vn 0.6269 -0.4149 -0.6594
vn 0.8822 0.0788 -0.4643
vn 0.4534 -0.3425 -0.8228
vn 0.6695 -0.2249 -0.708
vn 0.7913 -0.1824 -0.5835
vn 0.5767 -0.1871 -0.7953
vn 0.8552 -0.0917 -0.5102
vn 0.8532 0.2078 -0.4783
vn 0.9362 -0.3513 -0.0073
vn 0.7588 0.3393 -0.5559
vn 0.9954 0.0219 0.0933
vn 0.4131 0.8224 -0.3912
vn 0.9061 0.4201 0.0502
vn 0.6997 0.7039 -0.122
vn 0.1475 0.7334 -0.6636
vn -0.0499 0.4527 -0.8903
vn -0.4857 0.6991 0.5247
vn -0.109 0.0797 -0.9908
vn -0.7514 0.6098 0.2521
vn 0.4792 -0.0565 -0.8759
vn -0.9384 0.3436 0.0372
vn 0.187 -0.6032 -0.7754
vn -0.0194 -0.3194 -0.9474
vn 0.4739 -0.7208 -0.5058
vn 0.7394 -0.6316 -0.2331
vn -0.9128 -0.4079 -0.0221
vn -0.7062 -0.6919 0.1501
vn -0.4344 -0.804 0.406
vn -0.9976 -0.0297 -0.0632
vn -0.922 -0.3608 0.1401
vn -0.7496 -0.5979 0.2838
vn -0.1687 -0.7147 0.6788
vn -0.5203 -0.6924 0.4999
vn -0.3265 -0.8475 -0.4185
vn -0.5998 -0.4716 -0.6463
vn 0.0344 -0.9963 -0.0785
vn -0.7125 0.0306 -0.7011
vn 0.3861 -0.8782 0.2825
vn -0.9936 -0.0418 0.1053
vn -0.2987 -0.6179 0.7273
vn 0.6344 -0.5247 0.5677
vn -0.9442 0.2696 0.1893
vn -0.6341 0.5247 -0.5679
vn -0.7865 0.4942 0.3705
vn -0.3859 0.8782 -0.2827
vn -0.5647 0.5688 0.598
vn -0.0343 0.9963 0.0782
vn -0.3355 0.4741 0.814
vn 0.3267 0.8475 0.4183
vn -0.2139 0.587 0.7809
vn -0.1632 0.2371 0.9577
vn 0.6001 0.4716 0.6461
vn 0.7127 -0.0305 0.7008
vn -0.0074 0.3029 0.953
vn 0.0774 -0.0753 0.9942
vn -0.0915 -0.0818 0.9924
vn 0.0182 -0.4486 0.8936
vn -0.141 -0.3933 0.9085
vn 0.4783 0.0153 -0.8781
vn 0.6522 0.0028 -0.758
vn 0.648 0.1623 -0.7442
vn 0.7437 0.1602 -0.649
vn 0.5703 -0.1805 -0.8014
vn 0.3216 -0.162 -0.9329
vn 0.4811 0.2292 -0.8462
vn 0.2657 0.0875 -0.9601
vn 0.7326 -0.2004 -0.6505
vn 0.3038 0.325 -0.8956
vn 0.4505 0.0726 -0.8898
vn 0.4229 0.4956 -0.7586
vn 0.6103 0.3554 -0.708
vn 0.478 0.2472 -0.8429
vn 0.5976 0.5543 -0.5793
vn 0.7665 0.3275 -0.5525
vn 0.6662 0.3774 -0.6432
vn 0.7711 0.4821 -0.4159
vn 0.8731 0.1291 -0.4701
vn 0.5416 0.3379 -0.7698
vn 0.7648 0.0253 -0.6438
vn 0.9028 0.3022 -0.306
vn 0.8622 -0.0811 -0.5001
vn 0.8017 -0.3559 -0.4802
vn 0.9209 -0.1816 -0.3448
vn 0.9585 0.0488 -0.2809
vn 0.6269 -0.4148 -0.6595
vn 0.8821 0.0787 -0.4644
vn 0.4534 -0.3426 -0.8228
vn 0.6693 -0.2253 -0.708
vn 0.7914 -0.1826 -0.5834
vn 0.5766 -0.1871 -0.7953
vn 0.8552 -0.0918 -0.5101
vn 0.8533 0.2077 -0.4783
vn 0.9362 -0.3513 -0.0071
vn 0.7588 0.3395 -0.5558
vn 0.9954 0.0219 0.0932
vn 0.413 0.8224 -0.3913
vn 0.9062 0.4199 0.0502
vn 0.6996 0.704 -0.1219
vn 0.1475 0.7332 -0.6638
vn -0.4858 0.6989 0.5249
vn -0.7514 0.6098 0.252
vn -0.0499 0.4524 -0.8904
vn 0.4789 -0.0566 -0.876
vn -0.1091 0.0795 -0.9908
vn -0.9384 0.3436 0.0372
vn -0.0194 -0.3197 -0.9473
vn 0.1871 -0.6033 -0.7753
vn 0.7394 -0.6317 -0.2331
vn 0.474 -0.7208 -0.5057
vn -0.9127 -0.4079 -0.022
vn -0.7062 -0.6919 0.15
vn -0.4344 -0.8039 0.4061
vn -0.9976 -0.0297 -0.0633
vn -0.922 -0.3609 0.1401
vn -0.7497 -0.5979 0.2837
vn -0.1687 -0.7147 0.6788
vn -0.5205 -0.6924 0.4997
vn -0.3264 -0.8476 -0.4184
vn -0.5999 -0.4716 -0.6464
vn 0.0344 -0.9963 -0.0784
vn -0.7124 0.0306 -0.7011
vn 0.3861 -0.8781 0.2825
vn -0.9936 -0.0417 0.1055
vn -0.2986 -0.6179 0.7274
vn 0.6344 -0.5246 0.5678
vn -0.9442 0.2696 0.1892
vn -0.6342 0.5246 -0.568
vn -0.7865 0.4941 0.3705
vn -0.3858 0.8782 -0.2827
vn -0.5647 0.5687 0.5981
vn -0.0342 0.9963 0.0783
vn -0.3355 0.4741 0.814
vn 0.3268 0.8475 0.4183
vn -0.214 0.5871 0.7807
vn -0.1632 0.2371 0.9577
vn 0.6001 0.4716 0.6461
vn 0.7127 -0.0306 0.7008
vn -0.0075 0.3031 0.9529
vn 0.0774 -0.0754 0.9941
vn -0.0915 -0.0819 0.9924
vn 0.0182 -0.4486 0.8936
vn -0.1409 -0.3932 0.9086
vn 0.227 -0.2556 0.9398
vn 0.5254 -0.2306 0.819
vn 0.5042 -0.4219 0.7535
vn 0.2239 -0.4453 0.8669
vn 0.7322 -0.3947 0.5551
vn -0.0949 -0.2737 0.9571
vn -0.0784 -0.4624 0.8832
vn 0.768 -0.2017 0.6078
vn 0.8828 -0.3668 0.2934
vn -0.4055 -0.2832 0.8691
vn -0.3701 -0.4713 0.8006
vn -0.1159 0.547 0.8291
vn -0.671 -0.283 0.6853
vn -0.6195 -0.471 0.628
vn -0.367 0.5393 0.7579
vn -0.5795 0.5396 0.6108
vn -0.8627 -0.273 0.4257
vn -0.7996 -0.4617 0.3841
vn -0.7345 0.5476 0.4009
vn -0.9598 -0.2546 0.1182
vn -0.8908 -0.4443 0.0953
vn -0.8123 0.5624 0.1548
vn -0.9518 -0.2294 -0.2036
vn -0.8833 -0.4206 -0.207
vn -0.8061 0.5823 -0.1052
vn -0.8396 -0.2004 -0.5049
vn -0.7779 -0.3933 -0.49
vn -0.7153 0.6063 -0.3475
vn -0.6353 -0.1706 -0.7532
vn -0.586 -0.3654 -0.7233
vn -0.5518 0.6299 -0.5466
vn -0.361 -0.1433 -0.9215
vn -0.3283 -0.3399 -0.8813
vn -0.33 0.652 -0.6827
vn -0.0466 -0.1214 -0.9915
vn -0.033 -0.3193 -0.9471
vn -0.0782 0.6695 -0.7387
vn 0.274 -0.1075 -0.9557
vn 0.2682 -0.3062 -0.9134
vn 0.181 0.6808 -0.7098
vn 0.5661 -0.1028 -0.8179
vn 0.5424 -0.3018 -0.784
vn 0.4148 0.6846 -0.5995
vn 0.7978 -0.1079 -0.5931
vn 0.7601 -0.3066 -0.5729
vn 0.6022 0.6801 -0.4182
vn 0.9442 -0.1224 -0.3057
vn 0.8976 -0.3202 -0.3029
vn 0.7195 0.669 -0.1866
vn 0.9894 -0.1445 0.0133
vn 0.9401 -0.341 -0.0033
vn 0.7559 0.651 0.069
vn 0.9285 -0.1719 0.3292
vn 0.6615 0.7226 0.2005
vn 0.5774 0.6051 0.5482
vn 0.707 0.6286 0.3241
vn 0.5118 0.6791 0.5261
vn 0.3831 0.5818 0.7175
vn 0.1951 0.6701 0.7162
vn 0.1419 0.5615 0.8152
vn -0.2452 0.6529 0.7166
vn -0.2151 0.576 0.7887
vn -0.609 0.6545 0.448
vn -0.6321 0.5748 0.5196
vn -0.7353 0.6771 0.0292
vn -0.7966 0.6022 0.0524
vn -0.6608 0.6864 -0.3036
vn -0.6471 0.6507 -0.3973
vn -0.3742 0.7356 -0.5647
vn -0.312 0.6969 -0.6457
vn 0.0586 0.7724 -0.6324
vn 0.0391 0.705 -0.7081
vn 0.4524 0.7753 -0.4407
vn 0.4788 0.7124 -0.5131
vn 0.648 0.744 -0.163
vn 0.7122 0.6969 -0.085
vn 0.6292 0.6586 0.4128
vn 0.465 0.7999 0.3795
vn 0.5033 0.8582 -0.1011
vn 0.2719 0.6084 0.7456
vn 0.0652 0.7723 0.6319
vn 0.707 0.6429 0.2946
vn 0.303 0.5993 0.7409
vn 0.6494 0.6977 -0.3023
vn -0.2176 0.574 0.7894
vn 0.1478 0.8699 -0.4706
vn 0.2718 0.7083 -0.6514
vn -0.2254 0.6868 -0.691
vn -0.3275 0.8173 -0.4741
vn -0.6126 0.771 -0.1739
vn -0.6399 0.6442 -0.4189
vn -0.6346 0.7392 0.2255
vn -0.7983 0.6001 0.0505
vn -0.3894 0.7328 0.5579
vn -0.6345 0.5725 0.5192
vn -0.48 0.0092 -0.8772
vn -0.6279 0.1179 -0.7693
vn -0.6809 -0.0191 -0.7321
vn -0.721 0.1777 -0.6698
vn -0.5726 -0.1746 -0.801
vn -0.3237 -0.1616 -0.9323
vn -0.4787 0.2362 -0.8456
vn -0.7353 -0.2006 -0.6474
vn -0.2679 0.0878 -0.9594
vn -0.6284 -0.4145 -0.6582
vn -0.4554 -0.3421 -0.822
vn -0.8028 -0.3555 -0.4786
vn -0.6709 -0.2249 -0.7066
vn -0.7714 0.0592 -0.6336
vn -0.8622 -0.0819 -0.4999
vn -0.5784 -0.187 -0.794
vn -0.9217 -0.1814 -0.3429
vn -0.8727 0.1324 -0.47
vn -0.7927 -0.1821 -0.5818
vn -0.8564 -0.0914 -0.5082
vn -0.9591 0.049 -0.2787
vn -0.8832 0.0791 -0.4623
vn -0.9034 0.3024 -0.3039
vn -0.7697 0.3236 -0.5504
vn -0.9363 -0.3511 -0.0052
vn -0.8543 0.208 -0.4764
vn -0.9952 0.0221 0.0955
vn -0.7401 -0.6314 -0.2317
vn -0.1887 -0.6031 -0.775
vn -0.9058 0.4204 0.0524
vn -0.0163 -0.4488 0.8935
vn -0.772 0.4823 -0.414
vn -0.76 0.3398 -0.554
vn -0.5988 0.5545 -0.5779
vn -0.6677 0.3775 -0.6417
vn -0.4138 0.8226 -0.3901
vn -0.6106 0.3544 -0.7083
vn -0.4246 0.496 -0.7575
vn -0.5435 0.3381 -0.7683
vn -0.3056 0.3254 -0.8948
vn -0.4798 0.2476 -0.8417
vn -0.4526 0.0728 -0.8887
vn -0.1489 0.7335 -0.6632
vn -0.4813 -0.0559 -0.8748
vn 0.1069 0.0799 -0.9911
vn 0.0171 -0.319 -0.9476
vn 0.0481 0.4527 -0.8904
vn 0.752 0.6096 0.2507
vn -0.6996 0.7043 -0.1205
vn 0.4868 0.6989 0.524
vn 0.2159 0.5867 0.7805
vn 0.9385 0.3435 0.0354
vn 0.5662 0.5683 0.597
vn 0.9126 -0.4081 -0.0242
vn 0.9974 -0.0296 -0.0656
vn 0.7875 0.4938 0.3688
vn 0.9446 0.2695 0.1871
vn 0.3373 0.4737 0.8135
vn 0.3854 0.8782 -0.2832
vn 0.0345 0.9963 0.0786
vn 0.6329 0.5248 -0.5692
vn -0.3257 0.8474 0.4194
vn 0.7109 0.0308 -0.7026
vn 0.1654 0.2367 0.9574
vn -0.5985 0.4715 0.6476
vn -0.7111 -0.0307 0.7024
vn 0.9938 -0.042 0.1032
vn 0.9223 -0.3611 0.138
vn 0.5983 -0.4715 -0.6478
vn 0.3254 -0.8474 -0.4195
vn 0.7064 -0.6921 0.1481
vn 0.7502 -0.5981 0.2819
vn -0.4751 -0.7207 -0.5049
vn 0.4352 -0.8042 0.4049
vn 0.1702 -0.7149 0.6782
vn 0.5215 -0.6926 0.4984
vn -0.0348 -0.9963 -0.0787
vn -0.3856 -0.8782 0.283
vn 0.3002 -0.6182 0.7264
vn -0.6331 -0.5249 0.5689
vn 0.1429 -0.3936 0.9081
vn 0.0939 -0.0822 0.9922
vn -0.0751 -0.0756 0.9943
vn 0.0096 0.3028 0.953
vn -0.6591 0.1706 -0.7325
vn -0.6552 -0.0012 -0.7555
vn -0.4803 0.0156 -0.8769
vn -0.5719 -0.1805 -0.8002
vn -0.3237 -0.1616 -0.9323
vn -0.483 0.2297 -0.8449
vn -0.7353 -0.1947 -0.6492
vn -0.2677 0.0879 -0.9595
vn -0.6284 -0.4145 -0.6582
vn -0.4553 -0.3421 -0.822
vn -0.8028 -0.3555 -0.4786
vn -0.6709 -0.2248 -0.7067
vn -0.7661 0.0865 -0.6369
vn -0.8602 -0.0803 -0.5035
vn -0.5785 -0.1867 -0.794
vn -0.9217 -0.1814 -0.3429
vn -0.8757 0.1312 -0.4646
vn -0.7927 -0.1821 -0.5818
vn -0.8564 -0.0915 -0.5081
vn -0.9591 0.0491 -0.2787
vn -0.8834 0.0792 -0.462
vn -0.9034 0.3025 -0.3038
vn -0.7653 0.3205 -0.5582
vn -0.8543 0.208 -0.4763
vn -0.74 -0.6314 -0.2317
vn -0.9363 -0.3511 -0.0054
vn -0.4752 -0.7205 -0.5051
vn -0.9952 0.022 0.0956
vn -0.1888 -0.6029 -0.7752
vn -0.0163 -0.4489 0.8934
vn -0.772 0.4823 -0.4139
vn -0.76 0.3394 -0.5542
vn -0.9059 0.4202 0.0526
vn -0.5988 0.5545 -0.5779
vn -0.6998 0.7041 -0.1204
vn -0.6675 0.3781 -0.6414
vn -0.4137 0.8226 -0.3901
vn -0.6165 0.3512 -0.7048
vn -0.4246 0.4959 -0.7575
vn -0.5432 0.3384 -0.7684
vn -0.3057 0.3254 -0.8948
vn -0.4798 0.2477 -0.8417
vn -0.452 0.0729 -0.889
vn -0.4811 -0.056 -0.8748
vn 0.107 0.0799 -0.991
vn 0.0166 -0.3191 -0.9476
vn -0.1486 0.7336 -0.6631
vn 0.0482 0.4528 -0.8903
vn 0.7521 0.6096 0.2506
vn 0.487 0.6987 0.524
vn 0.2157 0.5868 0.7805
vn 0.9385 0.3433 0.0354
vn 0.5663 0.5683 0.597
vn 0.9127 -0.4079 -0.0243
vn 0.9974 -0.0298 -0.0656
vn 0.7874 0.4939 0.3689
vn 0.9446 0.2695 0.1872
vn 0.3374 0.4739 0.8134
vn 0.3854 0.8782 -0.2832
vn 0.0346 0.9963 0.0785
vn 0.6329 0.5248 -0.5692
vn -0.3256 0.8475 0.4193
vn 0.7109 0.0308 -0.7026
vn 0.1654 0.2368 0.9574
vn -0.5985 0.4715 0.6476
vn -0.7111 -0.0308 0.7024
vn 0.9938 -0.0421 0.103
vn 0.9223 -0.3611 0.1379
vn 0.5983 -0.4714 -0.6479
vn 0.3254 -0.8474 -0.4195
vn 0.7061 -0.6924 0.1483
vn 0.7503 -0.5981 0.2819
vn 0.4352 -0.8042 0.4049
vn 0.1701 -0.7149 0.6782
vn 0.5215 -0.6926 0.4984
vn -0.0348 -0.9963 -0.0787
vn -0.3856 -0.8782 0.283
vn 0.3001 -0.6182 0.7264
vn -0.6331 -0.5249 0.5689
vn 0.143 -0.3936 0.9081
vn 0.0938 -0.0823 0.9922
vn -0.0751 -0.0758 0.9943
vn 0.0097 0.3027 0.953
vn -0.5026 -0.4222 0.7544
vn -0.5236 -0.231 0.8201
vn -0.2249 -0.2559 0.9402
vn -0.7309 -0.3949 0.5566
vn -0.2221 -0.4456 0.8673
vn -0.7667 -0.2018 0.6095
vn -0.8822 -0.3668 0.2952
vn 0.097 -0.2741 0.9568
vn 0.0803 -0.4627 0.8829
vn -0.1412 0.5614 0.8154
vn 0.4074 -0.2836 0.8681
vn 0.3718 -0.4717 0.7995
vn 0.1187 0.5463 0.8291
vn 0.3684 0.5393 0.7573
vn 0.6725 -0.2833 0.6837
vn 0.6208 -0.4714 0.6264
vn 0.5809 0.5393 0.6097
vn 0.8636 -0.2734 0.4236
vn 0.8003 -0.462 0.3821
vn 0.7355 0.5472 0.3994
vn 0.96 -0.2547 0.116
vn 0.8909 -0.4445 0.0932
vn 0.8127 0.5622 0.1532
vn 0.9513 -0.2294 -0.2057
vn 0.8827 -0.4208 -0.2091
vn 0.8059 0.5823 -0.1067
vn 0.8384 -0.2003 -0.5069
vn 0.7767 -0.3934 -0.492
vn 0.7146 0.6063 -0.3488
vn 0.6336 -0.1704 -0.7547
vn 0.5843 -0.3653 -0.7247
vn 0.5506 0.63 -0.5476
vn 0.359 -0.1429 -0.9223
vn 0.3263 -0.3396 -0.8821
vn 0.3286 0.6522 -0.6831
vn 0.0443 -0.1211 -0.9917
vn 0.0308 -0.319 -0.9473
vn 0.0766 0.6698 -0.7386
vn -0.2762 -0.107 -0.9551
vn -0.2702 -0.3058 -0.9129
vn -0.1825 0.6811 -0.7091
vn -0.5679 -0.1024 -0.8167
vn -0.5442 -0.3014 -0.7829
vn -0.416 0.6848 -0.5983
vn -0.7992 -0.1075 -0.5914
vn -0.7614 -0.3063 -0.5713
vn -0.603 0.6807 -0.4161
vn -0.9449 -0.1221 -0.3036
vn -0.8984 -0.3199 -0.301
vn -0.7197 0.669 -0.1857
vn -0.9894 -0.1444 0.0154
vn -0.9401 -0.3408 -0.0013
vn -0.7557 0.6509 0.0722
vn -0.9278 -0.1719 0.3312
vn -0.6634 0.7479 -0.0242
vn -0.5765 0.6044 0.5498
vn -0.7062 0.629 0.325
vn -0.5787 0.7054 0.4092
vn -0.3805 0.5816 0.719
vn -0.3273 0.6578 0.6784
vn 0.018 0.6528 0.7574
vn -0.0275 0.5907 0.8064
vn 0.3398 0.6257 0.7021
vn 0.4287 0.5781 0.6943
vn 0.6265 0.6451 0.4374
vn 0.7065 0.597 0.38
vn 0.7355 0.677 0.0277
vn 0.7962 0.604 0.0349
vn 0.6603 0.6864 -0.3047
vn 0.6462 0.6508 -0.3985
vn 0.3733 0.7357 -0.5651
vn 0.3105 0.6971 -0.6463
vn -0.0596 0.7727 -0.6319
vn -0.0406 0.7052 -0.7078
vn -0.462 0.7749 -0.4314
vn -0.4654 0.7159 -0.5204
vn -0.671 0.7174 -0.1872
vn -0.7066 0.6796 0.1972
vn -0.5095 0.8579 -0.0662
vn -0.3727 0.8184 0.4375
vn -0.4748 0.6353 0.6091
vn -0.6422 0.6467 0.4115
vn -0.7218 0.6881 -0.0745
vn -0.2594 0.5971 0.7591
vn -0.2328 0.8529 -0.4674
vn -0.4828 0.7103 -0.5122
vn 0.112 0.7694 0.6289
vn 0.3383 0.5522 0.762
vn 0.2524 0.8471 -0.4676
vn -0.0277 0.7025 -0.7112
vn 0.5363 0.7459 0.395
vn 0.4562 0.6661 -0.5901
vn 0.7518 0.576 0.3209
vn 0.592 0.8014 -0.0858
vn 0.7585 0.6199 -0.2012
vn 0.8703 0.0725 -0.4872
vn 0.7608 0.1058 -0.6403
vn 0.7061 -0.0767 -0.7039
vn 0.7949 0.363 -0.4862
vn 0.923 0.243 -0.2983
vn 0.8903 -0.1833 -0.4168
vn 0.9656 -0.0262 -0.2586
vn 0.6349 0.3068 -0.7091
vn 0.8973 0.0209 -0.4408
vn 0.7321 -0.2439 -0.636
vn 0.7821 -0.4129 -0.4667
vn 0.8535 -0.1607 -0.4956
vn 0.5901 -0.4709 -0.6558
vn 0.5024 -0.295 -0.8128
vn 0.6505 -0.2848 -0.7041
vn 0.4193 0.0132 -0.9077
vn 0.7895 -0.2539 -0.5587
vn 0.5785 0.1418 -0.8033
vn 0.3064 -0.2073 -0.9291
vn 0.4618 0.4539 -0.7621
vn 0.3399 0.2868 -0.8956
vn 0.6416 0.5199 -0.5639
vn 0.4638 0.0314 -0.8854
vn 0.698 0.3376 -0.6316
vn 0.5613 0.3013 -0.7708
vn 0.7799 0.2951 -0.552
vn 0.4941 0.2159 -0.8422
vn 0.4755 -0.0975 -0.8743
vn -0.1134 0.2772 -0.9541
vn 0.571 -0.2383 -0.7856
vn 0.5482 -0.7698 -0.327
vn -0.0016 -0.5145 -0.8575
vn -0.3112 -0.7945 0.5215
vn 0.9611 -0.2463 0.125
vn 0.8812 0.1513 -0.4479
vn 0.8396 0.5428 0.0212
vn 0.0886 -0.2727 0.958
vn 0.2934 0.81 -0.5078
vn -0.0234 0.5028 0.8641
vn -0.5606 0.7536 0.3432
vn -0.1559 0.2565 0.9539
vn -0.3113 0.5023 0.8067
vn -0.5323 0.6095 0.5875
vn 0.3767 0.8291 0.4133
vn 0.6236 0.4386 0.6471
vn 0.0289 0.9972 0.0687
vn 0.7034 -0.0692 0.7074
vn -0.3265 0.8982 -0.2942
vn -0.105 -0.0664 0.9923
vn -0.7562 0.547 0.3591
vn -0.5945 0.5586 -0.5784
vn -0.1735 -0.3743 0.9109
vn 0.5947 -0.5586 0.5782
vn -0.3439 -0.5904 0.7302
vn 0.3267 -0.8982 0.294
vn -0.5676 -0.6527 0.5017
vn -0.0287 -0.9972 -0.0689
vn -0.7889 -0.5457 0.2826
vn -0.3765 -0.829 -0.4135
vn -0.8462 -0.5329 0.0036
vn -0.9443 -0.2999 0.1354
vn -0.6234 -0.4387 -0.6473
vn -0.7032 0.0692 -0.7077
vn -0.9657 0.2404 -0.0983
vn -0.995 0.023 0.0968
vn -0.9267 0.3309 0.1784
vn 0.8715 0.0752 -0.4846
vn 0.7564 0.1158 -0.6437
vn 0.728 -0.0808 -0.6808
vn 0.7947 0.3677 -0.483
vn 0.923 0.2429 -0.2983
vn 0.8915 -0.185 -0.4136
vn 0.9656 -0.0263 -0.2585
vn 0.6479 0.3748 -0.6632
vn 0.8968 0.0202 -0.442
vn 0.7265 -0.2444 -0.6422
vn 0.7821 -0.4129 -0.4667
vn 0.8534 -0.1601 -0.4961
vn 0.5901 -0.471 -0.6557
vn 0.5047 -0.2934 -0.8119
vn 0.6507 -0.2844 -0.7041
vn 0.6265 0.0516 -0.7777
vn 0.415 0.004 -0.9098
vn 0.7893 -0.2535 -0.5593
vn 0.3064 -0.2073 -0.929
vn 0.4197 0.2484 -0.873
vn 0.4412 0.4684 -0.7654
vn 0.4647 0.033 -0.8849
vn 0.6994 0.3291 -0.6345
vn 0.5612 0.2967 -0.7726
vn 0.7801 0.2964 -0.5509
vn 0.5031 0.2109 -0.8381
vn 0.4764 -0.0972 -0.8738
vn -0.1138 0.2769 -0.9541
vn 0.5712 -0.2381 -0.7855
vn -0.0014 -0.5142 -0.8577
vn 0.5481 -0.7698 -0.3271
vn 0.961 -0.2465 0.1253
vn -0.3114 -0.7944 0.5215
vn 0.8813 0.1519 -0.4474
vn 0.0885 -0.2726 0.9581
vn 0.8391 0.5436 0.0215
vn 0.2931 0.81 -0.508
vn -0.0232 0.5028 0.8641
vn -0.5605 0.7536 0.3433
vn -0.1559 0.2567 0.9538
vn -0.3113 0.5024 0.8067
vn -0.5325 0.6093 0.5875
vn 0.3767 0.829 0.4133
vn 0.6236 0.4386 0.6471
vn 0.029 0.9972 0.0688
vn 0.7034 -0.0692 0.7074
vn -0.3265 0.8982 -0.2942
vn -0.1052 -0.0664 0.9922
vn -0.7562 0.5471 0.359
vn -0.5945 0.5586 -0.5784
vn -0.1734 -0.3744 0.9109
vn 0.5948 -0.5584 0.5783
vn -0.344 -0.5903 0.7303
vn 0.3268 -0.8982 0.2941
vn -0.5677 -0.6527 0.5017
vn -0.0287 -0.9972 -0.069
vn -0.7889 -0.5457 0.2825
vn -0.3765 -0.829 -0.4136
vn -0.8461 -0.5329 0.0037
vn -0.9443 -0.3 0.1354
vn -0.6234 -0.4386 -0.6473
vn -0.7032 0.0692 -0.7076
vn -0.9657 0.2405 -0.0982
vn -0.995 0.0229 0.097
vn -0.9267 0.3309 0.1783
vn 0.8344 -0.2329 0.4995
vn 0.9549 -0.2193 0.2002
vn 0.7806 -0.4246 0.4587
vn 0.8938 -0.4119 0.1775
vn 0.5822 -0.4333 0.6879
vn 0.9715 -0.2032 -0.1219
vn 0.9094 -0.3967 -0.125
vn 0.6232 -0.2421 0.7436
vn 0.3202 -0.4371 0.8405
vn 0.8826 -0.186 -0.4318
vn 0.8259 -0.3806 -0.4161
vn 0.7934 0.6059 -0.0581
vn 0.6977 -0.1696 -0.696
vn 0.6521 -0.3653 -0.6643
vn 0.7215 0.6198 -0.3087
vn 0.5734 0.633 -0.5201
vn 0.4369 -0.156 -0.8859
vn 0.4072 -0.3524 -0.8426
vn 0.363 0.6436 -0.6738
vn 0.1284 -0.1465 -0.9808
vn 0.1174 -0.3434 -0.9318
vn 0.1146 0.6518 -0.7496
vn -0.1943 -0.142 -0.9706
vn -0.1857 -0.3393 -0.9222
vn -0.144 0.6552 -0.7416
vn -0.4963 -0.1434 -0.8562
vn -0.4693 -0.3406 -0.8147
vn -0.3882 0.6541 -0.6492
vn -0.7448 -0.1501 -0.6501
vn -0.7027 -0.3469 -0.6212
vn -0.5871 0.6487 -0.4842
vn -0.9129 -0.1617 -0.3747
vn -0.8606 -0.3577 -0.3625
vn -0.7231 0.6393 -0.2615
vn -0.9824 -0.1767 -0.0597
vn -0.9259 -0.3718 -0.0666
vn -0.7787 0.6273 -0.0093
vn -0.9458 -0.1936 0.2606
vn -0.8915 -0.3878 0.2343
vn -0.7494 0.6133 0.2494
vn -0.807 -0.2106 0.5517
vn -0.7611 -0.4037 0.5077
vn -0.6372 0.6003 0.4834
vn -0.581 -0.2258 0.7819
vn -0.5489 -0.4179 0.7239
vn -0.4563 0.5878 0.668
vn -0.2925 -0.2375 0.9263
vn -0.2778 -0.429 0.8595
vn -0.223 0.5783 0.7848
vn 0.0275 -0.2446 0.9692
vn 0.0227 -0.4357 0.8998
vn 0.0332 0.5727 0.8191
vn 0.3442 -0.2461 0.9061
vn 0.1525 0.6766 0.7204
vn 0.5132 0.575 0.6372
vn 0.289 0.571 0.7684
vn 0.4674 0.6585 0.5899
vn 0.6827 0.5821 0.4417
vn 0.6787 0.6826 0.2709
vn 0.78 0.593 0.1998
vn 0.6777 0.7121 -0.1832
vn 0.7636 0.637 0.1053
vn 0.4186 0.7366 -0.5313
vn 0.6846 0.6664 -0.2953
vn 0.4671 0.6691 -0.5781
vn 0.1098 0.7285 -0.6762
vn 0.0183 0.688 -0.7255
vn -0.2684 0.7422 -0.6141
vn -0.4472 0.6899 -0.5693
vn -0.6023 0.7377 -0.3049
vn -0.689 0.6843 -0.2388
vn -0.6833 0.7199 0.1216
vn -0.7498 0.6523 0.1113
vn -0.5809 0.6817 0.4449
vn -0.562 0.6335 0.5318
vn -0.2708 0.6789 0.6824
vn -0.2047 0.6263 0.7522
vn 0.1499 0.6044 0.7825
vn -0.0655 0.7621 0.6441
vn 0.5629 0.6145 0.5528
vn 0.3485 0.7634 0.5438
vn 0.5842 0.7985 0.1453
vn 0.356 0.5955 0.7202
vn 0.7109 0.6155 0.3403
vn -0.2208 0.5957 0.7723
vn -0.4532 0.8088 0.3747
vn 0.7514 0.6411 -0.1564
vn -0.6235 0.638 0.4519
vn -0.7633 0.644 -0.0524
vn -0.5296 0.8377 -0.1332
vn -0.2379 0.8253 -0.5121
vn -0.4791 0.6759 -0.56
vn 0.1763 0.8128 -0.5552
vn 0.0092 0.6813 -0.7319
vn 0.5101 0.8018 -0.3113
vn 0.4797 0.6659 -0.5714
f 914/914/914 913/913/913 912/912/912
f 3/3/3 2/2/2 1/1/1
f 1/1/1 2/2/2 4/4/4
f 2/2/2 5/5/5 4/4/4
f 6/6/6 4/4/4 5/5/5
f 8/8/8 7/7/7 5/5/5
f 5/5/5 9/9/9 8/8/8
f 11/11/11 9/9/9 10/10/10
f 9/9/9 11/11/11 8/8/8
f 8/8/8 13/13/13 12/12/12
f 14/14/14 13/13/13 8/8/8
f 15/15/15 14/14/14 8/8/8
f 15/15/15 16/16/16 14/14/14
f 16/16/16 17/17/17 14/14/14
f 17/17/17 18/18/18 14/14/14
f 18/18/18 19/19/19 14/14/14
f 19/19/19 20/20/20 14/14/14
f 22/22/22 20/20/20 21/21/21
f 20/20/20 19/19/19 21/21/21
f 24/24/24 23/23/23 19/19/19
f 26/26/26 23/23/23 25/25/25
f 27/27/27 24/24/24 19/19/19
f 28/28/28 26/26/26 25/25/25
f 19/19/19 29/29/29 27/27/27
f 4/4/4 26/26/26 28/28/28
f 29/29/29 30/30/30 27/27/27
f 30/30/30 29/29/29 31/31/31
f 29/29/29 32/32/32 31/31/31
f 34/34/34 33/33/33 27/27/27
f 34/34/34 27/27/27 35/35/35
f 37/37/37 34/34/34 35/35/35
f 37/37/37 35/35/35 36/36/36
f 39/39/39 32/32/32 38/38/38
f 43/43/43 39/39/39 38/38/38
f 43/43/43 38/38/38 45/45/45
f 48/48/48 43/43/43 45/45/45
f 54/54/54 55/55/55 43/43/43
f 48/48/48 54/54/54 43/43/43
f 54/54/54 48/48/48 56/56/56
f 56/56/56 57/57/57 54/54/54
f 48/48/48 58/58/58 56/56/56
f 59/59/59 58/58/58 48/48/48
f 59/59/59 4/4/4 58/58/58
f 56/56/56 58/58/58 60/60/60
f 4/4/4 61/61/61 58/58/58
f 58/58/58 61/61/61 60/60/60
f 4/4/4 62/62/62 61/61/61
f 60/60/60 61/61/61 62/62/62
f 62/62/62 4/4/4 28/28/28
f 63/63/63 60/60/60 62/62/62
f 62/62/62 28/28/28 63/63/63
f 63/63/63 65/65/65 60/60/60
f 28/28/28 64/64/64 63/63/63
f 67/67/67 66/66/66 65/65/65
f 65/65/65 66/66/66 68/68/68
f 70/70/70 57/57/57 69/69/69
f 57/57/57 71/71/71 69/69/69
f 66/66/66 72/72/72 68/68/68
f 66/66/66 73/73/73 72/72/72
f 75/75/75 74/74/74 66/66/66
f 75/75/75 64/64/64 74/74/74
f 64/64/64 76/76/76 74/74/74
f 74/74/74 76/76/76 77/77/77
f 73/73/73 78/78/78 72/72/72
f 73/73/73 77/77/77 78/78/78
f 72/72/72 78/78/78 79/79/79
f 80/80/80 78/78/78 77/77/77
f 78/78/78 80/80/80 79/79/79
f 76/76/76 81/81/81 77/77/77
f 79/79/79 82/82/82 72/72/72
f 82/82/82 68/68/68 72/72/72
f 83/83/83 80/80/80 77/77/77
f 77/77/77 81/81/81 83/83/83
f 79/79/79 80/80/80 84/84/84
f 76/76/76 85/85/85 81/81/81
f 86/86/86 85/85/85 76/76/76
f 80/80/80 83/83/83 87/87/87
f 80/80/80 87/87/87 84/84/84
f 85/85/85 86/86/86 500/500/500
f 86/86/86 502/502/502 500/500/500
f 502/502/502 25/25/25 500/500/500
f 85/85/85 92/92/92 81/81/81
f 85/85/85 500/500/500 92/92/92
f 81/81/81 88/88/88 83/83/83
f 81/81/81 92/92/92 88/88/88
f 83/83/83 90/90/90 87/87/87
f 83/83/83 88/88/88 90/90/90
f 92/92/92 98/98/98 88/88/88
f 88/88/88 94/94/94 90/90/90
f 88/88/88 98/98/98 94/94/94
f 93/93/93 87/87/87 90/90/90
f 92/92/92 504/504/504 98/98/98
f 500/500/500 504/504/504 92/92/92
f 87/87/87 93/93/93 91/91/91
f 84/84/84 87/87/87 91/91/91
f 96/96/96 93/93/93 90/90/90
f 90/90/90 94/94/94 96/96/96
f 91/91/91 93/93/93 97/97/97
f 93/93/93 96/96/96 100/100/100
f 93/93/93 100/100/100 97/97/97
f 91/91/91 95/95/95 84/84/84
f 97/97/97 99/99/99 91/91/91
f 99/99/99 95/95/95 91/91/91
f 101/101/101 97/97/97 100/100/100
f 101/101/101 99/99/99 97/97/97
f 101/101/101 100/100/100 96/96/96
f 95/95/95 99/99/99 102/102/102
f 102/102/102 99/99/99 101/101/101
f 95/95/95 89/89/89 84/84/84
f 79/79/79 84/84/84 89/89/89
f 82/82/82 79/79/79 89/89/89
f 89/89/89 95/95/95 103/103/103
f 103/103/103 95/95/95 102/102/102
f 82/82/82 89/89/89 104/104/104
f 104/104/104 89/89/89 103/103/103
f 106/106/106 82/82/82 104/104/104
f 68/68/68 82/82/82 106/106/106
f 105/105/105 104/104/104 103/103/103
f 105/105/105 106/106/106 104/104/104
f 105/105/105 103/103/103 102/102/102
f 107/107/107 68/68/68 106/106/106
f 105/105/105 107/107/107 106/106/106
f 108/108/108 68/68/68 107/107/107
f 109/109/109 108/108/108 107/107/107
f 105/105/105 109/109/109 107/107/107
f 110/110/110 109/109/109 105/105/105
f 136/136/136 105/105/105 102/102/102
f 137/137/137 136/136/136 102/102/102
f 137/137/137 102/102/102 101/101/101
f 136/136/136 135/135/135 105/105/105
f 138/138/138 136/136/136 137/137/137
f 135/135/135 136/136/136 138/138/138
f 139/139/139 137/137/137 101/101/101
f 139/139/139 138/138/138 137/137/137
f 135/135/135 114/114/114 105/105/105
f 114/114/114 110/110/110 105/105/105
f 143/143/143 135/135/135 138/138/138
f 140/140/140 139/139/139 101/101/101
f 145/145/145 135/135/135 143/143/143
f 140/140/140 101/101/101 249/249/249
f 249/249/249 101/101/101 96/96/96
f 145/145/145 133/133/133 135/135/135
f 133/133/133 114/114/114 135/135/135
f 147/147/147 145/145/145 143/143/143
f 146/146/146 143/143/143 138/138/138
f 147/147/147 143/143/143 146/146/146
f 141/141/141 138/138/138 139/139/139
f 141/141/141 146/146/146 138/138/138
f 148/148/148 145/145/145 147/147/147
f 145/145/145 148/148/148 133/133/133
f 150/150/150 147/147/147 146/146/146
f 142/142/142 141/141/141 139/139/139
f 142/142/142 139/139/139 140/140/140
f 146/146/146 141/141/141 152/152/152
f 150/150/150 146/146/146 152/152/152
f 154/154/154 141/141/141 142/142/142
f 141/141/141 154/154/154 152/152/152
f 153/153/153 147/147/147 150/150/150
f 153/153/153 148/148/148 147/147/147
f 155/155/155 150/150/150 152/152/152
f 159/159/159 153/153/153 150/150/150
f 159/159/159 150/150/150 155/155/155
f 157/157/157 152/152/152 154/154/154
f 155/155/155 152/152/152 157/157/157
f 156/156/156 154/154/154 142/142/142
f 158/158/158 157/157/157 154/154/154
f 158/158/158 154/154/154 156/156/156
f 144/144/144 142/142/142 140/140/140
f 156/156/156 142/142/142 144/144/144
f 144/144/144 140/140/140 248/248/248
f 248/248/248 140/140/140 249/249/249
f 227/227/227 156/156/156 144/144/144
f 263/263/263 144/144/144 248/248/248
f 227/227/227 144/144/144 263/263/263
f 249/249/249 252/252/252 248/248/248
f 156/156/156 227/227/227 225/225/225
f 225/225/225 158/158/158 156/156/156
f 263/263/263 248/248/248 258/258/258
f 252/252/252 258/258/258 248/248/248
f 265/265/265 227/227/227 263/263/263
f 258/258/258 252/252/252 256/256/256
f 256/256/256 252/252/252 255/255/255
f 259/259/259 258/258/258 256/256/256
f 252/252/252 251/251/251 255/255/255
f 252/252/252 249/249/249 251/251/251
f 249/249/249 96/96/96 251/251/251
f 254/254/254 255/255/255 251/251/251
f 250/250/250 251/251/251 96/96/96
f 250/250/250 254/254/254 251/251/251
f 94/94/94 250/250/250 96/96/96
f 261/261/261 258/258/258 259/259/259
f 261/261/261 263/263/263 258/258/258
f 265/265/265 263/263/263 261/261/261
f 262/262/262 261/261/261 259/259/259
f 94/94/94 253/253/253 250/250/250
f 253/253/253 254/254/254 250/250/250
f 98/98/98 253/253/253 94/94/94
f 264/264/264 261/261/261 262/262/262
f 264/264/264 265/265/265 261/261/261
f 266/266/266 264/264/264 262/262/262
f 98/98/98 506/506/506 253/253/253
f 267/267/267 264/264/264 266/266/266
f 267/267/267 265/265/265 264/264/264
f 268/268/268 267/267/267 266/266/266
f 504/504/504 506/506/506 98/98/98
f 254/254/254 253/253/253 257/257/257
f 506/506/506 257/257/257 253/253/253
f 260/260/260 254/254/254 257/257/257
f 507/507/507 506/506/506 504/504/504
f 509/509/509 257/257/257 506/506/506
f 507/507/507 509/509/509 506/506/506
f 260/260/260 257/257/257 513/513/513
f 257/257/257 509/509/509 513/513/513
f 1944/1944/1944 260/260/260 1943/1943/1943
f 260/260/260 1940/1940/1940 1943/1943/1943
f 1941/1941/1941 1940/1940/1940 260/260/260
f 1942/1942/1942 1941/1941/1941 260/260/260
f 1947/1947/1947 1943/1943/1943 1946/1946/1946
f 1946/1946/1946 1941/1941/1941 1945/1945/1945
f 1948/1948/1948 1947/1947/1947 1946/1946/1946
f 1948/1948/1948 1946/1946/1946 1945/1945/1945
f 1950/1950/1950 1947/1947/1947 1948/1948/1948
f 1948/1948/1948 1945/1945/1945 1949/1949/1949
f 1951/1951/1951 1950/1950/1950 1948/1948/1948
f 1951/1951/1951 1948/1948/1948 1949/1949/1949
f 1950/1950/1950 1951/1951/1951 1953/1953/1953
f 1949/1949/1949 1952/1952/1952 1951/1951/1951
f 1951/1951/1951 1954/1954/1954 1953/1953/1953
f 1952/1952/1952 1954/1954/1954 1951/1951/1951
f 1956/1956/1956 1953/1953/1953 1954/1954/1954
f 1954/1954/1954 1952/1952/1952 1955/1955/1955
f 1957/1957/1957 1956/1956/1956 1954/1954/1954
f 1957/1957/1957 1954/1954/1954 1955/1955/1955
f 1959/1959/1959 1956/1956/1956 1957/1957/1957
f 1957/1957/1957 1955/1955/1955 1958/1958/1958
f 1960/1960/1960 1959/1959/1959 1957/1957/1957
f 1960/1960/1960 1957/1957/1957 1958/1958/1958
f 1962/1962/1962 1959/1959/1959 1960/1960/1960
f 1960/1960/1960 1958/1958/1958 1961/1961/1961
f 281/281/281 1962/1962/1962 1960/1960/1960
f 281/281/281 1960/1960/1960 1961/1961/1961
f 514/514/514 513/513/513 509/509/509
f 510/510/510 514/514/514 509/509/509
f 510/510/510 509/509/509 507/507/507
f 514/514/514 517/517/517 513/513/513
f 517/517/517 518/518/518 513/513/513
f 515/515/515 514/514/514 510/510/510
f 515/515/515 517/517/517 514/514/514
f 518/518/518 517/517/517 522/522/522
f 523/523/523 518/518/518 522/522/522
f 517/517/517 515/515/515 524/524/524
f 522/522/522 517/517/517 524/524/524
f 523/523/523 522/522/522 526/526/526
f 527/527/527 523/523/523 526/526/526
f 524/524/524 528/528/528 522/522/522
f 528/528/528 526/526/526 522/522/522
f 527/527/527 526/526/526 530/530/530
f 531/531/531 527/527/527 530/530/530
f 526/526/526 528/528/528 532/532/532
f 530/530/530 526/526/526 532/532/532
f 531/531/531 530/530/530 534/534/534
f 535/535/535 531/531/531 534/534/534
f 530/530/530 532/532/532 536/536/536
f 534/534/534 530/530/530 536/536/536
f 535/535/535 534/534/534 538/538/538
f 538/538/538 534/534/534 536/536/536
f 539/539/539 535/535/535 538/538/538
f 532/532/532 528/528/528 533/533/533
f 539/539/539 538/538/538 541/541/541
f 542/542/542 539/539/539 541/541/541
f 528/528/528 524/524/524 529/529/529
f 528/528/528 529/529/529 533/533/533
f 541/541/541 549/549/549 542/542/542
f 542/542/542 549/549/549 281/281/281
f 532/532/532 533/533/533 537/537/537
f 536/536/536 532/532/532 537/537/537
f 549/549/549 298/298/298 281/281/281
f 536/536/536 543/543/543 538/538/538
f 543/543/543 541/541/541 538/538/538
f 281/281/281 298/298/298 280/280/280
f 272/272/272 281/281/281 280/280/280
f 549/549/549 300/300/300 298/298/298
f 272/272/272 280/280/280 271/271/271
f 272/272/272 271/271/271 268/268/268
f 271/271/271 267/267/267 268/268/268
f 300/300/300 299/299/299 298/298/298
f 298/298/298 299/299/299 296/296/296
f 280/280/280 298/298/298 296/296/296
f 300/300/300 549/549/549 552/552/552
f 549/549/549 541/541/541 552/552/552
f 296/296/296 282/282/282 280/280/280
f 282/282/282 271/271/271 280/280/280
f 554/554/554 552/552/552 541/541/541
f 267/267/267 271/271/271 270/270/270
f 265/265/265 267/267/267 270/270/270
f 547/547/547 554/554/554 541/541/541
f 543/543/543 547/547/547 541/541/541
f 554/554/554 555/555/555 552/552/552
f 546/546/546 547/547/547 543/543/543
f 555/555/555 553/553/553 552/552/552
f 552/552/552 553/553/553 300/300/300
f 554/554/554 547/547/547 559/559/559
f 547/547/547 546/546/546 559/559/559
f 558/558/558 555/555/555 554/554/554
f 559/559/559 558/558/558 554/554/554
f 555/555/555 557/557/557 553/553/553
f 557/557/557 555/555/555 558/558/558
f 553/553/553 306/306/306 300/300/300
f 300/300/300 306/306/306 302/302/302
f 557/557/557 556/556/556 553/553/553
f 553/553/553 556/556/556 306/306/306
f 560/560/560 557/557/557 558/558/558
f 556/556/556 308/308/308 306/306/306
f 561/561/561 558/558/558 559/559/559
f 561/561/561 560/560/560 558/558/558
f 306/306/306 305/305/305 302/302/302
f 305/305/305 306/306/306 308/308/308
f 315/315/315 556/556/556 557/557/557
f 556/556/556 315/315/315 308/308/308
f 560/560/560 322/322/322 557/557/557
f 322/322/322 315/315/315 557/557/557
f 560/560/560 561/561/561 563/563/563
f 322/322/322 560/560/560 563/563/563
f 562/562/562 561/561/561 559/559/559
f 562/562/562 559/559/559 546/546/546
f 561/561/561 564/564/564 563/563/563
f 564/564/564 561/561/561 562/562/562
f 544/544/544 546/546/546 543/543/543
f 543/543/543 536/536/536 544/544/544
f 548/548/548 562/562/562 546/546/546
f 548/548/548 546/546/546 544/544/544
f 565/565/565 564/564/564 562/562/562
f 565/565/565 562/562/562 548/548/548
f 563/563/563 564/564/564 566/566/566
f 566/566/566 564/564/564 565/565/565
f 536/536/536 540/540/540 544/544/544
f 536/536/536 537/537/537 540/540/540
f 545/545/545 548/548/548 544/544/544
f 544/544/544 540/540/540 545/545/545
f 551/551/551 565/565/565 548/548/548
f 551/551/551 548/548/548 545/545/545
f 567/567/567 566/566/566 565/565/565
f 567/567/567 565/565/565 551/551/551
f 545/545/545 540/540/540 550/550/550
f 550/550/550 551/551/551 545/545/545
f 568/568/568 551/551/551 550/550/550
f 550/550/550 540/540/540 568/568/568
f 568/568/568 567/567/567 551/551/551
f 585/585/585 540/540/540 537/537/537
f 540/540/540 585/585/585 568/568/568
f 568/568/568 569/569/569 567/567/567
f 568/568/568 585/585/585 569/569/569
f 567/567/567 569/569/569 566/566/566
f 587/587/587 585/585/585 537/537/537
f 537/537/537 533/533/533 587/587/587
f 563/563/563 566/566/566 346/346/346
f 566/566/566 569/569/569 346/346/346
f 563/563/563 346/346/346 322/322/322
f 585/585/585 580/580/580 569/569/569
f 585/585/585 587/587/587 580/580/580
f 533/533/533 588/588/588 587/587/587
f 533/533/533 529/529/529 588/588/588
f 587/587/587 586/586/586 580/580/580
f 587/587/587 588/588/588 586/586/586
f 569/569/569 580/580/580 578/578/578
f 580/580/580 586/586/586 582/582/582
f 578/578/578 580/580/580 582/582/582
f 588/588/588 589/589/589 586/586/586
f 582/582/582 586/586/586 589/589/589
f 529/529/529 590/590/590 588/588/588
f 588/588/588 590/590/590 589/589/589
f 529/529/529 525/525/525 590/590/590
f 524/524/524 525/525/525 529/529/529
f 524/524/524 515/515/515 525/525/525
f 590/590/590 592/592/592 589/589/589
f 525/525/525 593/593/593 590/590/590
f 590/590/590 593/593/593 592/592/592
f 584/584/584 582/582/582 589/589/589
f 589/589/589 592/592/592 591/591/591
f 584/584/584 589/589/589 591/591/591
f 593/593/593 596/596/596 592/592/592
f 582/582/582 584/584/584 581/581/581
f 591/591/591 592/592/592 595/595/595
f 592/592/592 596/596/596 595/595/595
f 584/584/584 591/591/591 583/583/583
f 581/581/581 584/584/584 583/583/583
f 591/591/591 595/595/595 594/594/594
f 583/583/583 591/591/591 594/594/594
f 579/579/579 582/582/582 581/581/581
f 578/578/578 582/582/582 579/579/579
f 581/581/581 583/583/583 424/424/424
f 583/583/583 594/594/594 428/428/428
f 424/424/424 583/583/583 428/428/428
f 594/594/594 595/595/595 597/597/597
f 594/594/594 597/597/597 428/428/428
f 423/423/423 581/581/581 424/424/424
f 579/579/579 581/581/581 423/423/423
f 424/424/424 428/428/428 422/422/422
f 423/423/423 424/424/424 419/419/419
f 419/419/419 424/424/424 422/422/422
f 426/426/426 579/579/579 423/423/423
f 417/417/417 423/423/423 419/419/419
f 426/426/426 423/423/423 417/417/417
f 577/577/577 578/578/578 579/579/579
f 579/579/579 426/426/426 577/577/577
f 347/347/347 569/569/569 578/578/578
f 347/347/347 578/578/578 577/577/577
f 346/346/346 569/569/569 347/347/347
f 426/426/426 576/576/576 577/577/577
f 415/415/415 426/426/426 417/417/417
f 576/576/576 426/426/426 415/415/415
f 572/572/572 577/577/577 576/576/576
f 572/572/572 347/347/347 577/577/577
f 575/575/575 576/576/576 415/415/415
f 574/574/574 572/572/572 576/576/576
f 574/574/574 576/576/576 575/575/575
f 415/415/415 417/417/417 410/410/410
f 574/574/574 571/571/571 572/572/572
f 575/575/575 415/415/415 406/406/406
f 406/406/406 415/415/415 410/410/410
f 573/573/573 574/574/574 575/575/575
f 574/574/574 573/573/573 571/571/571
f 399/399/399 575/575/575 406/406/406
f 573/573/573 575/575/575 399/399/399
f 572/572/572 571/571/571 570/570/570
f 572/572/572 570/570/570 347/347/347
f 573/573/573 391/391/391 571/571/571
f 571/571/571 390/390/390 570/570/570
f 571/571/571 391/391/391 390/390/390
f 570/570/570 388/388/388 347/347/347
f 570/570/570 390/390/390 388/388/388
f 573/573/573 393/393/393 391/391/391
f 393/393/393 573/573/573 399/399/399
f 390/390/390 387/387/387 388/388/388
f 391/391/391 386/386/386 390/390/390
f 390/390/390 386/386/386 387/387/387
f 393/393/393 389/389/389 391/391/391
f 391/391/391 389/389/389 386/386/386
f 385/385/385 388/388/388 387/387/387
f 385/385/385 347/347/347 388/388/388
f 386/386/386 384/384/384 387/387/387
f 385/385/385 387/387/387 384/384/384
f 389/389/389 382/382/382 386/386/386
f 386/386/386 382/382/382 384/384/384
f 393/393/393 392/392/392 389/389/389
f 383/383/383 385/385/385 384/384/384
f 382/382/382 389/389/389 381/381/381
f 392/392/392 381/381/381 389/389/389
f 382/382/382 379/379/379 384/384/384
f 384/384/384 379/379/379 383/383/383
f 378/378/378 382/382/382 381/381/381
f 382/382/382 378/378/378 379/379/379
f 348/348/348 385/385/385 383/383/383
f 385/385/385 348/348/348 347/347/347
f 379/379/379 372/372/372 383/383/383
f 383/383/383 372/372/372 348/348/348
f 378/378/378 375/375/375 379/379/379
f 372/372/372 379/379/379 375/375/375
f 344/344/344 347/347/347 348/348/348
f 344/344/344 346/346/346 347/347/347
f 348/348/348 372/372/372 349/349/349
f 344/344/344 348/348/348 349/349/349
f 375/375/375 371/371/371 372/372/372
f 372/372/372 370/370/370 349/349/349
f 371/371/371 370/370/370 372/372/372
f 378/378/378 374/374/374 375/375/375
f 374/374/374 371/371/371 375/375/375
f 381/381/381 377/377/377 378/378/378
f 377/377/377 374/374/374 378/378/378
f 392/392/392 377/377/377 381/381/381
f 374/374/374 367/367/367 371/371/371
f 371/371/371 368/368/368 370/370/370
f 367/367/367 368/368/368 371/371/371
f 370/370/370 369/369/369 349/349/349
f 368/368/368 369/369/369 370/370/370
f 367/367/367 374/374/374 373/373/373
f 374/374/374 377/377/377 373/373/373
f 367/367/367 364/364/364 368/368/368
f 376/376/376 373/373/373 377/377/377
f 364/364/364 363/363/363 368/368/368
f 369/369/369 368/368/368 363/363/363
f 376/376/376 377/377/377 380/380/380
f 376/376/376 231/231/231 373/373/373
f 377/377/377 394/394/394 380/380/380
f 394/394/394 377/377/377 392/392/392
f 380/380/380 394/394/394 395/395/395
f 373/373/373 365/365/365 367/367/367
f 231/231/231 365/365/365 373/373/373
f 365/365/365 366/366/366 367/367/367
f 362/362/362 366/366/366 365/365/365
f 394/394/394 397/397/397 395/395/395
f 395/395/395 397/397/397 398/398/398
f 396/396/396 394/394/394 392/392/392
f 394/394/394 396/396/396 397/397/397
f 392/392/392 393/393/393 396/396/396
f 393/393/393 399/399/399 396/396/396
f 397/397/397 400/400/400 398/398/398
f 396/396/396 399/399/399 402/402/402
f 396/396/396 402/402/402 397/397/397
f 397/397/397 402/402/402 400/400/400
f 399/399/399 406/406/406 402/402/402
f 398/398/398 400/400/400 401/401/401
f 402/402/402 406/406/406 405/405/405
f 402/402/402 405/405/405 400/400/400
f 406/406/406 410/410/410 405/405/405
f 400/400/400 403/403/403 401/401/401
f 400/400/400 405/405/405 403/403/403
f 401/401/401 403/403/403 404/404/404
f 405/405/405 410/410/410 409/409/409
f 405/405/405 409/409/409 403/403/403
f 403/403/403 407/407/407 404/404/404
f 407/407/407 403/403/403 409/409/409
f 404/404/404 407/407/407 408/408/408
f 410/410/410 414/414/414 409/409/409
f 410/410/410 417/417/417 414/414/414
f 417/417/417 419/419/419 414/414/414
f 413/413/413 407/407/407 409/409/409
f 409/409/409 414/414/414 413/413/413
f 407/407/407 411/411/411 408/408/408
f 407/407/407 413/413/413 411/411/411
f 412/412/412 408/408/408 411/411/411
f 414/414/414 419/419/419 418/418/418
f 414/414/414 418/418/418 413/413/413
f 419/419/419 422/422/422 418/418/418
f 413/413/413 416/416/416 411/411/411
f 413/413/413 418/418/418 416/416/416
f 418/418/418 422/422/422 421/421/421
f 418/418/418 421/421/421 416/416/416
f 422/422/422 425/425/425 421/421/421
f 422/422/422 428/428/428 425/425/425
f 427/427/427 416/416/416 421/421/421
f 427/427/427 421/421/421 425/425/425
f 428/428/428 430/430/430 425/425/425
f 597/597/597 430/430/430 428/428/428
f 429/429/429 427/427/427 425/425/425
f 425/425/425 430/430/430 429/429/429
f 420/420/420 411/411/411 416/416/416
f 420/420/420 412/412/412 411/411/411
f 430/430/430 433/433/433 429/429/429
f 433/433/433 430/430/430 597/597/597
f 436/436/436 412/412/412 420/420/420
f 434/434/434 420/420/420 416/416/416
f 434/434/434 436/436/436 420/420/420
f 416/416/416 427/427/427 431/431/431
f 431/431/431 434/434/434 416/416/416
f 432/432/432 427/427/427 429/429/429
f 427/427/427 432/432/432 431/431/431
f 429/429/429 433/433/433 435/435/435
f 435/435/435 432/432/432 429/429/429
f 603/603/603 433/433/433 597/597/597
f 440/440/440 431/431/431 432/432/432
f 469/469/469 433/433/433 603/603/603
f 433/433/433 469/469/469 435/435/435
f 598/598/598 603/603/603 597/597/597
f 595/595/595 598/598/598 597/597/597
f 595/595/595 596/596/596 598/598/598
f 443/443/443 432/432/432 435/435/435
f 443/443/443 440/440/440 432/432/432
f 468/468/468 435/435/435 469/469/469
f 468/468/468 443/443/443 435/435/435
f 605/605/605 469/469/469 603/603/603
f 598/598/598 605/605/605 603/603/603
f 470/470/470 468/468/468 469/469/469
f 470/470/470 469/469/469 605/605/605
f 456/456/456 443/443/443 468/468/468
f 598/598/598 608/608/608 605/605/605
f 460/460/460 456/456/456 468/468/468
f 468/468/468 470/470/470 460/460/460
f 443/443/443 456/456/456 453/453/453
f 440/440/440 443/443/443 453/453/453
f 457/457/457 456/456/456 460/460/460
f 457/457/457 453/453/453 456/456/456
f 461/461/461 457/457/457 460/460/460
f 609/609/609 470/470/470 605/605/605
f 608/608/608 609/609/609 605/605/605
f 470/470/470 471/471/471 460/460/460
f 471/471/471 470/470/470 609/609/609
f 461/461/461 460/460/460 471/471/471
f 608/608/608 610/610/610 609/609/609
f 610/610/610 471/471/471 609/609/609
f 611/611/611 471/471/471 610/610/610
f 608/608/608 611/611/611 610/610/610
f 472/472/472 461/461/461 471/471/471
f 473/473/473 461/461/461 472/472/472
f 473/473/473 472/472/472 474/474/474
f 475/475/475 473/473/473 474/474/474
f 474/474/474 476/476/476 475/475/475
f 476/476/476 477/477/477 475/475/475
f 477/477/477 476/476/476 478/478/478
f 476/476/476 479/479/479 478/478/478
f 478/478/478 479/479/479 480/480/480
f 479/479/479 482/482/482 480/480/480
f 598/598/598 600/600/600 608/608/608
f 596/596/596 600/600/600 598/598/598
f 600/600/600 613/613/613 608/608/608
f 482/482/482 483/483/483 480/480/480
f 600/600/600 614/614/614 613/613/613
f 614/614/614 615/615/615 613/613/613
f 615/615/615 614/614/614 482/482/482
f 480/480/480 483/483/483 484/484/484
f 614/614/614 612/612/612 482/482/482
f 612/612/612 614/614/614 600/600/600
f 467/467/467 480/480/480 481/481/481
f 612/612/612 487/487/487 482/482/482
f 483/483/483 482/482/482 487/487/487
f 607/607/607 612/612/612 600/600/600
f 612/612/612 607/607/607 487/487/487
f 483/483/483 485/485/485 484/484/484
f 484/484/484 485/485/485 486/486/486
f 488/488/488 483/483/483 487/487/487
f 483/483/483 488/488/488 485/485/485
f 607/607/607 604/604/604 487/487/487
f 487/487/487 604/604/604 488/488/488
f 606/606/606 607/607/607 600/600/600
f 607/607/607 606/606/606 604/604/604
f 488/488/488 489/489/489 485/485/485
f 486/486/486 485/485/485 489/489/489
f 604/604/604 491/491/491 488/488/488
f 488/488/488 491/491/491 489/489/489
f 606/606/606 602/602/602 604/604/604
f 491/491/491 604/604/604 602/602/602
f 599/599/599 606/606/606 600/600/600
f 606/606/606 599/599/599 602/602/602
f 599/599/599 600/600/600 596/596/596
f 593/593/593 599/599/599 596/596/596
f 593/593/593 525/525/525 599/599/599
f 599/599/599 601/601/601 602/602/602
f 525/525/525 601/601/601 599/599/599
f 520/520/520 491/491/491 602/602/602
f 520/520/520 602/602/602 601/601/601
f 491/491/491 512/512/512 489/489/489
f 491/491/491 520/520/520 512/512/512
f 521/521/521 601/601/601 525/525/525
f 521/521/521 520/520/520 601/601/601
f 519/519/519 521/521/521 525/525/525
f 515/515/515 519/519/519 525/525/525
f 520/520/520 521/521/521 516/516/516
f 521/521/521 519/519/519 516/516/516
f 520/520/520 516/516/516 512/512/512
f 516/516/516 519/519/519 515/515/515
f 489/489/489 512/512/512 505/505/505
f 505/505/505 486/486/486 489/489/489
f 511/511/511 512/512/512 516/516/516
f 515/515/515 511/511/511 516/516/516
f 512/512/512 511/511/511 505/505/505
f 511/511/511 515/515/515 510/510/510
f 486/486/486 505/505/505 490/490/490
f 481/481/481 486/486/486 490/490/490
f 505/505/505 511/511/511 508/508/508
f 511/511/511 510/510/510 508/508/508
f 505/505/505 508/508/508 490/490/490
f 508/508/508 510/510/510 507/507/507
f 481/481/481 490/490/490 492/492/492
f 493/493/493 481/481/481 492/492/492
f 494/494/494 493/493/493 492/492/492
f 508/508/508 507/507/507 503/503/503
f 490/490/490 508/508/508 503/503/503
f 503/503/503 507/507/507 504/504/504
f 495/495/495 494/494/494 492/492/492
f 492/492/492 490/490/490 496/496/496
f 490/490/490 503/503/503 496/496/496
f 494/494/494 495/495/495 50/50/50
f 503/503/503 504/504/504 500/500/500
f 496/496/496 503/503/503 500/500/500
f 495/495/495 24/24/24 50/50/50
f 500/500/500 501/501/501 496/496/496
f 501/501/501 500/500/500 498/498/498
f 24/24/24 498/498/498 497/497/497
f 500/500/500 499/499/499 498/498/498
f 498/498/498 499/499/499 497/497/497
f 50/50/50 49/49/49 41/41/41
f 42/42/42 41/41/41 40/40/40
f 41/41/41 42/42/42 44/44/44
f 46/46/46 41/41/41 44/44/44
f 44/44/44 47/47/47 46/46/46
f 50/50/50 41/41/41 51/51/51
f 53/53/53 51/51/51 52/52/52
f 53/53/53 50/50/50 51/51/51
f 465/465/465 466/466/466 50/50/50
f 50/50/50 463/463/463 465/465/465
f 464/464/464 467/467/467 466/466/466
f 465/465/465 464/464/464 466/466/466
f 463/463/463 462/462/462 465/465/465
f 464/464/464 465/465/465 462/462/462
f 462/462/462 463/463/463 459/459/459
f 458/458/458 464/464/464 462/462/462
f 462/462/462 459/459/459 458/458/458
f 459/459/459 455/455/455 458/458/458
f 455/455/455 452/452/452 454/454/454
f 451/451/451 450/450/450 452/452/452
f 450/450/450 451/451/451 449/449/449
f 447/447/447 450/450/450 449/449/449
f 449/449/449 448/448/448 447/447/447
f 448/448/448 31/31/31 447/447/447
f 450/450/450 442/442/442 452/452/452
f 452/452/452 442/442/442 453/453/453
f 31/31/31 446/446/446 445/445/445
f 446/446/446 187/187/187 445/445/445
f 444/444/444 445/445/445 187/187/187
f 442/442/442 444/444/444 187/187/187
f 442/442/442 441/441/441 453/453/453
f 453/453/453 441/441/441 440/440/440
f 187/187/187 39/39/39 188/188/188
f 184/184/184 187/187/187 188/188/188
f 441/441/441 438/438/438 440/440/440
f 440/440/440 438/438/438 431/431/431
f 438/438/438 434/434/434 431/431/431
f 442/442/442 439/439/439 441/441/441
f 441/441/441 439/439/439 438/438/438
f 442/442/442 187/187/187 439/439/439
f 438/438/438 437/437/437 434/434/434
f 439/439/439 437/437/437 438/438/438
f 437/437/437 436/436/436 434/434/434
f 187/187/187 189/189/189 439/439/439
f 439/439/439 189/189/189 437/437/437
f 187/187/187 184/184/184 183/183/183
f 184/184/184 126/126/126 183/183/183
f 437/437/437 191/191/191 436/436/436
f 189/189/189 191/191/191 437/437/437
f 183/183/183 185/185/185 187/187/187
f 185/185/185 189/189/189 187/187/187
f 191/191/191 193/193/193 436/436/436
f 412/412/412 436/436/436 193/193/193
f 186/186/186 191/191/191 189/189/189
f 185/185/185 186/186/186 189/189/189
f 195/195/195 412/412/412 193/193/193
f 181/181/181 185/185/185 183/183/183
f 126/126/126 181/181/181 183/183/183
f 190/190/190 193/193/193 191/191/191
f 186/186/186 190/190/190 191/191/191
f 181/181/181 179/179/179 185/185/185
f 179/179/179 186/186/186 185/185/185
f 193/193/193 190/190/190 192/192/192
f 195/195/195 193/193/193 192/192/192
f 177/177/177 190/190/190 186/186/186
f 179/179/179 177/177/177 186/186/186
f 178/178/178 192/192/192 190/190/190
f 177/177/177 178/178/178 190/190/190
f 132/132/132 179/179/179 181/181/181
f 126/126/126 132/132/132 181/181/181
f 175/175/175 177/177/177 179/179/179
f 132/132/132 175/175/175 179/179/179
f 174/174/174 178/178/178 177/177/177
f 175/175/175 174/174/174 177/177/177
f 178/178/178 180/180/180 192/192/192
f 174/174/174 180/180/180 178/178/178
f 180/180/180 194/194/194 192/192/192
f 131/131/131 175/175/175 132/132/132
f 194/194/194 180/180/180 196/196/196
f 197/197/197 194/194/194 196/196/196
f 132/132/132 126/126/126 128/128/128
f 128/128/128 131/131/131 132/132/132
f 197/197/197 196/196/196 198/198/198
f 199/199/199 197/197/197 198/198/198
f 196/196/196 180/180/180 176/176/176
f 180/180/180 174/174/174 176/176/176
f 182/182/182 198/198/198 196/196/196
f 176/176/176 182/182/182 196/196/196
f 199/199/199 198/198/198 201/201/201
f 202/202/202 199/199/199 201/201/201
f 198/198/198 182/182/182 200/200/200
f 201/201/201 198/198/198 200/200/200
f 202/202/202 201/201/201 205/205/205
f 206/206/206 202/202/202 205/205/205
f 201/201/201 200/200/200 204/204/204
f 205/205/205 201/201/201 204/204/204
f 206/206/206 205/205/205 210/210/210
f 211/211/211 206/206/206 210/210/210
f 205/205/205 204/204/204 209/209/209
f 210/210/210 205/205/205 209/209/209
f 204/204/204 200/200/200 203/203/203
f 211/211/211 210/210/210 213/213/213
f 214/214/214 211/211/211 213/213/213
f 209/209/209 215/215/215 210/210/210
f 215/215/215 213/213/213 210/210/210
f 209/209/209 204/204/204 208/208/208
f 204/204/204 203/203/203 208/208/208
f 215/215/215 209/209/209 216/216/216
f 209/209/209 208/208/208 216/216/216
f 200/200/200 170/170/170 203/203/203
f 200/200/200 182/182/182 170/170/170
f 208/208/208 203/203/203 207/207/207
f 182/182/182 169/169/169 170/170/170
f 182/182/182 176/176/176 169/169/169
f 203/203/203 170/170/170 168/168/168
f 203/203/203 168/168/168 207/207/207
f 170/170/170 169/169/169 164/164/164
f 170/170/170 164/164/164 168/168/168
f 176/176/176 171/171/171 169/169/169
f 176/176/176 174/174/174 171/171/171
f 169/169/169 162/162/162 164/164/164
f 169/169/169 171/171/171 162/162/162
f 168/168/168 164/164/164 163/163/163
f 164/164/164 162/162/162 159/159/159
f 164/164/164 159/159/159 163/163/163
f 162/162/162 153/153/153 159/159/159
f 163/163/163 159/159/159 155/155/155
f 162/162/162 161/161/161 153/153/153
f 171/171/171 161/161/161 162/162/162
f 161/161/161 148/148/148 153/153/153
f 174/174/174 172/172/172 171/171/171
f 171/171/171 172/172/172 161/161/161
f 155/155/155 160/160/160 163/163/163
f 160/160/160 155/155/155 157/157/157
f 168/168/168 163/163/163 166/166/166
f 160/160/160 166/166/166 163/163/163
f 207/207/207 168/168/168 166/166/166
f 172/172/172 151/151/151 161/161/161
f 161/161/161 151/151/151 148/148/148
f 173/173/173 172/172/172 174/174/174
f 151/151/151 172/172/172 173/173/173
f 174/174/174 175/175/175 173/173/173
f 175/175/175 131/131/131 173/173/173
f 151/151/151 149/149/149 148/148/148
f 148/148/148 149/149/149 133/133/133
f 134/134/134 151/151/151 173/173/173
f 151/151/151 134/134/134 149/149/149
f 134/134/134 173/173/173 131/131/131
f 133/133/133 149/149/149 130/130/130
f 134/134/134 130/130/130 149/149/149
f 129/129/129 134/134/134 131/131/131
f 134/134/134 129/129/129 130/130/130
f 129/129/129 131/131/131 128/128/128
f 120/120/120 133/133/133 130/130/130
f 133/133/133 120/120/120 114/114/114
f 129/129/129 118/118/118 130/130/130
f 120/120/120 130/130/130 118/118/118
f 120/120/120 115/115/115 114/114/114
f 115/115/115 120/120/120 118/118/118
f 114/114/114 115/115/115 110/110/110
f 118/118/118 129/129/129 127/127/127
f 127/127/127 129/129/129 128/128/128
f 115/115/115 118/118/118 116/116/116
f 116/116/116 118/118/118 127/127/127
f 115/115/115 113/113/113 110/110/110
f 113/113/113 115/115/115 116/116/116
f 127/127/127 128/128/128 121/121/121
f 126/126/126 121/121/121 128/128/128
f 119/119/119 121/121/121 126/126/126
f 117/117/117 127/127/127 121/121/121
f 117/117/117 121/121/121 119/119/119
f 127/127/127 117/117/117 116/116/116
f 69/69/69 117/117/117 119/119/119
f 117/117/117 71/71/71 116/116/116
f 71/71/71 117/117/117 69/69/69
f 113/113/113 116/116/116 71/71/71
f 123/123/123 69/69/69 122/122/122
f 123/123/123 122/122/122 124/124/124
f 122/122/122 125/125/125 124/124/124
f 112/112/112 113/113/113 71/71/71
f 113/113/113 112/112/112 110/110/110
f 111/111/111 112/112/112 71/71/71
f 112/112/112 111/111/111 110/110/110
f 207/207/207 166/166/166 212/212/212
f 212/212/212 166/166/166 167/167/167
f 166/166/166 160/160/160 167/167/167
f 217/217/217 207/207/207 212/212/212
f 208/208/208 207/207/207 217/217/217
f 216/216/216 208/208/208 217/217/217
f 167/167/167 220/220/220 212/212/212
f 212/212/212 220/220/220 217/217/217
f 217/217/217 219/219/219 216/216/216
f 220/220/220 219/219/219 217/217/217
f 167/167/167 160/160/160 165/165/165
f 160/160/160 157/157/157 165/165/165
f 167/167/167 221/221/221 220/220/220
f 167/167/167 165/165/165 221/221/221
f 165/165/165 157/157/157 158/158/158
f 221/221/221 222/222/222 220/220/220
f 220/220/220 222/222/222 219/219/219
f 221/221/221 238/238/238 222/222/222
f 221/221/221 165/165/165 238/238/238
f 219/219/219 218/218/218 216/216/216
f 216/216/216 218/218/218 215/215/215
f 222/222/222 224/224/224 219/219/219
f 219/219/219 224/224/224 218/218/218
f 238/238/238 236/236/236 222/222/222
f 222/222/222 236/236/236 224/224/224
f 218/218/218 226/226/226 215/215/215
f 215/215/215 226/226/226 213/213/213
f 224/224/224 228/228/228 218/218/218
f 226/226/226 218/218/218 228/228/228
f 236/236/236 235/235/235 224/224/224
f 224/224/224 235/235/235 228/228/228
f 239/239/239 236/236/236 238/238/238
f 235/235/235 236/236/236 239/239/239
f 239/239/239 238/238/238 165/165/165
f 229/229/229 226/226/226 228/228/228
f 226/226/226 229/229/229 213/213/213
f 235/235/235 233/233/233 228/228/228
f 228/228/228 233/233/233 229/229/229
f 237/237/237 235/235/235 239/239/239
f 235/235/235 237/237/237 233/233/233
f 241/241/241 237/237/237 239/239/239
f 239/239/239 165/165/165 241/241/241
f 237/237/237 240/240/240 233/233/233
f 237/237/237 241/241/241 240/240/240
f 233/233/233 234/234/234 229/229/229
f 240/240/240 234/234/234 233/233/233
f 229/229/229 232/232/232 213/213/213
f 229/229/229 234/234/234 232/232/232
f 230/230/230 213/213/213 232/232/232
f 213/213/213 230/230/230 214/214/214
f 214/214/214 230/230/230 231/231/231
f 234/234/234 360/360/360 232/232/232
f 234/234/234 240/240/240 360/360/360
f 230/230/230 365/365/365 231/231/231
f 230/230/230 362/362/362 365/365/365
f 362/362/362 230/230/230 232/232/232
f 232/232/232 360/360/360 362/362/362
f 360/360/360 361/361/361 362/362/362
f 362/362/362 361/361/361 364/364/364
f 361/361/361 363/363/363 364/364/364
f 240/240/240 359/359/359 360/360/360
f 360/360/360 359/359/359 361/361/361
f 357/357/357 359/359/359 240/240/240
f 241/241/241 357/357/357 240/240/240
f 359/359/359 358/358/358 361/361/361
f 363/363/363 361/361/361 358/358/358
f 359/359/359 357/357/357 358/358/358
f 356/356/356 363/363/363 358/358/358
f 356/356/356 369/369/369 363/363/363
f 357/357/357 355/355/355 358/358/358
f 358/358/358 355/355/355 356/356/356
f 357/357/357 241/241/241 351/351/351
f 355/355/355 357/357/357 351/351/351
f 369/369/369 356/356/356 350/350/350
f 369/369/369 350/350/350 349/349/349
f 355/355/355 354/354/354 356/356/356
f 356/356/356 354/354/354 350/350/350
f 351/351/351 354/354/354 355/355/355
f 350/350/350 344/344/344 349/349/349
f 352/352/352 354/354/354 351/351/351
f 350/350/350 354/354/354 352/352/352
f 293/293/293 351/351/351 241/241/241
f 165/165/165 293/293/293 241/241/241
f 345/345/345 350/350/350 352/352/352
f 344/344/344 350/350/350 345/345/345
f 351/351/351 335/335/335 352/352/352
f 293/293/293 335/335/335 351/351/351
f 345/345/345 352/352/352 353/353/353
f 335/335/335 353/353/353 352/352/352
f 341/341/341 345/345/345 353/353/353
f 335/335/335 341/341/341 353/353/353
f 345/345/345 342/342/342 344/344/344
f 342/342/342 345/345/345 341/341/341
f 342/342/342 340/340/340 344/344/344
f 338/338/338 342/342/342 341/341/341
f 340/340/340 343/343/343 344/344/344
f 343/343/343 346/346/346 344/344/344
f 346/346/346 343/343/343 322/322/322
f 339/339/339 340/340/340 342/342/342
f 338/338/338 339/339/339 342/342/342
f 343/343/343 317/317/317 322/322/322
f 322/322/322 317/317/317 315/315/315
f 343/343/343 340/340/340 320/320/320
f 317/317/317 343/343/343 320/320/320
f 339/339/339 328/328/328 340/340/340
f 328/328/328 320/320/320 340/340/340
f 337/337/337 339/339/339 338/338/338
f 337/337/337 328/328/328 339/339/339
f 341/341/341 336/336/336 338/338/338
f 336/336/336 337/337/337 338/338/338
f 336/336/336 341/341/341 335/335/335
f 334/334/334 337/337/337 336/336/336
f 333/333/333 336/336/336 335/335/335
f 333/333/333 334/334/334 336/336/336
f 333/333/333 335/335/335 332/332/332
f 332/332/332 335/335/335 293/293/293
f 331/331/331 334/334/334 333/333/333
f 332/332/332 331/331/331 333/333/333
f 337/337/337 334/334/334 329/329/329
f 329/329/329 334/334/334 331/331/331
f 328/328/328 337/337/337 329/329/329
f 330/330/330 331/331/331 332/332/332
f 293/293/293 330/330/330 332/332/332
f 326/326/326 329/329/329 331/331/331
f 330/330/330 326/326/326 331/331/331
f 329/329/329 327/327/327 328/328/328
f 326/326/326 327/327/327 329/329/329
f 328/328/328 323/323/323 320/320/320
f 328/328/328 327/327/327 323/323/323
f 323/323/323 319/319/319 320/320/320
f 317/317/317 320/320/320 319/319/319
f 327/327/327 324/324/324 323/323/323
f 323/323/323 321/321/321 319/319/319
f 323/323/323 324/324/324 321/321/321
f 325/325/325 324/324/324 327/327/327
f 326/326/326 325/325/325 327/327/327
f 318/318/318 321/321/321 324/324/324
f 325/325/325 318/318/318 324/324/324
f 321/321/321 318/318/318 319/319/319
f 312/312/312 325/325/325 326/326/326
f 325/325/325 312/312/312 318/318/318
f 316/316/316 317/317/317 319/319/319
f 319/319/319 318/318/318 316/316/316
f 317/317/317 316/316/316 313/313/313
f 315/315/315 317/317/317 313/313/313
f 318/318/318 314/314/314 316/316/316
f 316/316/316 314/314/314 313/313/313
f 312/312/312 314/314/314 318/318/318
f 315/315/315 313/313/313 308/308/308
f 314/314/314 312/312/312 311/311/311
f 314/314/314 311/311/311 313/313/313
f 308/308/308 313/313/313 307/307/307
f 313/313/313 311/311/311 307/307/307
f 307/307/307 305/305/305 308/308/308
f 312/312/312 309/309/309 311/311/311
f 307/307/307 311/311/311 309/309/309
f 310/310/310 312/312/312 326/326/326
f 309/309/309 312/312/312 310/310/310
f 310/310/310 326/326/326 330/330/330
f 304/304/304 307/307/307 309/309/309
f 307/307/307 304/304/304 305/305/305
f 295/295/295 310/310/310 330/330/330
f 295/295/295 330/330/330 293/293/293
f 310/310/310 303/303/303 309/309/309
f 303/303/303 310/310/310 295/295/295
f 304/304/304 309/309/309 303/303/303
f 295/295/295 293/293/293 290/290/290
f 293/293/293 165/165/165 290/290/290
f 291/291/291 303/303/303 295/295/295
f 290/290/290 291/291/291 295/295/295
f 304/304/304 301/301/301 305/305/305
f 302/302/302 305/305/305 301/301/301
f 296/296/296 302/302/302 301/301/301
f 297/297/297 304/304/304 303/303/303
f 301/301/301 304/304/304 297/297/297
f 296/296/296 301/301/301 294/294/294
f 294/294/294 301/301/301 297/297/297
f 282/282/282 296/296/296 294/294/294
f 292/292/292 297/297/297 303/303/303
f 294/294/294 297/297/297 292/292/292
f 291/291/291 292/292/292 303/303/303
f 282/282/282 294/294/294 284/284/284
f 284/284/284 294/294/294 292/292/292
f 279/279/279 282/282/282 284/284/284
f 271/271/271 282/282/282 279/279/279
f 292/292/292 283/283/283 284/284/284
f 279/279/279 284/284/284 283/283/283
f 289/289/289 292/292/292 291/291/291
f 283/283/283 292/292/292 289/289/289
f 275/275/275 271/271/271 279/279/279
f 270/270/270 271/271/271 275/275/275
f 278/278/278 279/279/279 283/283/283
f 279/279/279 278/278/278 275/275/275
f 285/285/285 283/283/283 289/289/289
f 278/278/278 283/283/283 285/285/285
f 291/291/291 288/288/288 289/289/289
f 289/289/289 288/288/288 285/285/285
f 288/288/288 291/291/291 290/290/290
f 278/278/278 274/274/274 275/275/275
f 270/270/270 275/275/275 274/274/274
f 277/277/277 278/278/278 285/285/285
f 274/274/274 278/278/278 277/277/277
f 288/288/288 286/286/286 285/285/285
f 277/277/277 285/285/285 286/286/286
f 288/288/288 290/290/290 287/287/287
f 288/288/288 287/287/287 286/286/286
f 269/269/269 270/270/270 274/274/274
f 270/270/270 269/269/269 265/265/265
f 273/273/273 274/274/274 277/277/277
f 269/269/269 274/274/274 273/273/273
f 276/276/276 277/277/277 286/286/286
f 273/273/273 277/277/277 276/276/276
f 276/276/276 286/286/286 287/287/287
f 269/269/269 243/243/243 265/265/265
f 243/243/243 227/227/227 265/265/265
f 227/227/227 243/243/243 225/225/225
f 247/247/247 269/269/269 273/273/273
f 269/269/269 247/247/247 243/243/243
f 246/246/246 273/273/273 276/276/276
f 247/247/247 273/273/273 246/246/246
f 244/244/244 276/276/276 287/287/287
f 246/246/246 276/276/276 244/244/244
f 247/247/247 245/245/245 243/243/243
f 245/245/245 247/247/247 246/246/246
f 245/245/245 242/242/242 243/243/243
f 245/245/245 246/246/246 242/242/242
f 242/242/242 225/225/225 243/243/243
f 242/242/242 246/246/246 244/244/244
f 242/242/242 223/223/223 225/225/225
f 242/242/242 244/244/244 223/223/223
f 244/244/244 287/287/287 223/223/223
f 290/290/290 223/223/223 287/287/287
f 290/290/290 165/165/165 223/223/223
f 223/223/223 158/158/158 225/225/225
f 223/223/223 165/165/165 158/158/158
f 618/618/618 617/617/617 616/616/616
f 616/616/616 617/617/617 620/620/620
f 618/618/618 624/624/624 617/617/617
f 620/620/620 622/622/622 616/616/616
f 617/617/617 653/653/653 620/620/620
f 619/619/619 618/618/618 616/616/616
f 620/620/620 653/653/653 656/656/656
f 656/656/656 622/622/622 620/620/620
f 617/617/617 651/651/651 653/653/653
f 624/624/624 651/651/651 617/617/617
f 622/622/622 623/623/623 616/616/616
f 616/616/616 623/623/623 619/619/619
f 656/656/656 661/661/661 622/622/622
f 622/622/622 630/630/630 623/623/623
f 661/661/661 630/630/630 622/622/622
f 653/653/653 658/658/658 656/656/656
f 661/661/661 662/662/662 630/630/630
f 656/656/656 660/660/660 661/661/661
f 661/661/661 660/660/660 662/662/662
f 656/656/656 658/658/658 660/660/660
f 662/662/662 664/664/664 630/630/630
f 658/658/658 653/653/653 654/654/654
f 651/651/651 654/654/654 653/653/653
f 630/630/630 628/628/628 623/623/623
f 630/630/630 664/664/664 628/628/628
f 666/666/666 664/664/664 662/662/662
f 666/666/666 662/662/662 660/660/660
f 664/664/664 665/665/665 628/628/628
f 665/665/665 664/664/664 666/666/666
f 623/623/623 628/628/628 625/625/625
f 623/623/623 625/625/625 619/619/619
f 628/628/628 665/665/665 667/667/667
f 628/628/628 667/667/667 625/625/625
f 668/668/668 665/665/665 666/666/666
f 619/619/619 625/625/625 627/627/627
f 1148/1148/1148 668/668/668 666/666/666
f 666/666/666 660/660/660 1148/1148/1148
f 665/665/665 668/668/668 1209/1209/1209
f 665/665/665 1209/1209/1209 667/667/667
f 668/668/668 1148/1148/1148 1211/1211/1211
f 668/668/668 1211/1211/1211 1209/1209/1209
f 639/639/639 625/625/625 667/667/667
f 625/625/625 639/639/639 627/627/627
f 667/667/667 1209/1209/1209 1207/1207/1207
f 1207/1207/1207 639/639/639 667/667/667
f 1211/1211/1211 1210/1210/1210 1209/1209/1209
f 1209/1209/1209 1210/1210/1210 1207/1207/1207
f 627/627/627 639/639/639 635/635/635
f 639/639/639 1207/1207/1207 635/635/635
f 627/627/627 621/621/621 619/619/619
f 621/621/621 618/618/618 619/619/619
f 1207/1207/1207 1210/1210/1210 1206/1206/1206
f 1207/1207/1207 1206/1206/1206 635/635/635
f 621/621/621 626/626/626 618/618/618
f 626/626/626 624/624/624 618/618/618
f 621/621/621 627/627/627 629/629/629
f 627/627/627 635/635/635 629/629/629
f 631/631/631 626/626/626 621/621/621
f 629/629/629 631/631/631 621/621/621
f 633/633/633 629/629/629 635/635/635
f 633/633/633 632/632/632 629/629/629
f 632/632/632 631/631/631 629/629/629
f 636/636/636 633/633/633 635/635/635
f 632/632/632 634/634/634 631/631/631
f 635/635/635 1204/1204/1204 636/636/636
f 1204/1204/1204 635/635/635 1206/1206/1206
f 634/634/634 637/637/637 631/631/631
f 631/631/631 637/637/637 626/626/626
f 634/634/634 638/638/638 637/637/637
f 636/636/636 1204/1204/1204 1016/1016/1016
f 638/638/638 640/640/640 637/637/637
f 638/638/638 641/641/641 640/640/640
f 637/637/637 642/642/642 626/626/626
f 637/637/637 640/640/640 642/642/642
f 626/626/626 642/642/642 624/624/624
f 641/641/641 643/643/643 640/640/640
f 641/641/641 644/644/644 643/643/643
f 640/640/640 645/645/645 642/642/642
f 645/645/645 640/640/640 643/643/643
f 642/642/642 646/646/646 624/624/624
f 642/642/642 645/645/645 646/646/646
f 624/624/624 646/646/646 651/651/651
f 644/644/644 647/647/647 643/643/643
f 646/646/646 652/652/652 651/651/651
f 647/647/647 644/644/644 648/648/648
f 651/651/651 652/652/652 654/654/654
f 645/645/645 650/650/650 646/646/646
f 646/646/646 650/650/650 652/652/652
f 649/649/649 645/645/645 643/643/643
f 645/645/645 649/649/649 650/650/650
f 643/643/643 647/647/647 649/649/649
f 650/650/650 655/655/655 652/652/652
f 649/649/649 939/939/939 650/650/650
f 650/650/650 939/939/939 655/655/655
f 647/647/647 938/938/938 649/649/649
f 649/649/649 938/938/938 939/939/939
f 652/652/652 657/657/657 654/654/654
f 652/652/652 655/655/655 657/657/657
f 654/654/654 657/657/657 659/659/659
f 659/659/659 658/658/658 654/654/654
f 655/655/655 884/884/884 657/657/657
f 658/658/658 659/659/659 663/663/663
f 658/658/658 663/663/663 660/660/660
f 657/657/657 882/882/882 659/659/659
f 657/657/657 884/884/884 882/882/882
f 659/659/659 881/881/881 663/663/663
f 659/659/659 882/882/882 881/881/881
f 655/655/655 887/887/887 884/884/884
f 939/939/939 887/887/887 655/655/655
f 884/884/884 883/883/883 882/882/882
f 939/939/939 935/935/935 887/887/887
f 938/938/938 935/935/935 939/939/939
f 887/887/887 886/886/886 884/884/884
f 884/884/884 886/886/886 883/883/883
f 935/935/935 932/932/932 887/887/887
f 887/887/887 932/932/932 886/886/886
f 882/882/882 883/883/883 878/878/878
f 882/882/882 878/878/878 881/881/881
f 932/932/932 935/935/935 934/934/934
f 934/934/934 935/935/935 938/938/938
f 932/932/932 930/930/930 886/886/886
f 931/931/931 932/932/932 934/934/934
f 932/932/932 931/931/931 930/930/930
f 886/886/886 885/885/885 883/883/883
f 886/886/886 930/930/930 888/888/888
f 885/885/885 886/886/886 888/888/888
f 931/931/931 927/927/927 930/930/930
f 888/888/888 930/930/930 927/927/927
f 883/883/883 885/885/885 879/879/879
f 883/883/883 879/879/879 878/878/878
f 885/885/885 888/888/888 880/880/880
f 885/885/885 880/880/880 879/879/879
f 891/891/891 888/888/888 927/927/927
f 878/878/878 879/879/879 875/875/875
f 888/888/888 891/891/891 889/889/889
f 888/888/888 889/889/889 880/880/880
f 879/879/879 880/880/880 876/876/876
f 879/879/879 876/876/876 875/875/875
f 880/880/880 889/889/889 877/877/877
f 880/880/880 877/877/877 876/876/876
f 878/878/878 875/875/875 723/723/723
f 881/881/881 878/878/878 723/723/723
f 875/875/875 876/876/876 873/873/873
f 881/881/881 723/723/723 674/674/674
f 663/663/663 881/881/881 674/674/674
f 723/723/723 875/875/875 724/724/724
f 724/724/724 875/875/875 873/873/873
f 674/674/674 723/723/723 722/722/722
f 722/722/722 723/723/723 724/724/724
f 663/663/663 674/674/674 670/670/670
f 660/660/660 663/663/663 670/670/670
f 676/676/676 674/674/674 722/722/722
f 670/670/670 674/674/674 676/676/676
f 722/722/722 724/724/724 717/717/717
f 722/722/722 710/710/710 676/676/676
f 710/710/710 722/722/722 717/717/717
f 724/724/724 873/873/873 721/721/721
f 717/717/717 724/724/724 721/721/721
f 873/873/873 876/876/876 874/874/874
f 876/876/876 877/877/877 874/874/874
f 721/721/721 873/873/873 725/725/725
f 873/873/873 874/874/874 725/725/725
f 874/874/874 877/877/877 871/871/871
f 874/874/874 871/871/871 725/725/725
f 717/717/717 721/721/721 716/716/716
f 877/877/877 890/890/890 871/871/871
f 889/889/889 890/890/890 877/877/877
f 716/716/716 721/721/721 720/720/720
f 721/721/721 725/725/725 720/720/720
f 713/713/713 717/717/717 716/716/716
f 710/710/710 717/717/717 713/713/713
f 720/720/720 714/714/714 716/716/716
f 713/713/713 716/716/716 711/711/711
f 714/714/714 711/711/711 716/716/716
f 699/699/699 710/710/710 713/713/713
f 711/711/711 714/714/714 712/712/712
f 709/709/709 711/711/711 712/712/712
f 712/712/712 714/714/714 715/715/715
f 708/708/708 711/711/711 709/709/709
f 708/708/708 713/713/713 711/711/711
f 699/699/699 713/713/713 708/708/708
f 707/707/707 708/708/708 709/709/709
f 714/714/714 718/718/718 715/715/715
f 714/714/714 720/720/720 718/718/718
f 719/719/719 715/715/715 718/718/718
f 706/706/706 708/708/708 707/707/707
f 706/706/706 699/699/699 708/708/708
f 704/704/704 706/706/706 707/707/707
f 703/703/703 706/706/706 704/704/704
f 703/703/703 699/699/699 706/706/706
f 700/700/700 703/703/703 704/704/704
f 720/720/720 726/726/726 718/718/718
f 720/720/720 725/725/725 726/726/726
f 698/698/698 703/703/703 700/700/700
f 701/701/701 698/698/698 700/700/700
f 699/699/699 703/703/703 697/697/697
f 703/703/703 698/698/698 697/697/697
f 678/678/678 710/710/710 699/699/699
f 710/710/710 678/678/678 676/676/676
f 697/697/697 696/696/696 699/699/699
f 696/696/696 678/678/678 699/699/699
f 673/673/673 676/676/676 678/678/678
f 673/673/673 670/670/670 676/676/676
f 696/696/696 680/680/680 678/678/678
f 677/677/677 673/673/673 678/678/678
f 680/680/680 677/677/677 678/678/678
f 677/677/677 675/675/675 673/673/673
f 677/677/677 680/680/680 675/675/675
f 673/673/673 672/672/672 670/670/670
f 673/673/673 675/675/675 672/672/672
f 680/680/680 696/696/696 682/682/682
f 680/680/680 682/682/682 675/675/675
f 696/696/696 697/697/697 686/686/686
f 696/696/696 686/686/686 682/682/682
f 675/675/675 679/679/679 672/672/672
f 675/675/675 682/682/682 679/679/679
f 672/672/672 671/671/671 670/670/670
f 672/672/672 679/679/679 671/671/671
f 682/682/682 686/686/686 683/683/683
f 682/682/682 683/683/683 679/679/679
f 697/697/697 694/694/694 686/686/686
f 697/697/697 698/698/698 694/694/694
f 679/679/679 683/683/683 681/681/681
f 679/679/679 681/681/681 671/671/671
f 686/686/686 688/688/688 683/683/683
f 688/688/688 686/686/686 694/694/694
f 683/683/683 685/685/685 681/681/681
f 683/683/683 688/688/688 685/685/685
f 684/684/684 671/671/671 681/681/681
f 684/684/684 681/681/681 685/685/685
f 671/671/671 669/669/669 670/670/670
f 684/684/684 669/669/669 671/671/671
f 660/660/660 670/670/670 669/669/669
f 692/692/692 688/688/688 694/694/694
f 694/694/694 698/698/698 692/692/692
f 688/688/688 689/689/689 685/685/685
f 688/688/688 692/692/692 689/689/689
f 687/687/687 684/684/684 685/685/685
f 685/685/685 689/689/689 687/687/687
f 684/684/684 690/690/690 669/669/669
f 690/690/690 684/684/684 687/687/687
f 660/660/660 669/669/669 1145/1145/1145
f 1145/1145/1145 669/669/669 690/690/690
f 689/689/689 691/691/691 687/687/687
f 687/687/687 691/691/691 690/690/690
f 692/692/692 693/693/693 689/689/689
f 691/691/691 689/689/689 693/693/693
f 698/698/698 695/695/695 692/692/692
f 692/692/692 695/695/695 693/693/693
f 695/695/695 698/698/698 702/702/702
f 701/701/701 702/702/702 698/698/698
f 695/695/695 1131/1131/1131 693/693/693
f 693/693/693 1131/1131/1131 691/691/691
f 701/701/701 705/705/705 702/702/702
f 695/695/695 1128/1128/1128 1131/1131/1131
f 1128/1128/1128 695/695/695 702/702/702
f 1131/1131/1131 1133/1133/1133 691/691/691
f 702/702/702 1126/1126/1126 1128/1128/1128
f 705/705/705 1126/1126/1126 702/702/702
f 1126/1126/1126 1127/1127/1127 1128/1128/1128
f 1125/1125/1125 1127/1127/1127 1126/1126/1126
f 1128/1128/1128 1132/1132/1132 1131/1131/1131
f 1131/1131/1131 1132/1132/1132 1133/1133/1133
f 1128/1128/1128 1130/1130/1130 1132/1132/1132
f 691/691/691 1133/1133/1133 1136/1136/1136
f 690/690/690 691/691/691 1136/1136/1136
f 1132/1132/1132 1135/1135/1135 1133/1133/1133
f 1133/1133/1133 1135/1135/1135 1136/1136/1136
f 1130/1130/1130 1134/1134/1134 1132/1132/1132
f 1135/1135/1135 1132/1132/1132 1134/1134/1134
f 690/690/690 1136/1136/1136 1150/1150/1150
f 690/690/690 1150/1150/1150 1145/1145/1145
f 1135/1135/1135 1142/1142/1142 1136/1136/1136
f 1136/1136/1136 1142/1142/1142 1150/1150/1150
f 1140/1140/1140 1135/1135/1135 1134/1134/1134
f 1135/1135/1135 1140/1140/1140 1142/1142/1142
f 1129/1129/1129 1134/1134/1134 1130/1130/1130
f 1125/1125/1125 1129/1129/1129 1130/1130/1130
f 1140/1140/1140 1134/1134/1134 1138/1138/1138
f 1134/1134/1134 1129/1129/1129 1138/1138/1138
f 1140/1140/1140 1143/1143/1143 1142/1142/1142
f 1137/1137/1137 1138/1138/1138 1129/1129/1129
f 1141/1141/1141 1143/1143/1143 1140/1140/1140
f 1138/1138/1138 1141/1141/1141 1140/1140/1140
f 1123/1123/1123 1137/1137/1137 1129/1129/1129
f 1123/1123/1123 1129/1129/1129 1125/1125/1125
f 1137/1137/1137 1139/1139/1139 1138/1138/1138
f 1139/1139/1139 1141/1141/1141 1138/1138/1138
f 1121/1121/1121 1137/1137/1137 1123/1123/1123
f 1139/1139/1139 1137/1137/1137 1121/1121/1121
f 1119/1119/1119 1123/1123/1123 1125/1125/1125
f 1120/1120/1120 1121/1121/1121 1123/1123/1123
f 1120/1120/1120 1123/1123/1123 1119/1119/1119
f 1124/1124/1124 1125/1125/1125 1126/1126/1126
f 1125/1125/1125 1124/1124/1124 1119/1119/1119
f 1124/1124/1124 1126/1126/1126 705/705/705
f 1116/1116/1116 1120/1120/1120 1119/1119/1119
f 786/786/786 1124/1124/1124 705/705/705
f 1124/1124/1124 785/785/785 1119/1119/1119
f 785/785/785 1124/1124/1124 786/786/786
f 1116/1116/1116 1119/1119/1119 785/785/785
f 786/786/786 783/783/783 785/785/785
f 1117/1117/1117 1120/1120/1120 1116/1116/1116
f 1121/1121/1121 1120/1120/1120 1117/1117/1117
f 783/783/783 782/782/782 785/785/785
f 783/783/783 780/780/780 782/782/782
f 792/792/792 1116/1116/1116 785/785/785
f 780/780/780 779/779/779 782/782/782
f 780/780/780 777/777/777 779/779/779
f 787/787/787 785/785/785 782/782/782
f 787/787/787 792/792/792 785/785/785
f 782/782/782 779/779/779 784/784/784
f 784/784/784 787/787/787 782/782/782
f 777/777/777 776/776/776 779/779/779
f 777/777/777 774/774/774 776/776/776
f 779/779/779 781/781/781 784/784/784
f 779/779/779 776/776/776 781/781/781
f 774/774/774 773/773/773 776/776/776
f 774/774/774 771/771/771 773/773/773
f 776/776/776 778/778/778 781/781/781
f 776/776/776 773/773/773 778/778/778
f 771/771/771 770/770/770 773/773/773
f 771/771/771 768/768/768 770/770/770
f 773/773/773 775/775/775 778/778/778
f 775/775/775 773/773/773 770/770/770
f 768/768/768 767/767/767 770/770/770
f 767/767/767 768/768/768 742/742/742
f 772/772/772 775/775/775 770/770/770
f 770/770/770 767/767/767 772/772/772
f 778/778/778 775/775/775 790/790/790
f 775/775/775 772/772/772 797/797/797
f 775/775/775 797/797/797 790/790/790
f 781/781/781 778/778/778 789/789/789
f 778/778/778 790/790/790 789/789/789
f 784/784/784 781/781/781 788/788/788
f 781/781/781 789/789/789 788/788/788
f 787/787/787 784/784/784 791/791/791
f 784/784/784 788/788/788 791/791/791
f 789/789/789 790/790/790 801/801/801
f 791/791/791 793/793/793 787/787/787
f 793/793/793 792/792/792 787/787/787
f 790/790/790 823/823/823 801/801/801
f 790/790/790 797/797/797 823/823/823
f 801/801/801 803/803/803 789/789/789
f 803/803/803 788/788/788 789/789/789
f 792/792/792 793/793/793 1113/1113/1113
f 1116/1116/1116 792/792/792 1113/1113/1113
f 1113/1113/1113 1117/1117/1117 1116/1116/1116
f 795/795/795 793/793/793 791/791/791
f 1111/1111/1111 1113/1113/1113 793/793/793
f 795/795/795 1111/1111/1111 793/793/793
f 1114/1114/1114 1117/1117/1117 1113/1113/1113
f 1111/1111/1111 1114/1114/1114 1113/1113/1113
f 794/794/794 795/795/795 791/791/791
f 791/791/791 788/788/788 794/794/794
f 1114/1114/1114 1118/1118/1118 1117/1117/1117
f 1118/1118/1118 1121/1121/1121 1117/1117/1117
f 794/794/794 788/788/788 796/796/796
f 1118/1118/1118 1122/1122/1122 1121/1121/1121
f 1122/1122/1122 1139/1139/1139 1121/1121/1121
f 796/796/796 788/788/788 805/805/805
f 788/788/788 803/803/803 805/805/805
f 796/796/796 1107/1107/1107 794/794/794
f 805/805/805 1107/1107/1107 796/796/796
f 1107/1107/1107 795/795/795 794/794/794
f 1118/1118/1118 1114/1114/1114 1115/1115/1115
f 1122/1122/1122 1118/1118/1118 1115/1115/1115
f 1107/1107/1107 1109/1109/1109 795/795/795
f 1109/1109/1109 1111/1111/1111 795/795/795
f 1112/1112/1112 1114/1114/1114 1111/1111/1111
f 1109/1109/1109 1112/1112/1112 1111/1111/1111
f 1114/1114/1114 1112/1112/1112 1115/1115/1115
f 1108/1108/1108 1109/1109/1109 1107/1107/1107
f 805/805/805 1108/1108/1108 1107/1107/1107
f 1110/1110/1110 1112/1112/1112 1109/1109/1109
f 1108/1108/1108 1110/1110/1110 1109/1109/1109
f 1115/1115/1115 1112/1112/1112 1110/1110/1110
f 805/805/805 1104/1104/1104 1108/1108/1108
f 1108/1108/1108 1104/1104/1104 1110/1110/1110
f 805/805/805 803/803/803 1104/1104/1104
f 1115/1115/1115 1110/1110/1110 1180/1180/1180
f 1104/1104/1104 1180/1180/1180 1110/1110/1110
f 1115/1115/1115 1180/1180/1180 1122/1122/1122
f 803/803/803 1103/1103/1103 1104/1104/1104
f 803/803/803 801/801/801 1103/1103/1103
f 1090/1090/1090 1180/1180/1180 1104/1104/1104
f 1090/1090/1090 1104/1104/1104 1103/1103/1103
f 801/801/801 1102/1102/1102 1103/1103/1103
f 801/801/801 823/823/823 1102/1102/1102
f 1092/1092/1092 1103/1103/1103 1102/1102/1102
f 1092/1092/1092 1090/1090/1090 1103/1103/1103
f 823/823/823 1098/1098/1098 1102/1102/1102
f 1093/1093/1093 1092/1092/1092 1102/1102/1102
f 1093/1093/1093 1102/1102/1102 1098/1098/1098
f 823/823/823 819/819/819 1098/1098/1098
f 797/797/797 819/819/819 823/823/823
f 1095/1095/1095 1093/1093/1093 1098/1098/1098
f 797/797/797 798/798/798 819/819/819
f 772/772/772 798/798/798 797/797/797
f 819/819/819 1100/1100/1100 1098/1098/1098
f 1095/1095/1095 1098/1098/1098 1100/1100/1100
f 819/819/819 821/821/821 1100/1100/1100
f 798/798/798 821/821/821 819/819/819
f 1097/1097/1097 1095/1095/1095 1100/1100/1100
f 821/821/821 1101/1101/1101 1100/1100/1100
f 1097/1097/1097 1100/1100/1100 1101/1101/1101
f 1093/1093/1093 1095/1095/1095 1091/1091/1091
f 821/821/821 817/817/817 1101/1101/1101
f 821/821/821 798/798/798 817/817/817
f 1095/1095/1095 1097/1097/1097 1094/1094/1094
f 1091/1091/1091 1095/1095/1095 1094/1094/1094
f 1099/1099/1099 1097/1097/1097 1101/1101/1101
f 1094/1094/1094 1097/1097/1097 1096/1096/1096
f 1097/1097/1097 1099/1099/1099 1096/1096/1096
f 1089/1089/1089 1093/1093/1093 1091/1091/1091
f 1092/1092/1092 1093/1093/1093 1089/1089/1089
f 1091/1091/1091 1094/1094/1094 1079/1079/1079
f 1086/1086/1086 1092/1092/1092 1089/1089/1089
f 1090/1090/1090 1092/1092/1092 1086/1086/1086
f 1089/1089/1089 1091/1091/1091 1081/1081/1081
f 1081/1081/1081 1091/1091/1091 1079/1079/1079
f 1089/1089/1089 1083/1083/1083 1086/1086/1086
f 1083/1083/1083 1089/1089/1089 1081/1081/1081
f 1094/1094/1094 1096/1096/1096 1076/1076/1076
f 1079/1079/1079 1094/1094/1094 1076/1076/1076
f 1096/1096/1096 1099/1099/1099 1077/1077/1077
f 1096/1096/1096 1077/1077/1077 1076/1076/1076
f 1081/1081/1081 1079/1079/1079 1078/1078/1078
f 1079/1079/1079 1076/1076/1076 1075/1075/1075
f 1078/1078/1078 1079/1079/1079 1075/1075/1075
f 1083/1083/1083 1081/1081/1081 1080/1080/1080
f 1080/1080/1080 1081/1081/1081 1078/1078/1078
f 1083/1083/1083 1084/1084/1084 1086/1086/1086
f 1082/1082/1082 1083/1083/1083 1080/1080/1080
f 1084/1084/1084 1083/1083/1083 1082/1082/1082
f 1080/1080/1080 1078/1078/1078 1042/1042/1042
f 1088/1088/1088 1086/1086/1086 1084/1084/1084
f 1088/1088/1088 1090/1090/1090 1086/1086/1086
f 1082/1082/1082 1080/1080/1080 1040/1040/1040
f 1040/1040/1040 1080/1080/1080 1042/1042/1042
f 1050/1050/1050 1084/1084/1084 1082/1082/1082
f 1042/1042/1042 1078/1078/1078 1044/1044/1044
f 1078/1078/1078 1075/1075/1075 1044/1044/1044
f 1039/1039/1039 1082/1082/1082 1040/1040/1040
f 1050/1050/1050 1082/1082/1082 1039/1039/1039
f 1040/1040/1040 1042/1042/1042 1025/1025/1025
f 1085/1085/1085 1084/1084/1084 1050/1050/1050
f 1085/1085/1085 1088/1088/1088 1084/1084/1084
f 1039/1039/1039 1040/1040/1040 1028/1028/1028
f 1028/1028/1028 1040/1040/1040 1025/1025/1025
f 1038/1038/1038 1050/1050/1050 1039/1039/1039
f 1025/1025/1025 1042/1042/1042 1024/1024/1024
f 1042/1042/1042 1044/1044/1044 1024/1024/1024
f 1048/1048/1048 1085/1085/1085 1050/1050/1050
f 1048/1048/1048 1050/1050/1050 1038/1038/1038
f 1085/1085/1085 1087/1087/1087 1088/1088/1088
f 1085/1085/1085 1048/1048/1048 1087/1087/1087
f 1088/1088/1088 1087/1087/1087 1105/1105/1105
f 1088/1088/1088 1105/1105/1105 1090/1090/1090
f 1048/1048/1048 1047/1047/1047 1087/1087/1087
f 1087/1087/1087 1106/1106/1106 1105/1105/1105
f 1087/1087/1087 1047/1047/1047 1106/1106/1106
f 1105/1105/1105 1183/1183/1183 1090/1090/1090
f 1105/1105/1105 1106/1106/1106 1183/1183/1183
f 1048/1048/1048 1041/1041/1041 1047/1047/1047
f 1041/1041/1041 1048/1048/1048 1038/1038/1038
f 1106/1106/1106 1185/1185/1185 1183/1183/1183
f 1047/1047/1047 1186/1186/1186 1106/1106/1106
f 1106/1106/1106 1186/1186/1186 1185/1185/1185
f 1041/1041/1041 1045/1045/1045 1047/1047/1047
f 1047/1047/1047 1045/1045/1045 1186/1186/1186
f 1184/1184/1184 1183/1183/1183 1185/1185/1185
f 1184/1184/1184 1090/1090/1090 1183/1183/1183
f 1186/1186/1186 1187/1187/1187 1185/1185/1185
f 1184/1184/1184 1185/1185/1185 1187/1187/1187
f 1045/1045/1045 1188/1188/1188 1186/1186/1186
f 1186/1186/1186 1188/1188/1188 1187/1187/1187
f 1041/1041/1041 1037/1037/1037 1045/1045/1045
f 1189/1189/1189 1184/1184/1184 1187/1187/1187
f 1188/1188/1188 1045/1045/1045 1043/1043/1043
f 1037/1037/1037 1043/1043/1043 1045/1045/1045
f 1188/1188/1188 1190/1190/1190 1187/1187/1187
f 1187/1187/1187 1190/1190/1190 1189/1189/1189
f 1191/1191/1191 1188/1188/1188 1043/1043/1043
f 1188/1188/1188 1191/1191/1191 1190/1190/1190
f 1182/1182/1182 1184/1184/1184 1189/1189/1189
f 1184/1184/1184 1182/1182/1182 1090/1090/1090
f 1190/1190/1190 1192/1192/1192 1189/1189/1189
f 1189/1189/1189 1192/1192/1192 1182/1182/1182
f 1191/1191/1191 1193/1193/1193 1190/1190/1190
f 1192/1192/1192 1190/1190/1190 1193/1193/1193
f 1182/1182/1182 1179/1179/1179 1090/1090/1090
f 1090/1090/1090 1179/1179/1179 1180/1180/1180
f 1182/1182/1182 1192/1192/1192 1181/1181/1181
f 1182/1182/1182 1181/1181/1181 1179/1179/1179
f 1179/1179/1179 1176/1176/1176 1180/1180/1180
f 1180/1180/1180 1176/1176/1176 1122/1122/1122
f 1179/1179/1179 1181/1181/1181 1177/1177/1177
f 1179/1179/1179 1177/1177/1177 1176/1176/1176
f 1176/1176/1176 1144/1144/1144 1122/1122/1122
f 1122/1122/1122 1144/1144/1144 1139/1139/1139
f 1139/1139/1139 1144/1144/1144 1141/1141/1141
f 1177/1177/1177 1173/1173/1173 1176/1176/1176
f 1176/1176/1176 1173/1173/1173 1144/1144/1144
f 1144/1144/1144 1146/1146/1146 1141/1141/1141
f 1143/1143/1143 1141/1141/1141 1146/1146/1146
f 1173/1173/1173 1161/1161/1161 1144/1144/1144
f 1144/1144/1144 1161/1161/1161 1146/1146/1146
f 1177/1177/1177 1174/1174/1174 1173/1173/1173
f 1147/1147/1147 1143/1143/1143 1146/1146/1146
f 1142/1142/1142 1143/1143/1143 1147/1147/1147
f 1174/1174/1174 1171/1171/1171 1173/1173/1173
f 1173/1173/1173 1171/1171/1171 1161/1161/1161
f 1151/1151/1151 1142/1142/1142 1147/1147/1147
f 1142/1142/1142 1151/1151/1151 1150/1150/1150
f 1152/1152/1152 1147/1147/1147 1146/1146/1146
f 1151/1151/1151 1147/1147/1147 1152/1152/1152
f 1161/1161/1161 1158/1158/1158 1146/1146/1146
f 1158/1158/1158 1152/1152/1152 1146/1146/1146
f 1151/1151/1151 1153/1153/1153 1150/1150/1150
f 1153/1153/1153 1151/1151/1151 1152/1152/1152
f 1161/1161/1161 1160/1160/1160 1158/1158/1158
f 1158/1158/1158 1157/1157/1157 1152/1152/1152
f 1160/1160/1160 1157/1157/1157 1158/1158/1158
f 1153/1153/1153 1152/1152/1152 1155/1155/1155
f 1157/1157/1157 1155/1155/1155 1152/1152/1152
f 1153/1153/1153 1154/1154/1154 1150/1150/1150
f 1156/1156/1156 1155/1155/1155 1157/1157/1157
f 1156/1156/1156 1153/1153/1153 1155/1155/1155
f 1156/1156/1156 1157/1157/1157 1160/1160/1160
f 1154/1154/1154 1153/1153/1153 1156/1156/1156
f 1150/1150/1150 1154/1154/1154 1145/1145/1145
f 1159/1159/1159 1156/1156/1156 1160/1160/1160
f 1159/1159/1159 1154/1154/1154 1156/1156/1156
f 1162/1162/1162 1160/1160/1160 1161/1161/1161
f 1159/1159/1159 1160/1160/1160 1162/1162/1162
f 1171/1171/1171 1162/1162/1162 1161/1161/1161
f 1154/1154/1154 1163/1163/1163 1145/1145/1145
f 1163/1163/1163 1154/1154/1154 1159/1159/1159
f 1162/1162/1162 1171/1171/1171 1167/1167/1167
f 1164/1164/1164 1163/1163/1163 1159/1159/1159
f 1159/1159/1159 1162/1162/1162 1165/1165/1165
f 1165/1165/1165 1164/1164/1164 1159/1159/1159
f 1162/1162/1162 1167/1167/1167 1165/1165/1165
f 1149/1149/1149 1145/1145/1145 1163/1163/1163
f 1149/1149/1149 1163/1163/1163 1164/1164/1164
f 1149/1149/1149 660/660/660 1145/1145/1145
f 1166/1166/1166 1164/1164/1164 1165/1165/1165
f 1166/1166/1166 1149/1149/1149 1164/1164/1164
f 1148/1148/1148 660/660/660 1149/1149/1149
f 1170/1170/1170 1166/1166/1166 1165/1165/1165
f 1170/1170/1170 1165/1165/1165 1167/1167/1167
f 1172/1172/1172 1167/1167/1167 1171/1171/1171
f 1172/1172/1172 1170/1170/1170 1167/1167/1167
f 1174/1174/1174 1172/1172/1172 1171/1171/1171
f 1168/1168/1168 1166/1166/1166 1170/1170/1170
f 1166/1166/1166 1168/1168/1168 1149/1149/1149
f 1172/1172/1172 1175/1175/1175 1170/1170/1170
f 1172/1172/1172 1174/1174/1174 1175/1175/1175
f 1175/1175/1175 1168/1168/1168 1170/1170/1170
f 1214/1214/1214 1148/1148/1148 1149/1149/1149
f 1148/1148/1148 1214/1214/1214 1211/1211/1211
f 1168/1168/1168 1169/1169/1169 1149/1149/1149
f 1175/1175/1175 1222/1222/1222 1168/1168/1168
f 1168/1168/1168 1222/1222/1222 1169/1169/1169
f 1178/1178/1178 1175/1175/1175 1174/1174/1174
f 1177/1177/1177 1178/1178/1178 1174/1174/1174
f 1221/1221/1221 1222/1222/1222 1175/1175/1175
f 1222/1222/1222 1221/1221/1221 1169/1169/1169
f 1178/1178/1178 1221/1221/1221 1175/1175/1175
f 1181/1181/1181 1178/1178/1178 1177/1177/1177
f 1149/1149/1149 1169/1169/1169 1218/1218/1218
f 1169/1169/1169 1221/1221/1221 1218/1218/1218
f 1218/1218/1218 1214/1214/1214 1149/1149/1149
f 1221/1221/1221 1178/1178/1178 1220/1220/1220
f 1221/1221/1221 1220/1220/1220 1218/1218/1218
f 1178/1178/1178 1219/1219/1219 1220/1220/1220
f 1181/1181/1181 1219/1219/1219 1178/1178/1178
f 1218/1218/1218 1220/1220/1220 1217/1217/1217
f 1217/1217/1217 1220/1220/1220 1219/1219/1219
f 1214/1214/1214 1218/1218/1218 1215/1215/1215
f 1215/1215/1215 1218/1218/1218 1217/1217/1217
f 1205/1205/1205 1219/1219/1219 1181/1181/1181
f 1205/1205/1205 1217/1217/1217 1219/1219/1219
f 1213/1213/1213 1214/1214/1214 1215/1215/1215
f 1214/1214/1214 1213/1213/1213 1211/1211/1211
f 1217/1217/1217 1216/1216/1216 1215/1215/1215
f 1217/1217/1217 1205/1205/1205 1216/1216/1216
f 1213/1213/1213 1215/1215/1215 1212/1212/1212
f 1216/1216/1216 1212/1212/1212 1215/1215/1215
f 1211/1211/1211 1213/1213/1213 1208/1208/1208
f 1208/1208/1208 1213/1213/1213 1212/1212/1212
f 1210/1210/1210 1211/1211/1211 1208/1208/1208
f 1210/1210/1210 1208/1208/1208 1206/1206/1206
f 1212/1212/1212 1216/1216/1216 1202/1202/1202
f 1206/1206/1206 1208/1208/1208 1203/1203/1203
f 1208/1208/1208 1212/1212/1212 1203/1203/1203
f 1203/1203/1203 1212/1212/1212 1202/1202/1202
f 1203/1203/1203 1204/1204/1204 1206/1206/1206
f 1202/1202/1202 1216/1216/1216 1199/1199/1199
f 1205/1205/1205 1199/1199/1199 1216/1216/1216
f 1198/1198/1198 1202/1202/1202 1199/1199/1199
f 1204/1204/1204 1203/1203/1203 1200/1200/1200
f 1203/1203/1203 1201/1201/1201 1200/1200/1200
f 1200/1200/1200 1201/1201/1201 1198/1198/1198
f 1204/1204/1204 1200/1200/1200 1016/1016/1016
f 1199/1199/1199 1205/1205/1205 1196/1196/1196
f 1196/1196/1196 1205/1205/1205 1181/1181/1181
f 1192/1192/1192 1196/1196/1196 1181/1181/1181
f 1195/1195/1195 1199/1199/1199 1196/1196/1196
f 1195/1195/1195 1196/1196/1196 1192/1192/1192
f 1198/1198/1198 1199/1199/1199 1195/1195/1195
f 1193/1193/1193 1195/1195/1195 1192/1192/1192
f 1197/1197/1197 1200/1200/1200 1198/1198/1198
f 1016/1016/1016 1200/1200/1200 1197/1197/1197
f 1194/1194/1194 1198/1198/1198 1195/1195/1195
f 1194/1194/1194 1195/1195/1195 1193/1193/1193
f 1198/1198/1198 1194/1194/1194 1197/1197/1197
f 1191/1191/1191 1194/1194/1194 1193/1193/1193
f 1036/1036/1036 1016/1016/1016 1197/1197/1197
f 1035/1035/1035 1194/1194/1194 1191/1191/1191
f 1194/1194/1194 1035/1035/1035 1197/1197/1197
f 1036/1036/1036 1197/1197/1197 1035/1035/1035
f 1043/1043/1043 1035/1035/1035 1191/1191/1191
f 1036/1036/1036 1035/1035/1035 1033/1033/1033
f 1037/1037/1037 1035/1035/1035 1043/1043/1043
f 1035/1035/1035 1032/1032/1032 1033/1033/1033
f 1032/1032/1032 1035/1035/1035 1037/1037/1037
f 1033/1033/1033 1032/1032/1032 1030/1030/1030
f 1034/1034/1034 1032/1032/1032 1037/1037/1037
f 1037/1037/1037 1041/1041/1041 1034/1034/1034
f 1041/1041/1041 1038/1038/1038 1034/1034/1034
f 1032/1032/1032 1029/1029/1029 1030/1030/1030
f 1032/1032/1032 1034/1034/1034 1029/1029/1029
f 1030/1030/1030 1029/1029/1029 1027/1027/1027
f 1034/1034/1034 1038/1038/1038 1031/1031/1031
f 1034/1034/1034 1031/1031/1031 1029/1029/1029
f 1038/1038/1038 1039/1039/1039 1031/1031/1031
f 1031/1031/1031 1039/1039/1039 1028/1028/1028
f 1029/1029/1029 1026/1026/1026 1027/1027/1027
f 1029/1029/1029 1031/1031/1031 1026/1026/1026
f 1031/1031/1031 1028/1028/1028 1026/1026/1026
f 1027/1027/1027 1026/1026/1026 1023/1023/1023
f 1026/1026/1026 1028/1028/1028 1022/1022/1022
f 1026/1026/1026 1022/1022/1022 1023/1023/1023
f 1028/1028/1028 1025/1025/1025 1022/1022/1022
f 1023/1023/1023 1022/1022/1022 1020/1020/1020
f 1019/1019/1019 1022/1022/1022 1025/1025/1025
f 1022/1022/1022 1019/1019/1019 1020/1020/1020
f 1024/1024/1024 1019/1019/1019 1025/1025/1025
f 1020/1020/1020 1019/1019/1019 1018/1018/1018
f 1019/1019/1019 1017/1017/1017 1018/1018/1018
f 1019/1019/1019 1024/1024/1024 1017/1017/1017
f 991/991/991 1018/1018/1018 1017/1017/1017
f 1024/1024/1024 1021/1021/1021 1017/1017/1017
f 1024/1024/1024 1044/1044/1044 1021/1021/1021
f 992/992/992 991/991/991 1017/1017/1017
f 992/992/992 1017/1017/1017 1021/1021/1021
f 1044/1044/1044 1046/1046/1046 1021/1021/1021
f 1044/1044/1044 1075/1075/1075 1046/1046/1046
f 988/988/988 991/991/991 992/992/992
f 1075/1075/1075 1073/1073/1073 1046/1046/1046
f 1075/1075/1075 1076/1076/1076 1073/1073/1073
f 1052/1052/1052 1021/1021/1021 1046/1046/1046
f 1052/1052/1052 1046/1046/1046 1073/1073/1073
f 990/990/990 992/992/992 1021/1021/1021
f 990/990/990 988/988/988 992/992/992
f 1076/1076/1076 1074/1074/1074 1073/1073/1073
f 1077/1077/1077 1074/1074/1074 1076/1076/1076
f 1073/1073/1073 1074/1074/1074 1070/1070/1070
f 1070/1070/1070 1052/1052/1052 1073/1073/1073
f 1072/1072/1072 1074/1074/1074 1077/1077/1077
f 1074/1074/1074 1072/1072/1072 1070/1070/1070
f 1021/1021/1021 1052/1052/1052 1049/1049/1049
f 1049/1049/1049 990/990/990 1021/1021/1021
f 1053/1053/1053 1052/1052/1052 1070/1070/1070
f 1052/1052/1052 1053/1053/1053 1049/1049/1049
f 1070/1070/1070 1072/1072/1072 1068/1068/1068
f 1068/1068/1068 1053/1053/1053 1070/1070/1070
f 1261/1261/1261 1072/1072/1072 1077/1077/1077
f 1051/1051/1051 1049/1049/1049 1053/1053/1053
f 1071/1071/1071 1072/1072/1072 1261/1261/1261
f 1072/1072/1072 1071/1071/1071 1068/1068/1068
f 1260/1260/1260 1261/1261/1261 1077/1077/1077
f 1099/1099/1099 1260/1260/1260 1077/1077/1077
f 1054/1054/1054 1053/1053/1053 1068/1068/1068
f 1054/1054/1054 1051/1051/1051 1053/1053/1053
f 1067/1067/1067 1068/1068/1068 1071/1071/1071
f 1067/1067/1067 1054/1054/1054 1068/1068/1068
f 1259/1259/1259 1071/1071/1071 1261/1261/1261
f 1260/1260/1260 1259/1259/1259 1261/1261/1261
f 1069/1069/1069 1067/1067/1067 1071/1071/1071
f 1069/1069/1069 1071/1071/1071 1259/1259/1259
f 1060/1060/1060 1054/1054/1054 1067/1067/1067
f 1257/1257/1257 1069/1069/1069 1259/1259/1259
f 1260/1260/1260 1257/1257/1257 1259/1259/1259
f 1067/1067/1067 1069/1069/1069 1065/1065/1065
f 1065/1065/1065 1060/1060/1060 1067/1067/1067
f 1066/1066/1066 1069/1069/1069 1257/1257/1257
f 1069/1069/1069 1066/1066/1066 1065/1065/1065
f 1054/1054/1054 1060/1060/1060 980/980/980
f 1051/1051/1051 1054/1054/1054 980/980/980
f 1061/1061/1061 1060/1060/1060 1065/1065/1065
f 1061/1061/1061 980/980/980 1060/1060/1060
f 1063/1063/1063 1061/1061/1061 1065/1065/1065
f 1063/1063/1063 1065/1065/1065 1066/1066/1066
f 1064/1064/1064 1063/1063/1063 1062/1062/1062
f 1062/1062/1062 1063/1063/1063 1066/1066/1066
f 1255/1255/1255 1066/1066/1066 1257/1257/1257
f 1256/1256/1256 1066/1066/1066 1255/1255/1255
f 1252/1252/1252 1256/1256/1256 1255/1255/1255
f 1252/1252/1252 1255/1255/1255 1257/1257/1257
f 1260/1260/1260 1252/1252/1252 1257/1257/1257
f 1253/1253/1253 1062/1062/1062 1252/1252/1252
f 1260/1260/1260 1099/1099/1099 1258/1258/1258
f 1252/1252/1252 1260/1260/1260 1258/1258/1258
f 1099/1099/1099 1101/1101/1101 1258/1258/1258
f 817/817/817 1258/1258/1258 1101/1101/1101
f 976/976/976 1254/1254/1254 1253/1253/1253
f 1253/1253/1253 1252/1252/1252 1251/1251/1251
f 1251/1251/1251 976/976/976 1253/1253/1253
f 1252/1252/1252 1248/1248/1248 1251/1251/1251
f 1251/1251/1251 978/978/978 976/976/976
f 978/978/978 1251/1251/1251 1248/1248/1248
f 978/978/978 973/973/973 976/976/976
f 976/976/976 973/973/973 972/972/972
f 973/973/973 967/967/967 972/972/972
f 1248/1248/1248 1252/1252/1252 1249/1249/1249
f 978/978/978 1248/1248/1248 1235/1235/1235
f 1248/1248/1248 1249/1249/1249 1235/1235/1235
f 1252/1252/1252 1250/1250/1250 1249/1249/1249
f 1252/1252/1252 1258/1258/1258 1250/1250/1250
f 1235/1235/1235 1249/1249/1249 1247/1247/1247
f 1247/1247/1247 1249/1249/1249 1250/1250/1250
f 978/978/978 1235/1235/1235 1243/1243/1243
f 1244/1244/1244 1243/1243/1243 1235/1235/1235
f 1245/1245/1245 978/978/978 1240/1240/1240
f 1240/1240/1240 978/978/978 1243/1243/1243
f 1247/1247/1247 1228/1228/1228 1235/1235/1235
f 1228/1228/1228 1225/1225/1225 1235/1235/1235
f 1227/1227/1227 1226/1226/1226 1225/1225/1225
f 1228/1228/1228 1227/1227/1227 1225/1225/1225
f 1247/1247/1247 1246/1246/1246 1228/1228/1228
f 1246/1246/1246 1247/1247/1247 1250/1250/1250
f 1246/1246/1246 833/833/833 1228/1228/1228
f 1250/1250/1250 829/829/829 1246/1246/1246
f 1239/1239/1239 1243/1243/1243 1242/1242/1242
f 1240/1240/1240 1243/1243/1243 1239/1239/1239
f 830/830/830 829/829/829 826/826/826
f 1237/1237/1237 1240/1240/1240 1239/1239/1239
f 1237/1237/1237 1241/1241/1241 1240/1240/1240
f 829/829/829 828/828/828 826/826/826
f 1237/1237/1237 1239/1239/1239 1238/1238/1238
f 1239/1239/1239 1234/1234/1234 1238/1238/1238
f 1236/1236/1236 1237/1237/1237 1238/1238/1238
f 1237/1237/1237 1236/1236/1236 1231/1231/1231
f 1234/1234/1234 1233/1233/1233 1232/1232/1232
f 1233/1233/1233 1223/1223/1223 1232/1232/1232
f 1229/1229/1229 1232/1232/1232 1223/1223/1223
f 1231/1231/1231 1229/1229/1229 1230/1230/1230
f 1229/1229/1229 966/966/966 1230/1230/1230
f 966/966/966 1229/1229/1229 1223/1223/1223
f 953/953/953 967/967/967 966/966/966
f 1223/1223/1223 1224/1224/1224 846/846/846
f 966/966/966 1223/1223/1223 965/965/965
f 965/965/965 1223/1223/1223 846/846/846
f 962/962/962 953/953/953 966/966/966
f 962/962/962 966/966/966 965/965/965
f 961/961/961 965/965/965 964/964/964
f 962/962/962 965/965/965 961/961/961
f 959/959/959 963/963/963 962/962/962
f 959/959/959 962/962/962 961/961/961
f 961/961/961 960/960/960 957/957/957
f 959/959/959 961/961/961 957/957/957
f 959/959/959 954/954/954 958/958/958
f 954/954/954 959/959/959 957/957/957
f 857/857/857 957/957/957 956/956/956
f 954/954/954 957/957/957 857/857/857
f 857/857/857 846/846/846 856/856/856
f 846/846/846 845/845/845 843/843/843
f 845/845/845 844/844/844 843/843/843
f 843/843/843 844/844/844 837/837/837
f 842/842/842 843/843/843 837/837/837
f 855/855/855 857/857/857 856/856/856
f 856/856/856 850/850/850 855/855/855
f 850/850/850 854/854/854 855/855/855
f 854/854/854 850/850/850 853/853/853
f 841/841/841 842/842/842 837/837/837
f 850/850/850 848/848/848 853/853/853
f 850/850/850 841/841/841 848/848/848
f 853/853/853 848/848/848 851/851/851
f 837/837/837 839/839/839 838/838/838
f 836/836/836 837/837/837 838/838/838
f 841/841/841 840/840/840 848/848/848
f 841/841/841 837/837/837 840/840/840
f 837/837/837 836/836/836 835/835/835
f 836/836/836 834/834/834 835/835/835
f 837/837/837 763/763/763 840/840/840
f 835/835/835 808/808/808 837/837/837
f 808/808/808 763/763/763 837/837/837
f 834/834/834 810/810/810 835/835/835
f 810/810/810 808/808/808 835/835/835
f 848/848/848 840/840/840 847/847/847
f 810/810/810 806/806/806 808/808/808
f 840/840/840 736/736/736 847/847/847
f 840/840/840 763/763/763 736/736/736
f 848/848/848 847/847/847 849/849/849
f 851/851/851 848/848/848 849/849/849
f 808/808/808 764/764/764 763/763/763
f 806/806/806 764/764/764 808/808/808
f 763/763/763 761/761/761 736/736/736
f 764/764/764 761/761/761 763/763/763
f 847/847/847 736/736/736 732/732/732
f 736/736/736 761/761/761 730/730/730
f 736/736/736 730/730/730 732/732/732
f 849/849/849 847/847/847 733/733/733
f 847/847/847 732/732/732 733/733/733
f 764/764/764 762/762/762 761/761/761
f 733/733/733 732/732/732 726/726/726
f 761/761/761 734/734/734 730/730/730
f 762/762/762 734/734/734 761/761/761
f 732/732/732 730/730/730 728/728/728
f 732/732/732 728/728/728 726/726/726
f 719/719/719 730/730/730 734/734/734
f 730/730/730 719/719/719 728/728/728
f 728/728/728 719/719/719 718/718/718
f 728/728/728 718/718/718 726/726/726
f 735/735/735 719/719/719 734/734/734
f 734/734/734 762/762/762 742/742/742
f 735/735/735 734/734/734 742/742/742
f 765/765/765 742/742/742 762/762/762
f 765/765/765 767/767/767 742/742/742
f 766/766/766 762/762/762 764/764/764
f 766/766/766 765/765/765 762/762/762
f 806/806/806 766/766/766 764/764/764
f 769/769/769 767/767/767 765/765/765
f 769/769/769 765/765/765 766/766/766
f 767/767/767 769/769/769 772/772/772
f 804/804/804 766/766/766 806/806/806
f 804/804/804 769/769/769 766/766/766
f 772/772/772 769/769/769 798/798/798
f 809/809/809 804/804/804 806/806/806
f 809/809/809 806/806/806 810/810/810
f 769/769/769 799/799/799 798/798/798
f 814/814/814 809/809/809 810/810/810
f 814/814/814 810/810/810 834/834/834
f 802/802/802 799/799/799 769/769/769
f 769/769/769 804/804/804 802/802/802
f 799/799/799 800/800/800 798/798/798
f 800/800/800 799/799/799 802/802/802
f 831/831/831 814/814/814 834/834/834
f 831/831/831 834/834/834 833/833/833
f 832/832/832 831/831/831 833/833/833
f 832/832/832 826/826/826 831/831/831
f 800/800/800 813/813/813 798/798/798
f 798/798/798 813/813/813 817/817/817
f 811/811/811 800/800/800 802/802/802
f 800/800/800 811/811/811 813/813/813
f 804/804/804 807/807/807 802/802/802
f 811/811/811 802/802/802 807/807/807
f 807/807/807 804/804/804 809/809/809
f 811/811/811 816/816/816 813/813/813
f 817/817/817 813/813/813 816/816/816
f 815/815/815 811/811/811 807/807/807
f 811/811/811 815/815/815 816/816/816
f 812/812/812 807/807/807 809/809/809
f 815/815/815 807/807/807 812/812/812
f 809/809/809 814/814/814 812/812/812
f 1266/1266/1266 817/817/817 816/816/816
f 814/814/814 822/822/822 812/812/812
f 817/817/817 1266/1266/1266 1258/1258/1258
f 824/824/824 822/822/822 814/814/814
f 1266/1266/1266 816/816/816 818/818/818
f 815/815/815 818/818/818 816/816/816
f 825/825/825 822/822/822 824/824/824
f 826/826/826 825/825/825 824/824/824
f 820/820/820 812/812/812 822/822/822
f 820/820/820 815/815/815 812/812/812
f 825/825/825 820/820/820 822/822/822
f 818/818/818 815/815/815 820/820/820
f 828/828/828 825/825/825 826/826/826
f 820/820/820 825/825/825 827/827/827
f 827/827/827 818/818/818 820/820/820
f 825/825/825 828/828/828 827/827/827
f 1265/1265/1265 1266/1266/1266 818/818/818
f 1265/1265/1265 818/818/818 827/827/827
f 1266/1266/1266 1265/1265/1265 1258/1258/1258
f 1264/1264/1264 1265/1265/1265 827/827/827
f 1265/1265/1265 1264/1264/1264 1258/1258/1258
f 1264/1264/1264 827/827/827 828/828/828
f 1264/1264/1264 1262/1262/1262 1258/1258/1258
f 1262/1262/1262 1264/1264/1264 828/828/828
f 1258/1258/1258 1262/1262/1262 1250/1250/1250
f 1263/1263/1263 1262/1262/1262 828/828/828
f 1262/1262/1262 1263/1263/1263 1250/1250/1250
f 741/741/741 735/735/735 740/740/740
f 735/735/735 739/739/739 740/740/740
f 737/737/737 739/739/739 735/735/735
f 738/738/738 737/737/737 735/735/735
f 744/744/744 740/740/740 743/743/743
f 743/743/743 737/737/737 745/745/745
f 746/746/746 744/744/744 743/743/743
f 746/746/746 743/743/743 745/745/745
f 747/747/747 744/744/744 746/746/746
f 746/746/746 745/745/745 748/748/748
f 749/749/749 747/747/747 746/746/746
f 749/749/749 746/746/746 748/748/748
f 747/747/747 749/749/749 750/750/750
f 748/748/748 751/751/751 749/749/749
f 749/749/749 752/752/752 750/750/750
f 751/751/751 752/752/752 749/749/749
f 753/753/753 750/750/750 752/752/752
f 752/752/752 751/751/751 754/754/754
f 755/755/755 753/753/753 752/752/752
f 755/755/755 752/752/752 754/754/754
f 756/756/756 753/753/753 755/755/755
f 755/755/755 754/754/754 757/757/757
f 758/758/758 756/756/756 755/755/755
f 758/758/758 755/755/755 757/757/757
f 759/759/759 756/756/756 758/758/758
f 758/758/758 757/757/757 760/760/760
f 705/705/705 759/759/759 758/758/758
f 705/705/705 758/758/758 760/760/760
f 725/725/725 727/727/727 726/726/726
f 731/731/731 726/726/726 727/727/727
f 726/726/726 731/731/731 733/733/733
f 725/725/725 729/729/729 727/727/727
f 731/731/731 727/727/727 729/729/729
f 725/725/725 869/869/869 729/729/729
f 871/871/871 869/869/869 725/725/725
f 867/867/867 731/731/731 729/729/729
f 729/729/729 869/869/869 867/867/867
f 731/731/731 852/852/852 733/733/733
f 852/852/852 731/731/731 867/867/867
f 849/849/849 733/733/733 852/852/852
f 869/869/869 870/870/870 867/867/867
f 870/870/870 869/869/869 871/871/871
f 864/864/864 852/852/852 867/867/867
f 867/867/867 870/870/870 864/864/864
f 861/861/861 849/849/849 852/852/852
f 861/861/861 852/852/852 864/864/864
f 849/849/849 861/861/861 851/851/851
f 872/872/872 870/870/870 871/871/871
f 861/861/861 862/862/862 851/851/851
f 890/890/890 872/872/872 871/871/871
f 863/863/863 851/851/851 862/862/862
f 868/868/868 870/870/870 872/872/872
f 870/870/870 868/868/868 864/864/864
f 863/863/863 862/862/862 865/865/865
f 866/866/866 861/861/861 864/864/864
f 862/862/862 861/861/861 866/866/866
f 866/866/866 864/864/864 868/868/868
f 865/865/865 862/862/862 866/866/866
f 858/858/858 863/863/863 865/865/865
f 893/893/893 866/866/866 868/868/868
f 866/866/866 893/893/893 865/865/865
f 892/892/892 868/868/868 872/872/872
f 893/893/893 868/868/868 892/892/892
f 890/890/890 892/892/892 872/872/872
f 893/893/893 895/895/895 865/865/865
f 858/858/858 865/865/865 895/895/895
f 894/894/894 893/893/893 892/892/892
f 895/895/895 893/893/893 894/894/894
f 890/890/890 894/894/894 892/892/892
f 860/860/860 859/859/859 858/858/858
f 896/896/896 858/858/858 895/895/895
f 897/897/897 858/858/858 896/896/896
f 897/897/897 896/896/896 898/898/898
f 899/899/899 895/895/895 894/894/894
f 890/890/890 899/899/899 894/894/894
f 900/900/900 895/895/895 899/899/899
f 898/898/898 900/900/900 899/899/899
f 890/890/890 898/898/898 899/899/899
f 901/901/901 897/897/897 898/898/898
f 902/902/902 860/860/860 901/901/901
f 903/903/903 898/898/898 890/890/890
f 904/904/904 902/902/902 901/901/901
f 889/889/889 903/903/903 890/890/890
f 904/904/904 857/857/857 902/902/902
f 905/905/905 901/901/901 898/898/898
f 903/903/903 905/905/905 898/898/898
f 906/906/906 904/904/904 901/901/901
f 905/905/905 906/906/906 901/901/901
f 907/907/907 857/857/857 904/904/904
f 906/906/906 907/907/907 904/904/904
f 907/907/907 954/954/954 857/857/857
f 907/907/907 955/955/955 954/954/954
f 906/906/906 905/905/905 908/908/908
f 906/906/906 908/908/908 907/907/907
f 905/905/905 903/903/903 909/909/909
f 903/903/903 910/910/910 909/909/909
f 909/909/909 910/910/910 911/911/911
f 910/910/910 915/915/915 911/911/911
f 952/952/952 953/953/953 907/907/907
f 951/951/951 952/952/952 907/907/907
f 952/952/952 951/951/951 949/949/949
f 951/951/951 950/950/950 949/949/949
f 950/950/950 947/947/947 949/949/949
f 947/947/947 946/946/946 949/949/949
f 953/953/953 969/969/969 968/968/968
f 947/947/947 924/924/924 946/946/946
f 969/969/969 970/970/970 968/968/968
f 971/971/971 970/970/970 969/969/969
f 970/970/970 971/971/971 946/946/946
f 975/975/975 974/974/974 970/970/970
f 977/977/977 975/975/975 970/970/970
f 924/924/924 944/944/944 946/946/946
f 979/979/979 977/977/977 970/970/970
f 977/977/977 979/979/979 980/980/980
f 946/946/946 948/948/948 970/970/970
f 944/944/944 948/948/948 946/946/946
f 980/980/980 979/979/979 981/981/981
f 980/980/980 981/981/981 1051/1051/1051
f 979/979/979 970/970/970 983/983/983
f 979/979/979 983/983/983 981/981/981
f 981/981/981 986/986/986 1051/1051/1051
f 981/981/981 983/983/983 986/986/986
f 1051/1051/1051 986/986/986 1049/1049/1049
f 986/986/986 990/990/990 1049/1049/1049
f 970/970/970 982/982/982 983/983/983
f 948/948/948 982/982/982 970/970/970
f 983/983/983 985/985/985 986/986/986
f 986/986/986 985/985/985 990/990/990
f 983/983/983 982/982/982 985/985/985
f 985/985/985 988/988/988 990/990/990
f 982/982/982 984/984/984 985/985/985
f 985/985/985 984/984/984 988/988/988
f 948/948/948 945/945/945 982/982/982
f 945/945/945 984/984/984 982/982/982
f 984/984/984 987/987/987 988/988/988
f 991/991/991 988/988/988 987/987/987
f 989/989/989 991/991/991 987/987/987
f 945/945/945 943/943/943 984/984/984
f 943/943/943 987/987/987 984/984/984
f 942/942/942 945/945/945 948/948/948
f 944/944/944 942/942/942 948/948/948
f 987/987/987 943/943/943 648/648/648
f 989/989/989 987/987/987 648/648/648
f 941/941/941 943/943/943 945/945/945
f 942/942/942 941/941/941 945/945/945
f 940/940/940 648/648/648 943/943/943
f 941/941/941 940/940/940 943/943/943
f 940/940/940 647/647/647 648/648/648
f 938/938/938 647/647/647 940/940/940
f 938/938/938 940/940/940 941/941/941
f 937/937/937 938/938/938 941/941/941
f 937/937/937 941/941/941 942/942/942
f 938/938/938 937/937/937 934/934/934
f 936/936/936 942/942/942 944/944/944
f 936/936/936 937/937/937 942/942/942
f 924/924/924 936/936/936 944/944/944
f 937/937/937 933/933/933 934/934/934
f 933/933/933 937/937/937 936/936/936
f 931/931/931 934/934/934 933/933/933
f 936/936/936 924/924/924 929/929/929
f 929/929/929 933/933/933 936/936/936
f 928/928/928 931/931/931 933/933/933
f 928/928/928 933/933/933 929/929/929
f 931/931/931 928/928/928 927/927/927
f 924/924/924 923/923/923 929/929/929
f 920/920/920 923/923/923 924/924/924
f 925/925/925 928/928/928 929/929/929
f 925/925/925 929/929/929 923/923/923
f 928/928/928 926/926/926 927/927/927
f 926/926/926 928/928/928 925/925/925
f 891/891/891 927/927/927 926/926/926
f 919/919/919 923/923/923 920/920/920
f 919/919/919 925/925/925 923/923/923
f 911/911/911 919/919/919 920/920/920
f 915/915/915 919/919/919 911/911/911
f 925/925/925 919/919/919 921/921/921
f 921/921/921 926/926/926 925/925/925
f 919/919/919 915/915/915 921/921/921
f 922/922/922 891/891/891 926/926/926
f 922/922/922 926/926/926 921/921/921
f 891/891/891 922/922/922 889/889/889
f 918/918/918 922/922/922 921/921/921
f 922/922/922 918/918/918 889/889/889
f 918/918/918 921/921/921 915/915/915
f 889/889/889 918/918/918 903/903/903
f 917/917/917 918/918/918 915/915/915
f 918/918/918 917/917/917 903/903/903
f 916/916/916 917/917/917 915/915/915
f 917/917/917 916/916/916 903/903/903
f 997/997/997 989/989/989 996/996/996
f 989/989/989 995/995/995 996/996/996
f 993/993/993 995/995/995 989/989/989
f 994/994/994 993/993/993 989/989/989
f 1000/1000/1000 996/996/996 999/999/999
f 999/999/999 993/993/993 998/998/998
f 1001/1001/1001 1000/1000/1000 999/999/999
f 1001/1001/1001 999/999/999 998/998/998
f 1003/1003/1003 1000/1000/1000 1001/1001/1001
f 1001/1001/1001 998/998/998 1002/1002/1002
f 1004/1004/1004 1003/1003/1003 1001/1001/1001
f 1004/1004/1004 1001/1001/1001 1002/1002/1002
f 1003/1003/1003 1004/1004/1004 1006/1006/1006
f 1002/1002/1002 1005/1005/1005 1004/1004/1004
f 1004/1004/1004 1007/1007/1007 1006/1006/1006
f 1005/1005/1005 1007/1007/1007 1004/1004/1004
f 1009/1009/1009 1006/1006/1006 1007/1007/1007
f 1007/1007/1007 1005/1005/1005 1008/1008/1008
f 1010/1010/1010 1009/1009/1009 1007/1007/1007
f 1010/1010/1010 1007/1007/1007 1008/1008/1008
f 1012/1012/1012 1009/1009/1009 1010/1010/1010
f 1010/1010/1010 1008/1008/1008 1011/1011/1011
f 1013/1013/1013 1012/1012/1012 1010/1010/1010
f 1013/1013/1013 1010/1010/1010 1011/1011/1011
f 1015/1015/1015 1012/1012/1012 1013/1013/1013
f 1013/1013/1013 1011/1011/1011 1014/1014/1014
f 1016/1016/1016 1015/1015/1015 1013/1013/1013
f 1016/1016/1016 1013/1013/1013 1014/1014/1014
f 1057/1057/1057 1056/1056/1056 1055/1055/1055
f 1058/1058/1058 1057/1057/1057 1055/1055/1055
f 1058/1058/1058 1055/1055/1055 1059/1059/1059
f 1269/1269/1269 1268/1268/1268 1267/1267/1267
f 1267/1267/1267 1268/1268/1268 1271/1271/1271
f 1269/1269/1269 1275/1275/1275 1268/1268/1268
f 1271/1271/1271 1273/1273/1273 1267/1267/1267
f 1268/1268/1268 1304/1304/1304 1271/1271/1271
f 1270/1270/1270 1269/1269/1269 1267/1267/1267
f 1271/1271/1271 1304/1304/1304 1307/1307/1307
f 1307/1307/1307 1273/1273/1273 1271/1271/1271
f 1268/1268/1268 1302/1302/1302 1304/1304/1304
f 1275/1275/1275 1302/1302/1302 1268/1268/1268
f 1273/1273/1273 1274/1274/1274 1267/1267/1267
f 1267/1267/1267 1274/1274/1274 1270/1270/1270
f 1307/1307/1307 1312/1312/1312 1273/1273/1273
f 1273/1273/1273 1281/1281/1281 1274/1274/1274
f 1312/1312/1312 1281/1281/1281 1273/1273/1273
f 1304/1304/1304 1309/1309/1309 1307/1307/1307
f 1312/1312/1312 1313/1313/1313 1281/1281/1281
f 1307/1307/1307 1311/1311/1311 1312/1312/1312
f 1312/1312/1312 1311/1311/1311 1313/1313/1313
f 1307/1307/1307 1309/1309/1309 1311/1311/1311
f 1313/1313/1313 1315/1315/1315 1281/1281/1281
f 1309/1309/1309 1304/1304/1304 1305/1305/1305
f 1302/1302/1302 1305/1305/1305 1304/1304/1304
f 1281/1281/1281 1279/1279/1279 1274/1274/1274
f 1281/1281/1281 1315/1315/1315 1279/1279/1279
f 1317/1317/1317 1315/1315/1315 1313/1313/1313
f 1317/1317/1317 1313/1313/1313 1311/1311/1311
f 1315/1315/1315 1316/1316/1316 1279/1279/1279
f 1316/1316/1316 1315/1315/1315 1317/1317/1317
f 1274/1274/1274 1279/1279/1279 1276/1276/1276
f 1274/1274/1274 1276/1276/1276 1270/1270/1270
f 1279/1279/1279 1316/1316/1316 1318/1318/1318
f 1279/1279/1279 1318/1318/1318 1276/1276/1276
f 1319/1319/1319 1316/1316/1316 1317/1317/1317
f 1270/1270/1270 1276/1276/1276 1278/1278/1278
f 1800/1800/1800 1319/1319/1319 1317/1317/1317
f 1317/1317/1317 1311/1311/1311 1800/1800/1800
f 1316/1316/1316 1319/1319/1319 1858/1858/1858
f 1316/1316/1316 1858/1858/1858 1318/1318/1318
f 1319/1319/1319 1800/1800/1800 1860/1860/1860
f 1319/1319/1319 1860/1860/1860 1858/1858/1858
f 1290/1290/1290 1276/1276/1276 1318/1318/1318
f 1276/1276/1276 1290/1290/1290 1278/1278/1278
f 1318/1318/1318 1858/1858/1858 1856/1856/1856
f 1856/1856/1856 1290/1290/1290 1318/1318/1318
f 1860/1860/1860 1859/1859/1859 1858/1858/1858
f 1858/1858/1858 1859/1859/1859 1856/1856/1856
f 1278/1278/1278 1290/1290/1290 1286/1286/1286
f 1290/1290/1290 1856/1856/1856 1286/1286/1286
f 1278/1278/1278 1272/1272/1272 1270/1270/1270
f 1272/1272/1272 1269/1269/1269 1270/1270/1270
f 1856/1856/1856 1859/1859/1859 1855/1855/1855
f 1856/1856/1856 1855/1855/1855 1286/1286/1286
f 1272/1272/1272 1277/1277/1277 1269/1269/1269
f 1277/1277/1277 1275/1275/1275 1269/1269/1269
f 1272/1272/1272 1278/1278/1278 1280/1280/1280
f 1278/1278/1278 1286/1286/1286 1280/1280/1280
f 1282/1282/1282 1277/1277/1277 1272/1272/1272
f 1280/1280/1280 1282/1282/1282 1272/1272/1272
f 1284/1284/1284 1280/1280/1280 1286/1286/1286
f 1284/1284/1284 1283/1283/1283 1280/1280/1280
f 1283/1283/1283 1282/1282/1282 1280/1280/1280
f 1287/1287/1287 1284/1284/1284 1286/1286/1286
f 1283/1283/1283 1285/1285/1285 1282/1282/1282
f 1286/1286/1286 1853/1853/1853 1287/1287/1287
f 1853/1853/1853 1286/1286/1286 1855/1855/1855
f 1285/1285/1285 1288/1288/1288 1282/1282/1282
f 1282/1282/1282 1288/1288/1288 1277/1277/1277
f 1285/1285/1285 1289/1289/1289 1288/1288/1288
f 1287/1287/1287 1853/1853/1853 1667/1667/1667
f 1289/1289/1289 1291/1291/1291 1288/1288/1288
f 1289/1289/1289 1292/1292/1292 1291/1291/1291
f 1288/1288/1288 1293/1293/1293 1277/1277/1277
f 1288/1288/1288 1291/1291/1291 1293/1293/1293
f 1277/1277/1277 1293/1293/1293 1275/1275/1275
f 1292/1292/1292 1294/1294/1294 1291/1291/1291
f 1292/1292/1292 1295/1295/1295 1294/1294/1294
f 1291/1291/1291 1296/1296/1296 1293/1293/1293
f 1296/1296/1296 1291/1291/1291 1294/1294/1294
f 1293/1293/1293 1297/1297/1297 1275/1275/1275
f 1293/1293/1293 1296/1296/1296 1297/1297/1297
f 1275/1275/1275 1297/1297/1297 1302/1302/1302
f 1295/1295/1295 1298/1298/1298 1294/1294/1294
f 1297/1297/1297 1303/1303/1303 1302/1302/1302
f 1298/1298/1298 1295/1295/1295 1299/1299/1299
f 1302/1302/1302 1303/1303/1303 1305/1305/1305
f 1296/1296/1296 1301/1301/1301 1297/1297/1297
f 1297/1297/1297 1301/1301/1301 1303/1303/1303
f 1300/1300/1300 1296/1296/1296 1294/1294/1294
f 1296/1296/1296 1300/1300/1300 1301/1301/1301
f 1294/1294/1294 1298/1298/1298 1300/1300/1300
f 1301/1301/1301 1306/1306/1306 1303/1303/1303
f 1300/1300/1300 1590/1590/1590 1301/1301/1301
f 1301/1301/1301 1590/1590/1590 1306/1306/1306
f 1298/1298/1298 1589/1589/1589 1300/1300/1300
f 1300/1300/1300 1589/1589/1589 1590/1590/1590
f 1303/1303/1303 1308/1308/1308 1305/1305/1305
f 1303/1303/1303 1306/1306/1306 1308/1308/1308
f 1305/1305/1305 1308/1308/1308 1310/1310/1310
f 1310/1310/1310 1309/1309/1309 1305/1305/1305
f 1306/1306/1306 1535/1535/1535 1308/1308/1308
f 1309/1309/1309 1310/1310/1310 1314/1314/1314
f 1309/1309/1309 1314/1314/1314 1311/1311/1311
f 1308/1308/1308 1533/1533/1533 1310/1310/1310
f 1308/1308/1308 1535/1535/1535 1533/1533/1533
f 1310/1310/1310 1532/1532/1532 1314/1314/1314
f 1310/1310/1310 1533/1533/1533 1532/1532/1532
f 1306/1306/1306 1538/1538/1538 1535/1535/1535
f 1590/1590/1590 1538/1538/1538 1306/1306/1306
f 1535/1535/1535 1534/1534/1534 1533/1533/1533
f 1590/1590/1590 1586/1586/1586 1538/1538/1538
f 1589/1589/1589 1586/1586/1586 1590/1590/1590
f 1538/1538/1538 1537/1537/1537 1535/1535/1535
f 1535/1535/1535 1537/1537/1537 1534/1534/1534
f 1586/1586/1586 1583/1583/1583 1538/1538/1538
f 1538/1538/1538 1583/1583/1583 1537/1537/1537
f 1533/1533/1533 1534/1534/1534 1529/1529/1529
f 1533/1533/1533 1529/1529/1529 1532/1532/1532
f 1583/1583/1583 1586/1586/1586 1585/1585/1585
f 1585/1585/1585 1586/1586/1586 1589/1589/1589
f 1583/1583/1583 1581/1581/1581 1537/1537/1537
f 1582/1582/1582 1583/1583/1583 1585/1585/1585
f 1583/1583/1583 1582/1582/1582 1581/1581/1581
f 1537/1537/1537 1536/1536/1536 1534/1534/1534
f 1537/1537/1537 1581/1581/1581 1539/1539/1539
f 1536/1536/1536 1537/1537/1537 1539/1539/1539
f 1582/1582/1582 1578/1578/1578 1581/1581/1581
f 1539/1539/1539 1581/1581/1581 1578/1578/1578
f 1534/1534/1534 1536/1536/1536 1530/1530/1530
f 1534/1534/1534 1530/1530/1530 1529/1529/1529
f 1536/1536/1536 1539/1539/1539 1531/1531/1531
f 1536/1536/1536 1531/1531/1531 1530/1530/1530
f 1542/1542/1542 1539/1539/1539 1578/1578/1578
f 1529/1529/1529 1530/1530/1530 1526/1526/1526
f 1539/1539/1539 1542/1542/1542 1540/1540/1540
f 1539/1539/1539 1540/1540/1540 1531/1531/1531
f 1530/1530/1530 1531/1531/1531 1527/1527/1527
f 1530/1530/1530 1527/1527/1527 1526/1526/1526
f 1531/1531/1531 1540/1540/1540 1528/1528/1528
f 1531/1531/1531 1528/1528/1528 1527/1527/1527
f 1529/1529/1529 1526/1526/1526 1375/1375/1375
f 1532/1532/1532 1529/1529/1529 1375/1375/1375
f 1526/1526/1526 1527/1527/1527 1524/1524/1524
f 1532/1532/1532 1375/1375/1375 1325/1325/1325
f 1314/1314/1314 1532/1532/1532 1325/1325/1325
f 1375/1375/1375 1526/1526/1526 1376/1376/1376
f 1376/1376/1376 1526/1526/1526 1524/1524/1524
f 1325/1325/1325 1375/1375/1375 1374/1374/1374
f 1374/1374/1374 1375/1375/1375 1376/1376/1376
f 1314/1314/1314 1325/1325/1325 1321/1321/1321
f 1311/1311/1311 1314/1314/1314 1321/1321/1321
f 1327/1327/1327 1325/1325/1325 1374/1374/1374
f 1321/1321/1321 1325/1325/1325 1327/1327/1327
f 1374/1374/1374 1376/1376/1376 1369/1369/1369
f 1374/1374/1374 1362/1362/1362 1327/1327/1327
f 1362/1362/1362 1374/1374/1374 1369/1369/1369
f 1376/1376/1376 1524/1524/1524 1373/1373/1373
f 1369/1369/1369 1376/1376/1376 1373/1373/1373
f 1524/1524/1524 1527/1527/1527 1525/1525/1525
f 1527/1527/1527 1528/1528/1528 1525/1525/1525
f 1373/1373/1373 1524/1524/1524 1377/1377/1377
f 1524/1524/1524 1525/1525/1525 1377/1377/1377
f 1525/1525/1525 1528/1528/1528 1522/1522/1522
f 1525/1525/1525 1522/1522/1522 1377/1377/1377
f 1369/1369/1369 1373/1373/1373 1368/1368/1368
f 1528/1528/1528 1541/1541/1541 1522/1522/1522
f 1540/1540/1540 1541/1541/1541 1528/1528/1528
f 1368/1368/1368 1373/1373/1373 1372/1372/1372
f 1373/1373/1373 1377/1377/1377 1372/1372/1372
f 1365/1365/1365 1369/1369/1369 1368/1368/1368
f 1362/1362/1362 1369/1369/1369 1365/1365/1365
f 1372/1372/1372 1366/1366/1366 1368/1368/1368
f 1365/1365/1365 1368/1368/1368 1363/1363/1363
f 1366/1366/1366 1363/1363/1363 1368/1368/1368
f 1359/1359/1359 1362/1362/1362 1365/1365/1365
f 1363/1363/1363 1366/1366/1366 1364/1364/1364
f 1361/1361/1361 1363/1363/1363 1364/1364/1364
f 1364/1364/1364 1366/1366/1366 1367/1367/1367
f 1360/1360/1360 1363/1363/1363 1361/1361/1361
f 1360/1360/1360 1365/1365/1365 1363/1363/1363
f 1359/1359/1359 1365/1365/1365 1360/1360/1360
f 1358/1358/1358 1360/1360/1360 1361/1361/1361
f 1366/1366/1366 1370/1370/1370 1367/1367/1367
f 1366/1366/1366 1372/1372/1372 1370/1370/1370
f 1371/1371/1371 1367/1367/1367 1370/1370/1370
f 1357/1357/1357 1360/1360/1360 1358/1358/1358
f 1357/1357/1357 1359/1359/1359 1360/1360/1360
f 1355/1355/1355 1357/1357/1357 1358/1358/1358
f 1372/1372/1372 1378/1378/1378 1370/1370/1370
f 1372/1372/1372 1377/1377/1377 1378/1378/1378
f 1354/1354/1354 1357/1357/1357 1355/1355/1355
f 1351/1351/1351 1354/1354/1354 1355/1355/1355
f 1350/1350/1350 1359/1359/1359 1357/1357/1357
f 1354/1354/1354 1350/1350/1350 1357/1357/1357
f 1329/1329/1329 1362/1362/1362 1359/1359/1359
f 1350/1350/1350 1329/1329/1329 1359/1359/1359
f 1362/1362/1362 1329/1329/1329 1327/1327/1327
f 1349/1349/1349 1354/1354/1354 1351/1351/1351
f 1352/1352/1352 1349/1349/1349 1351/1351/1351
f 1350/1350/1350 1354/1354/1354 1348/1348/1348
f 1354/1354/1354 1349/1349/1349 1348/1348/1348
f 1347/1347/1347 1329/1329/1329 1350/1350/1350
f 1348/1348/1348 1347/1347/1347 1350/1350/1350
f 1324/1324/1324 1327/1327/1327 1329/1329/1329
f 1324/1324/1324 1321/1321/1321 1327/1327/1327
f 1347/1347/1347 1331/1331/1331 1329/1329/1329
f 1328/1328/1328 1324/1324/1324 1329/1329/1329
f 1331/1331/1331 1328/1328/1328 1329/1329/1329
f 1328/1328/1328 1326/1326/1326 1324/1324/1324
f 1328/1328/1328 1331/1331/1331 1326/1326/1326
f 1324/1324/1324 1323/1323/1323 1321/1321/1321
f 1324/1324/1324 1326/1326/1326 1323/1323/1323
f 1331/1331/1331 1347/1347/1347 1333/1333/1333
f 1331/1331/1331 1333/1333/1333 1326/1326/1326
f 1347/1347/1347 1348/1348/1348 1337/1337/1337
f 1347/1347/1347 1337/1337/1337 1333/1333/1333
f 1326/1326/1326 1330/1330/1330 1323/1323/1323
f 1326/1326/1326 1333/1333/1333 1330/1330/1330
f 1323/1323/1323 1322/1322/1322 1321/1321/1321
f 1323/1323/1323 1330/1330/1330 1322/1322/1322
f 1333/1333/1333 1337/1337/1337 1334/1334/1334
f 1333/1333/1333 1334/1334/1334 1330/1330/1330
f 1348/1348/1348 1345/1345/1345 1337/1337/1337
f 1348/1348/1348 1349/1349/1349 1345/1345/1345
f 1330/1330/1330 1334/1334/1334 1332/1332/1332
f 1330/1330/1330 1332/1332/1332 1322/1322/1322
f 1337/1337/1337 1339/1339/1339 1334/1334/1334
f 1339/1339/1339 1337/1337/1337 1345/1345/1345
f 1334/1334/1334 1336/1336/1336 1332/1332/1332
f 1334/1334/1334 1339/1339/1339 1336/1336/1336
f 1335/1335/1335 1322/1322/1322 1332/1332/1332
f 1335/1335/1335 1332/1332/1332 1336/1336/1336
f 1322/1322/1322 1320/1320/1320 1321/1321/1321
f 1335/1335/1335 1320/1320/1320 1322/1322/1322
f 1311/1311/1311 1321/1321/1321 1320/1320/1320
f 1343/1343/1343 1339/1339/1339 1345/1345/1345
f 1345/1345/1345 1349/1349/1349 1343/1343/1343
f 1339/1339/1339 1340/1340/1340 1336/1336/1336
f 1339/1339/1339 1343/1343/1343 1340/1340/1340
f 1338/1338/1338 1335/1335/1335 1336/1336/1336
f 1336/1336/1336 1340/1340/1340 1338/1338/1338
f 1335/1335/1335 1341/1341/1341 1320/1320/1320
f 1341/1341/1341 1335/1335/1335 1338/1338/1338
f 1343/1343/1343 1344/1344/1344 1340/1340/1340
f 1340/1340/1340 1342/1342/1342 1338/1338/1338
f 1342/1342/1342 1340/1340/1340 1344/1344/1344
f 1338/1338/1338 1342/1342/1342 1341/1341/1341
f 1343/1343/1343 1346/1346/1346 1344/1344/1344
f 1349/1349/1349 1346/1346/1346 1343/1343/1343
f 1344/1344/1344 1782/1782/1782 1342/1342/1342
f 1346/1346/1346 1782/1782/1782 1344/1344/1344
f 1346/1346/1346 1349/1349/1349 1353/1353/1353
f 1352/1352/1352 1353/1353/1353 1349/1349/1349
f 1352/1352/1352 1356/1356/1356 1353/1353/1353
f 1346/1346/1346 1779/1779/1779 1782/1782/1782
f 1779/1779/1779 1346/1346/1346 1353/1353/1353
f 1782/1782/1782 1784/1784/1784 1342/1342/1342
f 1353/1353/1353 1777/1777/1777 1779/1779/1779
f 1356/1356/1356 1777/1777/1777 1353/1353/1353
f 1777/1777/1777 1778/1778/1778 1779/1779/1779
f 1776/1776/1776 1778/1778/1778 1777/1777/1777
f 1779/1779/1779 1783/1783/1783 1782/1782/1782
f 1782/1782/1782 1783/1783/1783 1784/1784/1784
f 1779/1779/1779 1781/1781/1781 1783/1783/1783
f 1342/1342/1342 1784/1784/1784 1787/1787/1787
f 1341/1341/1341 1342/1342/1342 1787/1787/1787
f 1783/1783/1783 1786/1786/1786 1784/1784/1784
f 1784/1784/1784 1786/1786/1786 1787/1787/1787
f 1781/1781/1781 1785/1785/1785 1783/1783/1783
f 1786/1786/1786 1783/1783/1783 1785/1785/1785
f 1796/1796/1796 1341/1341/1341 1787/1787/1787
f 1796/1796/1796 1320/1320/1320 1341/1341/1341
f 1311/1311/1311 1320/1320/1320 1796/1796/1796
f 1780/1780/1780 1785/1785/1785 1781/1781/1781
f 1776/1776/1776 1780/1780/1780 1781/1781/1781
f 1791/1791/1791 1786/1786/1786 1785/1785/1785
f 1785/1785/1785 1780/1780/1780 1789/1789/1789
f 1791/1791/1791 1785/1785/1785 1789/1789/1789
f 1786/1786/1786 1793/1793/1793 1787/1787/1787
f 1786/1786/1786 1791/1791/1791 1793/1793/1793
f 1796/1796/1796 1787/1787/1787 1802/1802/1802
f 1787/1787/1787 1793/1793/1793 1802/1802/1802
f 1789/1789/1789 1792/1792/1792 1791/1791/1791
f 1791/1791/1791 1794/1794/1794 1793/1793/1793
f 1792/1792/1792 1794/1794/1794 1791/1791/1791
f 1788/1788/1788 1789/1789/1789 1780/1780/1780
f 1793/1793/1793 1794/1794/1794 1799/1799/1799
f 1774/1774/1774 1788/1788/1788 1780/1780/1780
f 1774/1774/1774 1780/1780/1780 1776/1776/1776
f 1788/1788/1788 1790/1790/1790 1789/1789/1789
f 1790/1790/1790 1792/1792/1792 1789/1789/1789
f 1772/1772/1772 1788/1788/1788 1774/1774/1774
f 1790/1790/1790 1788/1788/1788 1772/1772/1772
f 1794/1794/1794 1792/1792/1792 1798/1798/1798
f 1799/1799/1799 1794/1794/1794 1798/1798/1798
f 1790/1790/1790 1797/1797/1797 1792/1792/1792
f 1797/1797/1797 1798/1798/1798 1792/1792/1792
f 1803/1803/1803 1793/1793/1793 1799/1799/1799
f 1793/1793/1793 1803/1803/1803 1802/1802/1802
f 1804/1804/1804 1799/1799/1799 1798/1798/1798
f 1803/1803/1803 1799/1799/1799 1804/1804/1804
f 1803/1803/1803 1805/1805/1805 1802/1802/1802
f 1805/1805/1805 1803/1803/1803 1804/1804/1804
f 1805/1805/1805 1806/1806/1806 1802/1802/1802
f 1802/1802/1802 1806/1806/1806 1796/1796/1796
f 1805/1805/1805 1804/1804/1804 1807/1807/1807
f 1806/1806/1806 1815/1815/1815 1796/1796/1796
f 1808/1808/1808 1805/1805/1805 1807/1807/1807
f 1806/1806/1806 1805/1805/1805 1808/1808/1808
f 1809/1809/1809 1807/1807/1807 1804/1804/1804
f 1808/1808/1808 1807/1807/1807 1809/1809/1809
f 1810/1810/1810 1804/1804/1804 1798/1798/1798
f 1810/1810/1810 1809/1809/1809 1804/1804/1804
f 1811/1811/1811 1806/1806/1806 1808/1808/1808
f 1815/1815/1815 1806/1806/1806 1811/1811/1811
f 1808/1808/1808 1809/1809/1809 1812/1812/1812
f 1812/1812/1812 1809/1809/1809 1810/1810/1810
f 1811/1811/1811 1808/1808/1808 1812/1812/1812
f 1813/1813/1813 1810/1810/1810 1798/1798/1798
f 1813/1813/1813 1812/1812/1812 1810/1810/1810
f 1797/1797/1797 1813/1813/1813 1798/1798/1798
f 1811/1811/1811 1812/1812/1812 1814/1814/1814
f 1814/1814/1814 1812/1812/1812 1813/1813/1813
f 1816/1816/1816 1815/1815/1815 1811/1811/1811
f 1825/1825/1825 1813/1813/1813 1797/1797/1797
f 1818/1818/1818 1816/1816/1816 1811/1811/1811
f 1811/1811/1811 1814/1814/1814 1818/1818/1818
f 1801/1801/1801 1815/1815/1815 1816/1816/1816
f 1801/1801/1801 1796/1796/1796 1815/1815/1815
f 1801/1801/1801 1311/1311/1311 1796/1796/1796
f 1800/1800/1800 1311/1311/1311 1801/1801/1801
f 1819/1819/1819 1816/1816/1816 1818/1818/1818
f 1819/1819/1819 1801/1801/1801 1816/1816/1816
f 1814/1814/1814 1820/1820/1820 1818/1818/1818
f 1823/1823/1823 1814/1814/1814 1813/1813/1813
f 1814/1814/1814 1823/1823/1823 1820/1820/1820
f 1825/1825/1825 1823/1823/1823 1813/1813/1813
f 1822/1822/1822 1818/1818/1818 1820/1820/1820
f 1822/1822/1822 1819/1819/1819 1818/1818/1818
f 1824/1824/1824 1820/1820/1820 1823/1823/1823
f 1824/1824/1824 1822/1822/1822 1820/1820/1820
f 1826/1826/1826 1824/1824/1824 1823/1823/1823
f 1826/1826/1826 1823/1823/1823 1825/1825/1825
f 1821/1821/1821 1819/1819/1819 1822/1822/1822
f 1819/1819/1819 1821/1821/1821 1801/1801/1801
f 1824/1824/1824 1827/1827/1827 1822/1822/1822
f 1824/1824/1824 1826/1826/1826 1827/1827/1827
f 1827/1827/1827 1821/1821/1821 1822/1822/1822
f 1828/1828/1828 1826/1826/1826 1825/1825/1825
f 1828/1828/1828 1827/1827/1827 1826/1826/1826
f 1795/1795/1795 1825/1825/1825 1797/1797/1797
f 1828/1828/1828 1825/1825/1825 1795/1795/1795
f 1795/1795/1795 1797/1797/1797 1790/1790/1790
f 1827/1827/1827 1872/1872/1872 1821/1821/1821
f 1790/1790/1790 1773/1773/1773 1795/1795/1795
f 1773/1773/1773 1790/1790/1790 1772/1772/1772
f 1821/1821/1821 1872/1872/1872 1869/1869/1869
f 1821/1821/1821 1869/1869/1869 1801/1801/1801
f 1871/1871/1871 1872/1872/1872 1827/1827/1827
f 1872/1872/1872 1871/1871/1871 1869/1869/1869
f 1870/1870/1870 1871/1871/1871 1827/1827/1827
f 1828/1828/1828 1870/1870/1870 1827/1827/1827
f 1869/1869/1869 1871/1871/1871 1866/1866/1866
f 1801/1801/1801 1869/1869/1869 1866/1866/1866
f 1871/1871/1871 1870/1870/1870 1868/1868/1868
f 1871/1871/1871 1868/1868/1868 1866/1866/1866
f 1870/1870/1870 1867/1867/1867 1868/1868/1868
f 1867/1867/1867 1870/1870/1870 1828/1828/1828
f 1866/1866/1866 1868/1868/1868 1865/1865/1865
f 1865/1865/1865 1868/1868/1868 1867/1867/1867
f 1817/1817/1817 1801/1801/1801 1866/1866/1866
f 1817/1817/1817 1800/1800/1800 1801/1801/1801
f 1800/1800/1800 1817/1817/1817 1860/1860/1860
f 1817/1817/1817 1866/1866/1866 1863/1863/1863
f 1863/1863/1863 1866/1866/1866 1865/1865/1865
f 1817/1817/1817 1862/1862/1862 1860/1860/1860
f 1862/1862/1862 1817/1817/1817 1863/1863/1863
f 1860/1860/1860 1862/1862/1862 1857/1857/1857
f 1859/1859/1859 1860/1860/1860 1857/1857/1857
f 1859/1859/1859 1857/1857/1857 1855/1855/1855
f 1862/1862/1862 1863/1863/1863 1861/1861/1861
f 1857/1857/1857 1862/1862/1862 1861/1861/1861
f 1855/1855/1855 1857/1857/1857 1852/1852/1852
f 1857/1857/1857 1861/1861/1861 1852/1852/1852
f 1852/1852/1852 1853/1853/1853 1855/1855/1855
f 1864/1864/1864 1861/1861/1861 1863/1863/1863
f 1865/1865/1865 1864/1864/1864 1863/1863/1863
f 1852/1852/1852 1861/1861/1861 1851/1851/1851
f 1861/1861/1861 1864/1864/1864 1851/1851/1851
f 1853/1853/1853 1852/1852/1852 1849/1849/1849
f 1852/1852/1852 1850/1850/1850 1849/1849/1849
f 1853/1853/1853 1849/1849/1849 1667/1667/1667
f 1849/1849/1849 1850/1850/1850 1847/1847/1847
f 1851/1851/1851 1864/1864/1864 1848/1848/1848
f 1847/1847/1847 1851/1851/1851 1848/1848/1848
f 1865/1865/1865 1854/1854/1854 1864/1864/1864
f 1854/1854/1854 1848/1848/1848 1864/1864/1864
f 1854/1854/1854 1865/1865/1865 1867/1867/1867
f 1846/1846/1846 1849/1849/1849 1847/1847/1847
f 1667/1667/1667 1849/1849/1849 1846/1846/1846
f 1854/1854/1854 1867/1867/1867 1843/1843/1843
f 1867/1867/1867 1828/1828/1828 1843/1843/1843
f 1848/1848/1848 1854/1854/1854 1845/1845/1845
f 1845/1845/1845 1854/1854/1854 1843/1843/1843
f 1847/1847/1847 1848/1848/1848 1844/1844/1844
f 1844/1844/1844 1848/1848/1848 1845/1845/1845
f 1847/1847/1847 1842/1842/1842 1846/1846/1846
f 1842/1842/1842 1847/1847/1847 1844/1844/1844
f 1687/1687/1687 1667/1667/1667 1846/1846/1846
f 1844/1844/1844 1845/1845/1845 1840/1840/1840
f 1840/1840/1840 1845/1845/1845 1843/1843/1843
f 1687/1687/1687 1846/1846/1846 1686/1686/1686
f 1842/1842/1842 1686/1686/1686 1846/1846/1846
f 1687/1687/1687 1686/1686/1686 1684/1684/1684
f 1842/1842/1842 1844/1844/1844 1841/1841/1841
f 1841/1841/1841 1844/1844/1844 1840/1840/1840
f 1839/1839/1839 1842/1842/1842 1841/1841/1841
f 1686/1686/1686 1842/1842/1842 1839/1839/1839
f 1840/1840/1840 1838/1838/1838 1841/1841/1841
f 1839/1839/1839 1841/1841/1841 1838/1838/1838
f 1830/1830/1830 1840/1840/1840 1843/1843/1843
f 1828/1828/1828 1830/1830/1830 1843/1843/1843
f 1838/1838/1838 1840/1840/1840 1837/1837/1837
f 1837/1837/1837 1840/1840/1840 1830/1830/1830
f 1836/1836/1836 1839/1839/1839 1838/1838/1838
f 1835/1835/1835 1838/1838/1838 1837/1837/1837
f 1836/1836/1836 1838/1838/1838 1835/1835/1835
f 1830/1830/1830 1832/1832/1832 1837/1837/1837
f 1837/1837/1837 1832/1832/1832 1835/1835/1835
f 1839/1839/1839 1836/1836/1836 1694/1694/1694
f 1694/1694/1694 1686/1686/1686 1839/1839/1839
f 1834/1834/1834 1836/1836/1836 1835/1835/1835
f 1836/1836/1836 1696/1696/1696 1694/1694/1694
f 1696/1696/1696 1836/1836/1836 1834/1834/1834
f 1688/1688/1688 1686/1686/1686 1694/1694/1694
f 1688/1688/1688 1694/1694/1694 1696/1696/1696
f 1686/1686/1686 1683/1683/1683 1684/1684/1684
f 1683/1683/1683 1686/1686/1686 1688/1688/1688
f 1684/1684/1684 1683/1683/1683 1681/1681/1681
f 1692/1692/1692 1688/1688/1688 1696/1696/1696
f 1683/1683/1683 1680/1680/1680 1681/1681/1681
f 1681/1681/1681 1680/1680/1680 1678/1678/1678
f 1685/1685/1685 1683/1683/1683 1688/1688/1688
f 1683/1683/1683 1685/1685/1685 1680/1680/1680
f 1688/1688/1688 1692/1692/1692 1685/1685/1685
f 1680/1680/1680 1677/1677/1677 1678/1678/1678
f 1678/1678/1678 1677/1677/1677 1674/1674/1674
f 1685/1685/1685 1682/1682/1682 1680/1680/1680
f 1680/1680/1680 1682/1682/1682 1677/1677/1677
f 1692/1692/1692 1689/1689/1689 1685/1685/1685
f 1685/1685/1685 1689/1689/1689 1682/1682/1682
f 1677/1677/1677 1673/1673/1673 1674/1674/1674
f 1674/1674/1674 1673/1673/1673 1671/1671/1671
f 1682/1682/1682 1679/1679/1679 1677/1677/1677
f 1677/1677/1677 1679/1679/1679 1673/1673/1673
f 1689/1689/1689 1690/1690/1690 1682/1682/1682
f 1682/1682/1682 1690/1690/1690 1679/1679/1679
f 1673/1673/1673 1670/1670/1670 1671/1671/1671
f 1671/1671/1671 1670/1670/1670 1669/1669/1669
f 1679/1679/1679 1676/1676/1676 1673/1673/1673
f 1670/1670/1670 1673/1673/1673 1676/1676/1676
f 1690/1690/1690 1691/1691/1691 1679/1679/1679
f 1679/1679/1679 1691/1691/1691 1676/1676/1676
f 1670/1670/1670 1668/1668/1668 1669/1669/1669
f 1642/1642/1642 1669/1669/1669 1668/1668/1668
f 1675/1675/1675 1670/1670/1670 1676/1676/1676
f 1670/1670/1670 1675/1675/1675 1668/1668/1668
f 1691/1691/1691 1693/1693/1693 1676/1676/1676
f 1676/1676/1676 1693/1693/1693 1675/1675/1675
f 1690/1690/1690 1733/1733/1733 1691/1691/1691
f 1691/1691/1691 1731/1731/1731 1693/1693/1693
f 1733/1733/1733 1731/1731/1731 1691/1691/1691
f 1689/1689/1689 1701/1701/1701 1690/1690/1690
f 1701/1701/1701 1733/1733/1733 1690/1690/1690
f 1692/1692/1692 1699/1699/1699 1689/1689/1689
f 1699/1699/1699 1701/1701/1701 1689/1689/1689
f 1692/1692/1692 1696/1696/1696 1698/1698/1698
f 1699/1699/1699 1692/1692/1692 1698/1698/1698
f 1698/1698/1698 1696/1696/1696 1834/1834/1834
f 1699/1699/1699 1736/1736/1736 1701/1701/1701
f 1699/1699/1699 1698/1698/1698 1738/1738/1738
f 1736/1736/1736 1699/1699/1699 1738/1738/1738
f 1698/1698/1698 1834/1834/1834 1757/1757/1757
f 1738/1738/1738 1698/1698/1698 1757/1757/1757
f 1736/1736/1736 1735/1735/1735 1701/1701/1701
f 1701/1701/1701 1735/1735/1735 1733/1733/1733
f 1736/1736/1736 1738/1738/1738 1739/1739/1739
f 1736/1736/1736 1739/1739/1739 1735/1735/1735
f 1738/1738/1738 1757/1757/1757 1756/1756/1756
f 1739/1739/1739 1738/1738/1738 1756/1756/1756
f 1757/1757/1757 1834/1834/1834 1833/1833/1833
f 1834/1834/1834 1835/1835/1835 1833/1833/1833
f 1832/1832/1832 1833/1833/1833 1835/1835/1835
f 1757/1757/1757 1833/1833/1833 1831/1831/1831
f 1832/1832/1832 1831/1831/1831 1833/1833/1833
f 1756/1756/1756 1757/1757/1757 1831/1831/1831
f 1832/1832/1832 1741/1741/1741 1831/1831/1831
f 1756/1756/1756 1831/1831/1831 1741/1741/1741
f 1739/1739/1739 1756/1756/1756 1741/1741/1741
f 1832/1832/1832 1830/1830/1830 1741/1741/1741
f 1741/1741/1741 1830/1830/1830 1828/1828/1828
f 1739/1739/1739 1737/1737/1737 1735/1735/1735
f 1739/1739/1739 1741/1741/1741 1737/1737/1737
f 1735/1735/1735 1734/1734/1734 1733/1733/1733
f 1734/1734/1734 1735/1735/1735 1737/1737/1737
f 1733/1733/1733 1734/1734/1734 1731/1731/1731
f 1741/1741/1741 1828/1828/1828 1829/1829/1829
f 1828/1828/1828 1795/1795/1795 1829/1829/1829
f 1829/1829/1829 1795/1795/1795 1773/1773/1773
f 1734/1734/1734 1732/1732/1732 1731/1731/1731
f 1740/1740/1740 1734/1734/1734 1737/1737/1737
f 1734/1734/1734 1740/1740/1740 1732/1732/1732
f 1741/1741/1741 1743/1743/1743 1737/1737/1737
f 1737/1737/1737 1743/1743/1743 1740/1740/1740
f 1731/1731/1731 1732/1732/1732 1729/1729/1729
f 1731/1731/1731 1729/1729/1729 1693/1693/1693
f 1740/1740/1740 1742/1742/1742 1732/1732/1732
f 1693/1693/1693 1729/1729/1729 1695/1695/1695
f 1693/1693/1693 1695/1695/1695 1675/1675/1675
f 1732/1732/1732 1730/1730/1730 1729/1729/1729
f 1732/1732/1732 1742/1742/1742 1730/1730/1730
f 1729/1729/1729 1726/1726/1726 1695/1695/1695
f 1729/1729/1729 1730/1730/1730 1726/1726/1726
f 1675/1675/1675 1695/1695/1695 1672/1672/1672
f 1675/1675/1675 1672/1672/1672 1668/1668/1668
f 1695/1695/1695 1726/1726/1726 1697/1697/1697
f 1695/1695/1695 1697/1697/1697 1672/1672/1672
f 1730/1730/1730 1727/1727/1727 1726/1726/1726
f 1643/1643/1643 1668/1668/1668 1672/1672/1672
f 1643/1643/1643 1642/1642/1642 1668/1668/1668
f 1726/1726/1726 1724/1724/1724 1697/1697/1697
f 1726/1726/1726 1727/1727/1727 1724/1724/1724
f 1703/1703/1703 1672/1672/1672 1697/1697/1697
f 1703/1703/1703 1697/1697/1697 1724/1724/1724
f 1641/1641/1641 1643/1643/1643 1672/1672/1672
f 1639/1639/1639 1642/1642/1642 1643/1643/1643
f 1641/1641/1641 1639/1639/1639 1643/1643/1643
f 1672/1672/1672 1703/1703/1703 1700/1700/1700
f 1700/1700/1700 1641/1641/1641 1672/1672/1672
f 1642/1642/1642 1639/1639/1639 1638/1638/1638
f 1640/1640/1640 1642/1642/1642 1638/1638/1638
f 1636/1636/1636 1639/1639/1639 1641/1641/1641
f 1648/1648/1648 1640/1640/1640 1647/1647/1647
f 1640/1640/1640 1646/1646/1646 1647/1647/1647
f 1644/1644/1644 1646/1646/1646 1640/1640/1640
f 1645/1645/1645 1644/1644/1644 1640/1640/1640
f 1640/1640/1640 1638/1638/1638 1299/1299/1299
f 1650/1650/1650 1644/1644/1644 1649/1649/1649
f 1651/1651/1651 1647/1647/1647 1650/1650/1650
f 1652/1652/1652 1650/1650/1650 1649/1649/1649
f 1652/1652/1652 1651/1651/1651 1650/1650/1650
f 1652/1652/1652 1649/1649/1649 1653/1653/1653
f 1654/1654/1654 1651/1651/1651 1652/1652/1652
f 1655/1655/1655 1652/1652/1652 1653/1653/1653
f 1655/1655/1655 1654/1654/1654 1652/1652/1652
f 1653/1653/1653 1656/1656/1656 1655/1655/1655
f 1654/1654/1654 1655/1655/1655 1657/1657/1657
f 1656/1656/1656 1658/1658/1658 1655/1655/1655
f 1655/1655/1655 1658/1658/1658 1657/1657/1657
f 1658/1658/1658 1656/1656/1656 1659/1659/1659
f 1660/1660/1660 1657/1657/1657 1658/1658/1658
f 1661/1661/1661 1658/1658/1658 1659/1659/1659
f 1661/1661/1661 1660/1660/1660 1658/1658/1658
f 1661/1661/1661 1659/1659/1659 1662/1662/1662
f 1663/1663/1663 1660/1660/1660 1661/1661/1661
f 1664/1664/1664 1661/1661/1661 1662/1662/1662
f 1664/1664/1664 1663/1663/1663 1661/1661/1661
f 1664/1664/1664 1662/1662/1662 1665/1665/1665
f 1666/1666/1666 1663/1663/1663 1664/1664/1664
f 1667/1667/1667 1664/1664/1664 1665/1665/1665
f 1667/1667/1667 1666/1666/1666 1664/1664/1664
f 1635/1635/1635 1638/1638/1638 1639/1639/1639
f 1636/1636/1636 1635/1635/1635 1639/1639/1639
f 1594/1594/1594 1638/1638/1638 1635/1635/1635
f 1638/1638/1638 1594/1594/1594 1299/1299/1299
f 1633/1633/1633 1635/1635/1635 1636/1636/1636
f 1591/1591/1591 1299/1299/1299 1594/1594/1594
f 1591/1591/1591 1298/1298/1298 1299/1299/1299
f 1589/1589/1589 1298/1298/1298 1591/1591/1591
f 1596/1596/1596 1594/1594/1594 1635/1635/1635
f 1596/1596/1596 1635/1635/1635 1633/1633/1633
f 1592/1592/1592 1591/1591/1591 1594/1594/1594
f 1589/1589/1589 1591/1591/1591 1592/1592/1592
f 1592/1592/1592 1594/1594/1594 1596/1596/1596
f 1588/1588/1588 1589/1589/1589 1592/1592/1592
f 1589/1589/1589 1588/1588/1588 1585/1585/1585
f 1593/1593/1593 1592/1592/1592 1596/1596/1596
f 1588/1588/1588 1592/1592/1592 1593/1593/1593
f 1588/1588/1588 1584/1584/1584 1585/1585/1585
f 1582/1582/1582 1585/1585/1585 1584/1584/1584
f 1587/1587/1587 1588/1588/1588 1593/1593/1593
f 1584/1584/1584 1588/1588/1588 1587/1587/1587
f 1593/1593/1593 1596/1596/1596 1599/1599/1599
f 1599/1599/1599 1596/1596/1596 1633/1633/1633
f 1587/1587/1587 1593/1593/1593 1595/1595/1595
f 1595/1595/1595 1593/1593/1593 1599/1599/1599
f 1579/1579/1579 1582/1582/1582 1584/1584/1584
f 1582/1582/1582 1579/1579/1579 1578/1578/1578
f 1580/1580/1580 1584/1584/1584 1587/1587/1587
f 1579/1579/1579 1584/1584/1584 1580/1580/1580
f 1575/1575/1575 1587/1587/1587 1595/1595/1595
f 1587/1587/1587 1575/1575/1575 1580/1580/1580
f 1595/1595/1595 1599/1599/1599 1597/1597/1597
f 1575/1575/1575 1595/1595/1595 1597/1597/1597
f 1579/1579/1579 1577/1577/1577 1578/1578/1578
f 1542/1542/1542 1578/1578/1578 1577/1577/1577
f 1576/1576/1576 1579/1579/1579 1580/1580/1580
f 1577/1577/1577 1579/1579/1579 1576/1576/1576
f 1575/1575/1575 1574/1574/1574 1580/1580/1580
f 1576/1576/1576 1580/1580/1580 1574/1574/1574
f 1571/1571/1571 1574/1574/1574 1575/1575/1575
f 1598/1598/1598 1575/1575/1575 1597/1597/1597
f 1570/1570/1570 1574/1574/1574 1571/1571/1571
f 1570/1570/1570 1576/1576/1576 1574/1574/1574
f 1562/1562/1562 1570/1570/1570 1571/1571/1571
f 1598/1598/1598 1597/1597/1597 1600/1600/1600
f 1601/1601/1601 1598/1598/1598 1600/1600/1600
f 1602/1602/1602 1601/1601/1601 1600/1600/1600
f 1603/1603/1603 1602/1602/1602 1600/1600/1600
f 1602/1602/1602 1603/1603/1603 1558/1558/1558
f 1603/1603/1603 1604/1604/1604 1558/1558/1558
f 1576/1576/1576 1570/1570/1570 1572/1572/1572
f 1572/1572/1572 1577/1577/1577 1576/1576/1576
f 1566/1566/1566 1570/1570/1570 1562/1562/1562
f 1570/1570/1570 1566/1566/1566 1572/1572/1572
f 1561/1561/1561 1566/1566/1566 1562/1562/1562
f 1560/1560/1560 1561/1561/1561 1562/1562/1562
f 1544/1544/1544 1561/1561/1561 1560/1560/1560
f 1573/1573/1573 1577/1577/1577 1572/1572/1572
f 1573/1573/1573 1542/1542/1542 1577/1577/1577
f 1542/1542/1542 1573/1573/1573 1540/1540/1540
f 1540/1540/1540 1573/1573/1573 1544/1544/1544
f 1569/1569/1569 1573/1573/1573 1572/1572/1572
f 1569/1569/1569 1572/1572/1572 1566/1566/1566
f 1573/1573/1573 1569/1569/1569 1544/1544/1544
f 1568/1568/1568 1569/1569/1569 1566/1566/1566
f 1569/1569/1569 1568/1568/1568 1544/1544/1544
f 1567/1567/1567 1568/1568/1568 1566/1566/1566
f 1568/1568/1568 1567/1567/1567 1544/1544/1544
f 1556/1556/1556 1544/1544/1544 1560/1560/1560
f 1540/1540/1540 1544/1544/1544 1541/1541/1541
f 1544/1544/1544 1556/1556/1556 1550/1550/1550
f 1544/1544/1544 1550/1550/1550 1541/1541/1541
f 1556/1556/1556 1553/1553/1553 1550/1550/1550
f 1556/1556/1556 1557/1557/1557 1553/1553/1553
f 1557/1557/1557 1556/1556/1556 1559/1559/1559
f 1557/1557/1557 1559/1559/1559 1558/1558/1558
f 1553/1553/1553 1549/1549/1549 1550/1550/1550
f 1557/1557/1557 1558/1558/1558 1555/1555/1555
f 1557/1557/1557 1555/1555/1555 1553/1553/1553
f 1549/1549/1549 1548/1548/1548 1550/1550/1550
f 1549/1549/1549 1510/1510/1510 1548/1548/1548
f 1555/1555/1555 1554/1554/1554 1553/1553/1553
f 1554/1554/1554 1511/1511/1511 1553/1553/1553
f 1555/1555/1555 1509/1509/1509 1554/1554/1554
f 1558/1558/1558 1509/1509/1509 1555/1555/1555
f 1511/1511/1511 1505/1505/1505 1510/1510/1510
f 1548/1548/1548 1510/1510/1510 1547/1547/1547
f 1558/1558/1558 1606/1606/1606 1605/1605/1605
f 1558/1558/1558 1605/1605/1605 1509/1509/1509
f 1510/1510/1510 1516/1516/1516 1547/1547/1547
f 1510/1510/1510 1514/1514/1514 1516/1516/1516
f 1610/1610/1610 1605/1605/1605 1609/1609/1609
f 1514/1514/1514 1513/1513/1513 1516/1516/1516
f 1514/1514/1514 1503/1503/1503 1513/1513/1513
f 1605/1605/1605 1610/1610/1610 1608/1608/1608
f 1605/1605/1605 1608/1608/1608 1509/1509/1509
f 1509/1509/1509 1608/1608/1608 1607/1607/1607
f 1610/1610/1610 1612/1612/1612 1608/1608/1608
f 1612/1612/1612 1611/1611/1611 1608/1608/1608
f 1610/1610/1610 1614/1614/1614 1613/1613/1613
f 1610/1610/1610 1613/1613/1613 1612/1612/1612
f 1612/1612/1612 1616/1616/1616 1615/1615/1615
f 1613/1613/1613 1616/1616/1616 1612/1612/1612
f 1613/1613/1613 1617/1617/1617 1616/1616/1616
f 1613/1613/1613 1604/1604/1604 1617/1617/1617
f 1604/1604/1604 1618/1618/1618 1617/1617/1617
f 1624/1624/1624 1618/1618/1618 1623/1623/1623
f 1627/1627/1627 1624/1624/1624 1623/1623/1623
f 1604/1604/1604 1620/1620/1620 1619/1619/1619
f 1629/1629/1629 1624/1624/1624 1627/1627/1627
f 1620/1620/1620 1621/1621/1621 1619/1619/1619
f 1622/1622/1622 1621/1621/1621 1620/1620/1620
f 1621/1621/1621 1622/1622/1622 1597/1597/1597
f 1597/1597/1597 1599/1599/1599 1621/1621/1621
f 1599/1599/1599 1633/1633/1633 1621/1621/1621
f 1626/1626/1626 1625/1625/1625 1621/1621/1621
f 1628/1628/1628 1626/1626/1626 1621/1621/1621
f 1621/1621/1621 1633/1633/1633 1634/1634/1634
f 1634/1634/1634 1633/1633/1633 1636/1636/1636
f 1630/1630/1630 1628/1628/1628 1621/1621/1621
f 1630/1630/1630 1621/1621/1621 1634/1634/1634
f 1628/1628/1628 1630/1630/1630 1631/1631/1631
f 1634/1634/1634 1636/1636/1636 1637/1637/1637
f 1637/1637/1637 1636/1636/1636 1641/1641/1641
f 1630/1630/1630 1634/1634/1634 1632/1632/1632
f 1632/1632/1632 1634/1634/1634 1637/1637/1637
f 1631/1631/1631 1630/1630/1630 1632/1632/1632
f 1637/1637/1637 1641/1641/1641 1700/1700/1700
f 1632/1632/1632 1637/1637/1637 1702/1702/1702
f 1702/1702/1702 1637/1637/1637 1700/1700/1700
f 1631/1631/1631 1632/1632/1632 1702/1702/1702
f 1702/1702/1702 1700/1700/1700 1704/1704/1704
f 1703/1703/1703 1704/1704/1704 1700/1700/1700
f 1702/1702/1702 1705/1705/1705 1631/1631/1631
f 1705/1705/1705 1702/1702/1702 1704/1704/1704
f 1704/1704/1704 1703/1703/1703 1721/1721/1721
f 1721/1721/1721 1703/1703/1703 1724/1724/1724
f 1705/1705/1705 1711/1711/1711 1631/1631/1631
f 1712/1712/1712 1631/1631/1631 1711/1711/1711
f 1705/1705/1705 1704/1704/1704 1719/1719/1719
f 1719/1719/1719 1704/1704/1704 1721/1721/1721
f 1711/1711/1711 1705/1705/1705 1718/1718/1718
f 1718/1718/1718 1705/1705/1705 1719/1719/1719
f 1712/1712/1712 1711/1711/1711 1716/1716/1716
f 1716/1716/1716 1711/1711/1711 1718/1718/1718
f 1714/1714/1714 1712/1712/1712 1716/1716/1716
f 1715/1715/1715 1714/1714/1714 1713/1713/1713
f 1713/1713/1713 1714/1714/1714 1717/1717/1717
f 1714/1714/1714 1716/1716/1716 1717/1717/1717
f 1718/1718/1718 1720/1720/1720 1716/1716/1716
f 1720/1720/1720 1717/1717/1717 1716/1716/1716
f 1718/1718/1718 1719/1719/1719 1722/1722/1722
f 1720/1720/1720 1718/1718/1718 1722/1722/1722
f 1721/1721/1721 1723/1723/1723 1719/1719/1719
f 1723/1723/1723 1722/1722/1722 1719/1719/1719
f 1724/1724/1724 1725/1725/1725 1721/1721/1721
f 1725/1725/1725 1723/1723/1723 1721/1721/1721
f 1727/1727/1727 1725/1725/1725 1724/1724/1724
f 1722/1722/1722 1723/1723/1723 1910/1910/1910
f 1723/1723/1723 1725/1725/1725 1728/1728/1728
f 1910/1910/1910 1723/1723/1723 1728/1728/1728
f 1728/1728/1728 1725/1725/1725 1727/1727/1727
f 1909/1909/1909 1722/1722/1722 1910/1910/1910
f 1720/1720/1720 1722/1722/1722 1909/1909/1909
f 1911/1911/1911 1910/1910/1910 1728/1728/1728
f 1911/1911/1911 1909/1909/1909 1910/1910/1910
f 1907/1907/1907 1720/1720/1720 1909/1909/1909
f 1717/1717/1717 1720/1720/1720 1907/1907/1907
f 1905/1905/1905 1717/1717/1717 1907/1907/1907
f 1906/1906/1906 1717/1717/1717 1905/1905/1905
f 1901/1901/1901 1906/1906/1906 1905/1905/1905
f 1901/1901/1901 1905/1905/1905 1907/1907/1907
f 1901/1901/1901 1907/1907/1907 1909/1909/1909
f 1911/1911/1911 1901/1901/1901 1909/1909/1909
f 1747/1747/1747 1728/1728/1728 1727/1727/1727
f 1750/1750/1750 1911/1911/1911 1728/1728/1728
f 1747/1747/1747 1750/1750/1750 1728/1728/1728
f 1745/1745/1745 1747/1747/1747 1727/1727/1727
f 1730/1730/1730 1745/1745/1745 1727/1727/1727
f 1742/1742/1742 1745/1745/1745 1730/1730/1730
f 1748/1748/1748 1750/1750/1750 1747/1747/1747
f 1745/1745/1745 1748/1748/1748 1747/1747/1747
f 1742/1742/1742 1746/1746/1746 1745/1745/1745
f 1746/1746/1746 1748/1748/1748 1745/1745/1745
f 1911/1911/1911 1750/1750/1750 1908/1908/1908
f 1901/1901/1901 1911/1911/1911 1908/1908/1908
f 1750/1750/1750 1748/1748/1748 1752/1752/1752
f 1750/1750/1750 1752/1752/1752 1908/1908/1908
f 1748/1748/1748 1746/1746/1746 1751/1751/1751
f 1748/1748/1748 1751/1751/1751 1752/1752/1752
f 1744/1744/1744 1746/1746/1746 1742/1742/1742
f 1740/1740/1740 1744/1744/1744 1742/1742/1742
f 1743/1743/1743 1744/1744/1744 1740/1740/1740
f 1746/1746/1746 1749/1749/1749 1751/1751/1751
f 1746/1746/1746 1744/1744/1744 1749/1749/1749
f 1473/1473/1473 1752/1752/1752 1751/1751/1751
f 1744/1744/1744 1743/1743/1743 1753/1753/1753
f 1744/1744/1744 1753/1753/1753 1749/1749/1749
f 1471/1471/1471 1473/1473/1473 1751/1751/1751
f 1471/1471/1471 1751/1751/1751 1749/1749/1749
f 1473/1473/1473 1469/1469/1469 1752/1752/1752
f 1469/1469/1469 1908/1908/1908 1752/1752/1752
f 1475/1475/1475 1471/1471/1471 1749/1749/1749
f 1475/1475/1475 1749/1749/1749 1753/1753/1753
f 1450/1450/1450 1473/1473/1473 1471/1471/1471
f 1473/1473/1473 1450/1450/1450 1469/1469/1469
f 1743/1743/1743 1754/1754/1754 1753/1753/1753
f 1743/1743/1743 1741/1741/1741 1754/1754/1754
f 1453/1453/1453 1475/1475/1475 1753/1753/1753
f 1453/1453/1453 1753/1753/1753 1754/1754/1754
f 1449/1449/1449 1471/1471/1471 1475/1475/1475
f 1449/1449/1449 1450/1450/1450 1471/1471/1471
f 1741/1741/1741 1755/1755/1755 1754/1754/1754
f 1741/1741/1741 1829/1829/1829 1755/1755/1755
f 1455/1455/1455 1453/1453/1453 1754/1754/1754
f 1455/1455/1455 1754/1754/1754 1755/1755/1755
f 1442/1442/1442 1475/1475/1475 1453/1453/1453
f 1442/1442/1442 1449/1449/1449 1475/1475/1475
f 1453/1453/1453 1455/1455/1455 1441/1441/1441
f 1441/1441/1441 1442/1442/1442 1453/1453/1453
f 1457/1457/1457 1455/1455/1455 1755/1755/1755
f 1427/1427/1427 1449/1449/1449 1442/1442/1442
f 1455/1455/1455 1440/1440/1440 1441/1441/1441
f 1440/1440/1440 1455/1455/1455 1457/1457/1457
f 1430/1430/1430 1442/1442/1442 1441/1441/1441
f 1430/1430/1430 1427/1427/1427 1442/1442/1442
f 1433/1433/1433 1430/1430/1430 1441/1441/1441
f 1433/1433/1433 1441/1441/1441 1440/1440/1440
f 1427/1427/1427 1424/1424/1424 1449/1449/1449
f 1424/1424/1424 1450/1450/1450 1449/1449/1449
f 1425/1425/1425 1427/1427/1427 1430/1430/1430
f 1424/1424/1424 1427/1427/1427 1422/1422/1422
f 1427/1427/1427 1425/1425/1425 1422/1422/1422
f 1428/1428/1428 1430/1430/1430 1433/1433/1433
f 1428/1428/1428 1425/1425/1425 1430/1430/1430
f 1423/1423/1423 1422/1422/1422 1425/1425/1425
f 1426/1426/1426 1423/1423/1423 1425/1425/1425
f 1426/1426/1426 1425/1425/1425 1428/1428/1428
f 1423/1423/1423 1420/1420/1420 1422/1422/1422
f 1429/1429/1429 1426/1426/1426 1428/1428/1428
f 1420/1420/1420 1419/1419/1419 1422/1422/1422
f 1422/1422/1422 1419/1419/1419 1424/1424/1424
f 1419/1419/1419 1420/1420/1420 1394/1394/1394
f 1429/1429/1429 1428/1428/1428 1431/1431/1431
f 1431/1431/1431 1428/1428/1428 1433/1433/1433
f 1432/1432/1432 1429/1429/1429 1431/1431/1431
f 1431/1431/1431 1433/1433/1433 1436/1436/1436
f 1436/1436/1436 1433/1433/1433 1440/1440/1440
f 1432/1432/1432 1431/1431/1431 1434/1434/1434
f 1434/1434/1434 1431/1431/1431 1436/1436/1436
f 1435/1435/1435 1432/1432/1432 1434/1434/1434
f 1436/1436/1436 1440/1440/1440 1443/1443/1443
f 1435/1435/1435 1434/1434/1434 1437/1437/1437
f 1438/1438/1438 1435/1435/1435 1437/1437/1437
f 1436/1436/1436 1439/1439/1439 1434/1434/1434
f 1439/1439/1439 1436/1436/1436 1443/1443/1443
f 1439/1439/1439 1437/1437/1437 1434/1434/1434
f 1443/1443/1443 1440/1440/1440 1446/1446/1446
f 1437/1437/1437 1775/1775/1775 1438/1438/1438
f 1438/1438/1438 1775/1775/1775 1356/1356/1356
f 1446/1446/1446 1440/1440/1440 1448/1448/1448
f 1448/1448/1448 1440/1440/1440 1457/1457/1457
f 1775/1775/1775 1777/1777/1777 1356/1356/1356
f 1775/1775/1775 1776/1776/1776 1777/1777/1777
f 1457/1457/1457 1758/1758/1758 1448/1448/1448
f 1448/1448/1448 1758/1758/1758 1446/1446/1446
f 1776/1776/1776 1775/1775/1775 1770/1770/1770
f 1775/1775/1775 1437/1437/1437 1770/1770/1770
f 1770/1770/1770 1774/1774/1774 1776/1776/1776
f 1457/1457/1457 1759/1759/1759 1758/1758/1758
f 1457/1457/1457 1755/1755/1755 1759/1759/1759
f 1771/1771/1771 1774/1774/1774 1770/1770/1770
f 1771/1771/1771 1772/1772/1772 1774/1774/1774
f 1759/1759/1759 1755/1755/1755 1761/1761/1761
f 1755/1755/1755 1829/1829/1829 1761/1761/1761
f 1759/1759/1759 1760/1760/1760 1758/1758/1758
f 1759/1759/1759 1761/1761/1761 1760/1760/1760
f 1758/1758/1758 1447/1447/1447 1446/1446/1446
f 1758/1758/1758 1760/1760/1760 1447/1447/1447
f 1446/1446/1446 1447/1447/1447 1443/1443/1443
f 1766/1766/1766 1761/1761/1761 1829/1829/1829
f 1766/1766/1766 1829/1829/1829 1773/1773/1773
f 1761/1761/1761 1763/1763/1763 1760/1760/1760
f 1766/1766/1766 1763/1763/1763 1761/1761/1761
f 1760/1760/1760 1762/1762/1762 1447/1447/1447
f 1760/1760/1760 1763/1763/1763 1762/1762/1762
f 1447/1447/1447 1445/1445/1445 1443/1443/1443
f 1447/1447/1447 1762/1762/1762 1445/1445/1445
f 1443/1443/1443 1445/1445/1445 1439/1439/1439
f 1763/1763/1763 1765/1765/1765 1762/1762/1762
f 1765/1765/1765 1763/1763/1763 1766/1766/1766
f 1445/1445/1445 1444/1444/1444 1439/1439/1439
f 1439/1439/1439 1444/1444/1444 1437/1437/1437
f 1762/1762/1762 1764/1764/1764 1445/1445/1445
f 1444/1444/1444 1445/1445/1445 1764/1764/1764
f 1762/1762/1762 1765/1765/1765 1764/1764/1764
f 1444/1444/1444 1767/1767/1767 1437/1437/1437
f 1767/1767/1767 1444/1444/1444 1764/1764/1764
f 1767/1767/1767 1770/1770/1770 1437/1437/1437
f 1767/1767/1767 1771/1771/1771 1770/1770/1770
f 1764/1764/1764 1768/1768/1768 1767/1767/1767
f 1768/1768/1768 1771/1771/1771 1767/1767/1767
f 1765/1765/1765 1768/1768/1768 1764/1764/1764
f 1772/1772/1772 1771/1771/1771 1768/1768/1768
f 1769/1769/1769 1765/1765/1765 1766/1766/1766
f 1765/1765/1765 1769/1769/1769 1768/1768/1768
f 1769/1769/1769 1772/1772/1772 1768/1768/1768
f 1773/1773/1773 1769/1769/1769 1766/1766/1766
f 1769/1769/1769 1773/1773/1773 1772/1772/1772
f 1356/1356/1356 1410/1410/1410 1412/1412/1412
f 1356/1356/1356 1411/1411/1411 1410/1410/1410
f 1410/1410/1410 1409/1409/1409 1412/1412/1412
f 1411/1411/1411 1408/1408/1408 1410/1410/1410
f 1410/1410/1410 1407/1407/1407 1409/1409/1409
f 1410/1410/1410 1408/1408/1408 1407/1407/1407
f 1407/1407/1407 1406/1406/1406 1409/1409/1409
f 1408/1408/1408 1405/1405/1405 1407/1407/1407
f 1407/1407/1407 1404/1404/1404 1406/1406/1406
f 1407/1407/1407 1405/1405/1405 1404/1404/1404
f 1404/1404/1404 1403/1403/1403 1406/1406/1406
f 1405/1405/1405 1402/1402/1402 1404/1404/1404
f 1403/1403/1403 1404/1404/1404 1401/1401/1401
f 1401/1401/1401 1404/1404/1404 1402/1402/1402
f 1400/1400/1400 1403/1403/1403 1401/1401/1401
f 1399/1399/1399 1401/1401/1401 1402/1402/1402
f 1401/1401/1401 1398/1398/1398 1400/1400/1400
f 1401/1401/1401 1399/1399/1399 1398/1398/1398
f 1398/1398/1398 1397/1397/1397 1400/1400/1400
f 1399/1399/1399 1396/1396/1396 1398/1398/1398
f 1398/1398/1398 1395/1395/1395 1397/1397/1397
f 1398/1398/1398 1396/1396/1396 1395/1395/1395
f 1395/1395/1395 1389/1389/1389 1397/1397/1397
f 1396/1396/1396 1392/1392/1392 1395/1395/1395
f 1390/1390/1390 1389/1389/1389 1387/1387/1387
f 1393/1393/1393 1387/1387/1387 1392/1392/1392
f 1389/1389/1389 1391/1391/1391 1387/1387/1387
f 1387/1387/1387 1391/1391/1391 1392/1392/1392
f 1387/1387/1387 1371/1371/1371 1386/1386/1386
f 1387/1387/1387 1386/1386/1386 1394/1394/1394
f 1371/1371/1371 1382/1382/1382 1386/1386/1386
f 1386/1386/1386 1414/1414/1414 1394/1394/1394
f 1382/1382/1382 1371/1371/1371 1380/1380/1380
f 1380/1380/1380 1371/1371/1371 1370/1370/1370
f 1380/1380/1380 1370/1370/1370 1378/1378/1378
f 1413/1413/1413 1386/1386/1386 1382/1382/1382
f 1414/1414/1414 1386/1386/1386 1413/1413/1413
f 1384/1384/1384 1382/1382/1382 1380/1380/1380
f 1384/1384/1384 1380/1380/1380 1378/1378/1378
f 1388/1388/1388 1413/1413/1413 1382/1382/1382
f 1388/1388/1388 1382/1382/1382 1384/1384/1384
f 1417/1417/1417 1394/1394/1394 1414/1414/1414
f 1417/1417/1417 1419/1419/1419 1394/1394/1394
f 1416/1416/1416 1414/1414/1414 1413/1413/1413
f 1421/1421/1421 1419/1419/1419 1417/1417/1417
f 1419/1419/1419 1421/1421/1421 1424/1424/1424
f 1418/1418/1418 1417/1417/1417 1414/1414/1414
f 1418/1418/1418 1414/1414/1414 1416/1416/1416
f 1421/1421/1421 1417/1417/1417 1418/1418/1418
f 1424/1424/1424 1421/1421/1421 1450/1450/1450
f 1416/1416/1416 1413/1413/1413 1415/1415/1415
f 1415/1415/1415 1413/1413/1413 1388/1388/1388
f 1458/1458/1458 1418/1418/1418 1416/1416/1416
f 1460/1460/1460 1416/1416/1416 1415/1415/1415
f 1458/1458/1458 1416/1416/1416 1460/1460/1460
f 1456/1456/1456 1421/1421/1421 1418/1418/1418
f 1456/1456/1456 1418/1418/1418 1458/1458/1458
f 1421/1421/1421 1451/1451/1451 1450/1450/1450
f 1421/1421/1421 1456/1456/1456 1454/1454/1454
f 1454/1454/1454 1451/1451/1451 1421/1421/1421
f 1451/1451/1451 1452/1452/1452 1450/1450/1450
f 1452/1452/1452 1451/1451/1451 1454/1454/1454
f 1452/1452/1452 1465/1465/1465 1450/1450/1450
f 1450/1450/1450 1465/1465/1465 1469/1469/1469
f 1463/1463/1463 1452/1452/1452 1454/1454/1454
f 1452/1452/1452 1463/1463/1463 1465/1465/1465
f 1456/1456/1456 1459/1459/1459 1454/1454/1454
f 1463/1463/1463 1454/1454/1454 1459/1459/1459
f 1469/1469/1469 1465/1465/1465 1468/1468/1468
f 1463/1463/1463 1468/1468/1468 1465/1465/1465
f 1459/1459/1459 1456/1456/1456 1461/1461/1461
f 1461/1461/1461 1456/1456/1456 1458/1458/1458
f 1467/1467/1467 1463/1463/1463 1459/1459/1459
f 1463/1463/1463 1467/1467/1467 1468/1468/1468
f 1464/1464/1464 1459/1459/1459 1461/1461/1461
f 1467/1467/1467 1459/1459/1459 1464/1464/1464
f 1461/1461/1461 1458/1458/1458 1462/1462/1462
f 1462/1462/1462 1458/1458/1458 1460/1460/1460
f 1461/1461/1461 1466/1466/1466 1464/1464/1464
f 1466/1466/1466 1461/1461/1461 1462/1462/1462
f 1916/1916/1916 1469/1469/1469 1468/1468/1468
f 1469/1469/1469 1916/1916/1916 1908/1908/1908
f 1467/1467/1467 1470/1470/1470 1468/1468/1468
f 1916/1916/1916 1468/1468/1468 1470/1470/1470
f 1472/1472/1472 1467/1467/1467 1464/1464/1464
f 1470/1470/1470 1467/1467/1467 1472/1472/1472
f 1915/1915/1915 1916/1916/1916 1470/1470/1470
f 1916/1916/1916 1915/1915/1915 1908/1908/1908
f 1472/1472/1472 1464/1464/1464 1474/1474/1474
f 1466/1466/1466 1474/1474/1474 1464/1464/1464
f 1479/1479/1479 1470/1470/1470 1472/1472/1472
f 1915/1915/1915 1470/1470/1470 1479/1479/1479
f 1476/1476/1476 1474/1474/1474 1466/1466/1466
f 1477/1477/1477 1472/1472/1472 1474/1474/1474
f 1477/1477/1477 1474/1474/1474 1476/1476/1476
f 1472/1472/1472 1477/1477/1477 1479/1479/1479
f 1478/1478/1478 1477/1477/1477 1476/1476/1476
f 1914/1914/1914 1915/1915/1915 1479/1479/1479
f 1915/1915/1915 1914/1914/1914 1908/1908/1908
f 1477/1477/1477 1480/1480/1480 1479/1479/1479
f 1914/1914/1914 1479/1479/1479 1480/1480/1480
f 1480/1480/1480 1477/1477/1477 1478/1478/1478
f 1914/1914/1914 1912/1912/1912 1908/1908/1908
f 1912/1912/1912 1914/1914/1914 1480/1480/1480
f 1913/1913/1913 1912/1912/1912 1480/1480/1480
f 1481/1481/1481 1480/1480/1480 1478/1478/1478
f 1482/1482/1482 1481/1481/1481 1478/1478/1478
f 1912/1912/1912 1913/1913/1913 1899/1899/1899
f 1908/1908/1908 1912/1912/1912 1899/1899/1899
f 1899/1899/1899 1481/1481/1481 1895/1895/1895
f 1901/1901/1901 1908/1908/1908 1899/1899/1899
f 1484/1484/1484 1478/1478/1478 1483/1483/1483
f 1484/1484/1484 1483/1483/1483 1485/1485/1485
f 1483/1483/1483 1486/1486/1486 1485/1485/1485
f 1483/1483/1483 1466/1466/1466 1486/1486/1486
f 1466/1466/1466 1462/1462/1462 1486/1486/1486
f 1895/1895/1895 1485/1485/1485 1877/1877/1877
f 1486/1486/1486 1462/1462/1462 1487/1487/1487
f 1462/1462/1462 1460/1460/1460 1487/1487/1487
f 1488/1488/1488 1486/1486/1486 1487/1487/1487
f 1487/1487/1487 1460/1460/1460 1489/1489/1489
f 1489/1489/1489 1488/1488/1488 1487/1487/1487
f 1460/1460/1460 1415/1415/1415 1489/1489/1489
f 1488/1488/1488 1489/1489/1489 1490/1490/1490
f 1489/1489/1489 1491/1491/1491 1490/1490/1490
f 1896/1896/1896 1895/1895/1895 1877/1877/1877
f 1895/1895/1895 1896/1896/1896 1899/1899/1899
f 1896/1896/1896 1898/1898/1898 1899/1899/1899
f 1901/1901/1901 1899/1899/1899 1898/1898/1898
f 1896/1896/1896 1877/1877/1877 1884/1884/1884
f 1884/1884/1884 1898/1898/1898 1896/1896/1896
f 1877/1877/1877 1875/1875/1875 1884/1884/1884
f 1877/1877/1877 1876/1876/1876 1875/1875/1875
f 1876/1876/1876 1874/1874/1874 1875/1875/1875
f 1897/1897/1897 1898/1898/1898 1884/1884/1884
f 1897/1897/1897 1901/1901/1901 1898/1898/1898
f 1893/1893/1893 1892/1892/1892 1884/1884/1884
f 1901/1901/1901 1897/1897/1897 1900/1900/1900
f 1629/1629/1629 1897/1897/1897 1884/1884/1884
f 1629/1629/1629 1900/1900/1900 1897/1897/1897
f 1629/1629/1629 1884/1884/1884 1892/1892/1892
f 1902/1902/1902 1901/1901/1901 1900/1900/1900
f 1902/1902/1902 1904/1904/1904 1901/1901/1901
f 1900/1900/1900 1627/1627/1627 1902/1902/1902
f 1900/1900/1900 1629/1629/1629 1627/1627/1627
f 1627/1627/1627 1903/1903/1903 1902/1902/1902
f 1889/1889/1889 1629/1629/1629 1892/1892/1892
f 1894/1894/1894 1629/1629/1629 1889/1889/1889
f 1888/1888/1888 1892/1892/1892 1891/1891/1891
f 1889/1889/1889 1892/1892/1892 1888/1888/1888
f 1886/1886/1886 1890/1890/1890 1889/1889/1889
f 1886/1886/1886 1889/1889/1889 1888/1888/1888
f 1886/1886/1886 1888/1888/1888 1887/1887/1887
f 1888/1888/1888 1883/1883/1883 1887/1887/1887
f 1885/1885/1885 1886/1886/1886 1887/1887/1887
f 1886/1886/1886 1885/1885/1885 1880/1880/1880
f 1883/1883/1883 1882/1882/1882 1881/1881/1881
f 1882/1882/1882 1873/1873/1873 1881/1881/1881
f 1878/1878/1878 1881/1881/1881 1873/1873/1873
f 1880/1880/1880 1878/1878/1878 1879/1879/1879
f 1878/1878/1878 1617/1617/1617 1879/1879/1879
f 1617/1617/1617 1878/1878/1878 1873/1873/1873
f 1617/1617/1617 1873/1873/1873 1616/1616/1616
f 1616/1616/1616 1873/1873/1873 1498/1498/1498
f 1873/1873/1873 1874/1874/1874 1498/1498/1498
f 1509/1509/1509 1498/1498/1498 1508/1508/1508
f 1507/1507/1507 1509/1509/1509 1508/1508/1508
f 1508/1508/1508 1502/1502/1502 1507/1507/1507
f 1502/1502/1502 1506/1506/1506 1507/1507/1507
f 1506/1506/1506 1502/1502/1502 1505/1505/1505
f 1498/1498/1498 1497/1497/1497 1495/1495/1495
f 1497/1497/1497 1496/1496/1496 1495/1495/1495
f 1495/1495/1495 1496/1496/1496 1489/1489/1489
f 1494/1494/1494 1495/1495/1495 1489/1489/1489
f 1493/1493/1493 1494/1494/1494 1489/1489/1489
f 1502/1502/1502 1500/1500/1500 1505/1505/1505
f 1502/1502/1502 1493/1493/1493 1500/1500/1500
f 1505/1505/1505 1500/1500/1500 1503/1503/1503
f 1493/1493/1493 1489/1489/1489 1492/1492/1492
f 1493/1493/1493 1492/1492/1492 1500/1500/1500
f 1489/1489/1489 1415/1415/1415 1492/1492/1492
f 1492/1492/1492 1415/1415/1415 1388/1388/1388
f 1492/1492/1492 1388/1388/1388 1499/1499/1499
f 1500/1500/1500 1492/1492/1492 1499/1499/1499
f 1499/1499/1499 1388/1388/1388 1384/1384/1384
f 1503/1503/1503 1500/1500/1500 1501/1501/1501
f 1500/1500/1500 1499/1499/1499 1501/1501/1501
f 1499/1499/1499 1384/1384/1384 1385/1385/1385
f 1501/1501/1501 1499/1499/1499 1385/1385/1385
f 1385/1385/1385 1384/1384/1384 1378/1378/1378
f 1501/1501/1501 1512/1512/1512 1503/1503/1503
f 1512/1512/1512 1513/1513/1513 1503/1503/1503
f 1501/1501/1501 1385/1385/1385 1504/1504/1504
f 1512/1512/1512 1501/1501/1501 1504/1504/1504
f 1378/1378/1378 1383/1383/1383 1385/1385/1385
f 1383/1383/1383 1504/1504/1504 1385/1385/1385
f 1513/1513/1513 1512/1512/1512 1517/1517/1517
f 1516/1516/1516 1513/1513/1513 1517/1517/1517
f 1512/1512/1512 1504/1504/1504 1515/1515/1515
f 1517/1517/1517 1512/1512/1512 1515/1515/1515
f 1383/1383/1383 1378/1378/1378 1379/1379/1379
f 1377/1377/1377 1379/1379/1379 1378/1378/1378
f 1504/1504/1504 1383/1383/1383 1518/1518/1518
f 1515/1515/1515 1504/1504/1504 1518/1518/1518
f 1383/1383/1383 1379/1379/1379 1381/1381/1381
f 1377/1377/1377 1381/1381/1381 1379/1379/1379
f 1518/1518/1518 1383/1383/1383 1381/1381/1381
f 1377/1377/1377 1520/1520/1520 1381/1381/1381
f 1381/1381/1381 1520/1520/1520 1518/1518/1518
f 1522/1522/1522 1520/1520/1520 1377/1377/1377
f 1520/1520/1520 1521/1521/1521 1518/1518/1518
f 1521/1521/1521 1520/1520/1520 1522/1522/1522
f 1518/1518/1518 1521/1521/1521 1515/1515/1515
f 1523/1523/1523 1521/1521/1521 1522/1522/1522
f 1521/1521/1521 1519/1519/1519 1515/1515/1515
f 1519/1519/1519 1521/1521/1521 1523/1523/1523
f 1517/1517/1517 1515/1515/1515 1519/1519/1519
f 1541/1541/1541 1523/1523/1523 1522/1522/1522
f 1545/1545/1545 1517/1517/1517 1519/1519/1519
f 1517/1517/1517 1545/1545/1545 1516/1516/1516
f 1543/1543/1543 1519/1519/1519 1523/1523/1523
f 1545/1545/1545 1519/1519/1519 1543/1543/1543
f 1541/1541/1541 1543/1543/1543 1523/1523/1523
f 1545/1545/1545 1547/1547/1547 1516/1516/1516
f 1546/1546/1546 1545/1545/1545 1543/1543/1543
f 1547/1547/1547 1545/1545/1545 1546/1546/1546
f 1541/1541/1541 1546/1546/1546 1543/1543/1543
f 1551/1551/1551 1547/1547/1547 1546/1546/1546
f 1541/1541/1541 1551/1551/1551 1546/1546/1546
f 1552/1552/1552 1547/1547/1547 1551/1551/1551
f 1541/1541/1541 1550/1550/1550 1551/1551/1551
f 1550/1550/1550 1552/1552/1552 1551/1551/1551
f 1565/1565/1565 1564/1564/1564 1563/1563/1563
f 1708/1708/1708 1707/1707/1707 1706/1706/1706
f 1709/1709/1709 1708/1708/1708 1706/1706/1706
f 1709/1709/1709 1706/1706/1706 1710/1710/1710
f 195/195/195 1918/1918/1918 1917/1917/1917
f 1919/1919/1919 195/195/195 1917/1917/1917
f 1920/1920/1920 1918/1918/1918 195/195/195
f 1921/1921/1921 1920/1920/1920 195/195/195
f 1923/1923/1923 1917/1917/1917 1922/1922/1922
f 1922/1922/1922 1920/1920/1920 1924/1924/1924
f 1925/1925/1925 1923/1923/1923 1922/1922/1922
f 1925/1925/1925 1922/1922/1922 1924/1924/1924
f 1926/1926/1926 1923/1923/1923 1925/1925/1925
f 1925/1925/1925 1924/1924/1924 1927/1927/1927
f 1928/1928/1928 1926/1926/1926 1925/1925/1925
f 1928/1928/1928 1925/1925/1925 1927/1927/1927
f 1926/1926/1926 1928/1928/1928 1929/1929/1929
f 1927/1927/1927 1930/1930/1930 1928/1928/1928
f 1928/1928/1928 1931/1931/1931 1929/1929/1929
f 1930/1930/1930 1931/1931/1931 1928/1928/1928
f 1932/1932/1932 1929/1929/1929 1931/1931/1931
f 1931/1931/1931 1930/1930/1930 1933/1933/1933
f 1934/1934/1934 1932/1932/1932 1931/1931/1931
f 1934/1934/1934 1931/1931/1931 1933/1933/1933
f 1935/1935/1935 1932/1932/1932 1934/1934/1934
f 1934/1934/1934 1933/1933/1933 1936/1936/1936
f 1937/1937/1937 1935/1935/1935 1934/1934/1934
f 1937/1937/1937 1934/1934/1934 1936/1936/1936
f 1938/1938/1938 1935/1935/1935 1937/1937/1937
f 1937/1937/1937 1936/1936/1936 1939/1939/1939
f 231/231/231 1938/1938/1938 1937/1937/1937
f 231/231/231 1937/1937/1937 1939/1939/1939
f 1965/1965/1965 1964/1964/1964 1963/1963/1963
f 1965/1965/1965 1967/1967/1967 1964/1964/1964
f 1963/1963/1963 1964/1964/1964 1966/1966/1966
f 1967/1967/1967 1965/1965/1965 1984/1984/1984
f 1967/1967/1967 1969/1969/1969 1964/1964/1964
f 1967/1967/1967 1984/1984/1984 1981/1981/1981
f 1967/1967/1967 1981/1981/1981 1969/1969/1969
f 1964/1964/1964 1970/1970/1970 1966/1966/1966
f 1964/1964/1964 1969/1969/1969 1970/1970/1970
f 1965/1965/1965 1986/1986/1986 1984/1984/1984
f 1969/1969/1969 1973/1973/1973 1970/1970/1970
f 1965/1965/1965 1988/1988/1988 1986/1986/1986
f 1988/1988/1988 1965/1965/1965 1963/1963/1963
f 1973/1973/1973 1969/1969/1969 1979/1979/1979
f 1981/1981/1981 1979/1979/1979 1969/1969/1969
f 1988/1988/1988 1963/1963/1963 1990/1990/1990
f 1981/1981/1981 1984/1984/1984 1985/1985/1985
f 1990/1990/1990 1963/1963/1963 1968/1968/1968
f 1963/1963/1963 1966/1966/1966 1968/1968/1968
f 1984/1984/1984 1987/1987/1987 1985/1985/1985
f 1984/1984/1984 1986/1986/1986 1987/1987/1987
f 1981/1981/1981 1985/1985/1985 1983/1983/1983
f 1981/1981/1981 1983/1983/1983 1979/1979/1979
f 1985/1985/1985 1987/1987/1987 2539/2539/2539
f 1985/1985/1985 2539/2539/2539 1983/1983/1983
f 1986/1986/1986 1989/1989/1989 1987/1987/1987
f 1987/1987/1987 2537/2537/2537 2539/2539/2539
f 1987/1987/1987 1989/1989/1989 2537/2537/2537
f 2538/2538/2538 2539/2539/2539 2537/2537/2537
f 2538/2538/2538 1983/1983/1983 2539/2539/2539
f 1989/1989/1989 2534/2534/2534 2537/2537/2537
f 2538/2538/2538 2537/2537/2537 2534/2534/2534
f 1986/1986/1986 1991/1991/1991 1989/1989/1989
f 1988/1988/1988 1991/1991/1991 1986/1986/1986
f 1989/1989/1989 2530/2530/2530 2534/2534/2534
f 1991/1991/1991 2530/2530/2530 1989/1989/1989
f 2535/2535/2535 2538/2538/2538 2534/2534/2534
f 1988/1988/1988 1992/1992/1992 1991/1991/1991
f 1992/1992/1992 1988/1988/1988 1990/1990/1990
f 2530/2530/2530 1991/1991/1991 1995/1995/1995
f 1992/1992/1992 1995/1995/1995 1991/1991/1991
f 2530/2530/2530 2531/2531/2531 2534/2534/2534
f 2534/2534/2534 2531/2531/2531 2535/2535/2535
f 2523/2523/2523 2530/2530/2530 1995/1995/1995
f 2530/2530/2530 2523/2523/2523 2531/2531/2531
f 2540/2540/2540 2538/2538/2538 2535/2535/2535
f 2538/2538/2538 2540/2540/2540 1983/1983/1983
f 2531/2531/2531 2532/2532/2532 2535/2535/2535
f 2535/2535/2535 2532/2532/2532 2540/2540/2540
f 2523/2523/2523 2529/2529/2529 2531/2531/2531
f 2532/2532/2532 2531/2531/2531 2529/2529/2529
f 1995/1995/1995 2001/2001/2001 2523/2523/2523
f 1992/1992/1992 2001/2001/2001 1995/1995/1995
f 2523/2523/2523 2522/2522/2522 2529/2529/2529
f 2001/2001/2001 2522/2522/2522 2523/2523/2523
f 2529/2529/2529 2528/2528/2528 2532/2532/2532
f 2522/2522/2522 2528/2528/2528 2529/2529/2529
f 1990/1990/1990 1994/1994/1994 1992/1992/1992
f 1994/1994/1994 2001/2001/2001 1992/1992/1992
f 1994/1994/1994 1990/1990/1990 1993/1993/1993
f 1990/1990/1990 1968/1968/1968 1993/1993/1993
f 2001/2001/2001 1994/1994/1994 1999/1999/1999
f 1999/1999/1999 1994/1994/1994 1997/1997/1997
f 1994/1994/1994 1993/1993/1993 1997/1997/1997
f 2002/2002/2002 2001/2001/2001 1999/1999/1999
f 1997/1997/1997 1993/1993/1993 1998/1998/1998
f 2002/2002/2002 2518/2518/2518 2001/2001/2001
f 2522/2522/2522 2001/2001/2001 2518/2518/2518
f 1993/1993/1993 1996/1996/1996 1998/1998/1998
f 1993/1993/1993 1968/1968/1968 1996/1996/1996
f 1998/1998/1998 1996/1996/1996 2000/2000/2000
f 2002/2002/2002 2125/2125/2125 2518/2518/2518
f 1996/1996/1996 2003/2003/2003 2000/2000/2000
f 2000/2000/2000 2003/2003/2003 2004/2004/2004
f 1968/1968/1968 1971/1971/1971 1996/1996/1996
f 1996/1996/1996 1971/1971/1971 2003/2003/2003
f 1968/1968/1968 1966/1966/1966 1971/1971/1971
f 2003/2003/2003 2005/2005/2005 2004/2004/2004
f 2004/2004/2004 2005/2005/2005 2006/2006/2006
f 1971/1971/1971 1975/1975/1975 2003/2003/2003
f 2005/2005/2005 2003/2003/2003 1975/1975/1975
f 1966/1966/1966 1972/1972/1972 1971/1971/1971
f 1971/1971/1971 1972/1972/1972 1975/1975/1975
f 1966/1966/1966 1970/1970/1970 1972/1972/1972
f 2005/2005/2005 2008/2008/2008 2006/2006/2006
f 1970/1970/1970 1974/1974/1974 1972/1972/1972
f 2009/2009/2009 2006/2006/2006 2008/2008/2008
f 1970/1970/1970 1973/1973/1973 1974/1974/1974
f 1972/1972/1972 1976/1976/1976 1975/1975/1975
f 1972/1972/1972 1974/1974/1974 1976/1976/1976
f 2007/2007/2007 2005/2005/2005 1975/1975/1975
f 1975/1975/1975 1976/1976/1976 2007/2007/2007
f 2005/2005/2005 2007/2007/2007 2008/2008/2008
f 1974/1974/1974 1978/1978/1978 1976/1976/1976
f 1976/1976/1976 2010/2010/2010 2007/2007/2007
f 1976/1976/1976 1978/1978/1978 2010/2010/2010
f 2007/2007/2007 2011/2011/2011 2008/2008/2008
f 2007/2007/2007 2010/2010/2010 2011/2011/2011
f 1973/1973/1973 1977/1977/1977 1974/1974/1974
f 1974/1974/1974 1977/1977/1977 1978/1978/1978
f 2012/2012/2012 2008/2008/2008 2011/2011/2011
f 2012/2012/2012 2009/2009/2009 2008/2008/2008
f 1973/1973/1973 1980/1980/1980 1977/1977/1977
f 1980/1980/1980 1973/1973/1973 1979/1979/1979
f 1977/1977/1977 2015/2015/2015 1978/1978/1978
f 1979/1979/1979 1982/1982/1982 1980/1980/1980
f 1983/1983/1983 1982/1982/1982 1979/1979/1979
f 1980/1980/1980 2017/2017/2017 1977/1977/1977
f 1977/1977/1977 2017/2017/2017 2015/2015/2015
f 1982/1982/1982 2020/2020/2020 1980/1980/1980
f 1980/1980/1980 2020/2020/2020 2017/2017/2017
f 1978/1978/1978 2015/2015/2015 2013/2013/2013
f 1978/1978/1978 2013/2013/2013 2010/2010/2010
f 2017/2017/2017 2019/2019/2019 2015/2015/2015
f 2010/2010/2010 2013/2013/2013 2014/2014/2014
f 2010/2010/2010 2014/2014/2014 2011/2011/2011
f 2015/2015/2015 2018/2018/2018 2013/2013/2013
f 2015/2015/2015 2019/2019/2019 2018/2018/2018
f 2013/2013/2013 2016/2016/2016 2014/2014/2014
f 2013/2013/2013 2018/2018/2018 2016/2016/2016
f 2078/2078/2078 2011/2011/2011 2014/2014/2014
f 2078/2078/2078 2014/2014/2014 2016/2016/2016
f 2017/2017/2017 2021/2021/2021 2019/2019/2019
f 2020/2020/2020 2021/2021/2021 2017/2017/2017
f 2019/2019/2019 2022/2022/2022 2018/2018/2018
f 2021/2021/2021 2024/2024/2024 2019/2019/2019
f 2019/2019/2019 2024/2024/2024 2022/2022/2022
f 2018/2018/2018 2041/2041/2041 2016/2016/2016
f 2022/2022/2022 2039/2039/2039 2018/2018/2018
f 2039/2039/2039 2041/2041/2041 2018/2018/2018
f 2024/2024/2024 2038/2038/2038 2022/2022/2022
f 2022/2022/2022 2038/2038/2038 2039/2039/2039
f 2016/2016/2016 2041/2041/2041 2043/2043/2043
f 2043/2043/2043 2078/2078/2078 2016/2016/2016
f 2048/2048/2048 2041/2041/2041 2039/2039/2039
f 2041/2041/2041 2048/2048/2048 2043/2043/2043
f 2074/2074/2074 2078/2078/2078 2043/2043/2043
f 2049/2049/2049 2048/2048/2048 2039/2039/2039
f 2043/2043/2043 2048/2048/2048 2050/2050/2050
f 2050/2050/2050 2074/2074/2074 2043/2043/2043
f 2051/2051/2051 2048/2048/2048 2049/2049/2049
f 2048/2048/2048 2051/2051/2051 2050/2050/2050
f 2042/2042/2042 2049/2049/2049 2039/2039/2039
f 2038/2038/2038 2042/2042/2042 2039/2039/2039
f 2052/2052/2052 2051/2051/2051 2049/2049/2049
f 2042/2042/2042 2052/2052/2052 2049/2049/2049
f 2056/2056/2056 2050/2050/2050 2051/2051/2051
f 2053/2053/2053 2051/2051/2051 2052/2052/2052
f 2053/2053/2053 2056/2056/2056 2051/2051/2051
f 2042/2042/2042 2055/2055/2055 2052/2052/2052
f 2055/2055/2055 2053/2053/2053 2052/2052/2052
f 2056/2056/2056 2070/2070/2070 2050/2050/2050
f 2070/2070/2070 2074/2074/2074 2050/2050/2050
f 2056/2056/2056 2053/2053/2053 2062/2062/2062
f 2078/2078/2078 2074/2074/2074 2080/2080/2080
f 2011/2011/2011 2078/2078/2078 2080/2080/2080
f 2068/2068/2068 2070/2070/2070 2056/2056/2056
f 2062/2062/2062 2068/2068/2068 2056/2056/2056
f 2070/2070/2070 2079/2079/2079 2074/2074/2074
f 2079/2079/2079 2080/2080/2080 2074/2074/2074
f 2070/2070/2070 2068/2068/2068 2069/2069/2069
f 2079/2079/2079 2070/2070/2070 2069/2069/2069
f 2067/2067/2067 2068/2068/2068 2062/2062/2062
f 2067/2067/2067 2069/2069/2069 2068/2068/2068
f 2063/2063/2063 2067/2067/2067 2062/2062/2062
f 2053/2053/2053 2058/2058/2058 2062/2062/2062
f 2063/2063/2063 2062/2062/2062 2058/2058/2058
f 2058/2058/2058 2053/2053/2053 2055/2055/2055
f 2064/2064/2064 2063/2063/2063 2058/2058/2058
f 2065/2065/2065 2063/2063/2063 2064/2064/2064
f 2065/2065/2065 2064/2064/2064 2057/2057/2057
f 2060/2060/2060 2058/2058/2058 2055/2055/2055
f 2061/2061/2061 2058/2058/2058 2060/2060/2060
f 2057/2057/2057 2061/2061/2061 2060/2060/2060
f 2057/2057/2057 2060/2060/2060 2055/2055/2055
f 2042/2042/2042 2057/2057/2057 2055/2055/2055
f 2066/2066/2066 2065/2065/2065 2057/2057/2057
f 2042/2042/2042 2045/2045/2045 2057/2057/2057
f 2057/2057/2057 2145/2145/2145 2066/2066/2066
f 2045/2045/2045 2145/2145/2145 2057/2057/2057
f 2038/2038/2038 2040/2040/2040 2042/2042/2042
f 2040/2040/2040 2045/2045/2045 2042/2042/2042
f 2036/2036/2036 2040/2040/2040 2038/2038/2038
f 2024/2024/2024 2036/2036/2036 2038/2038/2038
f 2044/2044/2044 2040/2040/2040 2036/2036/2036
f 2026/2026/2026 2036/2036/2036 2024/2024/2024
f 2021/2021/2021 2026/2026/2026 2024/2024/2024
f 2035/2035/2035 2044/2044/2044 2036/2036/2036
f 2035/2035/2035 2036/2036/2036 2026/2026/2026
f 2044/2044/2044 2047/2047/2047 2040/2040/2040
f 2047/2047/2047 2045/2045/2045 2040/2040/2040
f 2025/2025/2025 2026/2026/2026 2021/2021/2021
f 2020/2020/2020 2025/2025/2025 2021/2021/2021
f 2031/2031/2031 2035/2035/2035 2026/2026/2026
f 2031/2031/2031 2026/2026/2026 2025/2025/2025
f 2046/2046/2046 2044/2044/2044 2035/2035/2035
f 2044/2044/2044 2046/2046/2046 2047/2047/2047
f 2023/2023/2023 2025/2025/2025 2020/2020/2020
f 1982/1982/1982 2023/2023/2023 2020/2020/2020
f 2028/2028/2028 2031/2031/2031 2025/2025/2025
f 2028/2028/2028 2025/2025/2025 2023/2023/2023
f 2037/2037/2037 2035/2035/2035 2031/2031/2031
f 2037/2037/2037 2046/2046/2046 2035/2035/2035
f 2033/2033/2033 2031/2031/2031 2028/2028/2028
f 2033/2033/2033 2037/2037/2037 2031/2031/2031
f 2027/2027/2027 2023/2023/2023 1982/1982/1982
f 1983/1983/1983 2027/2027/2027 1982/1982/1982
f 2029/2029/2029 2028/2028/2028 2023/2023/2023
f 2029/2029/2029 2023/2023/2023 2027/2027/2027
f 2032/2032/2032 2033/2033/2033 2028/2028/2028
f 2028/2028/2028 2029/2029/2029 2032/2032/2032
f 2174/2174/2174 2037/2037/2037 2033/2033/2033
f 2185/2185/2185 2033/2033/2033 2032/2032/2032
f 2185/2185/2185 2174/2174/2174 2033/2033/2033
f 2029/2029/2029 2034/2034/2034 2032/2032/2032
f 2174/2174/2174 2173/2173/2173 2037/2037/2037
f 2173/2173/2173 2046/2046/2046 2037/2037/2037
f 2188/2188/2188 2185/2185/2185 2032/2032/2032
f 2188/2188/2188 2032/2032/2032 2034/2034/2034
f 2183/2183/2183 2174/2174/2174 2185/2185/2185
f 2034/2034/2034 2029/2029/2029 2030/2030/2030
f 2030/2030/2030 2029/2029/2029 2027/2027/2027
f 2186/2186/2186 2183/2183/2183 2185/2185/2185
f 2186/2186/2186 2185/2185/2185 2188/2188/2188
f 2174/2174/2174 2183/2183/2183 2178/2178/2178
f 2173/2173/2173 2174/2174/2174 2178/2178/2178
f 2184/2184/2184 2183/2183/2183 2186/2186/2186
f 2184/2184/2184 2181/2181/2181 2183/2183/2183
f 2181/2181/2181 2178/2178/2178 2183/2183/2183
f 2187/2187/2187 2184/2184/2184 2186/2186/2186
f 2181/2181/2181 2180/2180/2180 2178/2178/2178
f 2187/2187/2187 2186/2186/2186 2189/2189/2189
f 2189/2189/2189 2186/2186/2186 2188/2188/2188
f 2190/2190/2190 2187/2187/2187 2189/2189/2189
f 2180/2180/2180 2175/2175/2175 2178/2178/2178
f 2178/2178/2178 2175/2175/2175 2173/2173/2173
f 2175/2175/2175 2180/2180/2180 2179/2179/2179
f 2190/2190/2190 2189/2189/2189 2191/2191/2191
f 2191/2191/2191 2189/2189/2189 2188/2188/2188
f 2192/2192/2192 2190/2190/2190 2191/2191/2191
f 2175/2175/2175 2172/2172/2172 2173/2173/2173
f 2173/2173/2173 2172/2172/2172 2046/2046/2046
f 2192/2192/2192 2191/2191/2191 2193/2193/2193
f 2194/2194/2194 2192/2192/2192 2193/2193/2193
f 2188/2188/2188 2195/2195/2195 2191/2191/2191
f 2195/2195/2195 2193/2193/2193 2191/2191/2191
f 2195/2195/2195 2188/2188/2188 2196/2196/2196
f 2188/2188/2188 2034/2034/2034 2196/2196/2196
f 2193/2193/2193 2208/2208/2208 2194/2194/2194
f 2194/2194/2194 2208/2208/2208 2209/2209/2209
f 2196/2196/2196 2034/2034/2034 2197/2197/2197
f 2197/2197/2197 2034/2034/2034 2198/2198/2198
f 2198/2198/2198 2034/2034/2034 2030/2030/2030
f 2198/2198/2198 2200/2200/2200 2197/2197/2197
f 2030/2030/2030 2200/2200/2200 2198/2198/2198
f 2197/2197/2197 2199/2199/2199 2196/2196/2196
f 2200/2200/2200 2199/2199/2199 2197/2197/2197
f 2196/2196/2196 2202/2202/2202 2195/2195/2195
f 2199/2199/2199 2202/2202/2202 2196/2196/2196
f 2030/2030/2030 2201/2201/2201 2200/2200/2200
f 2030/2030/2030 2027/2027/2027 2201/2201/2201
f 2200/2200/2200 2203/2203/2203 2199/2199/2199
f 2201/2201/2201 2203/2203/2203 2200/2200/2200
f 2199/2199/2199 2204/2204/2204 2202/2202/2202
f 2203/2203/2203 2204/2204/2204 2199/2199/2199
f 2202/2202/2202 2205/2205/2205 2195/2195/2195
f 2195/2195/2195 2205/2205/2205 2193/2193/2193
f 2201/2201/2201 2215/2215/2215 2203/2203/2203
f 2201/2201/2201 2027/2027/2027 2215/2215/2215
f 2205/2205/2205 2202/2202/2202 2206/2206/2206
f 2204/2204/2204 2206/2206/2206 2202/2202/2202
f 2205/2205/2205 2207/2207/2207 2193/2193/2193
f 2207/2207/2207 2205/2205/2205 2206/2206/2206
f 2203/2203/2203 2214/2214/2214 2204/2204/2204
f 2215/2215/2215 2214/2214/2214 2203/2203/2203
f 2204/2204/2204 2213/2213/2213 2206/2206/2206
f 2214/2214/2214 2213/2213/2213 2204/2204/2204
f 2027/2027/2027 2542/2542/2542 2215/2215/2215
f 2542/2542/2542 2027/2027/2027 1983/1983/1983
f 2216/2216/2216 2214/2214/2214 2215/2215/2215
f 2216/2216/2216 2215/2215/2215 2542/2542/2542
f 2213/2213/2213 2214/2214/2214 2216/2216/2216
f 2543/2543/2543 2542/2542/2542 1983/1983/1983
f 2213/2213/2213 2211/2211/2211 2206/2206/2206
f 2206/2206/2206 2211/2211/2211 2207/2207/2207
f 2217/2217/2217 2213/2213/2213 2216/2216/2216
f 2213/2213/2213 2217/2217/2217 2211/2211/2211
f 2216/2216/2216 2542/2542/2542 2220/2220/2220
f 2220/2220/2220 2217/2217/2217 2216/2216/2216
f 2220/2220/2220 2542/2542/2542 2543/2543/2543
f 2217/2217/2217 2218/2218/2218 2211/2211/2211
f 2217/2217/2217 2220/2220/2220 2218/2218/2218
f 2211/2211/2211 2212/2212/2212 2207/2207/2207
f 2218/2218/2218 2212/2212/2212 2211/2211/2211
f 2207/2207/2207 2210/2210/2210 2193/2193/2193
f 2207/2207/2207 2212/2212/2212 2210/2210/2210
f 2208/2208/2208 2193/2193/2193 2210/2210/2210
f 2212/2212/2212 2218/2218/2218 2219/2219/2219
f 2212/2212/2212 2219/2219/2219 2210/2210/2210
f 2221/2221/2221 2208/2208/2208 2210/2210/2210
f 2210/2210/2210 2219/2219/2219 2221/2221/2221
f 2208/2208/2208 2221/2221/2221 2223/2223/2223
f 2208/2208/2208 2223/2223/2223 2209/2209/2209
f 2221/2221/2221 2225/2225/2225 2223/2223/2223
f 2223/2223/2223 2225/2225/2225 2227/2227/2227
f 2219/2219/2219 2224/2224/2224 2221/2221/2221
f 2221/2221/2221 2224/2224/2224 2226/2226/2226
f 2218/2218/2218 2222/2222/2222 2219/2219/2219
f 2219/2219/2219 2222/2222/2222 2224/2224/2224
f 2232/2232/2232 2222/2222/2222 2218/2218/2218
f 2220/2220/2220 2232/2232/2232 2218/2218/2218
f 2222/2222/2222 2231/2231/2231 2224/2224/2224
f 2222/2222/2222 2232/2232/2232 2231/2231/2231
f 2224/2224/2224 2228/2228/2228 2226/2226/2226
f 2228/2228/2228 2224/2224/2224 2231/2231/2231
f 2220/2220/2220 2545/2545/2545 2232/2232/2232
f 2543/2543/2543 2545/2545/2545 2220/2220/2220
f 2232/2232/2232 2234/2234/2234 2231/2231/2231
f 2232/2232/2232 2545/2545/2545 2234/2234/2234
f 2233/2233/2233 2228/2228/2228 2231/2231/2231
f 2231/2231/2231 2234/2234/2234 2233/2233/2233
f 2226/2226/2226 2228/2228/2228 2230/2230/2230
f 2227/2227/2227 2226/2226/2226 2230/2230/2230
f 2233/2233/2233 2235/2235/2235 2228/2228/2228
f 2235/2235/2235 2230/2230/2230 2228/2228/2228
f 2234/2234/2234 2574/2574/2574 2233/2233/2233
f 2230/2230/2230 2235/2235/2235 2237/2237/2237
f 2233/2233/2233 2574/2574/2574 2238/2238/2238
f 2235/2235/2235 2233/2233/2233 2238/2238/2238
f 2236/2236/2236 2230/2230/2230 2237/2237/2237
f 2227/2227/2227 2230/2230/2230 2236/2236/2236
f 2237/2237/2237 2235/2235/2235 2240/2240/2240
f 2235/2235/2235 2238/2238/2238 2240/2240/2240
f 2236/2236/2236 2237/2237/2237 2241/2241/2241
f 2241/2241/2241 2237/2237/2237 2240/2240/2240
f 2239/2239/2239 2227/2227/2227 2236/2236/2236
f 2240/2240/2240 2238/2238/2238 2572/2572/2572
f 2239/2239/2239 2236/2236/2236 2242/2242/2242
f 2242/2242/2242 2236/2236/2236 2241/2241/2241
f 2227/2227/2227 2239/2239/2239 2229/2229/2229
f 2229/2229/2229 2223/2223/2223 2227/2227/2227
f 2209/2209/2209 2223/2223/2223 2229/2229/2229
f 2244/2244/2244 2239/2239/2239 2242/2242/2242
f 2246/2246/2246 2209/2209/2209 2229/2229/2229
f 2239/2239/2239 2243/2243/2243 2229/2229/2229
f 2246/2246/2246 2229/2229/2229 2243/2243/2243
f 2243/2243/2243 2239/2239/2239 2244/2244/2244
f 2246/2246/2246 2243/2243/2243 2247/2247/2247
f 2244/2244/2244 2242/2242/2242 2245/2245/2245
f 2241/2241/2241 2245/2245/2245 2242/2242/2242
f 2243/2243/2243 2249/2249/2249 2247/2247/2247
f 2247/2247/2247 2249/2249/2249 2250/2250/2250
f 2248/2248/2248 2243/2243/2243 2244/2244/2244
f 2249/2249/2249 2253/2253/2253 2250/2250/2250
f 2250/2250/2250 2253/2253/2253 2254/2254/2254
f 2249/2249/2249 2243/2243/2243 2251/2251/2251
f 2251/2251/2251 2243/2243/2243 2248/2248/2248
f 2249/2249/2249 2255/2255/2255 2253/2253/2253
f 2255/2255/2255 2249/2249/2249 2251/2251/2251
f 2253/2253/2253 2257/2257/2257 2254/2254/2254
f 2254/2254/2254 2257/2257/2257 2258/2258/2258
f 2255/2255/2255 2259/2259/2259 2253/2253/2253
f 2253/2253/2253 2259/2259/2259 2257/2257/2257
f 2257/2257/2257 2261/2261/2261 2258/2258/2258
f 2258/2258/2258 2261/2261/2261 2262/2262/2262
f 2259/2259/2259 2263/2263/2263 2257/2257/2257
f 2257/2257/2257 2263/2263/2263 2261/2261/2261
f 2261/2261/2261 2265/2265/2265 2262/2262/2262
f 2262/2262/2262 2265/2265/2265 2266/2266/2266
f 2263/2263/2263 2267/2267/2267 2261/2261/2261
f 2265/2265/2265 2261/2261/2261 2267/2267/2267
f 2265/2265/2265 2269/2269/2269 2266/2266/2266
f 2270/2270/2270 2266/2266/2266 2269/2269/2269
f 2271/2271/2271 2265/2265/2265 2267/2267/2267
f 2265/2265/2265 2271/2271/2271 2269/2269/2269
f 2263/2263/2263 2272/2272/2272 2267/2267/2267
f 2267/2267/2267 2273/2273/2273 2271/2271/2271
f 2272/2272/2272 2273/2273/2273 2267/2267/2267
f 2259/2259/2259 2268/2268/2268 2263/2263/2263
f 2268/2268/2268 2272/2272/2272 2263/2263/2263
f 2255/2255/2255 2264/2264/2264 2259/2259/2259
f 2264/2264/2264 2268/2268/2268 2259/2259/2259
f 2251/2251/2251 2260/2260/2260 2255/2255/2255
f 2260/2260/2260 2264/2264/2264 2255/2255/2255
f 2260/2260/2260 2251/2251/2251 2256/2256/2256
f 2251/2251/2251 2248/2248/2248 2256/2256/2256
f 2260/2260/2260 2430/2430/2430 2264/2264/2264
f 2252/2252/2252 2256/2256/2256 2248/2248/2248
f 2244/2244/2244 2252/2252/2252 2248/2248/2248
f 2252/2252/2252 2244/2244/2244 2245/2245/2245
f 2260/2260/2260 2256/2256/2256 2431/2431/2431
f 2430/2430/2430 2260/2260/2260 2431/2431/2431
f 2256/2256/2256 2252/2252/2252 2433/2433/2433
f 2431/2431/2431 2256/2256/2256 2433/2433/2433
f 2252/2252/2252 2245/2245/2245 2436/2436/2436
f 2433/2433/2433 2252/2252/2252 2436/2436/2436
f 2436/2436/2436 2245/2245/2245 2438/2438/2438
f 2245/2245/2245 2241/2241/2241 2438/2438/2438
f 2433/2433/2433 2436/2436/2436 2437/2437/2437
f 2438/2438/2438 2241/2241/2241 2441/2441/2441
f 2441/2441/2441 2241/2241/2241 2240/2240/2240
f 2438/2438/2438 2439/2439/2439 2436/2436/2436
f 2439/2439/2439 2437/2437/2437 2436/2436/2436
f 2441/2441/2441 2439/2439/2439 2438/2438/2438
f 2441/2441/2441 2240/2240/2240 2572/2572/2572
f 2434/2434/2434 2433/2433/2433 2437/2437/2437
f 2431/2431/2431 2433/2433/2433 2434/2434/2434
f 2439/2439/2439 2440/2440/2440 2437/2437/2437
f 2434/2434/2434 2437/2437/2437 2440/2440/2440
f 2439/2439/2439 2441/2441/2441 2442/2442/2442
f 2439/2439/2439 2442/2442/2442 2440/2440/2440
f 2432/2432/2432 2431/2431/2431 2434/2434/2434
f 2430/2430/2430 2431/2431/2431 2432/2432/2432
f 2435/2435/2435 2434/2434/2434 2440/2440/2440
f 2432/2432/2432 2434/2434/2434 2435/2435/2435
f 2429/2429/2429 2430/2430/2430 2432/2432/2432
f 2430/2430/2430 2429/2429/2429 2264/2264/2264
f 2429/2429/2429 2432/2432/2432 2428/2428/2428
f 2429/2429/2429 2428/2428/2428 2264/2264/2264
f 2428/2428/2428 2432/2432/2432 2435/2435/2435
f 2435/2435/2435 2440/2440/2440 2426/2426/2426
f 2428/2428/2428 2435/2435/2435 2426/2426/2426
f 2440/2440/2440 2442/2442/2442 2426/2426/2426
f 2428/2428/2428 2417/2417/2417 2264/2264/2264
f 2428/2428/2428 2426/2426/2426 2417/2417/2417
f 2268/2268/2268 2264/2264/2264 2417/2417/2417
f 2442/2442/2442 2441/2441/2441 2571/2571/2571
f 2441/2441/2441 2572/2572/2572 2571/2571/2571
f 2415/2415/2415 2268/2268/2268 2417/2417/2417
f 2268/2268/2268 2415/2415/2415 2272/2272/2272
f 2426/2426/2426 2419/2419/2419 2417/2417/2417
f 2417/2417/2417 2419/2419/2419 2415/2415/2415
f 2426/2426/2426 2442/2442/2442 2423/2423/2423
f 2419/2419/2419 2426/2426/2426 2423/2423/2423
f 2442/2442/2442 2571/2571/2571 2423/2423/2423
f 2415/2415/2415 2407/2407/2407 2272/2272/2272
f 2272/2272/2272 2407/2407/2407 2273/2273/2273
f 2419/2419/2419 2414/2414/2414 2415/2415/2415
f 2415/2415/2415 2414/2414/2414 2407/2407/2407
f 2414/2414/2414 2419/2419/2419 2420/2420/2420
f 2420/2420/2420 2419/2419/2419 2423/2423/2423
f 2414/2414/2414 2408/2408/2408 2407/2407/2407
f 2407/2407/2407 2404/2404/2404 2273/2273/2273
f 2407/2407/2407 2408/2408/2408 2404/2404/2404
f 2412/2412/2412 2414/2414/2414 2420/2420/2420
f 2408/2408/2408 2414/2414/2414 2412/2412/2412
f 2273/2273/2273 2404/2404/2404 2276/2276/2276
f 2273/2273/2273 2276/2276/2276 2271/2271/2271
f 2408/2408/2408 2405/2405/2405 2404/2404/2404
f 2409/2409/2409 2408/2408/2408 2412/2412/2412
f 2405/2405/2405 2408/2408/2408 2409/2409/2409
f 2404/2404/2404 2405/2405/2405 2403/2403/2403
f 2404/2404/2404 2403/2403/2403 2276/2276/2276
f 2406/2406/2406 2405/2405/2405 2409/2409/2409
f 2405/2405/2405 2402/2402/2402 2403/2403/2403
f 2402/2402/2402 2405/2405/2405 2406/2406/2406
f 2416/2416/2416 2409/2409/2409 2412/2412/2412
f 2403/2403/2403 2402/2402/2402 2400/2400/2400
f 2403/2403/2403 2400/2400/2400 2276/2276/2276
f 2421/2421/2421 2412/2412/2412 2420/2420/2420
f 2421/2421/2421 2416/2416/2416 2412/2412/2412
f 2424/2424/2424 2421/2421/2421 2420/2420/2420
f 2424/2424/2424 2420/2420/2420 2423/2423/2423
f 2416/2416/2416 2411/2411/2411 2409/2409/2409
f 2411/2411/2411 2406/2406/2406 2409/2409/2409
f 2422/2422/2422 2416/2416/2416 2421/2421/2421
f 2411/2411/2411 2410/2410/2410 2406/2406/2406
f 2418/2418/2418 2411/2411/2411 2416/2416/2416
f 2422/2422/2422 2418/2418/2418 2416/2416/2416
f 2410/2410/2410 2401/2401/2401 2406/2406/2406
f 2401/2401/2401 2402/2402/2402 2406/2406/2406
f 2413/2413/2413 2410/2410/2410 2411/2411/2411
f 2418/2418/2418 2413/2413/2413 2411/2411/2411
f 2410/2410/2410 2399/2399/2399 2401/2401/2401
f 2410/2410/2410 2413/2413/2413 2399/2399/2399
f 2340/2340/2340 2402/2402/2402 2401/2401/2401
f 2402/2402/2402 2340/2340/2340 2400/2400/2400
f 2399/2399/2399 2382/2382/2382 2401/2401/2401
f 2382/2382/2382 2340/2340/2340 2401/2401/2401
f 2413/2413/2413 2465/2465/2465 2399/2399/2399
f 2399/2399/2399 2396/2396/2396 2382/2382/2382
f 2399/2399/2399 2465/2465/2465 2398/2398/2398
f 2396/2396/2396 2399/2399/2399 2398/2398/2398
f 2461/2461/2461 2465/2465/2465 2413/2413/2413
f 2396/2396/2396 2383/2383/2383 2382/2382/2382
f 2466/2466/2466 2398/2398/2398 2465/2465/2465
f 2461/2461/2461 2466/2466/2466 2465/2465/2465
f 2396/2396/2396 2398/2398/2398 2394/2394/2394
f 2383/2383/2383 2396/2396/2396 2394/2394/2394
f 2466/2466/2466 2397/2397/2397 2398/2398/2398
f 2397/2397/2397 2394/2394/2394 2398/2398/2398
f 2458/2458/2458 2461/2461/2461 2413/2413/2413
f 2458/2458/2458 2413/2413/2413 2418/2418/2418
f 2466/2466/2466 2461/2461/2461 2467/2467/2467
f 2455/2455/2455 2458/2458/2458 2418/2418/2418
f 2455/2455/2455 2418/2418/2418 2422/2422/2422
f 2463/2463/2463 2461/2461/2461 2458/2458/2458
f 2461/2461/2461 2463/2463/2463 2467/2467/2467
f 2459/2459/2459 2458/2458/2458 2455/2455/2455
f 2459/2459/2459 2463/2463/2463 2458/2458/2458
f 2466/2466/2466 2467/2467/2467 2468/2468/2468
f 2397/2397/2397 2466/2466/2466 2468/2468/2468
f 2467/2467/2467 2463/2463/2463 2464/2464/2464
f 2464/2464/2464 2463/2463/2463 2459/2459/2459
f 2469/2469/2469 2468/2468/2468 2467/2467/2467
f 2464/2464/2464 2469/2469/2469 2467/2467/2467
f 2397/2397/2397 2468/2468/2468 2395/2395/2395
f 2468/2468/2468 2469/2469/2469 2470/2470/2470
f 2395/2395/2395 2468/2468/2468 2470/2470/2470
f 2394/2394/2394 2397/2397/2397 2393/2393/2393
f 2393/2393/2393 2397/2397/2397 2395/2395/2395
f 2384/2384/2384 2394/2394/2394 2393/2393/2393
f 2383/2383/2383 2394/2394/2394 2384/2384/2384
f 2393/2393/2393 2395/2395/2395 2391/2391/2391
f 2381/2381/2381 2383/2383/2383 2384/2384/2384
f 2392/2392/2392 2391/2391/2391 2395/2395/2395
f 2470/2470/2470 2392/2392/2392 2395/2395/2395
f 2385/2385/2385 2393/2393/2393 2391/2391/2391
f 2393/2393/2393 2385/2385/2385 2384/2384/2384
f 2386/2386/2386 2391/2391/2391 2392/2392/2392
f 2385/2385/2385 2391/2391/2391 2386/2386/2386
f 2375/2375/2375 2385/2385/2385 2386/2386/2386
f 2385/2385/2385 2378/2378/2378 2384/2384/2384
f 2378/2378/2378 2385/2385/2385 2375/2375/2375
f 2381/2381/2381 2384/2384/2384 2378/2378/2378
f 2377/2377/2377 2376/2376/2376 2375/2375/2375
f 2376/2376/2376 2378/2378/2378 2375/2375/2375
f 2388/2388/2388 2375/2375/2375 2387/2387/2387
f 2388/2388/2388 2387/2387/2387 2389/2389/2389
f 2387/2387/2387 2390/2390/2390 2389/2389/2389
f 2380/2380/2380 2381/2381/2381 2378/2378/2378
f 2379/2379/2379 2380/2380/2380 2378/2378/2378
f 2380/2380/2380 2379/2379/2379 2368/2368/2368
f 2381/2381/2381 2380/2380/2380 2368/2368/2368
f 2383/2383/2383 2381/2381/2381 2368/2368/2368
f 2382/2382/2382 2383/2383/2383 2368/2368/2368
f 2368/2368/2368 2340/2340/2340 2382/2382/2382
f 2368/2368/2368 2374/2374/2374 2371/2371/2371
f 2371/2371/2371 2373/2373/2373 2369/2369/2369
f 2371/2371/2371 2367/2367/2367 2368/2368/2368
f 2367/2367/2367 2371/2371/2371 2369/2369/2369
f 2367/2367/2367 2366/2366/2366 2368/2368/2368
f 2367/2367/2367 2369/2369/2369 2364/2364/2364
f 2364/2364/2364 2366/2366/2366 2367/2367/2367
f 2369/2369/2369 2370/2370/2370 2364/2364/2364
f 2369/2369/2369 2372/2372/2372 2370/2370/2370
f 2372/2372/2372 2144/2144/2144 2370/2370/2370
f 2366/2366/2366 2347/2347/2347 2368/2368/2368
f 2094/2094/2094 2372/2372/2372 2587/2587/2587
f 2475/2475/2475 2094/2094/2094 2587/2587/2587
f 2347/2347/2347 2338/2338/2338 2368/2368/2368
f 2338/2338/2338 2340/2340/2340 2368/2368/2368
f 2343/2343/2343 2347/2347/2347 2366/2366/2366
f 2364/2364/2364 2343/2343/2343 2366/2366/2366
f 2338/2338/2338 2347/2347/2347 2342/2342/2342
f 2343/2343/2343 2342/2342/2342 2347/2347/2347
f 2365/2365/2365 2360/2360/2360 2364/2364/2364
f 2339/2339/2339 2338/2338/2338 2342/2342/2342
f 2360/2360/2360 2361/2361/2361 2364/2364/2364
f 2361/2361/2361 2343/2343/2343 2364/2364/2364
f 2363/2363/2363 2343/2343/2343 2361/2361/2361
f 2342/2342/2342 2343/2343/2343 2341/2341/2341
f 2342/2342/2342 2341/2341/2341 2339/2339/2339
f 2343/2343/2343 2345/2345/2345 2341/2341/2341
f 2341/2341/2341 2345/2345/2345 2344/2344/2344
f 2345/2345/2345 2346/2346/2346 2344/2344/2344
f 2341/2341/2341 2321/2321/2321 2339/2339/2339
f 2339/2339/2339 2331/2331/2331 2338/2338/2338
f 2358/2358/2358 2362/2362/2362 2361/2361/2361
f 2358/2358/2358 2361/2361/2361 2360/2360/2360
f 2332/2332/2332 2323/2323/2323 2331/2331/2331
f 2356/2356/2356 2358/2358/2358 2360/2360/2360
f 2356/2356/2356 2360/2360/2360 2359/2359/2359
f 2331/2331/2331 2323/2323/2323 2330/2330/2330
f 2357/2357/2357 2358/2358/2358 2356/2356/2356
f 2358/2358/2358 2357/2357/2357 2354/2354/2354
f 2355/2355/2355 2357/2357/2357 2356/2356/2356
f 2356/2356/2356 2351/2351/2351 2355/2355/2355
f 2354/2354/2354 2352/2352/2352 2353/2353/2353
f 2352/2352/2352 2348/2348/2348 2353/2353/2353
f 2348/2348/2348 2352/2352/2352 2349/2349/2349
f 2351/2351/2351 2350/2350/2350 2349/2349/2349
f 2350/2350/2350 2141/2141/2141 2349/2349/2349
f 2141/2141/2141 2348/2348/2348 2349/2349/2349
f 2307/2307/2307 2346/2346/2346 2348/2348/2348
f 2141/2141/2141 2144/2144/2144 2093/2093/2093
f 2138/2138/2138 2307/2307/2307 2348/2348/2348
f 2138/2138/2138 2348/2348/2348 2141/2141/2141
f 2136/2136/2136 2141/2141/2141 2093/2093/2093
f 2136/2136/2136 2138/2138/2138 2141/2141/2141
f 2133/2133/2133 2139/2139/2139 2138/2138/2138
f 2133/2133/2133 2138/2138/2138 2136/2136/2136
f 2129/2129/2129 2136/2136/2136 2135/2135/2135
f 2129/2129/2129 2133/2133/2133 2136/2136/2136
f 2133/2133/2133 2131/2131/2131 2134/2134/2134
f 2131/2131/2131 2133/2133/2133 2129/2129/2129
f 2129/2129/2129 2128/2128/2128 2127/2127/2127
f 2127/2127/2127 2131/2131/2131 2129/2129/2129
f 2130/2130/2130 2132/2132/2132 2131/2131/2131
f 2130/2130/2130 2131/2131/2131 2127/2127/2127
f 2306/2306/2306 2307/2307/2307 2130/2130/2130
f 2077/2077/2077 2127/2127/2127 2126/2126/2126
f 2077/2077/2077 2130/2130/2130 2127/2127/2127
f 2305/2305/2305 2306/2306/2306 2130/2130/2130
f 2306/2306/2306 2305/2305/2305 2303/2303/2303
f 2305/2305/2305 2304/2304/2304 2303/2303/2303
f 2304/2304/2304 2301/2301/2301 2303/2303/2303
f 2307/2307/2307 2309/2309/2309 2310/2310/2310
f 2309/2309/2309 2311/2311/2311 2310/2310/2310
f 2300/2300/2300 2311/2311/2311 2309/2309/2309
f 2308/2308/2308 2300/2300/2300 2309/2309/2309
f 2301/2301/2301 2299/2299/2299 2303/2303/2303
f 2300/2300/2300 2308/2308/2308 2302/2302/2302
f 2303/2303/2303 2299/2299/2299 2302/2302/2302
f 2301/2301/2301 2159/2159/2159 2299/2299/2299
f 2315/2315/2315 2316/2316/2316 2300/2300/2300
f 2314/2314/2314 2315/2315/2315 2300/2300/2300
f 2299/2299/2299 2298/2298/2298 2302/2302/2302
f 2302/2302/2302 2298/2298/2298 2300/2300/2300
f 2312/2312/2312 2314/2314/2314 2300/2300/2300
f 2314/2314/2314 2312/2312/2312 2317/2317/2317
f 2298/2298/2298 2295/2295/2295 2300/2300/2300
f 2312/2312/2312 2300/2300/2300 2296/2296/2296
f 2300/2300/2300 2295/2295/2295 2296/2296/2296
f 2317/2317/2317 2312/2312/2312 2313/2313/2313
f 2312/2312/2312 2296/2296/2296 2313/2313/2313
f 2299/2299/2299 2297/2297/2297 2298/2298/2298
f 2313/2313/2313 2296/2296/2296 2288/2288/2288
f 2298/2298/2298 2294/2294/2294 2295/2295/2295
f 2297/2297/2297 2294/2294/2294 2298/2298/2298
f 2296/2296/2296 2295/2295/2295 2292/2292/2292
f 2296/2296/2296 2292/2292/2292 2288/2288/2288
f 2294/2294/2294 2293/2293/2293 2295/2295/2295
f 2295/2295/2295 2293/2293/2293 2292/2292/2292
f 2168/2168/2168 2297/2297/2297 2299/2299/2299
f 2159/2159/2159 2168/2168/2168 2299/2299/2299
f 2297/2297/2297 2177/2177/2177 2294/2294/2294
f 2168/2168/2168 2170/2170/2170 2297/2297/2297
f 2170/2170/2170 2177/2177/2177 2297/2297/2297
f 2294/2294/2294 2182/2182/2182 2293/2293/2293
f 2177/2177/2177 2182/2182/2182 2294/2294/2294
f 2292/2292/2292 2293/2293/2293 2287/2287/2287
f 2177/2177/2177 2176/2176/2176 2182/2182/2182
f 2182/2182/2182 2289/2289/2289 2293/2293/2293
f 2293/2293/2293 2289/2289/2289 2287/2287/2287
f 2176/2176/2176 2179/2179/2179 2182/2182/2182
f 2289/2289/2289 2182/2182/2182 2179/2179/2179
f 2176/2176/2176 2175/2175/2175 2179/2179/2179
f 2172/2172/2172 2175/2175/2175 2176/2176/2176
f 2172/2172/2172 2176/2176/2176 2177/2177/2177
f 2170/2170/2170 2172/2172/2172 2177/2177/2177
f 2291/2291/2291 2289/2289/2289 2179/2179/2179
f 2172/2172/2172 2170/2170/2170 2169/2169/2169
f 2291/2291/2291 2270/2270/2270 2289/2289/2289
f 2270/2270/2270 2287/2287/2287 2289/2289/2289
f 2169/2169/2169 2171/2171/2171 2172/2172/2172
f 2172/2172/2172 2171/2171/2171 2046/2046/2046
f 2287/2287/2287 2270/2270/2270 2275/2275/2275
f 2275/2275/2275 2270/2270/2270 2269/2269/2269
f 2171/2171/2171 2167/2167/2167 2046/2046/2046
f 2167/2167/2167 2171/2171/2171 2169/2169/2169
f 2285/2285/2285 2287/2287/2287 2275/2275/2275
f 2292/2292/2292 2287/2287/2287 2285/2285/2285
f 2288/2288/2288 2292/2292/2292 2285/2285/2285
f 2275/2275/2275 2269/2269/2269 2274/2274/2274
f 2285/2285/2285 2275/2275/2275 2274/2274/2274
f 2271/2271/2271 2274/2274/2274 2269/2269/2269
f 2271/2271/2271 2276/2276/2276 2274/2274/2274
f 2288/2288/2288 2285/2285/2285 2282/2282/2282
f 2282/2282/2282 2285/2285/2285 2274/2274/2274
f 2167/2167/2167 2165/2165/2165 2046/2046/2046
f 2046/2046/2046 2165/2165/2165 2047/2047/2047
f 2167/2167/2167 2166/2166/2166 2165/2165/2165
f 2166/2166/2166 2167/2167/2167 2169/2169/2169
f 2047/2047/2047 2165/2165/2165 2163/2163/2163
f 2166/2166/2166 2163/2163/2163 2165/2165/2165
f 2170/2170/2170 2164/2164/2164 2169/2169/2169
f 2166/2166/2166 2169/2169/2169 2164/2164/2164
f 2164/2164/2164 2170/2170/2170 2168/2168/2168
f 2054/2054/2054 2047/2047/2047 2163/2163/2163
f 2047/2047/2047 2054/2054/2054 2045/2045/2045
f 2161/2161/2161 2164/2164/2164 2168/2168/2168
f 2168/2168/2168 2159/2159/2159 2161/2161/2161
f 2162/2162/2162 2166/2166/2166 2164/2164/2164
f 2166/2166/2166 2162/2162/2162 2163/2163/2163
f 2162/2162/2162 2164/2164/2164 2161/2161/2161
f 2054/2054/2054 2163/2163/2163 2158/2158/2158
f 2162/2162/2162 2158/2158/2158 2163/2163/2163
f 2159/2159/2159 2157/2157/2157 2161/2161/2161
f 2155/2155/2155 2157/2157/2157 2159/2159/2159
f 2160/2160/2160 2162/2162/2162 2161/2161/2161
f 2160/2160/2160 2161/2161/2161 2157/2157/2157
f 2158/2158/2158 2162/2162/2162 2160/2160/2160
f 2154/2154/2154 2157/2157/2157 2155/2155/2155
f 2154/2154/2154 2160/2160/2160 2157/2157/2157
f 2148/2148/2148 2154/2154/2154 2155/2155/2155
f 2156/2156/2156 2158/2158/2158 2160/2160/2160
f 2160/2160/2160 2154/2154/2154 2156/2156/2156
f 2059/2059/2059 2054/2054/2054 2158/2158/2158
f 2059/2059/2059 2158/2158/2158 2156/2156/2156
f 2054/2054/2054 2059/2059/2059 2045/2045/2045
f 2154/2154/2154 2150/2150/2150 2156/2156/2156
f 2150/2150/2150 2154/2154/2154 2148/2148/2148
f 2153/2153/2153 2059/2059/2059 2156/2156/2156
f 2059/2059/2059 2153/2153/2153 2045/2045/2045
f 2153/2153/2153 2156/2156/2156 2150/2150/2150
f 2143/2143/2143 2148/2148/2148 2149/2149/2149
f 2153/2153/2153 2151/2151/2151 2045/2045/2045
f 2151/2151/2151 2153/2153/2153 2150/2150/2150
f 2045/2045/2045 2151/2151/2151 2145/2145/2145
f 2152/2152/2152 2151/2151/2151 2150/2150/2150
f 2151/2151/2151 2152/2152/2152 2145/2145/2145
f 2147/2147/2147 2150/2150/2150 2148/2148/2148
f 2146/2146/2146 2147/2147/2147 2148/2148/2148
f 2145/2145/2145 2147/2147/2147 2146/2146/2146
f 2142/2142/2142 2145/2145/2145 2146/2146/2146
f 2142/2142/2142 2143/2143/2143 2140/2140/2140
f 2145/2145/2145 2142/2142/2142 2066/2066/2066
f 2137/2137/2137 2142/2142/2142 2140/2140/2140
f 2137/2137/2137 2140/2140/2140 2130/2130/2130
f 2066/2066/2066 2142/2142/2142 2076/2076/2076
f 2142/2142/2142 2137/2137/2137 2076/2076/2076
f 2076/2076/2076 2075/2075/2075 2066/2066/2066
f 2137/2137/2137 2130/2130/2130 2077/2077/2077
f 2076/2076/2076 2077/2077/2077 2075/2075/2075
f 2076/2076/2076 2137/2137/2137 2077/2077/2077
f 2077/2077/2077 2093/2093/2093 2092/2092/2092
f 2091/2091/2091 2077/2077/2077 2092/2092/2092
f 2092/2092/2092 2089/2089/2089 2091/2091/2091
f 2089/2089/2089 2090/2090/2090 2091/2091/2091
f 2090/2090/2090 2089/2089/2089 2088/2088/2088
f 2089/2089/2089 2087/2087/2087 2088/2088/2088
f 2088/2088/2088 2087/2087/2087 2069/2069/2069
f 2093/2093/2093 2585/2585/2585 2584/2584/2584
f 2585/2585/2585 2094/2094/2094 2584/2584/2584
f 2586/2586/2586 2584/2584/2584 2094/2094/2094
f 2087/2087/2087 2586/2586/2586 2094/2094/2094
f 2087/2087/2087 2083/2083/2083 2069/2069/2069
f 2069/2069/2069 2083/2083/2083 2079/2079/2079
f 2087/2087/2087 2086/2086/2086 2083/2083/2083
f 2087/2087/2087 2094/2094/2094 2086/2086/2086
f 2083/2083/2083 2082/2082/2082 2079/2079/2079
f 2083/2083/2083 2086/2086/2086 2082/2082/2082
f 2079/2079/2079 2082/2082/2082 2080/2080/2080
f 2094/2094/2094 2095/2095/2095 2086/2086/2086
f 2082/2082/2082 2081/2081/2081 2080/2080/2080
f 2080/2080/2080 2081/2081/2081 2011/2011/2011
f 2081/2081/2081 2012/2012/2012 2011/2011/2011
f 2086/2086/2086 2085/2085/2085 2082/2082/2082
f 2082/2082/2082 2085/2085/2085 2081/2081/2081
f 2086/2086/2086 2095/2095/2095 2085/2085/2085
f 2081/2081/2081 2084/2084/2084 2012/2012/2012
f 2085/2085/2085 2084/2084/2084 2081/2081/2081
f 2084/2084/2084 2009/2009/2009 2012/2012/2012
f 2095/2095/2095 2096/2096/2096 2085/2085/2085
f 2085/2085/2085 2096/2096/2096 2084/2084/2084
f 2009/2009/2009 2084/2084/2084 2097/2097/2097
f 2096/2096/2096 2097/2097/2097 2084/2084/2084
f 2098/2098/2098 2009/2009/2009 2097/2097/2097
f 2099/2099/2099 2096/2096/2096 2095/2095/2095
f 2100/2100/2100 2097/2097/2097 2096/2096/2096
f 2099/2099/2099 2100/2100/2100 2096/2096/2096
f 2098/2098/2098 2097/2097/2097 2101/2101/2101
f 2097/2097/2097 2100/2100/2100 2101/2101/2101
f 2106/2106/2106 2105/2105/2105 2098/2098/2098
f 2105/2105/2105 2104/2104/2104 2098/2098/2098
f 2098/2098/2098 2104/2104/2104 2102/2102/2102
f 2103/2103/2103 2098/2098/2098 2102/2102/2102
f 2107/2107/2107 2105/2105/2105 2109/2109/2109
f 2108/2108/2108 2102/2102/2102 2107/2107/2107
f 2110/2110/2110 2107/2107/2107 2109/2109/2109
f 2110/2110/2110 2108/2108/2108 2107/2107/2107
f 2110/2110/2110 2109/2109/2109 2112/2112/2112
f 2111/2111/2111 2108/2108/2108 2110/2110/2110
f 2113/2113/2113 2110/2110/2110 2112/2112/2112
f 2113/2113/2113 2111/2111/2111 2110/2110/2110
f 2112/2112/2112 2115/2115/2115 2113/2113/2113
f 2111/2111/2111 2113/2113/2113 2114/2114/2114
f 2115/2115/2115 2116/2116/2116 2113/2113/2113
f 2113/2113/2113 2116/2116/2116 2114/2114/2114
f 2116/2116/2116 2115/2115/2115 2118/2118/2118
f 2117/2117/2117 2114/2114/2114 2116/2116/2116
f 2119/2119/2119 2116/2116/2116 2118/2118/2118
f 2119/2119/2119 2117/2117/2117 2116/2116/2116
f 2119/2119/2119 2118/2118/2118 2121/2121/2121
f 2120/2120/2120 2117/2117/2117 2119/2119/2119
f 2122/2122/2122 2119/2119/2119 2121/2121/2121
f 2122/2122/2122 2120/2120/2120 2119/2119/2119
f 2122/2122/2122 2121/2121/2121 2124/2124/2124
f 2123/2123/2123 2120/2120/2120 2122/2122/2122
f 2125/2125/2125 2122/2122/2122 2124/2124/2124
f 2125/2125/2125 2123/2123/2123 2122/2122/2122
f 2477/2477/2477 2101/2101/2101 2100/2100/2100
f 2471/2471/2471 2477/2477/2477 2100/2100/2100
f 2471/2471/2471 2100/2100/2100 2099/2099/2099
f 2477/2477/2477 2478/2478/2478 2101/2101/2101
f 2478/2478/2478 2479/2479/2479 2101/2101/2101
f 2464/2464/2464 2477/2477/2477 2471/2471/2471
f 2464/2464/2464 2478/2478/2478 2477/2477/2477
f 2469/2469/2469 2464/2464/2464 2471/2471/2471
f 2479/2479/2479 2478/2478/2478 2480/2480/2480
f 2469/2469/2469 2471/2471/2471 2473/2473/2473
f 2473/2473/2473 2471/2471/2471 2099/2099/2099
f 2481/2481/2481 2479/2479/2479 2480/2480/2480
f 2470/2470/2470 2469/2469/2469 2473/2473/2473
f 2478/2478/2478 2464/2464/2464 2462/2462/2462
f 2480/2480/2480 2478/2478/2478 2462/2462/2462
f 2462/2462/2462 2464/2464/2464 2459/2459/2459
f 2470/2470/2470 2473/2473/2473 2472/2472/2472
f 2392/2392/2392 2470/2470/2470 2472/2472/2472
f 2473/2473/2473 2099/2099/2099 2476/2476/2476
f 2472/2472/2472 2473/2473/2473 2476/2476/2476
f 2476/2476/2476 2099/2099/2099 2095/2095/2095
f 2476/2476/2476 2095/2095/2095 2094/2094/2094
f 2392/2392/2392 2472/2472/2472 2474/2474/2474
f 2472/2472/2472 2476/2476/2476 2474/2474/2474
f 2474/2474/2474 2476/2476/2476 2094/2094/2094
f 2475/2475/2475 2392/2392/2392 2474/2474/2474
f 2094/2094/2094 2475/2475/2475 2474/2474/2474
f 2462/2462/2462 2459/2459/2459 2457/2457/2457
f 2457/2457/2457 2459/2459/2459 2455/2455/2455
f 2462/2462/2462 2460/2460/2460 2480/2480/2480
f 2460/2460/2460 2462/2462/2462 2457/2457/2457
f 2481/2481/2481 2480/2480/2480 2482/2482/2482
f 2460/2460/2460 2482/2482/2482 2480/2480/2480
f 2483/2483/2483 2481/2481/2481 2482/2482/2482
f 2457/2457/2457 2455/2455/2455 2453/2453/2453
f 2453/2453/2453 2455/2455/2455 2422/2422/2422
f 2483/2483/2483 2482/2482/2482 2485/2485/2485
f 2486/2486/2486 2483/2483/2483 2485/2485/2485
f 2482/2482/2482 2460/2460/2460 2484/2484/2484
f 2485/2485/2485 2482/2482/2482 2484/2484/2484
f 2460/2460/2460 2457/2457/2457 2456/2456/2456
f 2484/2484/2484 2460/2460/2460 2456/2456/2456
f 2456/2456/2456 2457/2457/2457 2453/2453/2453
f 2486/2486/2486 2485/2485/2485 2488/2488/2488
f 2489/2489/2489 2486/2486/2486 2488/2488/2488
f 2485/2485/2485 2484/2484/2484 2487/2487/2487
f 2488/2488/2488 2485/2485/2485 2487/2487/2487
f 2484/2484/2484 2456/2456/2456 2454/2454/2454
f 2487/2487/2487 2484/2484/2484 2454/2454/2454
f 2456/2456/2456 2453/2453/2453 2451/2451/2451
f 2454/2454/2454 2456/2456/2456 2451/2451/2451
f 2453/2453/2453 2422/2422/2422 2425/2425/2425
f 2451/2451/2451 2453/2453/2453 2425/2425/2425
f 2425/2425/2425 2422/2422/2422 2421/2421/2421
f 2421/2421/2421 2424/2424/2424 2425/2425/2425
f 2451/2451/2451 2425/2425/2425 2448/2448/2448
f 2424/2424/2424 2448/2448/2448 2425/2425/2425
f 2454/2454/2454 2451/2451/2451 2450/2450/2450
f 2450/2450/2450 2451/2451/2451 2448/2448/2448
f 2487/2487/2487 2454/2454/2454 2490/2490/2490
f 2490/2490/2490 2454/2454/2454 2450/2450/2450
f 2448/2448/2448 2424/2424/2424 2427/2427/2427
f 2450/2450/2450 2448/2448/2448 2447/2447/2447
f 2447/2447/2447 2448/2448/2448 2427/2427/2427
f 2427/2427/2427 2424/2424/2424 2423/2423/2423
f 2449/2449/2449 2450/2450/2450 2447/2447/2447
f 2490/2490/2490 2450/2450/2450 2449/2449/2449
f 2427/2427/2427 2446/2446/2446 2447/2447/2447
f 2447/2447/2447 2446/2446/2446 2449/2449/2449
f 2491/2491/2491 2487/2487/2487 2490/2490/2490
f 2488/2488/2488 2487/2487/2487 2491/2491/2491
f 2494/2494/2494 2490/2490/2490 2449/2449/2449
f 2491/2491/2491 2490/2490/2490 2494/2494/2494
f 2446/2446/2446 2452/2452/2452 2449/2449/2449
f 2449/2449/2449 2452/2452/2452 2494/2494/2494
f 2427/2427/2427 2444/2444/2444 2446/2446/2446
f 2427/2427/2427 2423/2423/2423 2444/2444/2444
f 2446/2446/2446 2445/2445/2445 2452/2452/2452
f 2444/2444/2444 2445/2445/2445 2446/2446/2446
f 2452/2452/2452 2498/2498/2498 2494/2494/2494
f 2444/2444/2444 2443/2443/2443 2445/2445/2445
f 2444/2444/2444 2423/2423/2423 2443/2443/2443
f 2445/2445/2445 2500/2500/2500 2452/2452/2452
f 2452/2452/2452 2500/2500/2500 2498/2498/2498
f 2443/2443/2443 2502/2502/2502 2445/2445/2445
f 2445/2445/2445 2502/2502/2502 2500/2500/2500
f 2504/2504/2504 2443/2443/2443 2423/2423/2423
f 2504/2504/2504 2502/2502/2502 2443/2443/2443
f 2502/2502/2502 2503/2503/2503 2500/2500/2500
f 2503/2503/2503 2502/2502/2502 2504/2504/2504
f 2500/2500/2500 2501/2501/2501 2498/2498/2498
f 2500/2500/2500 2503/2503/2503 2501/2501/2501
f 2494/2494/2494 2498/2498/2498 2495/2495/2495
f 2495/2495/2495 2491/2491/2491 2494/2494/2494
f 2499/2499/2499 2498/2498/2498 2501/2501/2501
f 2498/2498/2498 2499/2499/2499 2495/2495/2495
f 2492/2492/2492 2488/2488/2488 2491/2491/2491
f 2491/2491/2491 2495/2495/2495 2492/2492/2492
f 2489/2489/2489 2488/2488/2488 2492/2492/2492
f 2493/2493/2493 2489/2489/2489 2492/2492/2492
f 2495/2495/2495 2496/2496/2496 2492/2492/2492
f 2493/2493/2493 2492/2492/2492 2496/2496/2496
f 2495/2495/2495 2499/2499/2499 2496/2496/2496
f 2497/2497/2497 2493/2493/2493 2496/2496/2496
f 2505/2505/2505 2499/2499/2499 2501/2501/2501
f 2499/2499/2499 2505/2505/2505 2496/2496/2496
f 2503/2503/2503 2506/2506/2506 2501/2501/2501
f 2501/2501/2501 2506/2506/2506 2505/2505/2505
f 2496/2496/2496 2513/2513/2513 2497/2497/2497
f 2497/2497/2497 2513/2513/2513 2125/2125/2125
f 2505/2505/2505 2511/2511/2511 2496/2496/2496
f 2513/2513/2513 2496/2496/2496 2511/2511/2511
f 2506/2506/2506 2509/2509/2509 2505/2505/2505
f 2505/2505/2505 2509/2509/2509 2511/2511/2511
f 2503/2503/2503 2507/2507/2507 2506/2506/2506
f 2507/2507/2507 2503/2503/2503 2504/2504/2504
f 2510/2510/2510 2509/2509/2509 2506/2506/2506
f 2507/2507/2507 2510/2510/2510 2506/2506/2506
f 2509/2509/2509 2512/2512/2512 2511/2511/2511
f 2509/2509/2509 2510/2510/2510 2512/2512/2512
f 2508/2508/2508 2507/2507/2507 2504/2504/2504
f 2507/2507/2507 2508/2508/2508 2510/2510/2510
f 2504/2504/2504 2423/2423/2423 2508/2508/2508
f 2511/2511/2511 2512/2512/2512 2514/2514/2514
f 2514/2514/2514 2513/2513/2513 2511/2511/2511
f 2423/2423/2423 2566/2566/2566 2508/2508/2508
f 2423/2423/2423 2571/2571/2571 2566/2566/2566
f 2513/2513/2513 2515/2515/2515 2125/2125/2125
f 2513/2513/2513 2514/2514/2514 2515/2515/2515
f 2125/2125/2125 2515/2515/2515 2518/2518/2518
f 2514/2514/2514 2516/2516/2516 2515/2515/2515
f 2515/2515/2515 2516/2516/2516 2517/2517/2517
f 2518/2518/2518 2515/2515/2515 2517/2517/2517
f 2517/2517/2517 2522/2522/2522 2518/2518/2518
f 2522/2522/2522 2517/2517/2517 2528/2528/2528
f 2512/2512/2512 2519/2519/2519 2514/2514/2514
f 2514/2514/2514 2519/2519/2519 2520/2520/2520
f 2517/2517/2517 2527/2527/2527 2528/2528/2528
f 2517/2517/2517 2520/2520/2520 2527/2527/2527
f 2512/2512/2512 2521/2521/2521 2519/2519/2519
f 2510/2510/2510 2521/2521/2521 2512/2512/2512
f 2519/2519/2519 2526/2526/2526 2520/2520/2520
f 2520/2520/2520 2526/2526/2526 2527/2527/2527
f 2521/2521/2521 2525/2525/2525 2519/2519/2519
f 2526/2526/2526 2519/2519/2519 2525/2525/2525
f 2524/2524/2524 2521/2521/2521 2510/2510/2510
f 2521/2521/2521 2524/2524/2524 2525/2525/2525
f 2508/2508/2508 2524/2524/2524 2510/2510/2510
f 2528/2528/2528 2527/2527/2527 2533/2533/2533
f 2528/2528/2528 2533/2533/2533 2532/2532/2532
f 2536/2536/2536 2527/2527/2527 2526/2526/2526
f 2527/2527/2527 2536/2536/2536 2533/2533/2533
f 2532/2532/2532 2533/2533/2533 2541/2541/2541
f 2533/2533/2533 2536/2536/2536 2541/2541/2541
f 2540/2540/2540 2532/2532/2532 2541/2541/2541
f 2550/2550/2550 2536/2536/2536 2526/2526/2526
f 2550/2550/2550 2526/2526/2526 2525/2525/2525
f 2536/2536/2536 2547/2547/2547 2541/2541/2541
f 2536/2536/2536 2550/2550/2550 2547/2547/2547
f 2544/2544/2544 2540/2540/2540 2541/2541/2541
f 2547/2547/2547 2544/2544/2544 2541/2541/2541
f 2544/2544/2544 1983/1983/1983 2540/2540/2540
f 2525/2525/2525 2552/2552/2552 2550/2550/2550
f 2524/2524/2524 2552/2552/2552 2525/2525/2525
f 2544/2544/2544 2543/2543/2543 1983/1983/1983
f 2552/2552/2552 2551/2551/2551 2550/2550/2550
f 2550/2550/2550 2551/2551/2551 2547/2547/2547
f 2552/2552/2552 2524/2524/2524 2553/2553/2553
f 2553/2553/2553 2551/2551/2551 2552/2552/2552
f 2553/2553/2553 2524/2524/2524 2508/2508/2508
f 2566/2566/2566 2553/2553/2553 2508/2508/2508
f 2547/2547/2547 2551/2551/2551 2554/2554/2554
f 2554/2554/2554 2551/2551/2551 2553/2553/2553
f 2549/2549/2549 2547/2547/2547 2554/2554/2554
f 2544/2544/2544 2547/2547/2547 2549/2549/2549
f 2549/2549/2549 2554/2554/2554 2555/2555/2555
f 2553/2553/2553 2557/2557/2557 2554/2554/2554
f 2557/2557/2557 2555/2555/2555 2554/2554/2554
f 2556/2556/2556 2549/2549/2549 2555/2555/2555
f 2557/2557/2557 2556/2556/2556 2555/2555/2555
f 2544/2544/2544 2549/2549/2549 2556/2556/2556
f 2566/2566/2566 2565/2565/2565 2553/2553/2553
f 2565/2565/2565 2557/2557/2557 2553/2553/2553
f 2566/2566/2566 2569/2569/2569 2565/2565/2565
f 2571/2571/2571 2569/2569/2569 2566/2566/2566
f 2571/2571/2571 2572/2572/2572 2569/2569/2569
f 2564/2564/2564 2557/2557/2557 2565/2565/2565
f 2569/2569/2569 2567/2567/2567 2565/2565/2565
f 2565/2565/2565 2567/2567/2567 2564/2564/2564
f 2572/2572/2572 2570/2570/2570 2569/2569/2569
f 2569/2569/2569 2570/2570/2570 2567/2567/2567
f 2564/2564/2564 2560/2560/2560 2557/2557/2557
f 2560/2560/2560 2556/2556/2556 2557/2557/2557
f 2567/2567/2567 2563/2563/2563 2564/2564/2564
f 2564/2564/2564 2563/2563/2563 2560/2560/2560
f 2556/2556/2556 2560/2560/2560 2558/2558/2558
f 2558/2558/2558 2544/2544/2544 2556/2556/2556
f 2563/2563/2563 2561/2561/2561 2560/2560/2560
f 2560/2560/2560 2561/2561/2561 2558/2558/2558
f 2568/2568/2568 2563/2563/2563 2567/2567/2567
f 2561/2561/2561 2563/2563/2563 2568/2568/2568
f 2570/2570/2570 2568/2568/2568 2567/2567/2567
f 2561/2561/2561 2559/2559/2559 2558/2558/2558
f 2558/2558/2558 2559/2559/2559 2544/2544/2544
f 2562/2562/2562 2561/2561/2561 2568/2568/2568
f 2561/2561/2561 2562/2562/2562 2559/2559/2559
f 2559/2559/2559 2548/2548/2548 2544/2544/2544
f 2559/2559/2559 2562/2562/2562 2548/2548/2548
f 2548/2548/2548 2543/2543/2543 2544/2544/2544
f 2568/2568/2568 2575/2575/2575 2562/2562/2562
f 2570/2570/2570 2575/2575/2575 2568/2568/2568
f 2543/2543/2543 2548/2548/2548 2546/2546/2546
f 2562/2562/2562 2546/2546/2546 2548/2548/2548
f 2545/2545/2545 2543/2543/2543 2546/2546/2546
f 2562/2562/2562 2575/2575/2575 2577/2577/2577
f 2562/2562/2562 2577/2577/2577 2546/2546/2546
f 2545/2545/2545 2546/2546/2546 2581/2581/2581
f 2577/2577/2577 2581/2581/2581 2546/2546/2546
f 2579/2579/2579 2545/2545/2545 2581/2581/2581
f 2545/2545/2545 2579/2579/2579 2234/2234/2234
f 2577/2577/2577 2583/2583/2583 2581/2581/2581
f 2579/2579/2579 2578/2578/2578 2234/2234/2234
f 2578/2578/2578 2574/2574/2574 2234/2234/2234
f 2581/2581/2581 2580/2580/2580 2579/2579/2579
f 2580/2580/2580 2578/2578/2578 2579/2579/2579
f 2583/2583/2583 2580/2580/2580 2581/2581/2581
f 2578/2578/2578 2573/2573/2573 2574/2574/2574
f 2573/2573/2573 2578/2578/2578 2580/2580/2580
f 2573/2573/2573 2238/2238/2238 2574/2574/2574
f 2238/2238/2238 2573/2573/2573 2572/2572/2572
f 2572/2572/2572 2573/2573/2573 2570/2570/2570
f 2577/2577/2577 2582/2582/2582 2583/2583/2583
f 2580/2580/2580 2583/2583/2583 2582/2582/2582
f 2575/2575/2575 2582/2582/2582 2577/2577/2577
f 2576/2576/2576 2573/2573/2573 2580/2580/2580
f 2576/2576/2576 2580/2580/2580 2582/2582/2582
f 2573/2573/2573 2576/2576/2576 2570/2570/2570
f 2576/2576/2576 2582/2582/2582 2575/2575/2575
f 2570/2570/2570 2576/2576/2576 2575/2575/2575
f 2073/2073/2073 2072/2072/2072 2071/2071/2071
f 2276/2276/2276 2277/2277/2277 2274/2274/2274
f 2279/2279/2279 2274/2274/2274 2277/2277/2277
f 2274/2274/2274 2279/2279/2279 2282/2282/2282
f 2276/2276/2276 2278/2278/2278 2277/2277/2277
f 2279/2279/2279 2277/2277/2277 2278/2278/2278
f 2276/2276/2276 2281/2281/2281 2278/2278/2278
f 2400/2400/2400 2281/2281/2281 2276/2276/2276
f 2280/2280/2280 2279/2279/2279 2278/2278/2278
f 2278/2278/2278 2281/2281/2281 2280/2280/2280
f 2279/2279/2279 2283/2283/2283 2282/2282/2282
f 2283/2283/2283 2279/2279/2279 2280/2280/2280
f 2284/2284/2284 2281/2281/2281 2400/2400/2400
f 2281/2281/2281 2284/2284/2284 2280/2280/2280
f 2290/2290/2290 2282/2282/2282 2283/2283/2283
f 2290/2290/2290 2288/2288/2288 2282/2282/2282
f 2313/2313/2313 2288/2288/2288 2290/2290/2290
f 2286/2286/2286 2283/2283/2283 2280/2280/2280
f 2280/2280/2280 2284/2284/2284 2286/2286/2286
f 2319/2319/2319 2290/2290/2290 2283/2283/2283
f 2319/2319/2319 2283/2283/2283 2286/2286/2286
f 2318/2318/2318 2313/2313/2313 2290/2290/2290
f 2290/2290/2290 2319/2319/2319 2318/2318/2318
f 2317/2317/2317 2313/2313/2313 2318/2318/2318
f 2335/2335/2335 2284/2284/2284 2400/2400/2400
f 2320/2320/2320 2317/2317/2317 2318/2318/2318
f 2321/2321/2321 2317/2317/2317 2320/2320/2320
f 2322/2322/2322 2321/2321/2321 2320/2320/2320
f 2322/2322/2322 2320/2320/2320 2323/2323/2323
f 2340/2340/2340 2335/2335/2335 2400/2400/2400
f 2319/2319/2319 2324/2324/2324 2318/2318/2318
f 2325/2325/2325 2318/2318/2318 2324/2324/2324
f 2323/2323/2323 2325/2325/2325 2327/2327/2327
f 2325/2325/2325 2324/2324/2324 2327/2327/2327
f 2323/2323/2323 2327/2327/2327 2330/2330/2330
f 2324/2324/2324 2319/2319/2319 2326/2326/2326
f 2327/2327/2327 2324/2324/2324 2326/2326/2326
f 2326/2326/2326 2319/2319/2319 2286/2286/2286
f 2329/2329/2329 2330/2330/2330 2327/2327/2327
f 2326/2326/2326 2329/2329/2329 2327/2327/2327
f 2326/2326/2326 2286/2286/2286 2328/2328/2328
f 2284/2284/2284 2328/2328/2328 2286/2286/2286
f 2329/2329/2329 2326/2326/2326 2328/2328/2328
f 2328/2328/2328 2284/2284/2284 2335/2335/2335
f 2333/2333/2333 2328/2328/2328 2335/2335/2335
f 2329/2329/2329 2328/2328/2328 2333/2333/2333
f 2340/2340/2340 2333/2333/2333 2335/2335/2335
f 2334/2334/2334 2329/2329/2329 2333/2333/2333
f 2340/2340/2340 2334/2334/2334 2333/2333/2333
f 2330/2330/2330 2329/2329/2329 2334/2334/2334
f 2340/2340/2340 2336/2336/2336 2334/2334/2334
f 2336/2336/2336 2330/2330/2330 2334/2334/2334
f 2340/2340/2340 2338/2338/2338 2336/2336/2336
f 2337/2337/2337 2330/2330/2330 2336/2336/2336
f 2338/2338/2338 2337/2337/2337 2336/2336/2336
f 2589/2589/2589 2588/2588/2588 2291/2291/2291
f 2590/2590/2590 2589/2589/2589 2291/2291/2291
f 2291/2291/2291 2588/2588/2588 2591/2591/2591
f 2592/2592/2592 2291/2291/2291 2591/2591/2591
f 2594/2594/2594 2589/2589/2589 2593/2593/2593
f 2595/2595/2595 2591/2591/2591 2594/2594/2594
f 2596/2596/2596 2594/2594/2594 2593/2593/2593
f 2596/2596/2596 2595/2595/2595 2594/2594/2594
f 2596/2596/2596 2593/2593/2593 2597/2597/2597
f 2598/2598/2598 2595/2595/2595 2596/2596/2596
f 2599/2599/2599 2596/2596/2596 2597/2597/2597
f 2599/2599/2599 2598/2598/2598 2596/2596/2596
f 2597/2597/2597 2600/2600/2600 2599/2599/2599
f 2598/2598/2598 2599/2599/2599 2601/2601/2601
f 2600/2600/2600 2602/2602/2602 2599/2599/2599
f 2599/2599/2599 2602/2602/2602 2601/2601/2601
f 2602/2602/2602 2600/2600/2600 2603/2603/2603
f 2604/2604/2604 2601/2601/2601 2602/2602/2602
f 2605/2605/2605 2602/2602/2602 2603/2603/2603
f 2605/2605/2605 2604/2604/2604 2602/2602/2602
f 2605/2605/2605 2603/2603/2603 2606/2606/2606
f 2607/2607/2607 2604/2604/2604 2605/2605/2605
f 2608/2608/2608 2605/2605/2605 2606/2606/2606
f 2608/2608/2608 2607/2607/2607 2605/2605/2605
f 2608/2608/2608 2606/2606/2606 2609/2609/2609
f 2610/2610/2610 2607/2607/2607 2608/2608/2608
f 2209/2209/2209 2608/2608/2608 2609/2609/2609
f 2209/2209/2209 2610/2610/2610 2608/2608/2608
f 2613/2613/2613 2612/2612/2612 2611/2611/2611
f 2613/2613/2613 2731/2731/2731 2730/2730/2730
f 2731/2731/2731 2732/2732/2732 2730/2730/2730
f 2732/2732/2732 2733/2733/2733 2730/2730/2730
f 2730/2730/2730 2733/2733/2733 2734/2734/2734
f 2735/2735/2735 2730/2730/2730 2734/2734/2734
f 2736/2736/2736 2735/2735/2735 2734/2734/2734
f 2737/2737/2737 2736/2736/2736 2734/2734/2734
f 2734/2734/2734 2738/2738/2738 2737/2737/2737
f 2738/2738/2738 2739/2739/2739 2737/2737/2737
f 2616/2616/2616 2615/2615/2615 2614/2614/2614
f 2617/2617/2617 2614/2614/2614 2615/2615/2615
f 2618/2618/2618 2617/2617/2617 2615/2615/2615
f 2658/2658/2658 2616/2616/2616 2614/2614/2614
f 2616/2616/2616 2658/2658/2658 2657/2657/2657
f 2617/2617/2617 2618/2618/2618 2619/2619/2619
f 2618/2618/2618 2620/2620/2620 2619/2619/2619
f 2617/2617/2617 2660/2660/2660 2614/2614/2614
f 2617/2617/2617 2619/2619/2619 2660/2660/2660
f 2658/2658/2658 2614/2614/2614 2662/2662/2662
f 2660/2660/2660 2662/2662/2662 2614/2614/2614
f 2619/2619/2619 2620/2620/2620 2621/2621/2621
f 2620/2620/2620 2622/2622/2622 2621/2621/2621
f 2621/2621/2621 2622/2622/2622 2623/2623/2623
f 2619/2619/2619 2661/2661/2661 2660/2660/2660
f 2628/2628/2628 2621/2621/2621 2623/2623/2623
f 2621/2621/2621 2632/2632/2632 2619/2619/2619
f 2632/2632/2632 2661/2661/2661 2619/2619/2619
f 2621/2621/2621 2628/2628/2628 2632/2632/2632
f 2660/2660/2660 2661/2661/2661 2667/2667/2667
f 2662/2662/2662 2660/2660/2660 2667/2667/2667
f 2661/2661/2661 2632/2632/2632 2670/2670/2670
f 2661/2661/2661 2670/2670/2670 2667/2667/2667
f 2628/2628/2628 2623/2623/2623 2624/2624/2624
f 2623/2623/2623 2625/2625/2625 2624/2624/2624
f 2670/2670/2670 2672/2672/2672 2667/2667/2667
f 2673/2673/2673 2672/2672/2672 2670/2670/2670
f 2632/2632/2632 2673/2673/2673 2670/2670/2670
f 2672/2672/2672 2671/2671/2671 2667/2667/2667
f 2673/2673/2673 2632/2632/2632 2664/2664/2664
f 2674/2674/2674 2673/2673/2673 2664/2664/2664
f 2669/2669/2669 2667/2667/2667 2671/2671/2671
f 2669/2669/2669 2662/2662/2662 2667/2667/2667
f 2675/2675/2675 2669/2669/2669 2671/2671/2671
f 2677/2677/2677 2674/2674/2674 2664/2664/2664
f 2668/2668/2668 2669/2669/2669 2675/2675/2675
f 2669/2669/2669 2668/2668/2668 2662/2662/2662
f 2676/2676/2676 2668/2668/2668 2675/2675/2675
f 2633/2633/2633 2664/2664/2664 2632/2632/2632
f 2628/2628/2628 2633/2633/2633 2632/2632/2632
f 2668/2668/2668 2665/2665/2665 2662/2662/2662
f 2665/2665/2665 2658/2658/2658 2662/2662/2662
f 2631/2631/2631 2633/2633/2633 2628/2628/2628
f 2633/2633/2633 2631/2631/2631 2664/2664/2664
f 2624/2624/2624 2631/2631/2631 2628/2628/2628
f 2680/2680/2680 2677/2677/2677 2664/2664/2664
f 2631/2631/2631 2680/2680/2680 2664/2664/2664
f 2677/2677/2677 2680/2680/2680 2681/2681/2681
f 2624/2624/2624 2626/2626/2626 2631/2631/2631
f 2624/2624/2624 2625/2625/2625 2626/2626/2626
f 2625/2625/2625 2627/2627/2627 2626/2626/2626
f 2680/2680/2680 2682/2682/2682 2681/2681/2681
f 2683/2683/2683 2681/2681/2681 2682/2682/2682
f 2680/2680/2680 2631/2631/2631 2634/2634/2634
f 2682/2682/2682 2680/2680/2680 2634/2634/2634
f 2626/2626/2626 2634/2634/2634 2631/2631/2631
f 2684/2684/2684 2683/2683/2683 2682/2682/2682
f 2682/2682/2682 2634/2634/2634 2684/2684/2684
f 2683/2683/2683 2684/2684/2684 2685/2685/2685
f 2634/2634/2634 2626/2626/2626 2635/2635/2635
f 2634/2634/2634 2635/2635/2635 2684/2684/2684
f 2626/2626/2626 2627/2627/2627 2629/2629/2629
f 2626/2626/2626 2629/2629/2629 2635/2635/2635
f 2627/2627/2627 2630/2630/2630 2629/2629/2629
f 2684/2684/2684 2686/2686/2686 2685/2685/2685
f 2629/2629/2629 2630/2630/2630 2636/2636/2636
f 2629/2629/2629 2636/2636/2636 2635/2635/2635
f 2685/2685/2685 2686/2686/2686 2687/2687/2687
f 2630/2630/2630 2637/2637/2637 2636/2636/2636
f 2684/2684/2684 2635/2635/2635 2648/2648/2648
f 2636/2636/2636 2648/2648/2648 2635/2635/2635
f 2686/2686/2686 2684/2684/2684 2648/2648/2648
f 2638/2638/2638 2636/2636/2636 2637/2637/2637
f 2639/2639/2639 2638/2638/2638 2637/2637/2637
f 2645/2645/2645 2648/2648/2648 2636/2636/2636
f 2638/2638/2638 2645/2645/2645 2636/2636/2636
f 2686/2686/2686 2648/2648/2648 2645/2645/2645
f 2640/2640/2640 2638/2638/2638 2639/2639/2639
f 2638/2638/2638 2640/2640/2640 2645/2645/2645
f 2641/2641/2641 2640/2640/2640 2639/2639/2639
f 2641/2641/2641 2642/2642/2642 2640/2640/2640
f 2686/2686/2686 2688/2688/2688 2687/2687/2687
f 2688/2688/2688 2686/2686/2686 2645/2645/2645
f 2687/2687/2687 2688/2688/2688 2689/2689/2689
f 2640/2640/2640 2646/2646/2646 2645/2645/2645
f 2688/2688/2688 2645/2645/2645 2646/2646/2646
f 2642/2642/2642 2643/2643/2643 2640/2640/2640
f 2646/2646/2646 2640/2640/2640 2643/2643/2643
f 2643/2643/2643 2642/2642/2642 2644/2644/2644
f 2688/2688/2688 2690/2690/2690 2689/2689/2689
f 2690/2690/2690 2688/2688/2688 2646/2646/2646
f 2689/2689/2689 2690/2690/2690 2691/2691/2691
f 2690/2690/2690 2646/2646/2646 2692/2692/2692
f 2690/2690/2690 2692/2692/2692 2691/2691/2691
f 2692/2692/2692 2646/2646/2646 2643/2643/2643
f 2692/2692/2692 2694/2694/2694 2691/2691/2691
f 2694/2694/2694 2695/2695/2695 2691/2691/2691
f 2643/2643/2643 2647/2647/2647 2692/2692/2692
f 2647/2647/2647 2643/2643/2643 2644/2644/2644
f 2694/2694/2694 2692/2692/2692 2693/2693/2693
f 2647/2647/2647 2693/2693/2693 2692/2692/2692
f 2694/2694/2694 2696/2696/2696 2695/2695/2695
f 2694/2694/2694 2693/2693/2693 2696/2696/2696
f 2696/2696/2696 2697/2697/2697 2695/2695/2695
f 2698/2698/2698 2697/2697/2697 2696/2696/2696
f 2699/2699/2699 2693/2693/2693 2647/2647/2647
f 2693/2693/2693 2699/2699/2699 2696/2696/2696
f 2649/2649/2649 2647/2647/2647 2644/2644/2644
f 2649/2649/2649 2699/2699/2699 2647/2647/2647
f 2650/2650/2650 2649/2649/2649 2644/2644/2644
f 2702/2702/2702 2698/2698/2698 2696/2696/2696
f 2698/2698/2698 2702/2702/2702 2704/2704/2704
f 2649/2649/2649 2650/2650/2650 2651/2651/2651
f 2699/2699/2699 2649/2649/2649 2651/2651/2651
f 2650/2650/2650 2652/2652/2652 2651/2651/2651
f 2696/2696/2696 2699/2699/2699 2700/2700/2700
f 2700/2700/2700 2699/2699/2699 2651/2651/2651
f 2702/2702/2702 2696/2696/2696 2700/2700/2700
f 2652/2652/2652 2653/2653/2653 2651/2651/2651
f 2702/2702/2702 2700/2700/2700 2701/2701/2701
f 2700/2700/2700 2651/2651/2651 2701/2701/2701
f 2702/2702/2702 2703/2703/2703 2704/2704/2704
f 2703/2703/2703 2702/2702/2702 2701/2701/2701
f 2704/2704/2704 2703/2703/2703 2706/2706/2706
f 2653/2653/2653 2654/2654/2654 2651/2651/2651
f 2651/2651/2651 2654/2654/2654 2701/2701/2701
f 2703/2703/2703 2705/2705/2705 2706/2706/2706
f 2654/2654/2654 2653/2653/2653 2655/2655/2655
f 2701/2701/2701 2654/2654/2654 2655/2655/2655
f 2653/2653/2653 2656/2656/2656 2655/2655/2655
f 2706/2706/2706 2705/2705/2705 2678/2678/2678
f 2655/2655/2655 2656/2656/2656 2657/2657/2657
f 2679/2679/2679 2678/2678/2678 2676/2676/2676
f 2668/2668/2668 2676/2676/2676 2678/2678/2678
f 2659/2659/2659 2655/2655/2655 2657/2657/2657
f 2658/2658/2658 2659/2659/2659 2657/2657/2657
f 2663/2663/2663 2668/2668/2668 2678/2678/2678
f 2705/2705/2705 2663/2663/2663 2678/2678/2678
f 2659/2659/2659 2658/2658/2658 2663/2663/2663
f 2663/2663/2663 2665/2665/2665 2668/2668/2668
f 2658/2658/2658 2665/2665/2665 2663/2663/2663
f 2666/2666/2666 2655/2655/2655 2659/2659/2659
f 2663/2663/2663 2666/2666/2666 2659/2659/2659
f 2666/2666/2666 2701/2701/2701 2655/2655/2655
f 2705/2705/2705 2666/2666/2666 2663/2663/2663
f 2703/2703/2703 2701/2701/2701 2666/2666/2666
f 2705/2705/2705 2703/2703/2703 2666/2666/2666
f 2709/2709/2709 2708/2708/2708 2707/2707/2707
f 2712/2712/2712 2709/2709/2709 2707/2707/2707
f 2709/2709/2709 2712/2712/2712 2710/2710/2710
f 2711/2711/2711 2709/2709/2709 2710/2710/2710
f 2715/2715/2715 2714/2714/2714 2713/2713/2713
f 2714/2714/2714 2715/2715/2715 2716/2716/2716
f 2717/2717/2717 2714/2714/2714 2716/2716/2716
f 2717/2717/2717 2716/2716/2716 2718/2718/2718
f 2717/2717/2717 2718/2718/2718 2768/2768/2768
f 2721/2721/2721 2720/2720/2720 2719/2719/2719
f 2722/2722/2722 2721/2721/2721 2719/2719/2719
f 2723/2723/2723 2722/2722/2722 2719/2719/2719
f 2724/2724/2724 2722/2722/2722 2723/2723/2723
f 2725/2725/2725 2724/2724/2724 2723/2723/2723
f 2724/2724/2724 2725/2725/2725 2726/2726/2726
f 2725/2725/2725 2727/2727/2727 2726/2726/2726
f 2727/2727/2727 2728/2728/2728 2726/2726/2726
f 2728/2728/2728 2729/2729/2729 2726/2726/2726
f 2742/2742/2742 2741/2741/2741 2740/2740/2740
f 2741/2741/2741 2743/2743/2743 2740/2740/2740
f 2743/2743/2743 2744/2744/2744 2740/2740/2740
f 2745/2745/2745 2743/2743/2743 2741/2741/2741
f 2740/2740/2740 2744/2744/2744 2746/2746/2746
f 2744/2744/2744 2747/2747/2747 2746/2746/2746
f 2740/2740/2740 2746/2746/2746 2748/2748/2748
f 2746/2746/2746 2747/2747/2747 2748/2748/2748
f 2742/2742/2742 2740/2740/2740 2748/2748/2748
f 2747/2747/2747 2749/2749/2749 2748/2748/2748
f 2748/2748/2748 2749/2749/2749 2742/2742/2742
f 2749/2749/2749 2750/2750/2750 2742/2742/2742
f 2767/2767/2767 2745/2745/2745 2741/2741/2741
f 2766/2766/2766 2745/2745/2745 2767/2767/2767
f 2742/2742/2742 2750/2750/2750 2751/2751/2751
f 2750/2750/2750 2752/2752/2752 2751/2751/2751
f 2752/2752/2752 2753/2753/2753 2751/2751/2751
f 2751/2751/2751 2753/2753/2753 2754/2754/2754
f 2754/2754/2754 2753/2753/2753 2755/2755/2755
f 2756/2756/2756 2754/2754/2754 2755/2755/2755
f 2755/2755/2755 2757/2757/2757 2756/2756/2756
f 2757/2757/2757 2758/2758/2758 2756/2756/2756
f 2757/2757/2757 2759/2759/2759 2758/2758/2758
f 2759/2759/2759 2760/2760/2760 2758/2758/2758
f 2760/2760/2760 2759/2759/2759 2761/2761/2761
f 2759/2759/2759 2762/2762/2762 2761/2761/2761
f 2765/2765/2765 2766/2766/2766 2767/2767/2767
f 2765/2765/2765 2767/2767/2767 2741/2741/2741
f 2764/2764/2764 2766/2766/2766 2765/2765/2765
f 2761/2761/2761 2762/2762/2762 2763/2763/2763
f 2762/2762/2762 2764/2764/2764 2763/2763/2763
f 2763/2763/2763 2764/2764/2764 2765/2765/2765
f 2763/2763/2763 2765/2765/2765 2741/2741/2741
f 2742/2742/2742 2761/2761/2761 2763/2763/2763
f 2742/2742/2742 2763/2763/2763 2741/2741/2741
f 2771/2771/2771 2770/2770/2770 2769/2769/2769
f 2770/2770/2770 2772/2772/2772 2769/2769/2769
f 2772/2772/2772 2773/2773/2773 2769/2769/2769
f 2776/2776/2776 2775/2775/2775 2774/2774/2774
f 2779/2779/2779 2778/2778/2778 2777/2777/2777
f 2782/2782/2782 2781/2781/2781 2780/2780/2780
f 2783/2783/2783 2782/2782/2782 2780/2780/2780
f 2786/2786/2786 2785/2785/2785 2784/2784/2784
f 2787/2787/2787 2784/2784/2784 2785/2785/2785
f 2786/2786/2786 2796/2796/2796 2785/2785/2785
f 2787/2787/2787 2785/2785/2785 2791/2791/2791
f 2785/2785/2785 2796/2796/2796 2791/2791/2791
f 2784/2784/2784 2787/2787/2787 2788/2788/2788
f 2791/2791/2791 2796/2796/2796 2802/2802/2802
f 2790/2790/2790 2784/2784/2784 2788/2788/2788
f 2787/2787/2787 2791/2791/2791 2805/2805/2805
f 2784/2784/2784 2790/2790/2790 2789/2789/2789
f 2789/2789/2789 2786/2786/2786 2784/2784/2784
f 2805/2805/2805 2791/2791/2791 2803/2803/2803
f 2791/2791/2791 2802/2802/2802 2803/2803/2803
f 2807/2807/2807 2787/2787/2787 2805/2805/2805
f 2787/2787/2787 2807/2807/2807 2788/2788/2788
f 2806/2806/2806 2805/2805/2805 2803/2803/2803
f 2806/2806/2806 2803/2803/2803 2802/2802/2802
f 2792/2792/2792 2790/2790/2790 2788/2788/2788
f 2789/2789/2789 2790/2790/2790 2792/2792/2792
f 2807/2807/2807 2816/2816/2816 2788/2788/2788
f 2816/2816/2816 2792/2792/2792 2788/2788/2788
f 2807/2807/2807 2805/2805/2805 2819/2819/2819
f 2806/2806/2806 2819/2819/2819 2805/2805/2805
f 2818/2818/2818 2816/2816/2816 2807/2807/2807
f 2818/2818/2818 2807/2807/2807 2819/2819/2819
f 2814/2814/2814 2792/2792/2792 2816/2816/2816
f 2818/2818/2818 2814/2814/2814 2816/2816/2816
f 2794/2794/2794 2789/2789/2789 2792/2792/2792
f 2792/2792/2792 2814/2814/2814 2794/2794/2794
f 2789/2789/2789 2794/2794/2794 2793/2793/2793
f 2793/2793/2793 2786/2786/2786 2789/2789/2789
f 2794/2794/2794 2814/2814/2814 2800/2800/2800
f 2794/2794/2794 2800/2800/2800 2793/2793/2793
f 2786/2786/2786 2793/2793/2793 2795/2795/2795
f 2793/2793/2793 2800/2800/2800 2798/2798/2798
f 2795/2795/2795 2793/2793/2793 2798/2798/2798
f 2786/2786/2786 2795/2795/2795 2797/2797/2797
f 2797/2797/2797 2795/2795/2795 2798/2798/2798
f 2786/2786/2786 2797/2797/2797 2796/2796/2796
f 2798/2798/2798 2800/2800/2800 2812/2812/2812
f 2800/2800/2800 2814/2814/2814 2812/2812/2812
f 2811/2811/2811 2797/2797/2797 2798/2798/2798
f 2798/2798/2798 2812/2812/2812 2811/2811/2811
f 2797/2797/2797 2799/2799/2799 2796/2796/2796
f 2799/2799/2799 2802/2802/2802 2796/2796/2796
f 2797/2797/2797 2811/2811/2811 2809/2809/2809
f 2799/2799/2799 2797/2797/2797 2801/2801/2801
f 2801/2801/2801 2797/2797/2797 2809/2809/2809
f 2804/2804/2804 2799/2799/2799 2801/2801/2801
f 2799/2799/2799 2804/2804/2804 2802/2802/2802
f 2809/2809/2809 2804/2804/2804 2801/2801/2801
f 2804/2804/2804 2808/2808/2808 2802/2802/2802
f 2808/2808/2808 2806/2806/2806 2802/2802/2802
f 2808/2808/2808 2804/2804/2804 2810/2810/2810
f 2806/2806/2806 2808/2808/2808 2810/2810/2810
f 2804/2804/2804 2809/2809/2809 2810/2810/2810
f 2819/2819/2819 2806/2806/2806 2810/2810/2810
f 2809/2809/2809 2811/2811/2811 2813/2813/2813
f 2809/2809/2809 2813/2813/2813 2810/2810/2810
f 2812/2812/2812 2813/2813/2813 2811/2811/2811
f 2810/2810/2810 2845/2845/2845 2819/2819/2819
f 2810/2810/2810 2813/2813/2813 2845/2845/2845
f 2813/2813/2813 2812/2812/2812 2815/2815/2815
f 2812/2812/2812 2814/2814/2814 2815/2815/2815
f 2813/2813/2813 2841/2841/2841 2845/2845/2845
f 2841/2841/2841 2813/2813/2813 2815/2815/2815
f 2818/2818/2818 2820/2820/2820 2814/2814/2814
f 2818/2818/2818 2819/2819/2819 2820/2820/2820
f 2814/2814/2814 2817/2817/2817 2815/2815/2815
f 2820/2820/2820 2817/2817/2817 2814/2814/2814
f 2819/2819/2819 2821/2821/2821 2820/2820/2820
f 2845/2845/2845 2821/2821/2821 2819/2819/2819
f 2820/2820/2820 2821/2821/2821 2823/2823/2823
f 2820/2820/2820 2822/2822/2822 2817/2817/2817
f 2823/2823/2823 2822/2822/2822 2820/2820/2820
f 2821/2821/2821 2824/2824/2824 2823/2823/2823
f 2823/2823/2823 2825/2825/2825 2822/2822/2822
f 2823/2823/2823 2824/2824/2824 2825/2825/2825
f 2825/2825/2825 2826/2826/2826 2822/2822/2822
f 2824/2824/2824 2827/2827/2827 2825/2825/2825
f 2826/2826/2826 2828/2828/2828 2822/2822/2822
f 2829/2829/2829 2827/2827/2827 2824/2824/2824
f 2828/2828/2828 2830/2830/2830 2822/2822/2822
f 2822/2822/2822 2830/2830/2830 2817/2817/2817
f 2831/2831/2831 2829/2829/2829 2824/2824/2824
f 2831/2831/2831 2824/2824/2824 2821/2821/2821
f 2831/2831/2831 2821/2821/2821 2845/2845/2845
f 2832/2832/2832 2829/2829/2829 2831/2831/2831
f 2830/2830/2830 2828/2828/2828 2833/2833/2833
f 2830/2830/2830 2833/2833/2833 2817/2817/2817
f 2828/2828/2828 2834/2834/2834 2833/2833/2833
f 2847/2847/2847 2832/2832/2832 2831/2831/2831
f 2847/2847/2847 2831/2831/2831 2845/2845/2845
f 2835/2835/2835 2833/2833/2833 2834/2834/2834
f 2833/2833/2833 2835/2835/2835 2817/2817/2817
f 2835/2835/2835 2815/2815/2815 2817/2817/2817
f 2836/2836/2836 2835/2835/2835 2834/2834/2834
f 2832/2832/2832 2847/2847/2847 2846/2846/2846
f 2846/2846/2846 2847/2847/2847 2845/2845/2845
f 2844/2844/2844 2832/2832/2832 2846/2846/2846
f 2835/2835/2835 2836/2836/2836 2837/2837/2837
f 2815/2815/2815 2835/2835/2835 2837/2837/2837
f 2836/2836/2836 2838/2838/2838 2837/2837/2837
f 2844/2844/2844 2846/2846/2846 2842/2842/2842
f 2842/2842/2842 2846/2846/2846 2845/2845/2845
f 2843/2843/2843 2844/2844/2844 2842/2842/2842
f 2841/2841/2841 2842/2842/2842 2845/2845/2845
f 2840/2840/2840 2843/2843/2843 2842/2842/2842
f 2841/2841/2841 2815/2815/2815 2839/2839/2839
f 2841/2841/2841 2839/2839/2839 2842/2842/2842
f 2815/2815/2815 2837/2837/2837 2839/2839/2839
f 2839/2839/2839 2840/2840/2840 2842/2842/2842
f 2837/2837/2837 2838/2838/2838 2839/2839/2839
f 2838/2838/2838 2840/2840/2840 2839/2839/2839
f 2850/2850/2850 2849/2849/2849 2848/2848/2848
f 2852/2852/2852 2848/2848/2848 2849/2849/2849
f 2850/2850/2850 2851/2851/2851 2849/2849/2849
f 2852/2852/2852 2849/2849/2849 2856/2856/2856
f 2849/2849/2849 2851/2851/2851 2856/2856/2856
f 2848/2848/2848 2852/2852/2852 2853/2853/2853
f 2856/2856/2856 2851/2851/2851 2867/2867/2867
f 2855/2855/2855 2848/2848/2848 2853/2853/2853
f 2864/2864/2864 2867/2867/2867 2851/2851/2851
f 2851/2851/2851 2850/2850/2850 2864/2864/2864
f 2848/2848/2848 2855/2855/2855 2854/2854/2854
f 2854/2854/2854 2850/2850/2850 2848/2848/2848
f 2857/2857/2857 2855/2855/2855 2853/2853/2853
f 2854/2854/2854 2855/2855/2855 2857/2857/2857
f 2852/2852/2852 2872/2872/2872 2853/2853/2853
f 2881/2881/2881 2857/2857/2857 2853/2853/2853
f 2872/2872/2872 2881/2881/2881 2853/2853/2853
f 2852/2852/2852 2856/2856/2856 2870/2870/2870
f 2872/2872/2872 2852/2852/2852 2870/2870/2870
f 2870/2870/2870 2856/2856/2856 2868/2868/2868
f 2856/2856/2856 2867/2867/2867 2868/2868/2868
f 2882/2882/2882 2881/2881/2881 2872/2872/2872
f 2882/2882/2882 2857/2857/2857 2881/2881/2881
f 2871/2871/2871 2870/2870/2870 2868/2868/2868
f 2871/2871/2871 2868/2868/2868 2867/2867/2867
f 2872/2872/2872 2870/2870/2870 2884/2884/2884
f 2871/2871/2871 2884/2884/2884 2870/2870/2870
f 2882/2882/2882 2872/2872/2872 2884/2884/2884
f 2873/2873/2873 2871/2871/2871 2867/2867/2867
f 2869/2869/2869 2873/2873/2873 2867/2867/2867
f 2864/2864/2864 2869/2869/2869 2867/2867/2867
f 2871/2871/2871 2873/2873/2873 2875/2875/2875
f 2869/2869/2869 2875/2875/2875 2873/2873/2873
f 2884/2884/2884 2871/2871/2871 2875/2875/2875
f 2869/2869/2869 2864/2864/2864 2866/2866/2866
f 2869/2869/2869 2874/2874/2874 2875/2875/2875
f 2874/2874/2874 2869/2869/2869 2866/2866/2866
f 2864/2864/2864 2862/2862/2862 2866/2866/2866
f 2866/2866/2866 2862/2862/2862 2874/2874/2874
f 2862/2862/2862 2864/2864/2864 2850/2850/2850
f 2874/2874/2874 2878/2878/2878 2875/2875/2875
f 2858/2858/2858 2862/2862/2862 2850/2850/2850
f 2854/2854/2854 2858/2858/2858 2850/2850/2850
f 2862/2862/2862 2876/2876/2876 2874/2874/2874
f 2874/2874/2874 2876/2876/2876 2878/2878/2878
f 2858/2858/2858 2861/2861/2861 2862/2862/2862
f 2876/2876/2876 2862/2862/2862 2863/2863/2863
f 2862/2862/2862 2861/2861/2861 2863/2863/2863
f 2858/2858/2858 2859/2859/2859 2861/2861/2861
f 2859/2859/2859 2858/2858/2858 2854/2854/2854
f 2861/2861/2861 2859/2859/2859 2863/2863/2863
f 2854/2854/2854 2860/2860/2860 2859/2859/2859
f 2860/2860/2860 2854/2854/2854 2857/2857/2857
f 2859/2859/2859 2865/2865/2865 2863/2863/2863
f 2860/2860/2860 2865/2865/2865 2859/2859/2859
f 2863/2863/2863 2877/2877/2877 2876/2876/2876
f 2863/2863/2863 2865/2865/2865 2877/2877/2877
f 2865/2865/2865 2860/2860/2860 2877/2877/2877
f 2877/2877/2877 2878/2878/2878 2876/2876/2876
f 2857/2857/2857 2880/2880/2880 2860/2860/2860
f 2860/2860/2860 2880/2880/2880 2877/2877/2877
f 2880/2880/2880 2857/2857/2857 2882/2882/2882
f 2878/2878/2878 2877/2877/2877 2879/2879/2879
f 2877/2877/2877 2880/2880/2880 2879/2879/2879
f 2882/2882/2882 2885/2885/2885 2880/2880/2880
f 2882/2882/2882 2884/2884/2884 2885/2885/2885
f 2880/2880/2880 2883/2883/2883 2879/2879/2879
f 2885/2885/2885 2883/2883/2883 2880/2880/2880
f 2906/2906/2906 2878/2878/2878 2879/2879/2879
f 2884/2884/2884 2886/2886/2886 2885/2885/2885
f 2875/2875/2875 2878/2878/2878 2910/2910/2910
f 2875/2875/2875 2910/2910/2910 2884/2884/2884
f 2878/2878/2878 2906/2906/2906 2910/2910/2910
f 2910/2910/2910 2886/2886/2886 2884/2884/2884
f 2906/2906/2906 2879/2879/2879 2904/2904/2904
f 2885/2885/2885 2886/2886/2886 2888/2888/2888
f 2906/2906/2906 2904/2904/2904 2907/2907/2907
f 2906/2906/2906 2907/2907/2907 2910/2910/2910
f 2888/2888/2888 2887/2887/2887 2885/2885/2885
f 2885/2885/2885 2887/2887/2887 2883/2883/2883
f 2886/2886/2886 2889/2889/2889 2888/2888/2888
f 2888/2888/2888 2890/2890/2890 2887/2887/2887
f 2888/2888/2888 2889/2889/2889 2890/2890/2890
f 2890/2890/2890 2891/2891/2891 2887/2887/2887
f 2889/2889/2889 2892/2892/2892 2890/2890/2890
f 2891/2891/2891 2893/2893/2893 2887/2887/2887
f 2894/2894/2894 2892/2892/2892 2889/2889/2889
f 2893/2893/2893 2895/2895/2895 2887/2887/2887
f 2887/2887/2887 2895/2895/2895 2883/2883/2883
f 2896/2896/2896 2894/2894/2894 2889/2889/2889
f 2896/2896/2896 2889/2889/2889 2886/2886/2886
f 2896/2896/2896 2886/2886/2886 2910/2910/2910
f 2897/2897/2897 2894/2894/2894 2896/2896/2896
f 2895/2895/2895 2893/2893/2893 2898/2898/2898
f 2895/2895/2895 2898/2898/2898 2883/2883/2883
f 2893/2893/2893 2899/2899/2899 2898/2898/2898
f 2912/2912/2912 2897/2897/2897 2896/2896/2896
f 2912/2912/2912 2896/2896/2896 2910/2910/2910
f 2900/2900/2900 2898/2898/2898 2899/2899/2899
f 2898/2898/2898 2900/2900/2900 2883/2883/2883
f 2900/2900/2900 2879/2879/2879 2883/2883/2883
f 2901/2901/2901 2900/2900/2900 2899/2899/2899
f 2911/2911/2911 2912/2912/2912 2910/2910/2910
f 2897/2897/2897 2912/2912/2912 2911/2911/2911
f 2907/2907/2907 2911/2911/2911 2910/2910/2910
f 2909/2909/2909 2897/2897/2897 2911/2911/2911
f 2909/2909/2909 2911/2911/2911 2907/2907/2907
f 2908/2908/2908 2909/2909/2909 2907/2907/2907
f 2905/2905/2905 2908/2908/2908 2907/2907/2907
f 2904/2904/2904 2905/2905/2905 2907/2907/2907
f 2903/2903/2903 2905/2905/2905 2904/2904/2904
f 2900/2900/2900 2901/2901/2901 2902/2902/2902
f 2901/2901/2901 2903/2903/2903 2902/2902/2902
f 2902/2902/2902 2903/2903/2903 2904/2904/2904
f 2879/2879/2879 2900/2900/2900 2902/2902/2902
f 2879/2879/2879 2902/2902/2902 2904/2904/2904
f 2915/2915/2915 2914/2914/2914 2913/2913/2913
f 2916/2916/2916 2915/2915/2915 2913/2913/2913
f 2915/2915/2915 2917/2917/2917 2914/2914/2914
f 2916/2916/2916 2913/2913/2913 2918/2918/2918
f 2919/2919/2919 2916/2916/2916 2918/2918/2918
f 2917/2917/2917 2920/2920/2920 2914/2914/2914
f 2917/2917/2917 2921/2921/2921 2920/2920/2920
f 2919/2919/2919 2918/2918/2918 2922/2922/2922
f 2923/2923/2923 2919/2919/2919 2922/2922/2922
f 2918/2918/2918 2913/2913/2913 2924/2924/2924
f 2923/2923/2923 2922/2922/2922 2925/2925/2925
f 2926/2926/2926 2923/2923/2923 2925/2925/2925
f 2922/2922/2922 2918/2918/2918 2927/2927/2927
f 2918/2918/2918 2924/2924/2924 2927/2927/2927
f 2925/2925/2925 2922/2922/2922 2928/2928/2928
f 2922/2922/2922 2927/2927/2927 2928/2928/2928
f 2926/2926/2926 2925/2925/2925 2929/2929/2929
f 2930/2930/2930 2926/2926/2926 2929/2929/2929
f 2925/2925/2925 2928/2928/2928 2931/2931/2931
f 2929/2929/2929 2925/2925/2925 2931/2931/2931
f 2928/2928/2928 2927/2927/2927 2975/2975/2975
f 2931/2931/2931 2928/2928/2928 2975/2975/2975
f 2930/2930/2930 2929/2929/2929 2932/2932/2932
f 2933/2933/2933 2930/2930/2930 2932/2932/2932
f 2929/2929/2929 2931/2931/2931 2934/2934/2934
f 2932/2932/2932 2929/2929/2929 2934/2934/2934
f 2933/2933/2933 2932/2932/2932 2935/2935/2935
f 2936/2936/2936 2933/2933/2933 2935/2935/2935
f 2932/2932/2932 2934/2934/2934 2937/2937/2937
f 2935/2935/2935 2932/2932/2932 2937/2937/2937
f 2934/2934/2934 2931/2931/2931 2978/2978/2978
f 2931/2931/2931 2975/2975/2975 2978/2978/2978
f 2937/2937/2937 2934/2934/2934 2979/2979/2979
f 2934/2934/2934 2978/2978/2978 2979/2979/2979
f 2935/2935/2935 2937/2937/2937 2940/2940/2940
f 2940/2940/2940 2937/2937/2937 2979/2979/2979
f 2936/2936/2936 2935/2935/2935 2938/2938/2938
f 2938/2938/2938 2935/2935/2935 2940/2940/2940
f 2939/2939/2939 2936/2936/2936 2938/2938/2938
f 2938/2938/2938 2940/2940/2940 2943/2943/2943
f 2939/2939/2939 2938/2938/2938 2941/2941/2941
f 2941/2941/2941 2938/2938/2938 2943/2943/2943
f 2942/2942/2942 2939/2939/2939 2941/2941/2941
f 2943/2943/2943 2940/2940/2940 2982/2982/2982
f 2940/2940/2940 2979/2979/2979 2982/2982/2982
f 2941/2941/2941 2943/2943/2943 2946/2946/2946
f 2946/2946/2946 2943/2943/2943 2982/2982/2982
f 2942/2942/2942 2941/2941/2941 2944/2944/2944
f 2944/2944/2944 2941/2941/2941 2946/2946/2946
f 2945/2945/2945 2942/2942/2942 2944/2944/2944
f 2946/2946/2946 2982/2982/2982 2984/2984/2984
f 2945/2945/2945 2944/2944/2944 2947/2947/2947
f 2948/2948/2948 2945/2945/2945 2947/2947/2947
f 2944/2944/2944 2946/2946/2946 2949/2949/2949
f 2947/2947/2947 2944/2944/2944 2949/2949/2949
f 2949/2949/2949 2946/2946/2946 2984/2984/2984
f 2948/2948/2948 2947/2947/2947 2950/2950/2950
f 2951/2951/2951 2948/2948/2948 2950/2950/2950
f 2947/2947/2947 2949/2949/2949 2952/2952/2952
f 2950/2950/2950 2947/2947/2947 2952/2952/2952
f 2949/2949/2949 2984/2984/2984 2985/2985/2985
f 2952/2952/2952 2949/2949/2949 2985/2985/2985
f 2951/2951/2951 2950/2950/2950 2953/2953/2953
f 2954/2954/2954 2951/2951/2951 2953/2953/2953
f 2950/2950/2950 2952/2952/2952 2955/2955/2955
f 2953/2953/2953 2950/2950/2950 2955/2955/2955
f 2955/2955/2955 2952/2952/2952 2985/2985/2985
f 2954/2954/2954 2953/2953/2953 2956/2956/2956
f 2957/2957/2957 2954/2954/2954 2956/2956/2956
f 2953/2953/2953 2955/2955/2955 2958/2958/2958
f 2956/2956/2956 2953/2953/2953 2958/2958/2958
f 2955/2955/2955 2985/2985/2985 2987/2987/2987
f 2958/2958/2958 2955/2955/2955 2987/2987/2987
f 2957/2957/2957 2956/2956/2956 2959/2959/2959
f 2960/2960/2960 2957/2957/2957 2959/2959/2959
f 2956/2956/2956 2958/2958/2958 2961/2961/2961
f 2959/2959/2959 2956/2956/2956 2961/2961/2961
f 2961/2961/2961 2958/2958/2958 2987/2987/2987
f 2960/2960/2960 2959/2959/2959 2962/2962/2962
f 2963/2963/2963 2960/2960/2960 2962/2962/2962
f 2963/2963/2963 2962/2962/2962 2921/2921/2921
f 2959/2959/2959 2961/2961/2961 2964/2964/2964
f 2962/2962/2962 2959/2959/2959 2964/2964/2964
f 2962/2962/2962 2965/2965/2965 2921/2921/2921
f 2962/2962/2962 2964/2964/2964 2965/2965/2965
f 2921/2921/2921 2965/2965/2965 2920/2920/2920
f 2964/2964/2964 2961/2961/2961 2966/2966/2966
f 2961/2961/2961 2987/2987/2987 2966/2966/2966
f 2964/2964/2964 2968/2968/2968 2965/2965/2965
f 2920/2920/2920 2965/2965/2965 2967/2967/2967
f 2965/2965/2965 2968/2968/2968 2967/2967/2967
f 2968/2968/2968 2964/2964/2964 2969/2969/2969
f 2967/2967/2967 2968/2968/2968 2969/2969/2969
f 2964/2964/2964 2966/2966/2966 2969/2969/2969
f 2920/2920/2920 2967/2967/2967 2970/2970/2970
f 2914/2914/2914 2920/2920/2920 2970/2970/2970
f 2967/2967/2967 2969/2969/2969 2971/2971/2971
f 2970/2970/2970 2967/2967/2967 2971/2971/2971
f 2914/2914/2914 2970/2970/2970 2972/2972/2972
f 2972/2972/2972 2970/2970/2970 2971/2971/2971
f 2913/2913/2913 2914/2914/2914 2972/2972/2972
f 2913/2913/2913 2972/2972/2972 2924/2924/2924
f 2924/2924/2924 2972/2972/2972 2973/2973/2973
f 2972/2972/2972 2971/2971/2971 2973/2973/2973
f 2927/2927/2927 2924/2924/2924 2973/2973/2973
f 2927/2927/2927 2973/2973/2973 2975/2975/2975
f 2971/2971/2971 2969/2969/2969 2993/2993/2993
f 2973/2973/2973 2971/2971/2971 2974/2974/2974
f 2971/2971/2971 2993/2993/2993 2974/2974/2974
f 2975/2975/2975 2973/2973/2973 2976/2976/2976
f 2973/2973/2973 2974/2974/2974 2976/2976/2976
f 2969/2969/2969 2990/2990/2990 2993/2993/2993
f 2969/2969/2969 2966/2966/2966 2990/2990/2990
f 2994/2994/2994 2974/2974/2974 2993/2993/2993
f 2994/2994/2994 2993/2993/2993 2990/2990/2990
f 3006/3006/3006 2976/2976/2976 2974/2974/2974
f 2994/2994/2994 3006/3006/3006 2974/2974/2974
f 2975/2975/2975 2976/2976/2976 2977/2977/2977
f 2978/2978/2978 2975/2975/2975 2977/2977/2977
f 2966/2966/2966 2989/2989/2989 2990/2990/2990
f 2966/2966/2966 2987/2987/2987 2989/2989/2989
f 2978/2978/2978 2977/2977/2977 2980/2980/2980
f 2979/2979/2979 2978/2978/2978 2980/2980/2980
f 3004/3004/3004 2977/2977/2977 2976/2976/2976
f 3004/3004/3004 2980/2980/2980 2977/2977/2977
f 3006/3006/3006 3004/3004/3004 2976/2976/2976
f 2979/2979/2979 2980/2980/2980 2981/2981/2981
f 2982/2982/2982 2979/2979/2979 2981/2981/2981
f 3004/3004/3004 3003/3003/3003 2980/2980/2980
f 3003/3003/3003 2981/2981/2981 2980/2980/2980
f 2982/2982/2982 2981/2981/2981 2983/2983/2983
f 2984/2984/2984 2982/2982/2982 2983/2983/2983
f 3003/3003/3003 3001/3001/3001 2981/2981/2981
f 3001/3001/3001 2983/2983/2983 2981/2981/2981
f 2984/2984/2984 2983/2983/2983 2986/2986/2986
f 3001/3001/3001 2986/2986/2986 2983/2983/2983
f 2985/2985/2985 2984/2984/2984 2986/2986/2986
f 2987/2987/2987 2985/2985/2985 2988/2988/2988
f 2985/2985/2985 2986/2986/2986 2988/2988/2988
f 2987/2987/2987 2988/2988/2988 2989/2989/2989
f 2998/2998/2998 2988/2988/2988 2986/2986/2986
f 3001/3001/3001 2998/2998/2998 2986/2986/2986
f 2992/2992/2992 2989/2989/2989 2988/2988/2988
f 2998/2998/2998 2992/2992/2992 2988/2988/2988
f 2991/2991/2991 2990/2990/2990 2989/2989/2989
f 2992/2992/2992 2991/2991/2991 2989/2989/2989
f 2991/2991/2991 2994/2994/2994 2990/2990/2990
f 2998/2998/2998 3001/3001/3001 3000/3000/3000
f 2994/2994/2994 2991/2991/2991 2996/2996/2996
f 2998/2998/2998 3000/3000/3000 2997/2997/2997
f 2992/2992/2992 2998/2998/2998 2997/2997/2997
f 2991/2991/2991 2992/2992/2992 2995/2995/2995
f 2992/2992/2992 2997/2997/2997 2995/2995/2995
f 2991/2991/2991 2995/2995/2995 2996/2996/2996
f 2997/2997/2997 3000/3000/3000 3002/3002/3002
f 2995/2995/2995 2997/2997/2997 3002/3002/3002
f 3001/3001/3001 3002/3002/3002 3000/3000/3000
f 2996/2996/2996 2995/2995/2995 3002/3002/3002
f 3001/3001/3001 3003/3003/3003 3002/3002/3002
f 2994/2994/2994 2996/2996/2996 2999/2999/2999
f 2999/2999/2999 2996/2996/2996 3002/3002/3002
f 3006/3006/3006 2994/2994/2994 2999/2999/2999
f 3003/3003/3003 3005/3005/3005 3002/3002/3002
f 3003/3003/3003 3004/3004/3004 3005/3005/3005
f 3007/3007/3007 2999/2999/2999 3002/3002/3002
f 3005/3005/3005 3007/3007/3007 3002/3002/3002
f 3006/3006/3006 2999/2999/2999 3007/3007/3007
f 3004/3004/3004 3007/3007/3007 3005/3005/3005
f 3004/3004/3004 3006/3006/3006 3007/3007/3007
f 3010/3010/3010 3009/3009/3009 3008/3008/3008
f 3011/3011/3011 3008/3008/3008 3009/3009/3009
f 3027/3027/3027 3009/3009/3009 3010/3010/3010
f 3011/3011/3011 3009/3009/3009 3015/3015/3015
f 3009/3009/3009 3027/3027/3027 3015/3015/3015
f 3008/3008/3008 3011/3011/3011 3012/3012/3012
f 3015/3015/3015 3027/3027/3027 3029/3029/3029
f 3015/3015/3015 3033/3033/3033 3011/3011/3011
f 3025/3025/3025 3029/3029/3029 3027/3027/3027
f 3027/3027/3027 3010/3010/3010 3025/3025/3025
f 3015/3015/3015 3029/3029/3029 3030/3030/3030
f 3030/3030/3030 3033/3033/3033 3015/3015/3015
f 3033/3033/3033 3035/3035/3035 3011/3011/3011
f 3011/3011/3011 3035/3035/3035 3012/3012/3012
f 3036/3036/3036 3033/3033/3033 3030/3030/3030
f 3035/3035/3035 3033/3033/3033 3036/3036/3036
f 3029/3029/3029 3031/3031/3031 3030/3030/3030
f 3031/3031/3031 3029/3029/3029 3025/3025/3025
f 3037/3037/3037 3036/3036/3036 3030/3030/3030
f 3037/3037/3037 3030/3030/3030 3031/3031/3031
f 3038/3038/3038 3035/3035/3035 3036/3036/3036
f 3035/3035/3035 3038/3038/3038 3012/3012/3012
f 3037/3037/3037 3056/3056/3056 3036/3036/3036
f 3038/3038/3038 3036/3036/3036 3056/3056/3056
f 3039/3039/3039 3037/3037/3037 3031/3031/3031
f 3038/3038/3038 3052/3052/3052 3012/3012/3012
f 3037/3037/3037 3039/3039/3039 3041/3041/3041
f 3054/3054/3054 3052/3052/3052 3038/3038/3038
f 3054/3054/3054 3038/3038/3038 3056/3056/3056
f 3034/3034/3034 3039/3039/3039 3031/3031/3031
f 3039/3039/3039 3034/3034/3034 3041/3041/3041
f 3032/3032/3032 3031/3031/3031 3025/3025/3025
f 3032/3032/3032 3034/3034/3034 3031/3031/3031
f 3032/3032/3032 3025/3025/3025 3028/3028/3028
f 3034/3034/3034 3032/3032/3032 3028/3028/3028
f 3057/3057/3057 3037/3037/3037 3041/3041/3041
f 3037/3037/3037 3057/3057/3057 3056/3056/3056
f 3025/3025/3025 3022/3022/3022 3028/3028/3028
f 3022/3022/3022 3025/3025/3025 3010/3010/3010
f 3040/3040/3040 3034/3034/3034 3028/3028/3028
f 3019/3019/3019 3022/3022/3022 3010/3010/3010
f 3034/3034/3034 3043/3043/3043 3041/3041/3041
f 3034/3034/3034 3040/3040/3040 3043/3043/3043
f 3022/3022/3022 3024/3024/3024 3028/3028/3028
f 3028/3028/3028 3024/3024/3024 3040/3040/3040
f 3019/3019/3019 3021/3021/3021 3022/3022/3022
f 3021/3021/3021 3024/3024/3024 3022/3022/3022
f 3013/3013/3013 3019/3019/3019 3010/3010/3010
f 3013/3013/3013 3010/3010/3010 3008/3008/3008
f 3019/3019/3019 3018/3018/3018 3021/3021/3021
f 3018/3018/3018 3019/3019/3019 3013/3013/3013
f 3024/3024/3024 3021/3021/3021 3023/3023/3023
f 3021/3021/3021 3018/3018/3018 3023/3023/3023
f 3008/3008/3008 3014/3014/3014 3013/3013/3013
f 3014/3014/3014 3008/3008/3008 3012/3012/3012
f 3016/3016/3016 3018/3018/3018 3013/3013/3013
f 3014/3014/3014 3016/3016/3016 3013/3013/3013
f 3017/3017/3017 3014/3014/3014 3012/3012/3012
f 3016/3016/3016 3014/3014/3014 3017/3017/3017
f 3052/3052/3052 3017/3017/3017 3012/3012/3012
f 3016/3016/3016 3020/3020/3020 3018/3018/3018
f 3020/3020/3020 3016/3016/3016 3017/3017/3017
f 3018/3018/3018 3026/3026/3026 3023/3023/3023
f 3020/3020/3020 3026/3026/3026 3018/3018/3018
f 3042/3042/3042 3024/3024/3024 3023/3023/3023
f 3024/3024/3024 3042/3042/3042 3040/3040/3040
f 3023/3023/3023 3026/3026/3026 3044/3044/3044
f 3023/3023/3023 3044/3044/3044 3042/3042/3042
f 3017/3017/3017 3050/3050/3050 3020/3020/3020
f 3050/3050/3050 3017/3017/3017 3052/3052/3052
f 3020/3020/3020 3048/3048/3048 3026/3026/3026
f 3050/3050/3050 3048/3048/3048 3020/3020/3020
f 3026/3026/3026 3047/3047/3047 3044/3044/3044
f 3026/3026/3026 3048/3048/3048 3047/3047/3047
f 3055/3055/3055 3050/3050/3050 3052/3052/3052
f 3055/3055/3055 3052/3052/3052 3054/3054/3054
f 3047/3047/3047 3048/3048/3048 3051/3051/3051
f 3044/3044/3044 3047/3047/3047 3051/3051/3051
f 3055/3055/3055 3054/3054/3054 3058/3058/3058
f 3055/3055/3055 3058/3058/3058 3050/3050/3050
f 3048/3048/3048 3050/3050/3050 3053/3053/3053
f 3048/3048/3048 3053/3053/3053 3051/3051/3051
f 3058/3058/3058 3061/3061/3061 3050/3050/3050
f 3050/3050/3050 3061/3061/3061 3053/3053/3053
f 3054/3054/3054 3059/3059/3059 3058/3058/3058
f 3054/3054/3054 3056/3056/3056 3059/3059/3059
f 3058/3058/3058 3062/3062/3062 3061/3061/3061
f 3062/3062/3062 3058/3058/3058 3059/3059/3059
f 3056/3056/3056 3060/3060/3060 3059/3059/3059
f 3056/3056/3056 3057/3057/3057 3060/3060/3060
f 3063/3063/3063 3062/3062/3062 3059/3059/3059
f 3059/3059/3059 3060/3060/3060 3063/3063/3063
f 3062/3062/3062 3071/3071/3071 3061/3061/3061
f 3057/3057/3057 3064/3064/3064 3060/3060/3060
f 3071/3071/3071 3074/3074/3074 3061/3061/3061
f 3074/3074/3074 3053/3053/3053 3061/3061/3061
f 3069/3069/3069 3071/3071/3071 3062/3062/3062
f 3071/3071/3071 3069/3069/3069 3074/3074/3074
f 3067/3067/3067 3069/3069/3069 3062/3062/3062
f 3069/3069/3069 3075/3075/3075 3074/3074/3074
f 3066/3066/3066 3067/3067/3067 3062/3062/3062
f 3063/3063/3063 3066/3066/3066 3062/3062/3062
f 3076/3076/3076 3074/3074/3074 3075/3075/3075
f 3074/3074/3074 3076/3076/3076 3053/3053/3053
f 3076/3076/3076 3051/3051/3051 3053/3053/3053
f 3077/3077/3077 3076/3076/3076 3075/3075/3075
f 3063/3063/3063 3065/3065/3065 3066/3066/3066
f 3060/3060/3060 3065/3065/3065 3063/3063/3063
f 3065/3065/3065 3060/3060/3060 3064/3064/3064
f 3065/3065/3065 3068/3068/3068 3066/3066/3066
f 3070/3070/3070 3068/3068/3068 3065/3065/3065
f 3076/3076/3076 3077/3077/3077 3078/3078/3078
f 3051/3051/3051 3076/3076/3076 3078/3078/3078
f 3077/3077/3077 3079/3079/3079 3078/3078/3078
f 3072/3072/3072 3070/3070/3070 3065/3065/3065
f 3072/3072/3072 3065/3065/3065 3064/3064/3064
f 3073/3073/3073 3070/3070/3070 3072/3072/3072
f 3078/3078/3078 3079/3079/3079 3080/3080/3080
f 3079/3079/3079 3081/3081/3081 3080/3080/3080
f 3049/3049/3049 3051/3051/3051 3078/3078/3078
f 3049/3049/3049 3078/3078/3078 3080/3080/3080
f 3049/3049/3049 3044/3044/3044 3051/3051/3051
f 3080/3080/3080 3081/3081/3081 3083/3083/3083
f 3081/3081/3081 3084/3084/3084 3083/3083/3083
f 3084/3084/3084 3085/3085/3085 3083/3083/3083
f 3046/3046/3046 3044/3044/3044 3049/3049/3049
f 3044/3044/3044 3046/3046/3046 3042/3042/3042
f 3082/3082/3082 3049/3049/3049 3080/3080/3080
f 3082/3082/3082 3046/3046/3046 3049/3049/3049
f 3082/3082/3082 3080/3080/3080 3083/3083/3083
f 3042/3042/3042 3046/3046/3046 3045/3045/3045
f 3045/3045/3045 3046/3046/3046 3082/3082/3082
f 3040/3040/3040 3042/3042/3042 3045/3045/3045
f 3040/3040/3040 3045/3045/3045 3043/3043/3043
f 3086/3086/3086 3082/3082/3082 3083/3083/3083
f 3086/3086/3086 3045/3045/3045 3082/3082/3082
f 3085/3085/3085 3088/3088/3088 3083/3083/3083
f 3085/3085/3085 3073/3073/3073 3088/3088/3088
f 3086/3086/3086 3083/3083/3083 3087/3087/3087
f 3045/3045/3045 3086/3086/3086 3087/3087/3087
f 3083/3083/3083 3088/3088/3088 3087/3087/3087
f 3043/3043/3043 3045/3045/3045 3087/3087/3087
f 3073/3073/3073 3090/3090/3090 3088/3088/3088
f 3090/3090/3090 3073/3073/3073 3072/3072/3072
f 3087/3087/3087 3088/3088/3088 3089/3089/3089
f 3088/3088/3088 3090/3090/3090 3089/3089/3089
f 3087/3087/3087 3089/3089/3089 3043/3043/3043
f 3090/3090/3090 3072/3072/3072 3089/3089/3089
f 3072/3072/3072 3064/3064/3064 3089/3089/3089
f 3089/3089/3089 3064/3064/3064 3057/3057/3057
f 3089/3089/3089 3041/3041/3041 3043/3043/3043
f 3041/3041/3041 3089/3089/3089 3057/3057/3057
f 3093/3093/3093 3092/3092/3092 3091/3091/3091
f 3097/3097/3097 3093/3093/3093 3091/3091/3091
f 3093/3093/3093 3094/3094/3094 3092/3092/3092
f 3097/3097/3097 3103/3103/3103 3093/3093/3093
f 3093/3093/3093 3103/3103/3103 3094/3094/3094
f 3091/3091/3091 3098/3098/3098 3097/3097/3097
f 3094/3094/3094 3111/3111/3111 3092/3092/3092
f 3098/3098/3098 3100/3100/3100 3097/3097/3097
f 3095/3095/3095 3091/3091/3091 3092/3092/3092
f 3100/3100/3100 3102/3102/3102 3097/3097/3097
f 3102/3102/3102 3103/3103/3103 3097/3097/3097
f 3098/3098/3098 3091/3091/3091 3096/3096/3096
f 3091/3091/3091 3095/3095/3095 3096/3096/3096
f 3100/3100/3100 3098/3098/3098 3101/3101/3101
f 3101/3101/3101 3098/3098/3098 3096/3096/3096
f 3095/3095/3095 3092/3092/3092 3099/3099/3099
f 3092/3092/3092 3111/3111/3111 3099/3099/3099
f 3095/3095/3095 3119/3119/3119 3096/3096/3096
f 3099/3099/3099 3117/3117/3117 3095/3095/3095
f 3117/3117/3117 3119/3119/3119 3095/3095/3095
f 3099/3099/3099 3111/3111/3111 3113/3113/3113
f 3114/3114/3114 3117/3117/3117 3099/3099/3099
f 3099/3099/3099 3113/3113/3113 3114/3114/3114
f 3119/3119/3119 3117/3117/3117 3120/3120/3120
f 3120/3120/3120 3117/3117/3117 3114/3114/3114
f 3109/3109/3109 3113/3113/3113 3111/3111/3111
f 3111/3111/3111 3094/3094/3094 3109/3109/3109
f 3113/3113/3113 3115/3115/3115 3114/3114/3114
f 3115/3115/3115 3113/3113/3113 3109/3109/3109
f 3121/3121/3121 3120/3120/3120 3114/3114/3114
f 3121/3121/3121 3114/3114/3114 3115/3115/3115
f 3106/3106/3106 3109/3109/3109 3094/3094/3094
f 3103/3103/3103 3106/3106/3106 3094/3094/3094
f 3116/3116/3116 3115/3115/3115 3109/3109/3109
f 3103/3103/3103 3105/3105/3105 3106/3106/3106
f 3103/3103/3103 3102/3102/3102 3105/3105/3105
f 3109/3109/3109 3106/3106/3106 3112/3112/3112
f 3116/3116/3116 3109/3109/3109 3112/3112/3112
f 3105/3105/3105 3108/3108/3108 3106/3106/3106
f 3106/3106/3106 3108/3108/3108 3112/3112/3112
f 3105/3105/3105 3102/3102/3102 3107/3107/3107
f 3108/3108/3108 3105/3105/3105 3107/3107/3107
f 3118/3118/3118 3116/3116/3116 3112/3112/3112
f 3116/3116/3116 3118/3118/3118 3115/3115/3115
f 3112/3112/3112 3108/3108/3108 3124/3124/3124
f 3124/3124/3124 3118/3118/3118 3112/3112/3112
f 3126/3126/3126 3108/3108/3108 3107/3107/3107
f 3108/3108/3108 3126/3126/3126 3124/3124/3124
f 3118/3118/3118 3123/3123/3123 3115/3115/3115
f 3123/3123/3123 3121/3121/3121 3115/3115/3115
f 3123/3123/3123 3118/3118/3118 3125/3125/3125
f 3121/3121/3121 3123/3123/3123 3125/3125/3125
f 3118/3118/3118 3124/3124/3124 3127/3127/3127
f 3118/3118/3118 3127/3127/3127 3125/3125/3125
f 3124/3124/3124 3126/3126/3126 3129/3129/3129
f 3124/3124/3124 3129/3129/3129 3127/3127/3127
f 3140/3140/3140 3121/3121/3121 3125/3125/3125
f 3121/3121/3121 3140/3140/3140 3120/3120/3120
f 3173/3173/3173 3125/3125/3125 3127/3127/3127
f 3125/3125/3125 3173/3173/3173 3140/3140/3140
f 3127/3127/3127 3129/3129/3129 3171/3171/3171
f 3171/3171/3171 3173/3173/3173 3127/3127/3127
f 3126/3126/3126 3130/3130/3130 3129/3129/3129
f 3129/3129/3129 3170/3170/3170 3171/3171/3171
f 3128/3128/3128 3130/3130/3130 3126/3126/3126
f 3107/3107/3107 3128/3128/3128 3126/3126/3126
f 3129/3129/3129 3130/3130/3130 3166/3166/3166
f 3170/3170/3170 3129/3129/3129 3166/3166/3166
f 3107/3107/3107 3110/3110/3110 3128/3128/3128
f 3102/3102/3102 3110/3110/3110 3107/3107/3107
f 3130/3130/3130 3128/3128/3128 3132/3132/3132
f 3166/3166/3166 3130/3130/3130 3132/3132/3132
f 3104/3104/3104 3110/3110/3110 3102/3102/3102
f 3100/3100/3100 3104/3104/3104 3102/3102/3102
f 3104/3104/3104 3100/3100/3100 3101/3101/3101
f 3110/3110/3110 3131/3131/3131 3128/3128/3128
f 3110/3110/3110 3104/3104/3104 3131/3131/3131
f 3128/3128/3128 3131/3131/3131 3133/3133/3133
f 3132/3132/3132 3128/3128/3128 3133/3133/3133
f 3104/3104/3104 3134/3134/3134 3131/3131/3131
f 3131/3131/3131 3134/3134/3134 3133/3133/3133
f 3101/3101/3101 3136/3136/3136 3104/3104/3104
f 3136/3136/3136 3134/3134/3134 3104/3104/3104
f 3134/3134/3134 3137/3137/3137 3133/3133/3133
f 3134/3134/3134 3136/3136/3136 3137/3137/3137
f 3132/3132/3132 3133/3133/3133 3162/3162/3162
f 3136/3136/3136 3101/3101/3101 3135/3135/3135
f 3135/3135/3135 3101/3101/3101 3096/3096/3096
f 3160/3160/3160 3133/3133/3133 3137/3137/3137
f 3133/3133/3133 3160/3160/3160 3162/3162/3162
f 3122/3122/3122 3135/3135/3135 3096/3096/3096
f 3119/3119/3119 3122/3122/3122 3096/3096/3096
f 3122/3122/3122 3119/3119/3119 3120/3120/3120
f 3138/3138/3138 3136/3136/3136 3135/3135/3135
f 3138/3138/3138 3135/3135/3135 3122/3122/3122
f 3122/3122/3122 3120/3120/3120 3141/3141/3141
f 3140/3140/3140 3141/3141/3141 3120/3120/3120
f 3139/3139/3139 3138/3138/3138 3122/3122/3122
f 3139/3139/3139 3122/3122/3122 3141/3141/3141
f 3138/3138/3138 3142/3142/3142 3136/3136/3136
f 3138/3138/3138 3139/3139/3139 3142/3142/3142
f 3136/3136/3136 3145/3145/3145 3137/3137/3137
f 3142/3142/3142 3145/3145/3145 3136/3136/3136
f 3139/3139/3139 3141/3141/3141 3143/3143/3143
f 3139/3139/3139 3143/3143/3143 3142/3142/3142
f 3141/3141/3141 3140/3140/3140 3144/3144/3144
f 3141/3141/3141 3144/3144/3144 3143/3143/3143
f 3140/3140/3140 3148/3148/3148 3144/3144/3144
f 3173/3173/3173 3148/3148/3148 3140/3140/3140
f 3143/3143/3143 3144/3144/3144 3147/3147/3147
f 3146/3146/3146 3142/3142/3142 3143/3143/3143
f 3147/3147/3147 3146/3146/3146 3143/3143/3143
f 3142/3142/3142 3146/3146/3146 3145/3145/3145
f 3144/3144/3144 3149/3149/3149 3147/3147/3147
f 3149/3149/3149 3144/3144/3144 3148/3148/3148
f 3147/3147/3147 3150/3150/3150 3146/3146/3146
f 3147/3147/3147 3149/3149/3149 3150/3150/3150
f 3150/3150/3150 3151/3151/3151 3146/3146/3146
f 3149/3149/3149 3152/3152/3152 3150/3150/3150
f 3151/3151/3151 3153/3153/3153 3146/3146/3146
f 3154/3154/3154 3152/3152/3152 3149/3149/3149
f 3153/3153/3153 3155/3155/3155 3146/3146/3146
f 3146/3146/3146 3155/3155/3155 3145/3145/3145
f 3156/3156/3156 3154/3154/3154 3149/3149/3149
f 3156/3156/3156 3149/3149/3149 3148/3148/3148
f 3156/3156/3156 3148/3148/3148 3173/3173/3173
f 3157/3157/3157 3154/3154/3154 3156/3156/3156
f 3155/3155/3155 3158/3158/3158 3145/3145/3145
f 3155/3155/3155 3153/3153/3153 3158/3158/3158
f 3158/3158/3158 3137/3137/3137 3145/3145/3145
f 3158/3158/3158 3160/3160/3160 3137/3137/3137
f 3153/3153/3153 3159/3159/3159 3158/3158/3158
f 3160/3160/3160 3158/3158/3158 3159/3159/3159
f 3161/3161/3161 3160/3160/3160 3159/3159/3159
f 3160/3160/3160 3161/3161/3161 3162/3162/3162
f 3161/3161/3161 3163/3163/3163 3162/3162/3162
f 3174/3174/3174 3157/3157/3157 3156/3156/3156
f 3174/3174/3174 3156/3156/3156 3173/3173/3173
f 3162/3162/3162 3163/3163/3163 3164/3164/3164
f 3132/3132/3132 3162/3162/3162 3164/3164/3164
f 3163/3163/3163 3165/3165/3165 3164/3164/3164
f 3166/3166/3166 3132/3132/3132 3164/3164/3164
f 3172/3172/3172 3174/3174/3174 3173/3173/3173
f 3157/3157/3157 3174/3174/3174 3172/3172/3172
f 3171/3171/3171 3172/3172/3172 3173/3173/3173
f 3169/3169/3169 3157/3157/3157 3172/3172/3172
f 3166/3166/3166 3164/3164/3164 3167/3167/3167
f 3164/3164/3164 3165/3165/3165 3167/3167/3167
f 3169/3169/3169 3172/3172/3172 3167/3167/3167
f 3167/3167/3167 3172/3172/3172 3171/3171/3171
f 3168/3168/3168 3169/3169/3169 3167/3167/3167
f 3165/3165/3165 3168/3168/3168 3167/3167/3167
f 3170/3170/3170 3167/3167/3167 3171/3171/3171
f 3170/3170/3170 3166/3166/3166 3167/3167/3167
f 3177/3177/3177 3176/3176/3176 3175/3175/3175
f 3178/3178/3178 3177/3177/3177 3175/3175/3175
f 3177/3177/3177 3179/3179/3179 3176/3176/3176
f 3178/3178/3178 3175/3175/3175 3180/3180/3180
f 3181/3181/3181 3178/3178/3178 3180/3180/3180
f 3179/3179/3179 3182/3182/3182 3176/3176/3176
f 3179/3179/3179 3183/3183/3183 3182/3182/3182
f 3181/3181/3181 3180/3180/3180 3184/3184/3184
f 3185/3185/3185 3181/3181/3181 3184/3184/3184
f 3180/3180/3180 3175/3175/3175 3186/3186/3186
f 3185/3185/3185 3184/3184/3184 3187/3187/3187
f 3188/3188/3188 3185/3185/3185 3187/3187/3187
f 3184/3184/3184 3180/3180/3180 3189/3189/3189
f 3180/3180/3180 3186/3186/3186 3189/3189/3189
f 3187/3187/3187 3184/3184/3184 3190/3190/3190
f 3184/3184/3184 3189/3189/3189 3190/3190/3190
f 3188/3188/3188 3187/3187/3187 3191/3191/3191
f 3192/3192/3192 3188/3188/3188 3191/3191/3191
f 3187/3187/3187 3190/3190/3190 3193/3193/3193
f 3191/3191/3191 3187/3187/3187 3193/3193/3193
f 3190/3190/3190 3189/3189/3189 3237/3237/3237
f 3193/3193/3193 3190/3190/3190 3237/3237/3237
f 3192/3192/3192 3191/3191/3191 3194/3194/3194
f 3195/3195/3195 3192/3192/3192 3194/3194/3194
f 3191/3191/3191 3193/3193/3193 3196/3196/3196
f 3194/3194/3194 3191/3191/3191 3196/3196/3196
f 3195/3195/3195 3194/3194/3194 3197/3197/3197
f 3198/3198/3198 3195/3195/3195 3197/3197/3197
f 3194/3194/3194 3196/3196/3196 3199/3199/3199
f 3197/3197/3197 3194/3194/3194 3199/3199/3199
f 3196/3196/3196 3193/3193/3193 3239/3239/3239
f 3199/3199/3199 3196/3196/3196 3239/3239/3239
f 3193/3193/3193 3237/3237/3237 3239/3239/3239
f 3198/3198/3198 3197/3197/3197 3200/3200/3200
f 3201/3201/3201 3198/3198/3198 3200/3200/3200
f 3197/3197/3197 3199/3199/3199 3202/3202/3202
f 3200/3200/3200 3197/3197/3197 3202/3202/3202
f 3199/3199/3199 3239/3239/3239 3241/3241/3241
f 3202/3202/3202 3199/3199/3199 3241/3241/3241
f 3201/3201/3201 3200/3200/3200 3203/3203/3203
f 3204/3204/3204 3201/3201/3201 3203/3203/3203
f 3200/3200/3200 3202/3202/3202 3205/3205/3205
f 3203/3203/3203 3200/3200/3200 3205/3205/3205
f 3202/3202/3202 3241/3241/3241 3243/3243/3243
f 3205/3205/3205 3202/3202/3202 3243/3243/3243
f 3204/3204/3204 3203/3203/3203 3206/3206/3206
f 3207/3207/3207 3204/3204/3204 3206/3206/3206
f 3203/3203/3203 3205/3205/3205 3208/3208/3208
f 3206/3206/3206 3203/3203/3203 3208/3208/3208
f 3208/3208/3208 3205/3205/3205 3243/3243/3243
f 3207/3207/3207 3206/3206/3206 3209/3209/3209
f 3210/3210/3210 3207/3207/3207 3209/3209/3209
f 3206/3206/3206 3208/3208/3208 3211/3211/3211
f 3209/3209/3209 3206/3206/3206 3211/3211/3211
f 3210/3210/3210 3209/3209/3209 3212/3212/3212
f 3213/3213/3213 3210/3210/3210 3212/3212/3212
f 3209/3209/3209 3211/3211/3211 3214/3214/3214
f 3212/3212/3212 3209/3209/3209 3214/3214/3214
f 3211/3211/3211 3208/3208/3208 3245/3245/3245
f 3214/3214/3214 3211/3211/3211 3245/3245/3245
f 3208/3208/3208 3243/3243/3243 3245/3245/3245
f 3213/3213/3213 3212/3212/3212 3215/3215/3215
f 3216/3216/3216 3213/3213/3213 3215/3215/3215
f 3212/3212/3212 3214/3214/3214 3217/3217/3217
f 3215/3215/3215 3212/3212/3212 3217/3217/3217
f 3214/3214/3214 3245/3245/3245 3247/3247/3247
f 3217/3217/3217 3214/3214/3214 3247/3247/3247
f 3216/3216/3216 3215/3215/3215 3218/3218/3218
f 3219/3219/3219 3216/3216/3216 3218/3218/3218
f 3215/3215/3215 3217/3217/3217 3220/3220/3220
f 3218/3218/3218 3215/3215/3215 3220/3220/3220
f 3220/3220/3220 3217/3217/3217 3247/3247/3247
f 3219/3219/3219 3218/3218/3218 3221/3221/3221
f 3222/3222/3222 3219/3219/3219 3221/3221/3221
f 3218/3218/3218 3220/3220/3220 3223/3223/3223
f 3221/3221/3221 3218/3218/3218 3223/3223/3223
f 3220/3220/3220 3247/3247/3247 3249/3249/3249
f 3223/3223/3223 3220/3220/3220 3249/3249/3249
f 3222/3222/3222 3221/3221/3221 3224/3224/3224
f 3225/3225/3225 3222/3222/3222 3224/3224/3224
f 3225/3225/3225 3224/3224/3224 3183/3183/3183
f 3221/3221/3221 3223/3223/3223 3226/3226/3226
f 3224/3224/3224 3221/3221/3221 3226/3226/3226
f 3224/3224/3224 3227/3227/3227 3183/3183/3183
f 3224/3224/3224 3226/3226/3226 3227/3227/3227
f 3183/3183/3183 3227/3227/3227 3182/3182/3182
f 3226/3226/3226 3223/3223/3223 3228/3228/3228
f 3223/3223/3223 3249/3249/3249 3228/3228/3228
f 3226/3226/3226 3230/3230/3230 3227/3227/3227
f 3230/3230/3230 3226/3226/3226 3228/3228/3228
f 3182/3182/3182 3227/3227/3227 3229/3229/3229
f 3227/3227/3227 3230/3230/3230 3229/3229/3229
f 3228/3228/3228 3249/3249/3249 3250/3250/3250
f 3249/3249/3249 3247/3247/3247 3250/3250/3250
f 3230/3230/3230 3228/3228/3228 3231/3231/3231
f 3229/3229/3229 3230/3230/3230 3231/3231/3231
f 3228/3228/3228 3250/3250/3250 3251/3251/3251
f 3231/3231/3231 3228/3228/3228 3251/3251/3251
f 3182/3182/3182 3229/3229/3229 3232/3232/3232
f 3176/3176/3176 3182/3182/3182 3232/3232/3232
f 3229/3229/3229 3231/3231/3231 3233/3233/3233
f 3232/3232/3232 3229/3229/3229 3233/3233/3233
f 3176/3176/3176 3232/3232/3232 3234/3234/3234
f 3234/3234/3234 3232/3232/3232 3233/3233/3233
f 3175/3175/3175 3176/3176/3176 3234/3234/3234
f 3175/3175/3175 3234/3234/3234 3186/3186/3186
f 3233/3233/3233 3231/3231/3231 3254/3254/3254
f 3231/3231/3231 3251/3251/3251 3254/3254/3254
f 3186/3186/3186 3234/3234/3234 3235/3235/3235
f 3234/3234/3234 3233/3233/3233 3235/3235/3235
f 3189/3189/3189 3186/3186/3186 3235/3235/3235
f 3189/3189/3189 3235/3235/3235 3237/3237/3237
f 3233/3233/3233 3254/3254/3254 3236/3236/3236
f 3235/3235/3235 3233/3233/3233 3236/3236/3236
f 3255/3255/3255 3254/3254/3254 3251/3251/3251
f 3255/3255/3255 3236/3236/3236 3254/3254/3254
f 3237/3237/3237 3235/3235/3235 3238/3238/3238
f 3235/3235/3235 3236/3236/3236 3238/3238/3238
f 3252/3252/3252 3255/3255/3255 3251/3251/3251
f 3252/3252/3252 3251/3251/3251 3250/3250/3250
f 3255/3255/3255 3268/3268/3268 3236/3236/3236
f 3268/3268/3268 3238/3238/3238 3236/3236/3236
f 3237/3237/3237 3238/3238/3238 3240/3240/3240
f 3239/3239/3239 3237/3237/3237 3240/3240/3240
f 3268/3268/3268 3266/3266/3266 3238/3238/3238
f 3266/3266/3266 3240/3240/3240 3238/3238/3238
f 3268/3268/3268 3255/3255/3255 3259/3259/3259
f 3239/3239/3239 3240/3240/3240 3242/3242/3242
f 3241/3241/3241 3239/3239/3239 3242/3242/3242
f 3243/3243/3243 3241/3241/3241 3242/3242/3242
f 3255/3255/3255 3257/3257/3257 3259/3259/3259
f 3255/3255/3255 3252/3252/3252 3257/3257/3257
f 3268/3268/3268 3259/3259/3259 3269/3269/3269
f 3266/3266/3266 3268/3268/3268 3269/3269/3269
f 3259/3259/3259 3257/3257/3257 3262/3262/3262
f 3269/3269/3269 3259/3259/3259 3262/3262/3262
f 3252/3252/3252 3256/3256/3256 3257/3257/3257
f 3257/3257/3257 3256/3256/3256 3262/3262/3262
f 3266/3266/3266 3269/3269/3269 3267/3267/3267
f 3267/3267/3267 3269/3269/3269 3262/3262/3262
f 3266/3266/3266 3264/3264/3264 3240/3240/3240
f 3264/3264/3264 3266/3266/3266 3267/3267/3267
f 3264/3264/3264 3242/3242/3242 3240/3240/3240
f 3264/3264/3264 3267/3267/3267 3265/3265/3265
f 3265/3265/3265 3267/3267/3267 3262/3262/3262
f 3263/3263/3263 3264/3264/3264 3265/3265/3265
f 3264/3264/3264 3263/3263/3263 3242/3242/3242
f 3263/3263/3263 3265/3265/3265 3262/3262/3262
f 3263/3263/3263 3244/3244/3244 3242/3242/3242
f 3243/3243/3243 3242/3242/3242 3244/3244/3244
f 3260/3260/3260 3263/3263/3263 3262/3262/3262
f 3263/3263/3263 3260/3260/3260 3244/3244/3244
f 3243/3243/3243 3244/3244/3244 3246/3246/3246
f 3260/3260/3260 3246/3246/3246 3244/3244/3244
f 3245/3245/3245 3243/3243/3243 3246/3246/3246
f 3245/3245/3245 3246/3246/3246 3248/3248/3248
f 3260/3260/3260 3248/3248/3248 3246/3246/3246
f 3247/3247/3247 3245/3245/3245 3248/3248/3248
f 3247/3247/3247 3248/3248/3248 3250/3250/3250
f 3253/3253/3253 3250/3250/3250 3248/3248/3248
f 3253/3253/3253 3252/3252/3252 3250/3250/3250
f 3260/3260/3260 3253/3253/3253 3248/3248/3248
f 3252/3252/3252 3253/3253/3253 3256/3256/3256
f 3260/3260/3260 3262/3262/3262 3261/3261/3261
f 3253/3253/3253 3258/3258/3258 3256/3256/3256
f 3256/3256/3256 3258/3258/3258 3262/3262/3262
f 3253/3253/3253 3260/3260/3260 3258/3258/3258
f 3258/3258/3258 3261/3261/3261 3262/3262/3262
f 3260/3260/3260 3261/3261/3261 3258/3258/3258
f 3272/3272/3272 3271/3271/3271 3270/3270/3270
f 3273/3273/3273 3271/3271/3271 3272/3272/3272
f 3276/3276/3276 3270/3270/3270 3271/3271/3271
f 3271/3271/3271 3273/3273/3273 3306/3306/3306
f 3276/3276/3276 3271/3271/3271 3306/3306/3306
f 3273/3273/3273 3272/3272/3272 3283/3283/3283
f 3273/3273/3273 3293/3293/3293 3306/3306/3306
f 3273/3273/3273 3283/3283/3283 3293/3293/3293
f 3274/3274/3274 3272/3272/3272 3270/3270/3270
f 3277/3277/3277 3283/3283/3283 3272/3272/3272
f 3274/3274/3274 3277/3277/3277 3272/3272/3272
f 3270/3270/3270 3276/3276/3276 3278/3278/3278
f 3277/3277/3277 3284/3284/3284 3283/3283/3283
f 3278/3278/3278 3275/3275/3275 3270/3270/3270
f 3270/3270/3270 3275/3275/3275 3274/3274/3274
f 3287/3287/3287 3283/3283/3283 3284/3284/3284
f 3283/3283/3283 3287/3287/3287 3293/3293/3293
f 3277/3277/3277 3274/3274/3274 3279/3279/3279
f 3277/3277/3277 3281/3281/3281 3284/3284/3284
f 3277/3277/3277 3279/3279/3279 3281/3281/3281
f 3274/3274/3274 3280/3280/3280 3279/3279/3279
f 3275/3275/3275 3280/3280/3280 3274/3274/3274
f 3281/3281/3281 3279/3279/3279 3282/3282/3282
f 3282/3282/3282 3279/3279/3279 3280/3280/3280
f 3281/3281/3281 3286/3286/3286 3284/3284/3284
f 3287/3287/3287 3284/3284/3284 3286/3286/3286
f 3280/3280/3280 3275/3275/3275 3285/3285/3285
f 3285/3285/3285 3282/3282/3282 3280/3280/3280
f 3286/3286/3286 3281/3281/3281 3288/3288/3288
f 3288/3288/3288 3281/3281/3281 3282/3282/3282
f 3290/3290/3290 3287/3287/3287 3286/3286/3286
f 3290/3290/3290 3292/3292/3292 3287/3287/3287
f 3287/3287/3287 3292/3292/3292 3293/3293/3293
f 3290/3290/3290 3286/3286/3286 3291/3291/3291
f 3292/3292/3292 3290/3290/3290 3291/3291/3291
f 3289/3289/3289 3286/3286/3286 3288/3288/3288
f 3286/3286/3286 3289/3289/3289 3291/3291/3291
f 3294/3294/3294 3289/3289/3289 3288/3288/3288
f 3289/3289/3289 3294/3294/3294 3291/3291/3291
f 3288/3288/3288 3282/3282/3282 3297/3297/3297
f 3297/3297/3297 3294/3294/3294 3288/3288/3288
f 3295/3295/3295 3292/3292/3292 3291/3291/3291
f 3294/3294/3294 3296/3296/3296 3291/3291/3291
f 3291/3291/3291 3296/3296/3296 3295/3295/3295
f 3292/3292/3292 3301/3301/3301 3293/3293/3293
f 3292/3292/3292 3295/3295/3295 3301/3301/3301
f 3293/3293/3293 3301/3301/3301 3303/3303/3303
f 3306/3306/3306 3293/3293/3293 3303/3303/3303
f 3295/3295/3295 3302/3302/3302 3301/3301/3301
f 3303/3303/3303 3307/3307/3307 3306/3306/3306
f 3276/3276/3276 3306/3306/3306 3307/3307/3307
f 3304/3304/3304 3303/3303/3303 3301/3301/3301
f 3303/3303/3303 3304/3304/3304 3307/3307/3307
f 3302/3302/3302 3304/3304/3304 3301/3301/3301
f 3309/3309/3309 3276/3276/3276 3307/3307/3307
f 3276/3276/3276 3309/3309/3309 3278/3278/3278
f 3304/3304/3304 3308/3308/3308 3307/3307/3307
f 3311/3311/3311 3278/3278/3278 3309/3309/3309
f 3275/3275/3275 3278/3278/3278 3311/3311/3311
f 3309/3309/3309 3307/3307/3307 3310/3310/3310
f 3310/3310/3310 3311/3311/3311 3309/3309/3309
f 3307/3307/3307 3308/3308/3308 3310/3310/3310
f 3313/3313/3313 3275/3275/3275 3311/3311/3311
f 3275/3275/3275 3313/3313/3313 3285/3285/3285
f 3304/3304/3304 3305/3305/3305 3308/3308/3308
f 3304/3304/3304 3302/3302/3302 3305/3305/3305
f 3308/3308/3308 3312/3312/3312 3310/3310/3310
f 3305/3305/3305 3312/3312/3312 3308/3308/3308
f 3311/3311/3311 3310/3310/3310 3314/3314/3314
f 3313/3313/3313 3311/3311/3311 3314/3314/3314
f 3312/3312/3312 3316/3316/3316 3310/3310/3310
f 3310/3310/3310 3316/3316/3316 3314/3314/3314
f 3285/3285/3285 3313/3313/3313 3315/3315/3315
f 3315/3315/3315 3313/3313/3313 3314/3314/3314
f 3312/3312/3312 3317/3317/3317 3316/3316/3316
f 3317/3317/3317 3312/3312/3312 3305/3305/3305
f 3298/3298/3298 3285/3285/3285 3315/3315/3315
f 3298/3298/3298 3282/3282/3282 3285/3285/3285
f 3315/3315/3315 3314/3314/3314 3323/3323/3323
f 3315/3315/3315 3323/3323/3323 3298/3298/3298
f 3316/3316/3316 3321/3321/3321 3314/3314/3314
f 3317/3317/3317 3321/3321/3321 3316/3316/3316
f 3342/3342/3342 3282/3282/3282 3298/3298/3298
f 3282/3282/3282 3342/3342/3342 3297/3297/3297
f 3298/3298/3298 3340/3340/3340 3342/3342/3342
f 3323/3323/3323 3340/3340/3340 3298/3298/3298
f 3342/3342/3342 3343/3343/3343 3297/3297/3297
f 3340/3340/3340 3343/3343/3343 3342/3342/3342
f 3314/3314/3314 3324/3324/3324 3323/3323/3323
f 3321/3321/3321 3324/3324/3324 3314/3314/3314
f 3340/3340/3340 3323/3323/3323 3337/3337/3337
f 3323/3323/3323 3324/3324/3324 3337/3337/3337
f 3340/3340/3340 3341/3341/3341 3343/3343/3343
f 3341/3341/3341 3340/3340/3340 3337/3337/3337
f 3343/3343/3343 3344/3344/3344 3297/3297/3297
f 3341/3341/3341 3345/3345/3345 3343/3343/3343
f 3344/3344/3344 3343/3343/3343 3345/3345/3345
f 3341/3341/3341 3337/3337/3337 3339/3339/3339
f 3341/3341/3341 3339/3339/3339 3345/3345/3345
f 3337/3337/3337 3338/3338/3338 3339/3339/3339
f 3339/3339/3339 3346/3346/3346 3345/3345/3345
f 3338/3338/3338 3337/3337/3337 3332/3332/3332
f 3345/3345/3345 3346/3346/3346 3347/3347/3347
f 3337/3337/3337 3336/3336/3336 3332/3332/3332
f 3324/3324/3324 3336/3336/3336 3337/3337/3337
f 3348/3348/3348 3345/3345/3345 3347/3347/3347
f 3348/3348/3348 3344/3344/3344 3345/3345/3345
f 3348/3348/3348 3347/3347/3347 3349/3349/3349
f 3336/3336/3336 3324/3324/3324 3326/3326/3326
f 3336/3336/3336 3326/3326/3326 3332/3332/3332
f 3324/3324/3324 3321/3321/3321 3326/3326/3326
f 3326/3326/3326 3330/3330/3330 3332/3332/3332
f 3326/3326/3326 3321/3321/3321 3325/3325/3325
f 3330/3330/3330 3326/3326/3326 3325/3325/3325
f 3321/3321/3321 3317/3317/3317 3325/3325/3325
f 3328/3328/3328 3330/3330/3330 3325/3325/3325
f 3325/3325/3325 3322/3322/3322 3328/3328/3328
f 3322/3322/3322 3325/3325/3325 3317/3317/3317
f 3322/3322/3322 3329/3329/3329 3328/3328/3328
f 3319/3319/3319 3322/3322/3322 3317/3317/3317
f 3319/3319/3319 3317/3317/3317 3305/3305/3305
f 3322/3322/3322 3327/3327/3327 3329/3329/3329
f 3327/3327/3327 3322/3322/3322 3319/3319/3319
f 3327/3327/3327 3331/3331/3331 3329/3329/3329
f 3319/3319/3319 3305/3305/3305 3318/3318/3318
f 3302/3302/3302 3318/3318/3318 3305/3305/3305
f 3320/3320/3320 3327/3327/3327 3319/3319/3319
f 3320/3320/3320 3319/3319/3319 3318/3318/3318
f 3327/3327/3327 3333/3333/3333 3331/3331/3331
f 3333/3333/3333 3327/3327/3327 3320/3320/3320
f 3333/3333/3333 3334/3334/3334 3331/3331/3331
f 3334/3334/3334 3333/3333/3333 3335/3335/3335
f 3299/3299/3299 3318/3318/3318 3302/3302/3302
f 3320/3320/3320 3318/3318/3318 3299/3299/3299
f 3295/3295/3295 3299/3299/3299 3302/3302/3302
f 3296/3296/3296 3299/3299/3299 3295/3295/3295
f 3353/3353/3353 3320/3320/3320 3299/3299/3299
f 3353/3353/3353 3333/3333/3333 3320/3320/3320
f 3352/3352/3352 3353/3353/3353 3299/3299/3299
f 3353/3353/3353 3352/3352/3352 3333/3333/3333
f 3296/3296/3296 3352/3352/3352 3299/3299/3299
f 3333/3333/3333 3351/3351/3351 3335/3335/3335
f 3352/3352/3352 3351/3351/3351 3333/3333/3333
f 3335/3335/3335 3351/3351/3351 3349/3349/3349
f 3352/3352/3352 3296/3296/3296 3300/3300/3300
f 3352/3352/3352 3300/3300/3300 3351/3351/3351
f 3296/3296/3296 3294/3294/3294 3300/3300/3300
f 3294/3294/3294 3297/3297/3297 3300/3300/3300
f 3297/3297/3297 3344/3344/3344 3300/3300/3300
f 3300/3300/3300 3344/3344/3344 3348/3348/3348
f 3351/3351/3351 3350/3350/3350 3349/3349/3349
f 3350/3350/3350 3348/3348/3348 3349/3349/3349
f 3300/3300/3300 3350/3350/3350 3351/3351/3351
f 3350/3350/3350 3300/3300/3300 3348/3348/3348
f 3356/3356/3356 3355/3355/3355 3354/3354/3354
f 3354/3354/3354 3355/3355/3355 3366/3366/3366
f 3357/3357/3357 3355/3355/3355 3356/3356/3356
f 3360/3360/3360 3366/3366/3366 3355/3355/3355
f 3357/3357/3357 3360/3360/3360 3355/3355/3355
f 3359/3359/3359 3356/3356/3356 3354/3354/3354
f 3360/3360/3360 3357/3357/3357 3362/3362/3362
f 3359/3359/3359 3354/3354/3354 3391/3391/3391
f 3354/3354/3354 3366/3366/3366 3391/3391/3391
f 3357/3357/3357 3363/3363/3363 3362/3362/3362
f 3356/3356/3356 3358/3358/3358 3357/3357/3357
f 3358/3358/3358 3363/3363/3363 3357/3357/3357
f 3356/3356/3356 3359/3359/3359 3361/3361/3361
f 3361/3361/3361 3358/3358/3358 3356/3356/3356
f 3359/3359/3359 3394/3394/3394 3361/3361/3361
f 3358/3358/3358 3361/3361/3361 3396/3396/3396
f 3396/3396/3396 3361/3361/3361 3394/3394/3394
f 3394/3394/3394 3359/3359/3359 3392/3392/3392
f 3359/3359/3359 3391/3391/3391 3392/3392/3392
f 3395/3395/3395 3396/3396/3396 3394/3394/3394
f 3394/3394/3394 3392/3392/3392 3395/3395/3395
f 3397/3397/3397 3358/3358/3358 3396/3396/3396
f 3387/3387/3387 3392/3392/3392 3391/3391/3391
f 3363/3363/3363 3358/3358/3358 3368/3368/3368
f 3358/3358/3358 3397/3397/3397 3368/3368/3368
f 3391/3391/3391 3376/3376/3376 3387/3387/3387
f 3366/3366/3366 3376/3376/3376 3391/3391/3391
f 3368/3368/3368 3365/3365/3365 3363/3363/3363
f 3365/3365/3365 3362/3362/3362 3363/3363/3363
f 3387/3387/3387 3389/3389/3389 3392/3392/3392
f 3364/3364/3364 3362/3362/3362 3365/3365/3365
f 3360/3360/3360 3362/3362/3362 3364/3364/3364
f 3389/3389/3389 3393/3393/3393 3392/3392/3392
f 3392/3392/3392 3393/3393/3393 3395/3395/3395
f 3360/3360/3360 3364/3364/3364 3367/3367/3367
f 3360/3360/3360 3367/3367/3367 3366/3366/3366
f 3393/3393/3393 3400/3400/3400 3395/3395/3395
f 3370/3370/3370 3366/3366/3366 3367/3367/3367
f 3366/3366/3366 3370/3370/3370 3376/3376/3376
f 3364/3364/3364 3369/3369/3369 3367/3367/3367
f 3370/3370/3370 3367/3367/3367 3369/3369/3369
f 3376/3376/3376 3384/3384/3384 3387/3387/3387
f 3389/3389/3389 3387/3387/3387 3384/3384/3384
f 3370/3370/3370 3375/3375/3375 3376/3376/3376
f 3375/3375/3375 3384/3384/3384 3376/3376/3376
f 3373/3373/3373 3370/3370/3370 3369/3369/3369
f 3373/3373/3373 3375/3375/3375 3370/3370/3370
f 3369/3369/3369 3364/3364/3364 3371/3371/3371
f 3371/3371/3371 3364/3364/3364 3365/3365/3365
f 3373/3373/3373 3369/3369/3369 3374/3374/3374
f 3375/3375/3375 3373/3373/3373 3374/3374/3374
f 3372/3372/3372 3369/3369/3369 3371/3371/3371
f 3369/3369/3369 3372/3372/3372 3374/3374/3374
f 3371/3371/3371 3365/3365/3365 3378/3378/3378
f 3378/3378/3378 3372/3372/3372 3371/3371/3371
f 3377/3377/3377 3375/3375/3375 3374/3374/3374
f 3375/3375/3375 3377/3377/3377 3384/3384/3384
f 3372/3372/3372 3379/3379/3379 3374/3374/3374
f 3379/3379/3379 3372/3372/3372 3378/3378/3378
f 3385/3385/3385 3389/3389/3389 3384/3384/3384
f 3377/3377/3377 3385/3385/3385 3384/3384/3384
f 3379/3379/3379 3381/3381/3381 3374/3374/3374
f 3374/3374/3374 3381/3381/3381 3377/3377/3377
f 3389/3389/3389 3385/3385/3385 3390/3390/3390
f 3389/3389/3389 3390/3390/3390 3393/3393/3393
f 3390/3390/3390 3400/3400/3400 3393/3393/3393
f 3377/3377/3377 3388/3388/3388 3385/3385/3385
f 3385/3385/3385 3388/3388/3388 3390/3390/3390
f 3381/3381/3381 3386/3386/3386 3377/3377/3377
f 3377/3377/3377 3386/3386/3386 3388/3388/3388
f 3381/3381/3381 3379/3379/3379 3383/3383/3383
f 3379/3379/3379 3378/3378/3378 3383/3383/3383
f 3381/3381/3381 3435/3435/3435 3386/3386/3386
f 3435/3435/3435 3381/3381/3381 3383/3383/3383
f 3404/3404/3404 3388/3388/3388 3386/3386/3386
f 3435/3435/3435 3436/3436/3436 3386/3386/3386
f 3436/3436/3436 3404/3404/3404 3386/3386/3386
f 3403/3403/3403 3390/3390/3390 3388/3388/3388
f 3404/3404/3404 3403/3403/3403 3388/3388/3388
f 3436/3436/3436 3435/3435/3435 3417/3417/3417
f 3436/3436/3436 3417/3417/3417 3404/3404/3404
f 3403/3403/3403 3402/3402/3402 3390/3390/3390
f 3402/3402/3402 3400/3400/3400 3390/3390/3390
f 3404/3404/3404 3411/3411/3411 3403/3403/3403
f 3417/3417/3417 3411/3411/3411 3404/3404/3404
f 3400/3400/3400 3402/3402/3402 3401/3401/3401
f 3400/3400/3400 3401/3401/3401 3395/3395/3395
f 3403/3403/3403 3406/3406/3406 3402/3402/3402
f 3411/3411/3411 3406/3406/3406 3403/3403/3403
f 3395/3395/3395 3401/3401/3401 3398/3398/3398
f 3396/3396/3396 3395/3395/3395 3398/3398/3398
f 3397/3397/3397 3396/3396/3396 3398/3398/3398
f 3402/3402/3402 3405/3405/3405 3401/3401/3401
f 3401/3401/3401 3405/3405/3405 3398/3398/3398
f 3406/3406/3406 3409/3409/3409 3402/3402/3402
f 3405/3405/3405 3402/3402/3402 3409/3409/3409
f 3406/3406/3406 3411/3411/3411 3413/3413/3413
f 3406/3406/3406 3413/3413/3413 3412/3412/3412
f 3409/3409/3409 3406/3406/3406 3412/3412/3412
f 3411/3411/3411 3415/3415/3415 3413/3413/3413
f 3411/3411/3411 3417/3417/3417 3415/3415/3415
f 3412/3412/3412 3414/3414/3414 3409/3409/3409
f 3417/3417/3417 3418/3418/3418 3415/3415/3415
f 3418/3418/3418 3417/3417/3417 3419/3419/3419
f 3414/3414/3414 3410/3410/3410 3409/3409/3409
f 3410/3410/3410 3405/3405/3405 3409/3409/3409
f 3410/3410/3410 3414/3414/3414 3416/3416/3416
f 3417/3417/3417 3434/3434/3434 3419/3419/3419
f 3435/3435/3435 3434/3434/3434 3417/3417/3417
f 3435/3435/3435 3383/3383/3383 3434/3434/3434
f 3419/3419/3419 3434/3434/3434 3432/3432/3432
f 3383/3383/3383 3433/3433/3433 3434/3434/3434
f 3434/3434/3434 3433/3433/3433 3432/3432/3432
f 3433/3433/3433 3431/3431/3431 3432/3432/3432
f 3433/3433/3433 3383/3383/3383 3431/3431/3431
f 3431/3431/3431 3430/3430/3430 3432/3432/3432
f 3383/3383/3383 3427/3427/3427 3431/3431/3431
f 3378/3378/3378 3427/3427/3427 3383/3383/3383
f 3431/3431/3431 3428/3428/3428 3430/3430/3430
f 3431/3431/3431 3427/3427/3427 3428/3428/3428
f 3428/3428/3428 3429/3429/3429 3430/3430/3430
f 3423/3423/3423 3429/3429/3429 3428/3428/3428
f 3426/3426/3426 3427/3427/3427 3378/3378/3378
f 3427/3427/3427 3426/3426/3426 3428/3428/3428
f 3425/3425/3425 3423/3423/3423 3428/3428/3428
f 3425/3425/3425 3428/3428/3428 3426/3426/3426
f 3380/3380/3380 3426/3426/3426 3378/3378/3378
f 3365/3365/3365 3380/3380/3380 3378/3378/3378
f 3380/3380/3380 3365/3365/3365 3368/3368/3368
f 3424/3424/3424 3425/3425/3425 3426/3426/3426
f 3424/3424/3424 3426/3426/3426 3380/3380/3380
f 3425/3425/3425 3421/3421/3421 3423/3423/3423
f 3425/3425/3425 3424/3424/3424 3421/3421/3421
f 3421/3421/3421 3422/3422/3422 3423/3423/3423
f 3422/3422/3422 3421/3421/3421 3416/3416/3416
f 3382/3382/3382 3380/3380/3380 3368/3368/3368
f 3382/3382/3382 3424/3424/3424 3380/3380/3380
f 3382/3382/3382 3368/3368/3368 3397/3397/3397
f 3421/3421/3421 3420/3420/3420 3416/3416/3416
f 3420/3420/3420 3410/3410/3410 3416/3416/3416
f 3382/3382/3382 3397/3397/3397 3399/3399/3399
f 3399/3399/3399 3397/3397/3397 3398/3398/3398
f 3420/3420/3420 3408/3408/3408 3410/3410/3410
f 3408/3408/3408 3420/3420/3420 3421/3421/3421
f 3408/3408/3408 3405/3405/3405 3410/3410/3410
f 3405/3405/3405 3408/3408/3408 3398/3398/3398
f 3399/3399/3399 3407/3407/3407 3382/3382/3382
f 3399/3399/3399 3398/3398/3398 3407/3407/3407
f 3407/3407/3407 3424/3424/3424 3382/3382/3382
f 3398/3398/3398 3408/3408/3408 3407/3407/3407
f 3424/3424/3424 3407/3407/3407 3421/3421/3421
f 3407/3407/3407 3408/3408/3408 3421/3421/3421
f 3439/3439/3439 3438/3438/3438 3437/3437/3437
f 3441/3441/3441 3439/3439/3439 3437/3437/3437
f 3437/3437/3437 3438/3438/3438 3440/3440/3440
f 3444/3444/3444 3439/3439/3439 3441/3441/3441
f 3445/3445/3445 3444/3444/3444 3441/3441/3441
f 3438/3438/3438 3442/3442/3442 3440/3440/3440
f 3440/3440/3440 3442/3442/3442 3443/3443/3443
f 3447/3447/3447 3444/3444/3444 3445/3445/3445
f 3448/3448/3448 3447/3447/3447 3445/3445/3445
f 3444/3444/3444 3449/3449/3449 3439/3439/3439
f 3451/3451/3451 3447/3447/3447 3448/3448/3448
f 3452/3452/3452 3451/3451/3451 3448/3448/3448
f 3447/3447/3447 3450/3450/3450 3444/3444/3444
f 3450/3450/3450 3449/3449/3449 3444/3444/3444
f 3451/3451/3451 3453/3453/3453 3447/3447/3447
f 3453/3453/3453 3450/3450/3450 3447/3447/3447
f 3454/3454/3454 3451/3451/3451 3452/3452/3452
f 3455/3455/3455 3454/3454/3454 3452/3452/3452
f 3456/3456/3456 3453/3453/3453 3451/3451/3451
f 3454/3454/3454 3456/3456/3456 3451/3451/3451
f 3453/3453/3453 3501/3501/3501 3450/3450/3450
f 3456/3456/3456 3501/3501/3501 3453/3453/3453
f 3457/3457/3457 3454/3454/3454 3455/3455/3455
f 3458/3458/3458 3457/3457/3457 3455/3455/3455
f 3459/3459/3459 3456/3456/3456 3454/3454/3454
f 3457/3457/3457 3459/3459/3459 3454/3454/3454
f 3460/3460/3460 3457/3457/3457 3458/3458/3458
f 3461/3461/3461 3460/3460/3460 3458/3458/3458
f 3462/3462/3462 3459/3459/3459 3457/3457/3457
f 3460/3460/3460 3462/3462/3462 3457/3457/3457
f 3459/3459/3459 3503/3503/3503 3456/3456/3456
f 3462/3462/3462 3503/3503/3503 3459/3459/3459
f 3503/3503/3503 3501/3501/3501 3456/3456/3456
f 3463/3463/3463 3460/3460/3460 3461/3461/3461
f 3464/3464/3464 3463/3463/3463 3461/3461/3461
f 3465/3465/3465 3462/3462/3462 3460/3460/3460
f 3463/3463/3463 3465/3465/3465 3460/3460/3460
f 3505/3505/3505 3503/3503/3503 3462/3462/3462
f 3465/3465/3465 3505/3505/3505 3462/3462/3462
f 3466/3466/3466 3463/3463/3463 3464/3464/3464
f 3467/3467/3467 3466/3466/3466 3464/3464/3464
f 3468/3468/3468 3465/3465/3465 3463/3463/3463
f 3466/3466/3466 3468/3468/3468 3463/3463/3463
f 3507/3507/3507 3505/3505/3505 3465/3465/3465
f 3468/3468/3468 3507/3507/3507 3465/3465/3465
f 3469/3469/3469 3466/3466/3466 3467/3467/3467
f 3470/3470/3470 3469/3469/3469 3467/3467/3467
f 3471/3471/3471 3468/3468/3468 3466/3466/3466
f 3469/3469/3469 3471/3471/3471 3466/3466/3466
f 3471/3471/3471 3507/3507/3507 3468/3468/3468
f 3472/3472/3472 3469/3469/3469 3470/3470/3470
f 3473/3473/3473 3472/3472/3472 3470/3470/3470
f 3474/3474/3474 3471/3471/3471 3469/3469/3469
f 3472/3472/3472 3474/3474/3474 3469/3469/3469
f 3475/3475/3475 3472/3472/3472 3473/3473/3473
f 3476/3476/3476 3475/3475/3475 3473/3473/3473
f 3477/3477/3477 3474/3474/3474 3472/3472/3472
f 3475/3475/3475 3477/3477/3477 3472/3472/3472
f 3474/3474/3474 3509/3509/3509 3471/3471/3471
f 3477/3477/3477 3509/3509/3509 3474/3474/3474
f 3509/3509/3509 3507/3507/3507 3471/3471/3471
f 3478/3478/3478 3475/3475/3475 3476/3476/3476
f 3479/3479/3479 3478/3478/3478 3476/3476/3476
f 3480/3480/3480 3477/3477/3477 3475/3475/3475
f 3478/3478/3478 3480/3480/3480 3475/3475/3475
f 3481/3481/3481 3478/3478/3478 3479/3479/3479
f 3482/3482/3482 3481/3481/3481 3479/3479/3479
f 3483/3483/3483 3480/3480/3480 3478/3478/3478
f 3481/3481/3481 3483/3483/3483 3478/3478/3478
f 3480/3480/3480 3511/3511/3511 3477/3477/3477
f 3483/3483/3483 3511/3511/3511 3480/3480/3480
f 3511/3511/3511 3509/3509/3509 3477/3477/3477
f 3484/3484/3484 3481/3481/3481 3482/3482/3482
f 3485/3485/3485 3484/3484/3484 3482/3482/3482
f 3486/3486/3486 3483/3483/3483 3481/3481/3481
f 3484/3484/3484 3486/3486/3486 3481/3481/3481
f 3487/3487/3487 3484/3484/3484 3485/3485/3485
f 3488/3488/3488 3487/3487/3487 3485/3485/3485
f 3488/3488/3488 3443/3443/3443 3487/3487/3487
f 3489/3489/3489 3486/3486/3486 3484/3484/3484
f 3487/3487/3487 3489/3489/3489 3484/3484/3484
f 3486/3486/3486 3491/3491/3491 3483/3483/3483
f 3489/3489/3489 3491/3491/3491 3486/3486/3486
f 3491/3491/3491 3511/3511/3511 3483/3483/3483
f 3443/3443/3443 3490/3490/3490 3487/3487/3487
f 3487/3487/3487 3490/3490/3490 3489/3489/3489
f 3442/3442/3442 3490/3490/3490 3443/3443/3443
f 3490/3490/3490 3493/3493/3493 3489/3489/3489
f 3442/3442/3442 3492/3492/3492 3490/3490/3490
f 3492/3492/3492 3493/3493/3493 3490/3490/3490
f 3493/3493/3493 3494/3494/3494 3489/3489/3489
f 3492/3492/3492 3494/3494/3494 3493/3493/3493
f 3494/3494/3494 3491/3491/3491 3489/3489/3489
f 3495/3495/3495 3492/3492/3492 3442/3442/3442
f 3438/3438/3438 3495/3495/3495 3442/3442/3442
f 3496/3496/3496 3494/3494/3494 3492/3492/3492
f 3495/3495/3495 3496/3496/3496 3492/3492/3492
f 3446/3446/3446 3495/3495/3495 3438/3438/3438
f 3439/3439/3439 3446/3446/3446 3438/3438/3438
f 3449/3449/3449 3446/3446/3446 3439/3439/3439
f 3446/3446/3446 3497/3497/3497 3495/3495/3495
f 3449/3449/3449 3497/3497/3497 3446/3446/3446
f 3497/3497/3497 3496/3496/3496 3495/3495/3495
f 3499/3499/3499 3497/3497/3497 3449/3449/3449
f 3450/3450/3450 3499/3499/3499 3449/3449/3449
f 3501/3501/3501 3499/3499/3499 3450/3450/3450
f 3497/3497/3497 3498/3498/3498 3496/3496/3496
f 3499/3499/3499 3500/3500/3500 3497/3497/3497
f 3500/3500/3500 3498/3498/3498 3497/3497/3497
f 3501/3501/3501 3500/3500/3500 3499/3499/3499
f 3498/3498/3498 3517/3517/3517 3496/3496/3496
f 3496/3496/3496 3517/3517/3517 3494/3494/3494
f 3498/3498/3498 3500/3500/3500 3523/3523/3523
f 3517/3517/3517 3498/3498/3498 3523/3523/3523
f 3517/3517/3517 3514/3514/3514 3494/3494/3494
f 3494/3494/3494 3514/3514/3514 3491/3491/3491
f 3516/3516/3516 3517/3517/3517 3523/3523/3523
f 3514/3514/3514 3517/3517/3517 3516/3516/3516
f 3514/3514/3514 3513/3513/3513 3491/3491/3491
f 3491/3491/3491 3513/3513/3513 3511/3511/3511
f 3515/3515/3515 3514/3514/3514 3516/3516/3516
f 3513/3513/3513 3514/3514/3514 3515/3515/3515
f 3513/3513/3513 3512/3512/3512 3511/3511/3511
f 3512/3512/3512 3513/3513/3513 3515/3515/3515
f 3511/3511/3511 3512/3512/3512 3509/3509/3509
f 3512/3512/3512 3510/3510/3510 3509/3509/3509
f 3509/3509/3509 3510/3510/3510 3507/3507/3507
f 3521/3521/3521 3512/3512/3512 3515/3515/3515
f 3510/3510/3510 3512/3512/3512 3521/3521/3521
f 3510/3510/3510 3508/3508/3508 3507/3507/3507
f 3525/3525/3525 3510/3510/3510 3521/3521/3521
f 3508/3508/3508 3510/3510/3510 3525/3525/3525
f 3508/3508/3508 3506/3506/3506 3507/3507/3507
f 3506/3506/3506 3508/3508/3508 3525/3525/3525
f 3507/3507/3507 3506/3506/3506 3505/3505/3505
f 3505/3505/3505 3506/3506/3506 3503/3503/3503
f 3521/3521/3521 3526/3526/3526 3525/3525/3525
f 3506/3506/3506 3504/3504/3504 3503/3503/3503
f 3503/3503/3503 3504/3504/3504 3501/3501/3501
f 3522/3522/3522 3526/3526/3526 3521/3521/3521
f 3515/3515/3515 3522/3522/3522 3521/3521/3521
f 3504/3504/3504 3502/3502/3502 3501/3501/3501
f 3502/3502/3502 3500/3500/3500 3501/3501/3501
f 3504/3504/3504 3506/3506/3506 3530/3530/3530
f 3502/3502/3502 3504/3504/3504 3530/3530/3530
f 3530/3530/3530 3506/3506/3506 3525/3525/3525
f 3500/3500/3500 3502/3502/3502 3527/3527/3527
f 3527/3527/3527 3502/3502/3502 3530/3530/3530
f 3523/3523/3523 3500/3500/3500 3527/3527/3527
f 3526/3526/3526 3528/3528/3528 3525/3525/3525
f 3526/3526/3526 3522/3522/3522 3528/3528/3528
f 3525/3525/3525 3528/3528/3528 3530/3530/3530
f 3519/3519/3519 3522/3522/3522 3515/3515/3515
f 3522/3522/3522 3519/3519/3519 3528/3528/3528
f 3518/3518/3518 3519/3519/3519 3515/3515/3515
f 3519/3519/3519 3518/3518/3518 3528/3528/3528
f 3516/3516/3516 3518/3518/3518 3515/3515/3515
f 3520/3520/3520 3518/3518/3518 3516/3516/3516
f 3523/3523/3523 3520/3520/3520 3516/3516/3516
f 3518/3518/3518 3520/3520/3520 3528/3528/3528
f 3524/3524/3524 3520/3520/3520 3523/3523/3523
f 3520/3520/3520 3524/3524/3524 3528/3528/3528
f 3527/3527/3527 3524/3524/3524 3523/3523/3523
f 3528/3528/3528 3531/3531/3531 3530/3530/3530
f 3529/3529/3529 3524/3524/3524 3527/3527/3527
f 3530/3530/3530 3529/3529/3529 3527/3527/3527
f 3524/3524/3524 3529/3529/3529 3528/3528/3528
f 3531/3531/3531 3529/3529/3529 3530/3530/3530
f 3529/3529/3529 3531/3531/3531 3528/3528/3528
f 3534/3534/3534 3533/3533/3533 3532/3532/3532
f 3535/3535/3535 3532/3532/3532 3533/3533/3533
f 3534/3534/3534 3549/3549/3549 3533/3533/3533
f 3535/3535/3535 3533/3533/3533 3539/3539/3539
f 3533/3533/3533 3549/3549/3549 3539/3539/3539
f 3539/3539/3539 3553/3553/3553 3535/3535/3535
f 3539/3539/3539 3549/3549/3549 3551/3551/3551
f 3551/3551/3551 3553/3553/3553 3539/3539/3539
f 3535/3535/3535 3553/3553/3553 3555/3555/3555
f 3555/3555/3555 3553/3553/3553 3551/3551/3551
f 3532/3532/3532 3535/3535/3535 3536/3536/3536
f 3549/3549/3549 3552/3552/3552 3551/3551/3551
f 3557/3557/3557 3535/3535/3535 3555/3555/3555
f 3535/3535/3535 3557/3557/3557 3536/3536/3536
f 3556/3556/3556 3555/3555/3555 3551/3551/3551
f 3556/3556/3556 3551/3551/3551 3552/3552/3552
f 3557/3557/3557 3555/3555/3555 3569/3569/3569
f 3556/3556/3556 3569/3569/3569 3555/3555/3555
f 3552/3552/3552 3549/3549/3549 3547/3547/3547
f 3549/3549/3549 3534/3534/3534 3547/3547/3547
f 3558/3558/3558 3556/3556/3556 3552/3552/3552
f 3547/3547/3547 3554/3554/3554 3552/3552/3552
f 3554/3554/3554 3558/3558/3558 3552/3552/3552
f 3556/3556/3556 3558/3558/3558 3560/3560/3560
f 3558/3558/3558 3554/3554/3554 3560/3560/3560
f 3569/3569/3569 3556/3556/3556 3560/3560/3560
f 3554/3554/3554 3547/3547/3547 3550/3550/3550
f 3554/3554/3554 3559/3559/3559 3560/3560/3560
f 3559/3559/3559 3554/3554/3554 3550/3550/3550
f 3547/3547/3547 3545/3545/3545 3550/3550/3550
f 3550/3550/3550 3545/3545/3545 3559/3559/3559
f 3545/3545/3545 3547/3547/3547 3534/3534/3534
f 3559/3559/3559 3563/3563/3563 3560/3560/3560
f 3545/3545/3545 3561/3561/3561 3559/3559/3559
f 3559/3559/3559 3561/3561/3561 3563/3563/3563
f 3541/3541/3541 3545/3545/3545 3534/3534/3534
f 3560/3560/3560 3563/3563/3563 3595/3595/3595
f 3560/3560/3560 3595/3595/3595 3569/3569/3569
f 3537/3537/3537 3541/3541/3541 3534/3534/3534
f 3537/3537/3537 3534/3534/3534 3532/3532/3532
f 3541/3541/3541 3544/3544/3544 3545/3545/3545
f 3532/3532/3532 3538/3538/3538 3537/3537/3537
f 3538/3538/3538 3532/3532/3532 3536/3536/3536
f 3545/3545/3545 3544/3544/3544 3546/3546/3546
f 3561/3561/3561 3545/3545/3545 3546/3546/3546
f 3541/3541/3541 3542/3542/3542 3544/3544/3544
f 3544/3544/3544 3542/3542/3542 3546/3546/3546
f 3542/3542/3542 3541/3541/3541 3537/3537/3537
f 3546/3546/3546 3562/3562/3562 3561/3561/3561
f 3562/3562/3562 3563/3563/3563 3561/3561/3561
f 3542/3542/3542 3548/3548/3548 3546/3546/3546
f 3546/3546/3546 3548/3548/3548 3562/3562/3562
f 3543/3543/3543 3548/3548/3548 3542/3542/3542
f 3537/3537/3537 3543/3543/3543 3542/3542/3542
f 3548/3548/3548 3543/3543/3543 3562/3562/3562
f 3537/3537/3537 3538/3538/3538 3540/3540/3540
f 3543/3543/3543 3537/3537/3537 3540/3540/3540
f 3540/3540/3540 3538/3538/3538 3536/3536/3536
f 3543/3543/3543 3565/3565/3565 3562/3562/3562
f 3540/3540/3540 3565/3565/3565 3543/3543/3543
f 3566/3566/3566 3540/3540/3540 3536/3536/3536
f 3557/3557/3557 3566/3566/3566 3536/3536/3536
f 3567/3567/3567 3540/3540/3540 3566/3566/3566
f 3567/3567/3567 3566/3566/3566 3557/3557/3557
f 3565/3565/3565 3540/3540/3540 3567/3567/3567
f 3567/3567/3567 3557/3557/3557 3569/3569/3569
f 3562/3562/3562 3565/3565/3565 3564/3564/3564
f 3563/3563/3563 3562/3562/3562 3564/3564/3564
f 3567/3567/3567 3570/3570/3570 3565/3565/3565
f 3567/3567/3567 3569/3569/3569 3570/3570/3570
f 3591/3591/3591 3563/3563/3563 3564/3564/3564
f 3563/3563/3563 3591/3591/3591 3595/3595/3595
f 3569/3569/3569 3571/3571/3571 3570/3570/3570
f 3595/3595/3595 3571/3571/3571 3569/3569/3569
f 3570/3570/3570 3568/3568/3568 3565/3565/3565
f 3565/3565/3565 3568/3568/3568 3564/3564/3564
f 3570/3570/3570 3571/3571/3571 3573/3573/3573
f 3591/3591/3591 3564/3564/3564 3589/3589/3589
f 3573/3573/3573 3572/3572/3572 3570/3570/3570
f 3570/3570/3570 3572/3572/3572 3568/3568/3568
f 3571/3571/3571 3574/3574/3574 3573/3573/3573
f 3573/3573/3573 3575/3575/3575 3572/3572/3572
f 3573/3573/3573 3574/3574/3574 3575/3575/3575
f 3575/3575/3575 3576/3576/3576 3572/3572/3572
f 3574/3574/3574 3577/3577/3577 3575/3575/3575
f 3576/3576/3576 3578/3578/3578 3572/3572/3572
f 3579/3579/3579 3577/3577/3577 3574/3574/3574
f 3578/3578/3578 3580/3580/3580 3572/3572/3572
f 3572/3572/3572 3580/3580/3580 3568/3568/3568
f 3581/3581/3581 3579/3579/3579 3574/3574/3574
f 3581/3581/3581 3574/3574/3574 3571/3571/3571
f 3581/3581/3581 3571/3571/3571 3595/3595/3595
f 3582/3582/3582 3579/3579/3579 3581/3581/3581
f 3580/3580/3580 3578/3578/3578 3583/3583/3583
f 3580/3580/3580 3583/3583/3583 3568/3568/3568
f 3578/3578/3578 3584/3584/3584 3583/3583/3583
f 3597/3597/3597 3582/3582/3582 3581/3581/3581
f 3597/3597/3597 3581/3581/3581 3595/3595/3595
f 3585/3585/3585 3583/3583/3583 3584/3584/3584
f 3583/3583/3583 3585/3585/3585 3568/3568/3568
f 3585/3585/3585 3564/3564/3564 3568/3568/3568
f 3586/3586/3586 3585/3585/3585 3584/3584/3584
f 3582/3582/3582 3597/3597/3597 3596/3596/3596
f 3596/3596/3596 3597/3597/3597 3595/3595/3595
f 3594/3594/3594 3582/3582/3582 3596/3596/3596
f 3585/3585/3585 3586/3586/3586 3587/3587/3587
f 3564/3564/3564 3585/3585/3585 3587/3587/3587
f 3564/3564/3564 3587/3587/3587 3589/3589/3589
f 3586/3586/3586 3588/3588/3588 3587/3587/3587
f 3587/3587/3587 3588/3588/3588 3589/3589/3589
f 3588/3588/3588 3590/3590/3590 3589/3589/3589
f 3594/3594/3594 3596/3596/3596 3592/3592/3592
f 3592/3592/3592 3596/3596/3596 3595/3595/3595
f 3589/3589/3589 3590/3590/3590 3592/3592/3592
f 3591/3591/3591 3592/3592/3592 3595/3595/3595
f 3591/3591/3591 3589/3589/3589 3592/3592/3592
f 3590/3590/3590 3593/3593/3593 3592/3592/3592
f 3593/3593/3593 3594/3594/3594 3592/3592/3592
f 3600/3600/3600 3599/3599/3599 3598/3598/3598
f 3601/3601/3601 3598/3598/3598 3599/3599/3599
f 3600/3600/3600 3613/3613/3613 3599/3599/3599
f 3601/3601/3601 3599/3599/3599 3605/3605/3605
f 3599/3599/3599 3613/3613/3613 3605/3605/3605
f 3598/3598/3598 3601/3601/3601 3602/3602/3602
f 3605/3605/3605 3613/3613/3613 3617/3617/3617
f 3604/3604/3604 3598/3598/3598 3602/3602/3602
f 3601/3601/3601 3605/3605/3605 3620/3620/3620
f 3598/3598/3598 3604/3604/3604 3603/3603/3603
f 3603/3603/3603 3600/3600/3600 3598/3598/3598
f 3620/3620/3620 3605/3605/3605 3618/3618/3618
f 3605/3605/3605 3617/3617/3617 3618/3618/3618
f 3622/3622/3622 3601/3601/3601 3620/3620/3620
f 3601/3601/3601 3622/3622/3622 3602/3602/3602
f 3621/3621/3621 3620/3620/3620 3618/3618/3618
f 3621/3621/3621 3618/3618/3618 3617/3617/3617
f 3606/3606/3606 3604/3604/3604 3602/3602/3602
f 3603/3603/3603 3604/3604/3604 3606/3606/3606
f 3622/3622/3622 3631/3631/3631 3602/3602/3602
f 3631/3631/3631 3606/3606/3606 3602/3602/3602
f 3622/3622/3622 3620/3620/3620 3634/3634/3634
f 3621/3621/3621 3634/3634/3634 3620/3620/3620
f 3633/3633/3633 3631/3631/3631 3622/3622/3622
f 3633/3633/3633 3622/3622/3622 3634/3634/3634
f 3629/3629/3629 3606/3606/3606 3631/3631/3631
f 3633/3633/3633 3629/3629/3629 3631/3631/3631
f 3609/3609/3609 3603/3603/3603 3606/3606/3606
f 3606/3606/3606 3629/3629/3629 3609/3609/3609
f 3633/3633/3633 3634/3634/3634 3635/3635/3635
f 3633/3633/3633 3635/3635/3635 3629/3629/3629
f 3603/3603/3603 3609/3609/3609 3608/3608/3608
f 3609/3609/3609 3629/3629/3629 3615/3615/3615
f 3609/3609/3609 3615/3615/3615 3608/3608/3608
f 3603/3603/3603 3607/3607/3607 3600/3600/3600
f 3608/3608/3608 3607/3607/3607 3603/3603/3603
f 3607/3607/3607 3611/3611/3611 3600/3600/3600
f 3600/3600/3600 3611/3611/3611 3613/3613/3613
f 3607/3607/3607 3608/3608/3608 3610/3610/3610
f 3607/3607/3607 3610/3610/3610 3611/3611/3611
f 3610/3610/3610 3608/3608/3608 3612/3612/3612
f 3608/3608/3608 3615/3615/3615 3612/3612/3612
f 3611/3611/3611 3610/3610/3610 3612/3612/3612
f 3612/3612/3612 3615/3615/3615 3628/3628/3628
f 3615/3615/3615 3629/3629/3629 3628/3628/3628
f 3626/3626/3626 3611/3611/3611 3612/3612/3612
f 3612/3612/3612 3628/3628/3628 3626/3626/3626
f 3611/3611/3611 3614/3614/3614 3613/3613/3613
f 3614/3614/3614 3617/3617/3617 3613/3613/3613
f 3611/3611/3611 3626/3626/3626 3624/3624/3624
f 3614/3614/3614 3611/3611/3611 3616/3616/3616
f 3616/3616/3616 3611/3611/3611 3624/3624/3624
f 3619/3619/3619 3614/3614/3614 3616/3616/3616
f 3614/3614/3614 3619/3619/3619 3617/3617/3617
f 3624/3624/3624 3619/3619/3619 3616/3616/3616
f 3619/3619/3619 3623/3623/3623 3617/3617/3617
f 3623/3623/3623 3621/3621/3621 3617/3617/3617
f 3619/3619/3619 3625/3625/3625 3623/3623/3623
f 3621/3621/3621 3623/3623/3623 3625/3625/3625
f 3619/3619/3619 3624/3624/3624 3625/3625/3625
f 3634/3634/3634 3621/3621/3621 3625/3625/3625
f 3624/3624/3624 3626/3626/3626 3627/3627/3627
f 3624/3624/3624 3627/3627/3627 3625/3625/3625
f 3628/3628/3628 3627/3627/3627 3626/3626/3626
f 3625/3625/3625 3660/3660/3660 3634/3634/3634
f 3625/3625/3625 3627/3627/3627 3660/3660/3660
f 3627/3627/3627 3628/3628/3628 3630/3630/3630
f 3628/3628/3628 3629/3629/3629 3630/3630/3630
f 3627/3627/3627 3656/3656/3656 3660/3660/3660
f 3656/3656/3656 3627/3627/3627 3630/3630/3630
f 3660/3660/3660 3636/3636/3636 3634/3634/3634
f 3634/3634/3634 3636/3636/3636 3635/3635/3635
f 3629/3629/3629 3632/3632/3632 3630/3630/3630
f 3635/3635/3635 3632/3632/3632 3629/3629/3629
f 3656/3656/3656 3630/3630/3630 3654/3654/3654
f 3635/3635/3635 3636/3636/3636 3638/3638/3638
f 3656/3656/3656 3654/3654/3654 3657/3657/3657
f 3656/3656/3656 3657/3657/3657 3660/3660/3660
f 3638/3638/3638 3637/3637/3637 3635/3635/3635
f 3635/3635/3635 3637/3637/3637 3632/3632/3632
f 3636/3636/3636 3639/3639/3639 3638/3638/3638
f 3638/3638/3638 3640/3640/3640 3637/3637/3637
f 3638/3638/3638 3639/3639/3639 3640/3640/3640
f 3640/3640/3640 3641/3641/3641 3637/3637/3637
f 3639/3639/3639 3642/3642/3642 3640/3640/3640
f 3641/3641/3641 3643/3643/3643 3637/3637/3637
f 3644/3644/3644 3642/3642/3642 3639/3639/3639
f 3643/3643/3643 3645/3645/3645 3637/3637/3637
f 3637/3637/3637 3645/3645/3645 3632/3632/3632
f 3646/3646/3646 3644/3644/3644 3639/3639/3639
f 3646/3646/3646 3639/3639/3639 3636/3636/3636
f 3646/3646/3646 3636/3636/3636 3660/3660/3660
f 3647/3647/3647 3644/3644/3644 3646/3646/3646
f 3645/3645/3645 3643/3643/3643 3648/3648/3648
f 3645/3645/3645 3648/3648/3648 3632/3632/3632
f 3643/3643/3643 3649/3649/3649 3648/3648/3648
f 3662/3662/3662 3647/3647/3647 3646/3646/3646
f 3662/3662/3662 3646/3646/3646 3660/3660/3660
f 3650/3650/3650 3648/3648/3648 3649/3649/3649
f 3648/3648/3648 3650/3650/3650 3632/3632/3632
f 3650/3650/3650 3630/3630/3630 3632/3632/3632
f 3651/3651/3651 3650/3650/3650 3649/3649/3649
f 3661/3661/3661 3662/3662/3662 3660/3660/3660
f 3647/3647/3647 3662/3662/3662 3661/3661/3661
f 3657/3657/3657 3661/3661/3661 3660/3660/3660
f 3659/3659/3659 3647/3647/3647 3661/3661/3661
f 3659/3659/3659 3661/3661/3661 3657/3657/3657
f 3658/3658/3658 3659/3659/3659 3657/3657/3657
f 3655/3655/3655 3658/3658/3658 3657/3657/3657
f 3654/3654/3654 3655/3655/3655 3657/3657/3657
f 3653/3653/3653 3655/3655/3655 3654/3654/3654
f 3650/3650/3650 3651/3651/3651 3652/3652/3652
f 3651/3651/3651 3653/3653/3653 3652/3652/3652
f 3652/3652/3652 3653/3653/3653 3654/3654/3654
f 3630/3630/3630 3650/3650/3650 3652/3652/3652
f 3630/3630/3630 3652/3652/3652 3654/3654/3654
f 3665/3665/3665 3664/3664/3664 3663/3663/3663
f 3665/3665/3665 3663/3663/3663 3667/3667/3667
f 3666/3666/3666 3664/3664/3664 3665/3665/3665
f 3667/3667/3667 3663/3663/3663 3670/3670/3670
f 3667/3667/3667 3670/3670/3670 3671/3671/3671
f 3666/3666/3666 3668/3668/3668 3664/3664/3664
f 3669/3669/3669 3668/3668/3668 3666/3666/3666
f 3664/3664/3664 3722/3722/3722 3663/3663/3663
f 3669/3669/3669 3672/3672/3672 3668/3668/3668
f 3673/3673/3673 3672/3672/3672 3669/3669/3669
f 3668/3668/3668 3674/3674/3674 3664/3664/3664
f 3664/3664/3664 3674/3674/3674 3722/3722/3722
f 3672/3672/3672 3677/3677/3677 3668/3668/3668
f 3668/3668/3668 3677/3677/3677 3674/3674/3674
f 3673/3673/3673 3675/3675/3675 3672/3672/3672
f 3676/3676/3676 3675/3675/3675 3673/3673/3673
f 3672/3672/3672 3678/3678/3678 3677/3677/3677
f 3675/3675/3675 3678/3678/3678 3672/3672/3672
f 3677/3677/3677 3723/3723/3723 3674/3674/3674
f 3674/3674/3674 3723/3723/3723 3722/3722/3722
f 3678/3678/3678 3725/3725/3725 3677/3677/3677
f 3677/3677/3677 3725/3725/3725 3723/3723/3723
f 3675/3675/3675 3681/3681/3681 3678/3678/3678
f 3681/3681/3681 3725/3725/3725 3678/3678/3678
f 3676/3676/3676 3679/3679/3679 3675/3675/3675
f 3679/3679/3679 3681/3681/3681 3675/3675/3675
f 3680/3680/3680 3679/3679/3679 3676/3676/3676
f 3663/3663/3663 3722/3722/3722 3720/3720/3720
f 3663/3663/3663 3720/3720/3720 3670/3670/3670
f 3680/3680/3680 3682/3682/3682 3679/3679/3679
f 3683/3683/3683 3682/3682/3682 3680/3680/3680
f 3679/3679/3679 3684/3684/3684 3681/3681/3681
f 3682/3682/3682 3684/3684/3684 3679/3679/3679
f 3683/3683/3683 3685/3685/3685 3682/3682/3682
f 3686/3686/3686 3685/3685/3685 3683/3683/3683
f 3682/3682/3682 3687/3687/3687 3684/3684/3684
f 3685/3685/3685 3687/3687/3687 3682/3682/3682
f 3684/3684/3684 3728/3728/3728 3681/3681/3681
f 3681/3681/3681 3728/3728/3728 3725/3725/3725
f 3687/3687/3687 3730/3730/3730 3684/3684/3684
f 3684/3684/3684 3730/3730/3730 3728/3728/3728
f 3685/3685/3685 3690/3690/3690 3687/3687/3687
f 3690/3690/3690 3730/3730/3730 3687/3687/3687
f 3686/3686/3686 3688/3688/3688 3685/3685/3685
f 3688/3688/3688 3690/3690/3690 3685/3685/3685
f 3689/3689/3689 3688/3688/3688 3686/3686/3686
f 3728/3728/3728 3729/3729/3729 3725/3725/3725
f 3730/3730/3730 3729/3729/3729 3728/3728/3728
f 3689/3689/3689 3691/3691/3691 3688/3688/3688
f 3692/3692/3692 3691/3691/3691 3689/3689/3689
f 3688/3688/3688 3693/3693/3693 3690/3690/3690
f 3691/3691/3691 3693/3693/3693 3688/3688/3688
f 3690/3690/3690 3732/3732/3732 3730/3730/3730
f 3693/3693/3693 3732/3732/3732 3690/3690/3690
f 3692/3692/3692 3694/3694/3694 3691/3691/3691
f 3695/3695/3695 3694/3694/3694 3692/3692/3692
f 3691/3691/3691 3696/3696/3696 3693/3693/3693
f 3694/3694/3694 3696/3696/3696 3691/3691/3691
f 3696/3696/3696 3732/3732/3732 3693/3693/3693
f 3695/3695/3695 3697/3697/3697 3694/3694/3694
f 3698/3698/3698 3697/3697/3697 3695/3695/3695
f 3694/3694/3694 3699/3699/3699 3696/3696/3696
f 3697/3697/3697 3699/3699/3699 3694/3694/3694
f 3698/3698/3698 3700/3700/3700 3697/3697/3697
f 3701/3701/3701 3700/3700/3700 3698/3698/3698
f 3697/3697/3697 3702/3702/3702 3699/3699/3699
f 3700/3700/3700 3702/3702/3702 3697/3697/3697
f 3699/3699/3699 3734/3734/3734 3696/3696/3696
f 3702/3702/3702 3734/3734/3734 3699/3699/3699
f 3696/3696/3696 3734/3734/3734 3732/3732/3732
f 3701/3701/3701 3703/3703/3703 3700/3700/3700
f 3704/3704/3704 3703/3703/3703 3701/3701/3701
f 3700/3700/3700 3705/3705/3705 3702/3702/3702
f 3703/3703/3703 3705/3705/3705 3700/3700/3700
f 3702/3702/3702 3736/3736/3736 3734/3734/3734
f 3705/3705/3705 3736/3736/3736 3702/3702/3702
f 3704/3704/3704 3706/3706/3706 3703/3703/3703
f 3707/3707/3707 3706/3706/3706 3704/3704/3704
f 3703/3703/3703 3708/3708/3708 3705/3705/3705
f 3706/3706/3706 3708/3708/3708 3703/3703/3703
f 3705/3705/3705 3738/3738/3738 3736/3736/3736
f 3708/3708/3708 3738/3738/3738 3705/3705/3705
f 3707/3707/3707 3709/3709/3709 3706/3706/3706
f 3710/3710/3710 3709/3709/3709 3707/3707/3707
f 3706/3706/3706 3711/3711/3711 3708/3708/3708
f 3709/3709/3709 3711/3711/3711 3706/3706/3706
f 3711/3711/3711 3738/3738/3738 3708/3708/3708
f 3710/3710/3710 3712/3712/3712 3709/3709/3709
f 3713/3713/3713 3712/3712/3712 3710/3710/3710
f 3713/3713/3713 3671/3671/3671 3712/3712/3712
f 3709/3709/3709 3714/3714/3714 3711/3711/3711
f 3712/3712/3712 3714/3714/3714 3709/3709/3709
f 3712/3712/3712 3671/3671/3671 3715/3715/3715
f 3712/3712/3712 3715/3715/3715 3714/3714/3714
f 3671/3671/3671 3670/3670/3670 3715/3715/3715
f 3714/3714/3714 3716/3716/3716 3711/3711/3711
f 3711/3711/3711 3716/3716/3716 3738/3738/3738
f 3714/3714/3714 3715/3715/3715 3718/3718/3718
f 3718/3718/3718 3716/3716/3716 3714/3714/3714
f 3670/3670/3670 3717/3717/3717 3715/3715/3715
f 3715/3715/3715 3717/3717/3717 3718/3718/3718
f 3670/3670/3670 3720/3720/3720 3717/3717/3717
f 3718/3718/3718 3719/3719/3719 3716/3716/3716
f 3717/3717/3717 3719/3719/3719 3718/3718/3718
f 3720/3720/3720 3721/3721/3721 3717/3717/3717
f 3717/3717/3717 3721/3721/3721 3719/3719/3719
f 3722/3722/3722 3721/3721/3721 3720/3720/3720
f 3722/3722/3722 3723/3723/3723 3721/3721/3721
f 3719/3719/3719 3742/3742/3742 3716/3716/3716
f 3721/3721/3721 3742/3742/3742 3719/3719/3719
f 3716/3716/3716 3740/3740/3740 3738/3738/3738
f 3716/3716/3716 3742/3742/3742 3740/3740/3740
f 3723/3723/3723 3724/3724/3724 3721/3721/3721
f 3721/3721/3721 3724/3724/3724 3742/3742/3742
f 3738/3738/3738 3740/3740/3740 3739/3739/3739
f 3723/3723/3723 3726/3726/3726 3724/3724/3724
f 3738/3738/3738 3739/3739/3739 3737/3737/3737
f 3738/3738/3738 3737/3737/3737 3736/3736/3736
f 3736/3736/3736 3737/3737/3737 3734/3734/3734
f 3723/3723/3723 3727/3727/3727 3726/3726/3726
f 3725/3725/3725 3727/3727/3727 3723/3723/3723
f 3725/3725/3725 3729/3729/3729 3727/3727/3727
f 3757/3757/3757 3724/3724/3724 3726/3726/3726
f 3757/3757/3757 3726/3726/3726 3727/3727/3727
f 3744/3744/3744 3742/3742/3742 3724/3724/3724
f 3744/3744/3744 3724/3724/3724 3757/3757/3757
f 3755/3755/3755 3727/3727/3727 3729/3729/3729
f 3757/3757/3757 3727/3727/3727 3755/3755/3755
f 3743/3743/3743 3742/3742/3742 3744/3744/3744
f 3743/3743/3743 3740/3740/3740 3742/3742/3742
f 3757/3757/3757 3749/3749/3749 3744/3744/3744
f 3741/3741/3741 3739/3739/3739 3740/3740/3740
f 3741/3741/3741 3740/3740/3740 3743/3743/3743
f 3741/3741/3741 3737/3737/3737 3739/3739/3739
f 3744/3744/3744 3746/3746/3746 3743/3743/3743
f 3744/3744/3744 3749/3749/3749 3746/3746/3746
f 3743/3743/3743 3745/3745/3745 3741/3741/3741
f 3743/3743/3743 3746/3746/3746 3745/3745/3745
f 3757/3757/3757 3758/3758/3758 3749/3749/3749
f 3755/3755/3755 3758/3758/3758 3757/3757/3757
f 3749/3749/3749 3751/3751/3751 3746/3746/3746
f 3758/3758/3758 3751/3751/3751 3749/3749/3749
f 3746/3746/3746 3751/3751/3751 3745/3745/3745
f 3755/3755/3755 3756/3756/3756 3758/3758/3758
f 3756/3756/3756 3751/3751/3751 3758/3758/3758
f 3741/3741/3741 3745/3745/3745 3747/3747/3747
f 3745/3745/3745 3751/3751/3751 3747/3747/3747
f 3753/3753/3753 3756/3756/3756 3755/3755/3755
f 3755/3755/3755 3729/3729/3729 3753/3753/3753
f 3754/3754/3754 3751/3751/3751 3756/3756/3756
f 3753/3753/3753 3754/3754/3754 3756/3756/3756
f 3747/3747/3747 3751/3751/3751 3750/3750/3750
f 3753/3753/3753 3729/3729/3729 3731/3731/3731
f 3730/3730/3730 3731/3731/3731 3729/3729/3729
f 3732/3732/3732 3731/3731/3731 3730/3730/3730
f 3748/3748/3748 3747/3747/3747 3750/3750/3750
f 3741/3741/3741 3747/3747/3747 3748/3748/3748
f 3748/3748/3748 3750/3750/3750 3751/3751/3751
f 3748/3748/3748 3737/3737/3737 3741/3741/3741
f 3752/3752/3752 3751/3751/3751 3754/3754/3754
f 3752/3752/3752 3754/3754/3754 3753/3753/3753
f 3748/3748/3748 3751/3751/3751 3752/3752/3752
f 3753/3753/3753 3731/3731/3731 3752/3752/3752
f 3748/3748/3748 3735/3735/3735 3737/3737/3737
f 3752/3752/3752 3735/3735/3735 3748/3748/3748
f 3734/3734/3734 3737/3737/3737 3735/3735/3735
f 3734/3734/3734 3735/3735/3735 3732/3732/3732
f 3752/3752/3752 3731/3731/3731 3733/3733/3733
f 3732/3732/3732 3733/3733/3733 3731/3731/3731
f 3752/3752/3752 3733/3733/3733 3735/3735/3735
f 3732/3732/3732 3735/3735/3735 3733/3733/3733
