# VPXTOOL table OBJ file
# VPXTOOL OBJ file
# numVerts: 1254 numFaces: 2000
o PinCab_Rails
v -0.630997 0.136106 -2.280054
v -0.571187 0.135435 -2.279983
v -0.571187 0.136479 -2.271775
v -0.630997 0.135049 -2.284081
v -0.571187 0.13436 -2.284007
v -0.693894 0.135438 -2.284123
v -0.509831 0.135377 -2.279976
v -0.509831 0.134288 -2.283999
v -0.446927 0.134795 -2.284054
v -0.693894 0.136496 -2.280096
v -0.764015 0.134931 -2.284068
v -0.509831 0.136448 -2.271772
v -0.446927 0.135895 -2.280032
v -0.630997 0.137112 -2.271843
v -0.764015 0.13602 -2.280045
v -0.838191 0.134403 -2.284012
v -0.693894 0.137503 -2.271885
v -0.630997 0.138158 -2.260862
v -0.838191 0.135516 -2.279991
v -0.764015 0.137092 -2.271841
v -0.693894 0.138549 -2.260904
v -0.902936 0.135417 -2.27998
v -0.902936 0.13429 -2.283999
v -0.957615 0.134449 -2.284017
v -0.838191 0.136643 -2.271792
v -0.957615 0.135569 -2.279997
v -0.969327 0.134495 -2.284022
v -0.902936 0.136572 -2.271785
v -0.957615 0.136707 -2.271799
v -0.969327 0.135611 -2.280001
v -0.979374 0.134287 -2.283271
v -0.969327 0.136742 -2.271803
v -0.979621 0.135652 -2.279187
v -0.988501 0.135698 -2.276736
v -0.987514 0.133577 -2.281009
v -0.980119 0.136825 -2.271303
v -0.990493 0.13701 -2.269795
v -0.996171 0.134867 -2.27437
v -0.998958 0.136629 -2.268164
v -0.980586 0.137998 -2.260718
v -0.992362 0.138049 -2.260342
v -1.001942 0.137785 -2.259916
v -0.969327 0.137966 -2.260842
v -0.992986 0.139356 -2.248532
v -0.957615 0.137943 -2.260839
v -0.980742 0.139361 -2.248532
v -0.969327 0.139357 -2.248532
v -0.902936 0.137831 -2.260828
v -0.957615 0.139347 -2.248531
v -0.838191 0.137859 -2.26083
v -0.902936 0.139264 -2.248522
v -0.764015 0.138231 -2.26087
v -0.838191 0.139241 -2.248519
v -0.902936 0.142329 -2.222566
v -0.838191 0.14219 -2.222551
v -0.764015 0.139518 -2.248549
v -0.693894 0.139729 -2.248572
v -0.630997 0.13934 -2.24853
v -0.693894 0.142248 -2.222557
v -0.764015 0.142261 -2.222558
v -0.630997 0.141886 -2.222518
v -0.838191 0.145071 -2.197378
v -0.693894 0.144751 -2.197344
v -0.957615 0.142349 -2.222568
v -0.764015 0.144946 -2.197365
v -0.630997 0.144446 -2.197311
v -0.693894 0.145681 -2.187991
v -0.630997 0.145406 -2.187962
v -0.571187 0.144244 -2.19729
v -0.764015 0.14593 -2.188017
v -0.571187 0.141528 -2.22248
v -0.571187 0.145262 -2.187946
v -0.571187 0.138829 -2.248476
v -0.693894 0.146002 -2.184343
v -0.571187 0.137579 -2.260801
v -0.509831 0.137581 -2.260801
v -0.509831 0.141593 -2.222487
v -0.509831 0.13886 -2.248479
v -0.509831 0.144302 -2.197296
v -0.446927 0.139413 -2.248538
v -0.446927 0.142103 -2.222541
v -0.446927 0.138131 -2.26086
v -0.446927 0.144711 -2.19734
v -0.446927 0.136983 -2.271829
v -0.509831 0.145308 -2.187951
v -0.446927 0.145665 -2.187989
v -0.382996 0.138572 -2.260907
v -0.382996 0.137395 -2.271873
v -0.382996 0.13988 -2.248588
v -0.319579 0.138692 -2.26092
v -0.382996 0.136283 -2.280073
v -0.382996 0.13517 -2.284094
v -0.319579 0.137484 -2.271883
v -0.319579 0.136348 -2.28008
v -0.319579 0.135224 -2.2841
v -0.25925 0.139027 -2.260956
v -0.25925 0.136674 -2.280115
v -0.25925 0.135548 -2.284134
v -0.25925 0.137815 -2.271918
v -0.193771 0.136686 -2.280116
v -0.193771 0.135551 -2.284135
v -0.193771 0.137844 -2.271921
v -0.193771 0.13908 -2.260961
v -0.319579 0.140037 -2.248605
v -0.25925 0.140372 -2.248641
v -0.193771 0.140448 -2.248648
v -0.193771 0.143252 -2.222664
v -0.25925 0.143143 -2.222653
v -0.319579 0.142827 -2.222619
v -0.382996 0.142598 -2.222594
v -0.319579 0.14548 -2.197422
v -0.25925 0.145745 -2.197451
v -0.193771 0.145857 -2.197463
v -0.193771 0.146779 -2.188108
v -0.382996 0.145194 -2.197392
v -0.25925 0.146674 -2.188097
v -0.319579 0.146437 -2.188072
v -0.382996 0.146135 -2.18804
v -0.25925 0.14699 -2.184449
v -0.193771 0.14709 -2.18446
v -0.193771 0.147065 -2.183663
v -0.319579 0.146764 -2.184424
v -0.25925 0.146966 -2.183653
v -0.193771 0.146971 -2.182867
v -0.446927 0.145993 -2.184342
v -0.25925 0.146873 -2.182856
v -0.193771 0.146103 -2.17916
v -0.382996 0.146457 -2.184392
v -0.25925 0.14601 -2.17915
v -0.193771 0.143747 -2.169631
v -0.319579 0.146743 -2.183629
v -0.25925 0.143671 -2.169623
v -0.193771 0.141398 -2.160234
v -0.319579 0.145802 -2.179127
v -0.319579 0.146653 -2.182833
v -0.382996 0.146435 -2.183596
v -0.382996 0.146343 -2.182799
v -0.446927 0.145972 -2.183546
v -0.25925 0.141344 -2.160228
v -0.193771 0.140568 -2.156924
v -0.25925 0.140523 -2.15692
v -0.319579 0.143498 -2.169605
v -0.319579 0.141209 -2.160214
v -0.319579 0.140403 -2.156907
v -0.382996 0.145488 -2.179094
v -0.382996 0.140881 -2.160179
v -0.382996 0.140073 -2.156871
v -0.382996 0.143176 -2.16957
v -0.446927 0.140471 -2.160135
v -0.446927 0.139672 -2.156828
v -0.446927 0.142742 -2.169523
v -0.446927 0.145882 -2.18275
v -0.446927 0.145034 -2.179045
v -0.509831 0.140288 -2.160115
v -0.509831 0.139511 -2.156811
v -0.509831 0.142497 -2.169497
v -0.509831 0.14473 -2.179013
v -0.509831 0.145556 -2.182715
v -0.509831 0.145641 -2.183511
v -0.509831 0.145657 -2.184306
v -0.571187 0.145603 -2.183507
v -0.571187 0.145618 -2.184302
v -0.571187 0.145519 -2.182711
v -0.630997 0.145721 -2.183519
v -0.630997 0.14574 -2.184315
v -0.571187 0.1447 -2.17901
v -0.630997 0.145632 -2.182724
v -0.693894 0.145979 -2.183547
v -0.571187 0.142489 -2.169497
v -0.630997 0.144792 -2.179019
v -0.693894 0.145888 -2.182751
v -0.571187 0.140303 -2.160117
v -0.571187 0.139535 -2.156814
v -0.630997 0.142527 -2.1695
v -0.630997 0.140291 -2.160115
v -0.630997 0.139506 -2.156811
v -0.693894 0.140451 -2.160133
v -0.693894 0.13965 -2.156826
v -0.764015 0.140002 -2.156864
v -0.693894 0.14273 -2.169522
v -0.693894 0.145034 -2.179045
v -0.764015 0.140797 -2.16017
v -0.838191 0.140372 -2.156903
v -0.764015 0.143053 -2.169557
v -0.838191 0.141151 -2.160208
v -0.902936 0.140769 -2.156946
v -0.764015 0.145324 -2.179076
v -0.764015 0.146162 -2.18278
v -0.838191 0.145573 -2.179103
v -0.838191 0.143359 -2.16959
v -0.902936 0.141539 -2.160249
v -0.953009 0.140822 -2.156934
v -0.764015 0.14625 -2.183576
v -0.955721 0.141683 -2.160791
v -0.955612 0.140901 -2.156924
v -0.902936 0.143717 -2.169628
v -0.764015 0.146269 -2.184371
v -0.838191 0.146388 -2.182804
v -0.838191 0.146471 -2.183599
v -0.838191 0.146484 -2.184395
v -0.838191 0.146121 -2.188038
v -0.902936 0.146789 -2.184427
v -0.902936 0.145322 -2.197406
v -0.902936 0.146411 -2.188069
v -0.956956 0.145282 -2.197401
v -0.956449 0.146351 -2.188063
v -0.902936 0.146779 -2.183633
v -0.956246 0.146722 -2.18442
v -0.967959 0.146296 -2.188056
v -0.968574 0.145235 -2.197396
v -0.969327 0.14233 -2.222566
v -0.967619 0.146664 -2.184414
v -0.980742 0.142303 -2.222563
v -0.979009 0.14532 -2.196193
v -0.976756 0.14629 -2.187669
v -0.988312 0.145673 -2.192594
v -0.992986 0.142264 -2.222558
v -1.002937 0.139121 -2.248507
v -1.007473 0.138445 -2.248434
v -1.006611 0.136879 -2.259645
v -1.007473 0.141317 -2.222457
v -0.998958 0.136629 -2.268164
v -1.004023 0.135025 -2.267296
v -1.001942 0.137785 -2.259916
v -1.002937 0.142004 -2.222531
v -1.001768 0.145026 -2.195558
v -1.007473 0.144209 -2.196482
v -1.007473 0.145646 -2.183561
v -0.98152 0.146429 -2.186213
v -0.978671 0.146634 -2.184274
v -1.002638 0.146378 -2.183386
v -1.007473 0.147061 -2.170771
v -0.991791 0.146767 -2.18267
v -1.002928 0.147768 -2.170847
v -1.007473 0.148117 -2.161161
v -0.982887 0.147013 -2.180926
v -0.98152 0.146429 -2.186213
v -0.99295 0.148077 -2.17088
v -1.002928 0.148827 -2.161237
v -1.002928 0.149197 -2.157858
v -1.007473 0.148487 -2.157782
v -0.99295 0.149516 -2.157892
v -0.99295 0.149143 -2.161272
v -0.983252 0.14959 -2.1579
v -0.983252 0.148147 -2.170826
v -0.983252 0.149216 -2.161264
v -0.979546 0.14957 -2.157897
v -0.979424 0.146724 -2.183414
v -0.979515 0.147084 -2.180072
v -0.979546 0.148143 -2.17064
v -0.979546 0.1492 -2.161216
v -0.978839 0.149467 -2.157886
v -0.978611 0.146718 -2.182558
v -0.978785 0.147081 -2.179234
v -0.977871 0.146638 -2.183346
v -0.978839 0.148081 -2.170263
v -0.975781 0.146624 -2.184376
v -0.975078 0.146625 -2.183551
v -0.978839 0.149108 -2.161113
v -0.978139 0.149292 -2.157868
v -0.978139 0.148949 -2.160942
v -0.978139 0.147974 -2.169635
v -0.9781 0.146996 -2.178351
v -0.978611 0.146718 -2.182558
v -0.977982 0.14666 -2.181499
v -0.967316 0.146653 -2.183619
v -0.977089 0.146553 -2.18262
v -0.977871 0.146638 -2.183346
v -0.956171 0.146711 -2.183625
v -0.974375 0.146539 -2.18277
v -0.956044 0.14663 -2.18283
v -0.96681 0.146574 -2.182824
v -0.902936 0.146699 -2.182838
v -0.955679 0.145896 -2.179388
v -0.902936 0.145898 -2.179138
v -0.965343 0.145923 -2.179714
v -0.954885 0.14392 -2.17065
v -0.971683 0.145833 -2.17938
v -0.961435 0.144002 -2.171126
v -0.957874 0.14167 -2.160431
v -0.965355 0.143898 -2.170649
v -0.97426 0.145836 -2.179125
v -0.975206 0.145958 -2.178099
v -0.959204 0.141662 -2.160209
v -0.957117 0.141055 -2.15691
v -0.966696 0.143752 -2.169633
v -0.967729 0.14391 -2.169022
v -0.96029 0.141853 -2.160036
v -0.958182 0.141411 -2.15695
v -0.96029 0.141853 -2.160036
v -0.962647 0.142734 -2.159799
v -0.960414 0.142156 -2.157034
v -0.967729 0.14391 -2.169022
v -0.968722 0.145273 -2.159393
v -0.967783 0.145135 -2.157383
v -0.968708 0.144359 -2.167687
v -0.975437 0.147935 -2.160452
v -0.975202 0.148148 -2.157735
v -0.971137 0.145647 -2.164959
v -0.978139 0.148949 -2.160942
v -0.978139 0.149292 -2.157868
v -0.976041 0.147327 -2.168089
v -0.978139 0.147974 -2.169635
v -0.975438 0.146305 -2.17515
v -0.975206 0.145958 -2.178099
v -0.9781 0.146996 -2.178351
v -0.977982 0.14666 -2.181499
v -1.01043 0.105451 -2.177998
v -1.010154 0.102311 -2.190247
v -1.01043 0.111356 -2.191794
v -1.01036 0.097178 -2.176526
v -1.009589 0.099083 -2.218074
v -1.009874 0.094912 -2.189044
v -1.010334 0.094195 -2.175983
v -1.00977 0.092217 -2.188605
v -1.010522 0.096774 -2.168433
v -1.00888 0.091761 -2.217103
v -1.008617 0.089092 -2.216749
v -1.010522 0.100606 -2.16912
v -1.010522 0.100188 -2.163911
v -1.008128 0.088739 -2.239777
v -1.007747 0.086154 -2.239029
v -1.010522 0.101808 -2.164979
v -1.010522 0.104668 -2.160374
v -1.007818 0.087553 -2.247152
v -1.00739 0.085017 -2.246095
v -1.010522 0.106499 -2.163111
v -1.010522 0.110082 -2.157805
v -1.010522 0.111461 -2.170949
v -1.010522 0.113258 -2.160621
v -1.010522 0.1163 -2.156186
v -1.010522 0.119449 -2.158077
v -1.010522 0.123678 -2.155588
v -1.010481 0.113124 -2.183225
v -1.010522 0.124597 -2.156796
v -1.010522 0.132574 -2.156078
v -1.010522 0.122351 -2.168645
v -1.010522 0.120913 -2.18108
v -1.010522 0.13159 -2.158009
v -1.01037 0.140485 -2.156925
v -1.010522 0.128623 -2.163265
v -1.01037 0.139962 -2.159943
v -1.009912 0.144905 -2.157398
v -1.01037 0.13843 -2.168464
v -1.009912 0.144536 -2.160778
v -1.008998 0.147138 -2.157637
v -1.009912 0.143481 -2.170388
v -1.010454 0.135499 -2.18256
v -1.008998 0.146768 -2.161017
v -1.007473 0.148487 -2.157782
v -1.007473 0.148117 -2.161161
v -1.007473 0.147061 -2.170771
v -1.008998 0.145713 -2.170627
v -1.007473 0.145646 -2.183561
v -1.009912 0.142068 -2.183178
v -1.008998 0.1443 -2.183417
v -1.007473 0.144209 -2.196482
v -1.008998 0.142865 -2.196338
v -1.007473 0.141317 -2.222457
v -1.009912 0.140634 -2.1961
v -1.008998 0.139976 -2.222314
v -1.008998 0.137108 -2.248291
v -1.007473 0.138445 -2.248434
v -1.006611 0.136879 -2.259645
v -1.009912 0.137748 -2.222075
v -1.01037 0.136502 -2.196782
v -1.00847 0.135255 -2.259433
v -1.004023 0.135025 -2.267296
v -1.009912 0.134881 -2.248053
v -1.01037 0.13266 -2.221575
v -1.010522 0.129453 -2.199402
v -1.010522 0.125071 -2.195518
v -1.010522 0.122741 -2.220649
v -1.010522 0.118991 -2.193267
v -1.010522 0.11328 -2.219775
v -1.010522 0.109569 -2.219432
v -1.010289 0.106528 -2.219054
v -1.010522 0.108598 -2.243743
v -1.010182 0.103064 -2.243863
v -1.009162 0.095864 -2.24183
v -1.010522 0.105874 -2.244549
v -1.010138 0.101665 -2.252916
v -1.008985 0.094569 -2.250052
v -1.010522 0.104437 -2.253863
v -1.010122 0.101129 -2.256393
v -1.00892 0.094079 -2.253163
v -1.010522 0.10799 -2.251963
v -1.007704 0.08711 -2.249897
v -1.007259 0.084596 -2.248708
v -1.010522 0.117432 -2.246282
v -1.008028 0.086821 -2.25155
v -1.007654 0.084496 -2.250571
v -1.009047 0.093217 -2.254236
v -1.009037 0.0861 -2.255647
v -1.00888 0.084327 -2.255389
v -1.010153 0.099074 -2.257415
v -1.009448 0.09081 -2.256347
v -1.010151 0.086557 -2.259969
v -1.010112 0.084155 -2.260292
v -1.010253 0.093124 -2.259104
v -1.010522 0.086709 -2.261832
v -1.010522 0.084042 -2.262409
v -1.010522 0.094064 -2.260279
v -1.010522 0.087101 -2.262796
v -1.010522 0.083943 -2.263345
v -1.010522 0.101369 -2.258557
v -1.010522 0.088278 -2.264418
v -1.010522 0.083812 -2.264704
v -1.010522 0.103882 -2.257476
v -1.010522 0.087194 -2.268134
v -1.010522 0.083495 -2.267809
v -1.010522 0.103942 -2.258605
v -1.010522 0.107201 -2.256204
v -1.010522 0.095929 -2.261302
v -1.010522 0.101012 -2.263605
v -1.010522 0.110636 -2.258499
v -1.010522 0.115953 -2.25237
v -1.010522 0.097605 -2.269042
v -1.010509 0.119777 -2.25849
v -1.010522 0.085855 -2.27441
v -1.010522 0.08284 -2.273984
v -1.008699 0.084909 -2.280092
v -1.008707 0.082224 -2.279768
v -1.010522 0.094205 -2.275592
v -1.008677 0.092263 -2.280987
v -1.010418 0.108952 -2.270579
v -1.010365 0.103947 -2.276826
v -1.008463 0.101114 -2.281865
v -1.01047 0.113659 -2.264942
v -1.009894 0.111136 -2.277407
v -1.007878 0.108287 -2.28214
v -1.010104 0.116293 -2.271464
v -1.0088 0.116867 -2.277354
v -1.006689 0.114493 -2.281685
v -1.010313 0.121209 -2.265788
v -1.009286 0.121317 -2.271853
v -1.010522 0.124836 -2.249658
v -1.01047 0.125441 -2.259508
v -1.009817 0.125786 -2.266292
v -1.010454 0.130643 -2.236795
v -1.010522 0.128546 -2.251755
v -1.01037 0.131962 -2.248835
v -1.010231 0.129568 -2.259132
v -1.009621 0.132828 -2.259185
v -1.008746 0.129511 -2.2666
v -1.006887 0.13254 -2.266879
v -1.00767 0.125715 -2.2719
v -0.996171 0.134867 -2.27437
v -1.006773 0.122232 -2.276688
v -1.005156 0.12955 -2.271913
v -1.001645 0.132883 -2.272197
v -1.004185 0.12688 -2.275819
v -1.004661 0.120447 -2.280374
v -0.999415 0.130636 -2.276679
v -1.00141 0.130461 -2.275158
v -0.993603 0.132248 -2.278842
v -1.002126 0.125908 -2.27858
v -0.997495 0.130188 -2.278375
v -0.998562 0.126486 -2.280456
v -0.999939 0.121744 -2.282366
v -1.001283 0.116247 -2.283733
v -0.993443 0.128646 -2.281653
v -0.987173 0.130828 -2.28346
v -0.987514 0.133577 -2.281009
v -0.988501 0.135698 -2.276736
v -0.996171 0.134867 -2.27437
v -0.993603 0.132248 -2.278842
v -0.993721 0.124634 -2.28358
v -0.98712 0.127633 -2.284929
v -0.994255 0.120035 -2.284647
v -1.001283 0.116247 -2.283733
v -0.987278 0.123766 -2.285577
v -1.006689 0.114493 -2.281685
v -1.007878 0.108287 -2.28214
v -0.99486 0.11467 -2.284882
v -1.002248 0.110282 -2.284186
v -1.008463 0.101114 -2.281865
v -0.98757 0.119001 -2.285565
v -1.002859 0.102918 -2.283877
v -1.008677 0.092263 -2.280987
v -0.995392 0.107037 -2.284375
v -1.003141 0.093223 -2.282957
v -1.008699 0.084909 -2.280092
v -0.987896 0.111158 -2.28487
v -1.003229 0.084991 -2.282029
v -1.008707 0.082224 -2.279768
v -1.003261 0.082015 -2.281695
v -0.995705 0.095636 -2.283215
v -0.99586 0.085584 -2.282093
v -0.995916 0.082001 -2.281693
v -0.988161 0.098058 -2.283475
v -0.988338 0.086175 -2.282156
v -0.988401 0.081981 -2.281692
v -0.981994 0.098711 -2.283545
v -0.982499 0.08632 -2.282171
v -0.982678 0.081981 -2.281692
v -0.980709 0.082028 -2.281697
v -0.979578 0.115105 -2.285343
v -0.980181 0.085581 -2.282092
v -0.980558 0.081923 -2.281672
v -0.978692 0.09582 -2.283235
v -0.97529 0.10686 -2.284464
v -0.980305 0.122607 -2.286112
v -0.970167 0.121039 -2.285998
v -0.979544 0.12663 -2.28629
v -0.972994 0.124821 -2.286402
v -0.969021 0.112818 -2.285117
v -0.959625 0.12581 -2.286399
v -0.970244 0.127815 -2.286552
v -0.979276 0.129912 -2.285991
v -0.969327 0.130642 -2.286342
v -0.957615 0.130594 -2.286337
v -0.979289 0.132461 -2.285043
v -0.987173 0.130828 -2.28346
v -0.987514 0.133577 -2.281009
v -0.979374 0.134287 -2.283271
v -0.969327 0.134495 -2.284022
v -0.969327 0.132976 -2.285567
v -0.957615 0.134449 -2.284017
v -0.957615 0.132929 -2.285562
v -0.902936 0.13429 -2.283999
v -0.902936 0.130429 -2.286319
v -0.902936 0.132766 -2.285545
v -0.838191 0.134403 -2.284012
v -0.838191 0.132885 -2.285558
v -0.764015 0.134931 -2.284068
v -0.838191 0.13055 -2.286333
v -0.764015 0.133423 -2.285615
v -0.693894 0.135438 -2.284123
v -0.838191 0.125742 -2.28633
v -0.693894 0.133942 -2.285671
v -0.630997 0.135049 -2.284081
v -0.764015 0.131095 -2.286391
v -0.693894 0.131621 -2.286447
v -0.630997 0.133553 -2.285629
v -0.571187 0.13436 -2.284007
v -0.693894 0.126819 -2.286446
v -0.571187 0.132857 -2.285554
v -0.509831 0.134288 -2.283999
v -0.630997 0.131232 -2.286406
v -0.509831 0.13278 -2.285546
v -0.446927 0.134795 -2.284054
v -0.571187 0.130532 -2.28633
v -0.630997 0.126431 -2.286404
v -0.764015 0.12629 -2.286389
v -0.693894 0.117882 -2.28566
v -0.571187 0.125729 -2.286329
v -0.509831 0.130451 -2.286322
v -0.446927 0.133281 -2.2856
v -0.382996 0.133651 -2.28564
v -0.382996 0.13517 -2.284094
v -0.319579 0.135224 -2.2841
v -0.446927 0.13095 -2.286375
v -0.509831 0.125645 -2.28632
v -0.319579 0.133701 -2.285645
v -0.25925 0.135548 -2.284134
v -0.382996 0.131316 -2.286415
v -0.446927 0.126143 -2.286373
v -0.25925 0.134023 -2.285679
v -0.193771 0.135551 -2.284135
v -0.193771 0.134023 -2.285679
v -0.193771 0.131682 -2.286454
v -0.25925 0.131685 -2.286454
v -0.319579 0.131363 -2.28642
v -0.382996 0.126507 -2.286412
v -0.25925 0.126875 -2.286452
v -0.193771 0.126871 -2.286451
v -0.319579 0.126553 -2.286417
v -0.25925 0.117934 -2.285665
v -0.193771 0.11793 -2.285665
v -0.319579 0.117613 -2.28563
v -0.382996 0.117567 -2.285626
v -0.25925 0.109509 -2.284749
v -0.193771 0.109505 -2.284748
v -0.319579 0.109188 -2.284714
v -0.25925 0.106245 -2.284356
v -0.193771 0.106241 -2.284356
v -0.319579 0.105924 -2.284322
v -0.25925 0.102934 -2.283529
v -0.193771 0.102931 -2.283529
v -0.319579 0.102612 -2.283494
v -0.382996 0.105877 -2.284317
v -0.25925 0.094368 -2.281307
v -0.193771 0.094368 -2.281307
v -0.382996 0.109142 -2.28471
v -0.382996 0.102565 -2.283489
v -0.446927 0.105514 -2.284278
v -0.446927 0.108778 -2.28467
v -0.446927 0.117203 -2.285587
v -0.319579 0.094045 -2.281273
v -0.509831 0.116706 -2.285533
v -0.509831 0.108281 -2.284617
v -0.509831 0.105016 -2.284225
v -0.571187 0.108365 -2.284626
v -0.571187 0.11679 -2.285542
v -0.630997 0.117493 -2.285618
v -0.630997 0.109068 -2.284702
v -0.571187 0.1051 -2.284234
v -0.693894 0.109456 -2.284743
v -0.630997 0.105803 -2.284309
v -0.571187 0.101783 -2.283406
v -0.509831 0.101701 -2.283397
v -0.693894 0.106192 -2.28435
v -0.630997 0.102484 -2.283481
v -0.446927 0.1022 -2.28345
v -0.571187 0.0932 -2.281183
v -0.382996 0.093995 -2.281268
v -0.509831 0.093123 -2.281174
v -0.446927 0.093625 -2.281228
v -0.630997 0.093896 -2.281257
v -0.571187 0.084704 -2.278969
v -0.509831 0.084631 -2.278961
v -0.446927 0.085137 -2.279015
v -0.382996 0.085511 -2.279055
v -0.509831 0.081578 -2.278161
v -0.446927 0.082085 -2.278215
v -0.571187 0.081649 -2.278168
v -0.382996 0.08246 -2.278255
v -0.630997 0.082337 -2.278242
v -0.319579 0.085565 -2.279061
v -0.319579 0.082515 -2.278261
v -0.630997 0.085395 -2.279042
v -0.693894 0.082726 -2.278284
v -0.25925 0.085888 -2.279095
v -0.25925 0.082839 -2.278296
v -0.193771 0.085891 -2.279096
v -0.193771 0.082843 -2.278296
v -0.693894 0.085783 -2.279084
v -0.764015 0.082221 -2.27823
v -0.693894 0.094284 -2.281298
v -0.764015 0.085275 -2.27903
v -0.838191 0.081693 -2.278173
v -0.693894 0.102872 -2.283522
v -0.838191 0.084744 -2.278973
v -0.902936 0.08158 -2.278163
v -0.764015 0.102346 -2.283466
v -0.764015 0.093766 -2.281243
v -0.838191 0.093228 -2.281186
v -0.902936 0.08456 -2.278955
v -0.838191 0.1018 -2.283407
v -0.764015 0.105661 -2.284294
v -0.959378 0.084582 -2.27896
v -0.9591 0.081758 -2.278188
v -0.902936 0.092831 -2.281143
v -0.764015 0.108925 -2.284686
v -0.902936 0.10119 -2.28334
v -0.960151 0.092459 -2.281103
v -0.963886 0.084381 -2.278941
v -0.963233 0.081819 -2.278209
v -0.963946 0.081688 -2.278176
v -0.838191 0.105113 -2.284235
v -0.902936 0.104431 -2.284161
v -0.764015 0.117351 -2.285603
v -0.838191 0.108377 -2.284628
v -0.838191 0.116802 -2.285544
v -0.902936 0.107764 -2.284562
v -0.961188 0.103488 -2.284058
v -0.902936 0.125549 -2.28631
v -0.902936 0.116399 -2.285501
v -0.959409 0.115403 -2.285394
v -0.960751 0.106781 -2.284456
v -0.968724 0.104858 -2.28425
v -0.960921 0.100417 -2.283255
v -0.968443 0.10186 -2.283883
v -0.973206 0.100144 -2.283736
v -0.972503 0.099519 -2.283612
v -0.967629 0.099055 -2.283109
v -0.965731 0.091678 -2.281018
v -0.97126 0.097129 -2.282897
v -0.965069 0.084039 -2.2789
v -0.968144 0.090577 -2.2809
v -0.96615 0.083976 -2.27899
v -0.965105 0.081699 -2.278286
v -0.967232 0.081725 -2.278764
v -0.971838 0.096659 -2.282861
v -0.968996 0.090287 -2.280925
v -0.968005 0.083794 -2.279365
v -0.972651 0.081792 -2.279984
v -0.972868 0.099122 -2.283569
v -0.970109 0.089472 -2.281003
v -0.972677 0.08334 -2.280311
v -0.978069 0.081859 -2.281191
v -0.973872 0.097031 -2.283347
v -0.97286 0.094773 -2.282694
v -0.972753 0.08744 -2.281173
v -0.977362 0.083938 -2.281464
v -0.980191 0.081885 -2.281629
v -0.975457 0.089616 -2.282209
v -0.979209 0.084221 -2.281893
v -0.976544 0.090667 -2.282627
v -0.979665 0.084624 -2.281977
v -0.97722 0.092199 -2.282833
v 0.049446 0.111356 -2.191794
v 0.04917 0.102311 -2.190247
v 0.049446 0.105451 -2.177998
v 0.049376 0.097178 -2.176526
v 0.048605 0.099083 -2.218074
v 0.04889 0.094912 -2.189044
v 0.04935 0.094195 -2.175983
v 0.049538 0.096774 -2.168433
v 0.048786 0.092217 -2.188605
v 0.049538 0.100606 -2.16912
v 0.049538 0.100188 -2.163911
v 0.047896 0.091761 -2.217103
v 0.047633 0.089092 -2.216749
v 0.049538 0.101808 -2.164979
v 0.049538 0.104668 -2.160374
v 0.047144 0.088739 -2.239777
v 0.046763 0.086154 -2.239029
v 0.049538 0.106499 -2.163111
v 0.049538 0.110082 -2.157805
v 0.049538 0.111461 -2.170949
v 0.049538 0.113258 -2.160621
v 0.049538 0.1163 -2.156186
v 0.049538 0.119449 -2.158077
v 0.049538 0.123678 -2.155588
v 0.049497 0.113124 -2.183225
v 0.049538 0.124597 -2.156796
v 0.049538 0.132574 -2.156078
v 0.049538 0.122351 -2.168645
v 0.049538 0.120913 -2.18108
v 0.049538 0.13159 -2.158009
v 0.049386 0.140485 -2.156925
v 0.049538 0.128623 -2.163265
v 0.049386 0.139962 -2.159943
v 0.048928 0.144905 -2.157398
v 0.049386 0.13843 -2.168464
v 0.048928 0.144536 -2.160778
v 0.048014 0.147138 -2.157637
v 0.048928 0.143481 -2.170388
v 0.04947 0.135499 -2.18256
v 0.048014 0.146768 -2.161017
v 0.046489 0.148487 -2.157782
v 0.046489 0.148117 -2.161161
v 0.046489 0.147061 -2.170771
v 0.048014 0.145713 -2.170627
v 0.046489 0.145646 -2.183561
v 0.048928 0.142068 -2.183178
v 0.048014 0.1443 -2.183417
v 0.046489 0.144209 -2.196482
v 0.048014 0.142865 -2.196338
v 0.046489 0.141317 -2.222457
v 0.048928 0.140634 -2.1961
v 0.048014 0.139976 -2.222314
v 0.048014 0.137108 -2.248291
v 0.046489 0.138445 -2.248434
v 0.045627 0.136879 -2.259645
v 0.048928 0.137748 -2.222075
v 0.049386 0.136502 -2.196782
v 0.047486 0.135255 -2.259433
v 0.043039 0.135025 -2.267296
v 0.048928 0.134881 -2.248053
v 0.049386 0.13266 -2.221575
v 0.049538 0.129453 -2.199402
v 0.049538 0.125071 -2.195518
v 0.049538 0.122741 -2.220649
v 0.049538 0.118991 -2.193267
v 0.049538 0.11328 -2.219775
v 0.049538 0.109569 -2.219432
v 0.049305 0.106528 -2.219054
v 0.049538 0.108598 -2.243743
v 0.049198 0.103064 -2.243863
v 0.049538 0.105874 -2.244549
v 0.048178 0.095864 -2.24183
v 0.049154 0.101665 -2.252916
v 0.049538 0.104437 -2.253863
v 0.048001 0.094569 -2.250052
v 0.046834 0.087553 -2.247152
v 0.046406 0.085017 -2.246095
v 0.049138 0.101129 -2.256393
v 0.04672 0.08711 -2.249897
v 0.046275 0.084596 -2.248708
v 0.047936 0.094079 -2.253163
v 0.047044 0.086821 -2.25155
v 0.04667 0.084496 -2.250571
v 0.048063 0.093217 -2.254236
v 0.048053 0.0861 -2.255647
v 0.047896 0.084327 -2.255389
v 0.049169 0.099074 -2.257415
v 0.048464 0.09081 -2.256347
v 0.049167 0.086557 -2.259969
v 0.049128 0.084155 -2.260292
v 0.049269 0.093124 -2.259104
v 0.049538 0.086709 -2.261832
v 0.049538 0.084042 -2.262409
v 0.049538 0.094064 -2.260279
v 0.049538 0.087101 -2.262796
v 0.049538 0.083943 -2.263345
v 0.049538 0.101369 -2.258557
v 0.049538 0.088278 -2.264418
v 0.049538 0.083812 -2.264704
v 0.049538 0.103882 -2.257476
v 0.049538 0.087194 -2.268134
v 0.049538 0.083495 -2.267809
v 0.049538 0.10799 -2.251963
v 0.049538 0.085855 -2.27441
v 0.049538 0.08284 -2.273984
v 0.049538 0.097606 -2.269042
v 0.047715 0.084909 -2.280092
v 0.047723 0.082224 -2.279768
v 0.049538 0.094205 -2.275592
v 0.047693 0.092263 -2.280987
v 0.049538 0.101012 -2.263605
v 0.049381 0.103947 -2.276826
v 0.047479 0.101114 -2.281865
v 0.049434 0.108952 -2.270579
v 0.04891 0.111136 -2.277407
v 0.046894 0.108287 -2.28214
v 0.049538 0.095929 -2.261302
v 0.047816 0.116867 -2.277354
v 0.049538 0.103942 -2.258605
v 0.045705 0.114493 -2.281685
v 0.049538 0.107201 -2.256204
v 0.049538 0.110636 -2.258499
v 0.049538 0.115953 -2.25237
v 0.049486 0.113659 -2.264942
v 0.049538 0.117432 -2.246282
v 0.049525 0.119777 -2.25849
v 0.049538 0.124836 -2.249658
v 0.04912 0.116293 -2.271464
v 0.049329 0.121209 -2.265788
v 0.049486 0.125441 -2.259508
v 0.04947 0.130643 -2.236795
v 0.049538 0.128546 -2.251755
v 0.049386 0.131962 -2.248835
v 0.048302 0.121317 -2.271853
v 0.048833 0.125786 -2.266292
v 0.049247 0.129568 -2.259132
v 0.048637 0.132828 -2.259185
v 0.047762 0.129511 -2.2666
v 0.045903 0.13254 -2.266879
v 0.046686 0.125715 -2.2719
v 0.045789 0.122232 -2.276688
v 0.044172 0.12955 -2.271913
v 0.040661 0.132883 -2.272197
v 0.043201 0.12688 -2.275819
v 0.043677 0.120447 -2.280374
v 0.035187 0.134867 -2.27437
v 0.037974 0.136629 -2.268164
v 0.045627 0.136879 -2.259645
v 0.043039 0.135025 -2.267296
v 0.040958 0.137785 -2.259916
v 0.038431 0.130636 -2.276679
v 0.032619 0.132248 -2.278842
v 0.040426 0.130461 -2.275158
v 0.041142 0.125908 -2.27858
v 0.036511 0.130188 -2.278375
v 0.037578 0.126486 -2.280456
v 0.038955 0.121744 -2.282366
v 0.040299 0.116247 -2.283733
v 0.032459 0.128646 -2.281653
v 0.032737 0.124634 -2.28358
v 0.026189 0.130828 -2.28346
v 0.02653 0.133577 -2.281009
v 0.035187 0.134867 -2.27437
v 0.027518 0.135698 -2.276736
v 0.032619 0.132248 -2.278842
v 0.026136 0.127633 -2.284929
v 0.033271 0.120035 -2.284647
v 0.040299 0.116247 -2.283733
v 0.026294 0.123766 -2.285577
v 0.046894 0.108287 -2.28214
v 0.045705 0.114493 -2.281685
v 0.033876 0.11467 -2.284882
v 0.041264 0.110282 -2.284186
v 0.047479 0.101114 -2.281865
v 0.026586 0.119001 -2.285565
v 0.041875 0.102918 -2.283877
v 0.047693 0.092263 -2.280987
v 0.034408 0.107037 -2.284375
v 0.042157 0.093223 -2.282957
v 0.047715 0.084909 -2.280092
v 0.026912 0.111158 -2.28487
v 0.042245 0.084991 -2.282029
v 0.047723 0.082224 -2.279768
v 0.042278 0.082015 -2.281695
v 0.034721 0.095636 -2.283215
v 0.034876 0.085584 -2.282093
v 0.034932 0.082001 -2.281693
v 0.027177 0.098058 -2.283475
v 0.027354 0.086175 -2.282156
v 0.027417 0.081981 -2.281692
v 0.02101 0.098711 -2.283545
v 0.021515 0.08632 -2.282171
v 0.021694 0.081981 -2.281692
v 0.019725 0.082028 -2.281697
v 0.018594 0.115105 -2.285343
v 0.019197 0.085581 -2.282092
v 0.019574 0.081923 -2.281672
v 0.017708 0.09582 -2.283235
v 0.014306 0.10686 -2.284464
v 0.019321 0.122607 -2.286112
v 0.009183 0.121039 -2.285998
v 0.01856 0.12663 -2.28629
v 0.01201 0.124821 -2.286402
v 0.008037 0.112818 -2.285117
v 0.00926 0.127815 -2.286552
v -0.001359 0.12581 -2.286399
v 0.008343 0.130642 -2.286342
v 0.018292 0.129912 -2.285991
v -0.003369 0.130594 -2.286337
v 0.018305 0.132461 -2.285043
v 0.026189 0.130828 -2.28346
v 0.02653 0.133577 -2.281009
v 0.01839 0.134287 -2.283271
v 0.008343 0.134495 -2.284022
v 0.008343 0.132976 -2.285567
v -0.003369 0.134449 -2.284017
v -0.003369 0.132929 -2.285562
v -0.058048 0.13429 -2.283999
v -0.058048 0.130429 -2.286319
v -0.058048 0.132766 -2.285545
v -0.122793 0.134403 -2.284012
v -0.122793 0.132885 -2.285558
v -0.122793 0.13055 -2.286333
v -0.122793 0.125742 -2.28633
v -0.058048 0.125549 -2.28631
v -0.122793 0.116802 -2.285544
v -0.001575 0.115403 -2.285394
v -0.058048 0.116399 -2.285501
v -0.058048 0.107764 -2.284562
v -0.122793 0.108377 -2.284628
v -0.122793 0.105113 -2.284235
v 0.00774 0.104858 -2.28425
v -0.000233 0.106781 -2.284456
v -0.058048 0.104431 -2.284161
v -0.122793 0.1018 -2.283407
v 0.000204 0.103488 -2.284058
v -0.058048 0.10119 -2.28334
v -0.122793 0.093228 -2.281186
v 0.007459 0.10186 -2.283883
v -0.058048 0.092831 -2.281143
v -0.000063 0.100417 -2.283255
v -0.058048 0.08456 -2.278955
v -0.122793 0.084744 -2.278973
v -0.000833 0.092459 -2.281103
v -0.058048 0.08158 -2.278163
v -0.122793 0.081693 -2.278173
v -0.001606 0.084582 -2.27896
v -0.001884 0.081758 -2.278188
v 0.002902 0.084381 -2.278941
v 0.002249 0.081819 -2.278209
v 0.002962 0.081688 -2.278176
v 0.004747 0.091678 -2.281018
v 0.004085 0.084039 -2.2789
v 0.006645 0.099055 -2.283109
v 0.005166 0.083976 -2.27899
v 0.004121 0.081699 -2.278286
v 0.006248 0.081725 -2.278764
v 0.00716 0.090577 -2.2809
v 0.010276 0.097129 -2.282897
v 0.011519 0.099519 -2.283612
v 0.010854 0.096659 -2.282861
v 0.008012 0.090287 -2.280925
v 0.007021 0.083794 -2.279365
v 0.011667 0.081792 -2.279984
v 0.009125 0.089472 -2.281003
v 0.011693 0.08334 -2.280311
v 0.017085 0.081859 -2.281191
v 0.012222 0.100144 -2.283736
v 0.011884 0.099122 -2.283569
v 0.012888 0.097031 -2.283347
v 0.016236 0.092199 -2.282833
v 0.011876 0.094773 -2.282694
v 0.018681 0.084624 -2.281977
v 0.01556 0.090667 -2.282627
v 0.018225 0.084221 -2.281893
v 0.019207 0.081885 -2.281629
v 0.011769 0.08744 -2.281173
v 0.014473 0.089616 -2.282209
v 0.016378 0.083938 -2.281464
v -0.122793 0.14219 -2.222551
v -0.122793 0.139241 -2.248519
v -0.058048 0.139264 -2.248522
v -0.122793 0.137859 -2.26083
v -0.058048 0.142329 -2.222566
v -0.122793 0.145071 -2.197378
v -0.058048 0.137831 -2.260828
v -0.122793 0.136643 -2.271792
v -0.003369 0.139347 -2.248531
v -0.058048 0.145322 -2.197406
v -0.122793 0.146121 -2.188038
v -0.058048 0.136572 -2.271785
v -0.122793 0.135516 -2.279991
v -0.058048 0.146411 -2.188069
v -0.122793 0.146484 -2.184395
v -0.058048 0.135417 -2.27998
v -0.122793 0.134403 -2.284012
v -0.058048 0.13429 -2.283999
v -0.003369 0.134449 -2.284017
v -0.058048 0.146789 -2.184427
v -0.122793 0.146471 -2.183599
v -0.003369 0.135569 -2.279997
v 0.008343 0.134495 -2.284022
v -0.003369 0.136707 -2.271799
v -0.003369 0.137943 -2.260839
v 0.008343 0.135611 -2.280001
v 0.01839 0.134287 -2.283271
v 0.008343 0.136742 -2.271803
v 0.008343 0.137966 -2.260842
v 0.008343 0.139357 -2.248532
v 0.018637 0.135652 -2.279187
v 0.027518 0.135698 -2.276736
v 0.02653 0.133577 -2.281009
v 0.019135 0.136825 -2.271303
v 0.029509 0.13701 -2.269795
v 0.035187 0.134867 -2.27437
v 0.037974 0.136629 -2.268164
v 0.019602 0.137998 -2.260718
v 0.031379 0.138049 -2.260342
v 0.040958 0.137785 -2.259916
v 0.019758 0.139361 -2.248532
v 0.032002 0.139356 -2.248532
v 0.041953 0.139121 -2.248507
v 0.046489 0.138445 -2.248434
v 0.046489 0.141317 -2.222457
v 0.019758 0.142303 -2.222563
v 0.032002 0.142264 -2.222558
v 0.041953 0.142004 -2.222531
v 0.040784 0.145026 -2.195558
v 0.046489 0.144209 -2.196482
v 0.046489 0.145646 -2.183561
v 0.027328 0.145673 -2.192594
v 0.041654 0.146378 -2.183386
v 0.046489 0.147061 -2.170771
v 0.030807 0.146767 -2.18267
v 0.041944 0.147768 -2.170847
v 0.046489 0.148117 -2.161161
v 0.041944 0.149197 -2.157858
v 0.046489 0.148487 -2.157782
v 0.041944 0.148827 -2.161237
v 0.031966 0.149516 -2.157892
v 0.031966 0.148077 -2.17088
v 0.031966 0.149143 -2.161272
v 0.022268 0.14959 -2.1579
v 0.021903 0.147013 -2.180926
v 0.022268 0.148147 -2.170826
v 0.022268 0.149216 -2.161264
v 0.018562 0.14957 -2.157897
v 0.020536 0.146429 -2.186213
v 0.018562 0.1492 -2.161216
v 0.017855 0.149467 -2.157886
v 0.01844 0.146724 -2.183414
v 0.017687 0.146634 -2.184274
v 0.018531 0.147084 -2.180072
v 0.018562 0.148143 -2.17064
v 0.017627 0.146718 -2.182558
v 0.017801 0.147081 -2.179234
v 0.016887 0.146638 -2.183346
v 0.017855 0.148081 -2.170263
v 0.014797 0.146624 -2.184376
v 0.017855 0.149108 -2.161113
v 0.017155 0.149292 -2.157868
v 0.017155 0.148949 -2.160942
v 0.017155 0.147974 -2.169635
v 0.017116 0.146996 -2.178351
v 0.017627 0.146718 -2.182558
v 0.016998 0.14666 -2.181499
v 0.014094 0.146625 -2.183551
v 0.016105 0.146553 -2.18262
v 0.016887 0.146638 -2.183346
v 0.013276 0.145836 -2.179125
v 0.014222 0.145958 -2.178099
v 0.013391 0.146539 -2.18277
v 0.005712 0.143752 -2.169633
v 0.006745 0.14391 -2.169022
v 0.010699 0.145833 -2.17938
v 0.004371 0.143898 -2.170649
v -0.00178 0.141662 -2.160209
v -0.000694 0.141853 -2.160036
v 0.004359 0.145923 -2.179714
v 0.000451 0.144002 -2.171126
v 0.005826 0.146574 -2.182824
v -0.00311 0.14167 -2.160431
v -0.006099 0.14392 -2.17065
v -0.005372 0.140901 -2.156924
v -0.005263 0.141683 -2.160791
v -0.003867 0.141055 -2.15691
v -0.002802 0.141411 -2.15695
v -0.007975 0.140822 -2.156934
v -0.000694 0.141853 -2.160036
v -0.058048 0.141539 -2.160249
v 0.001663 0.142734 -2.159799
v -0.058048 0.140769 -2.156946
v -0.00057 0.142156 -2.157034
v 0.006745 0.14391 -2.169022
v -0.122793 0.140372 -2.156903
v -0.122793 0.141151 -2.160208
v -0.122793 0.143359 -2.16959
v -0.058048 0.143717 -2.169628
v -0.122793 0.145573 -2.179103
v -0.005305 0.145896 -2.179388
v -0.058048 0.145898 -2.179138
v -0.058048 0.146699 -2.182838
v -0.122793 0.146388 -2.182804
v -0.00494 0.14663 -2.18283
v -0.058048 0.146779 -2.183633
v 0.006332 0.146653 -2.183619
v -0.004813 0.146711 -2.183625
v -0.004738 0.146722 -2.18442
v 0.006635 0.146664 -2.184414
v -0.004535 0.146351 -2.188063
v 0.006975 0.146296 -2.188056
v 0.015772 0.14629 -2.187669
v 0.020536 0.146429 -2.186213
v -0.004028 0.145282 -2.197401
v 0.018025 0.14532 -2.196193
v 0.00759 0.145235 -2.197396
v 0.008343 0.14233 -2.222566
v -0.003369 0.142349 -2.222568
v 0.007738 0.145273 -2.159393
v 0.006799 0.145135 -2.157383
v 0.007724 0.144359 -2.167687
v 0.014453 0.147935 -2.160452
v 0.014218 0.148148 -2.157735
v 0.010153 0.145647 -2.164959
v 0.017155 0.148949 -2.160942
v 0.017155 0.149292 -2.157868
v 0.015057 0.147327 -2.168089
v 0.017155 0.147974 -2.169635
v 0.014454 0.146305 -2.17515
v 0.014222 0.145958 -2.178099
v 0.017116 0.146996 -2.178351
v 0.016998 0.14666 -2.181499
v -0.193771 0.141398 -2.160234
v -0.122793 0.141151 -2.160208
v -0.122793 0.140372 -2.156903
v -0.193771 0.140568 -2.156924
v -0.193771 0.143747 -2.169631
v -0.122793 0.143359 -2.16959
v -0.193771 0.146103 -2.17916
v -0.122793 0.145573 -2.179103
v -0.193771 0.146971 -2.182867
v -0.122793 0.146388 -2.182804
v -0.193771 0.147065 -2.183663
v -0.122793 0.146471 -2.183599
v -0.193771 0.14709 -2.18446
v -0.122793 0.146484 -2.184395
v -0.193771 0.146779 -2.188108
v -0.122793 0.146121 -2.188038
v -0.193771 0.145857 -2.197463
v -0.122793 0.145071 -2.197378
v -0.193771 0.143252 -2.222664
v -0.122793 0.14219 -2.222551
v -0.193771 0.140448 -2.248648
v -0.122793 0.139241 -2.248519
v -0.193771 0.13908 -2.260961
v -0.122793 0.137859 -2.26083
v -0.193771 0.137844 -2.271921
v -0.122793 0.136643 -2.271792
v -0.193771 0.136686 -2.280116
v -0.122793 0.135516 -2.279991
v -0.193771 0.135551 -2.284135
v -0.122793 0.134403 -2.284012
v -0.193771 0.134023 -2.285679
v -0.122793 0.132885 -2.285558
v -0.193771 0.131682 -2.286454
v -0.122793 0.13055 -2.286333
v -0.193771 0.126871 -2.286451
v -0.122793 0.125742 -2.28633
v -0.193771 0.11793 -2.285665
v -0.122793 0.116802 -2.285544
v -0.193771 0.109505 -2.284748
v -0.122793 0.108377 -2.284628
v -0.193771 0.106241 -2.284356
v -0.122793 0.105113 -2.284235
v -0.193771 0.102931 -2.283529
v -0.122793 0.1018 -2.283407
v -0.193771 0.094368 -2.281307
v -0.122793 0.093228 -2.281186
v -0.193771 0.085891 -2.279096
v -0.122793 0.084744 -2.278973
v -0.193771 0.082843 -2.278296
v -0.122793 0.081693 -2.278173
v -1.008458 0.136525 -2.179986
v -1.008458 0.140092 -2.180058
v -1.008458 0.379888 -0.151136
v -1.008269 0.141032 -2.180077
v -1.008269 0.380798 -0.151411
v -1.007753 0.1418 -2.180092
v -1.008458 0.37514 -0.149702
v -1.007753 0.381541 -0.151636
v -1.006989 0.142318 -2.180103
v -1.006989 0.382042 -0.151787
v -1.006163 0.068281 -2.260473
v -1.008458 0.364787 0.023789
v -1.008458 0.364162 0.026364
v -1.008458 0.362727 0.028503
v -1.006163 0.11135 -2.262749
v -1.008458 0.361755 0.029217
v -1.006163 0.068923 -2.261715
v -1.008458 0.338578 0.026524
v -1.006163 0.069475 -2.26278
v -1.008458 0.339337 0.028813
v -1.006163 0.071929 -2.26467
v -1.008458 0.34093 0.030673
v -1.008458 0.342496 0.031494
v -1.006163 0.104608 -2.268533
v -1.006163 0.110006 -2.265384
v -1.006163 0.107902 -2.267349
v -1.006163 0.106728 -2.267857
v -1.006163 0.105261 -2.268493
v -0.979603 0.142508 -2.180107
v -0.978049 0.142313 -2.180102
v -0.978049 0.382038 -0.151786
v -0.979603 0.382226 -0.151843
v -0.976591 0.381484 -0.151618
v -1.006053 0.382226 -0.151843
v -0.976591 0.141741 -2.180091
v -1.006053 0.142508 -2.180107
v -0.970605 0.378331 -0.150666
v -0.970605 0.138484 -2.180025
v -1.006989 0.382042 -0.151787
v -1.006989 0.142318 -2.180103
v 0.042361 0.379888 -0.151136
v 0.042361 0.140092 -2.180058
v 0.042361 0.136525 -2.179986
v 0.042172 0.141032 -2.180077
v 0.042172 0.380798 -0.151411
v 0.041656 0.1418 -2.180092
v 0.042361 0.37514 -0.149702
v 0.041656 0.381541 -0.151636
v 0.040892 0.142318 -2.180103
v 0.040892 0.382042 -0.151787
v 0.040066 0.068281 -2.260473
v 0.042361 0.364787 0.023789
v 0.042361 0.364162 0.026364
v 0.042361 0.362727 0.028503
v 0.040066 0.11135 -2.262749
v 0.042361 0.361755 0.029217
v 0.040066 0.068923 -2.261715
v 0.042361 0.338578 0.026524
v 0.040066 0.069475 -2.26278
v 0.042361 0.339337 0.028813
v 0.040066 0.071929 -2.26467
v 0.042361 0.34093 0.030673
v 0.042361 0.342496 0.031494
v 0.040066 0.104608 -2.268533
v 0.040066 0.110006 -2.265384
v 0.040066 0.107902 -2.267349
v 0.040066 0.106728 -2.267857
v 0.040066 0.105261 -2.268493
v 0.011952 0.382038 -0.151786
v 0.011952 0.142313 -2.180102
v 0.013506 0.142508 -2.180107
v 0.010494 0.381484 -0.151618
v 0.013506 0.382226 -0.151843
v 0.010494 0.141741 -2.180091
v 0.039956 0.382226 -0.151843
v 0.004508 0.378331 -0.150666
v 0.004508 0.138484 -2.180025
v 0.039956 0.142508 -2.180107
v 0.040892 0.382042 -0.151787
v 0.040892 0.142318 -2.180103
vt 0.055678 0.666525
vt 0.055682 0.61508203
vt 0.058729 0.61510402
vt 0.054199 0.666503
vt 0.054204 0.61505902
vt 0.054216 0.72059602
vt 0.055643 0.562321
vt 0.054166 0.562298
vt 0.054086 0.508218
vt 0.055695 0.720618
vt 0.054301 0.78088099
vt 0.058688 0.562343
vt 0.055562 0.508241
vt 0.058728 0.666546
vt 0.055778 0.780904
vt 0.05439 0.84465301
vt 0.058745 0.72064
vt 0.062815 0.666569
vt 0.055865 0.84467697
vt 0.058823 0.780927
vt 0.062832 0.720662
vt 0.055917 0.90034801
vt 0.054443 0.90032399
vt 0.054471 0.94734502
vt 0.058906 0.84470099
vt 0.055946 0.94736898
vt 0.054476 0.957418025
vt 0.058957 0.90037298
vt 0.058986 0.947393
vt 0.055951 0.957440972
vt 0.05477 0.96605301
vt 0.058992 0.957464993
vt 0.056262 0.96629399
vt 0.057186 0.973931015
vt 0.055645 0.973037004
vt 0.059185 0.966746986
vt 0.059752 0.975670993
vt 0.058103 0.98050803
vt 0.060381 0.982941985
vt 0.06312 0.96717298
vt 0.063268 0.977301002
vt 0.063442 0.985531986
vt 0.063067 0.95749098
vt 0.067659 0.977864027
vt 0.06306 0.947418988
vt 0.06765 0.967336
vt 0.067642 0.95752102
vt 0.063029 0.90039903
vt 0.067635 0.94744903
vt 0.062982 0.84472603
vt 0.067602 0.90043002
vt 0.062904 0.78095102
vt 0.067558 0.844756
vt 0.077246 0.90049499
vt 0.07721 0.844818
vt 0.067486 0.78097802
vt 0.067422 0.72068697
vt 0.067405 0.66659403
vt 0.077104 0.72074002
vt 0.077153 0.78103602
vt 0.077085 0.66664797
vt 0.086566 0.84487897
vt 0.086486 0.720793
vt 0.077283 0.947512984
vt 0.086522 0.781093
vt 0.086463 0.66670197
vt 0.089966 0.72081298
vt 0.089941 0.666722
vt 0.086434 0.615268
vt 0.089999 0.78111398
vt 0.077068 0.615211
vt 0.089909 0.61529
vt 0.067398 0.61515403
vt 0.091325 0.72082
vt 0.062813 0.61512703
vt 0.062769 0.56236702
vt 0.07702 0.56245202
vt 0.067353 0.56239402
vt 0.086387 0.56251
vt 0.06727 0.50831598
vt 0.07694 0.50837302
vt 0.062687 0.50828898
vt 0.086314 0.50842798
vt 0.058607 0.508264
vt 0.089862 0.562531
vt 0.089793 0.50844902
vt 0.062611 0.45332396
vt 0.058533 0.453299
vt 0.067192 0.45335197
vt 0.062558 0.398795
vt 0.05549 0.45327604
vt 0.054015 0.45325196
vt 0.058482 0.39876902
vt 0.055441 0.398745
vt 0.053967 0.39872098
vt 0.062492 0.34692597
vt 0.055376 0.34687603
vt 0.053902 0.346852
vt 0.058417 0.3469
vt 0.055329 0.290572
vt 0.053855 0.29054797
vt 0.058368 0.290596
vt 0.062442 0.290623
vt 0.067137 0.39882302
vt 0.067071 0.346954
vt 0.067019 0.29065204
vt 0.076682 0.290711
vt 0.076735 0.347013
vt 0.0768 0.398883
vt 0.076861 0.45341003
vt 0.086171 0.398939
vt 0.08611 0.347068
vt 0.086056 0.290766
vt 0.089537 0.29078603
vt 0.086236 0.45346498
vt 0.089591 0.34708798
vt 0.08965 0.39895904
vt 0.089715 0.453485
vt 0.09095 0.347095
vt 0.090896 0.290793
vt 0.091196 0.290792
vt 0.091008 0.398966
vt 0.091249 0.347094
vt 0.091497 0.29078996
vt 0.091151 0.508456
vt 0.09155 0.34709203
vt 0.092913 0.29077196
vt 0.091074 0.453492
vt 0.092965 0.34707403
vt 0.096555 0.29072297
vt 0.091307 0.398966
vt 0.096606 0.34702504
vt 0.100147 0.29067302
vt 0.093022 0.398946
vt 0.091608 0.398964
vt 0.091373 0.45349097
vt 0.091674 0.453489
vt 0.09145 0.50845498
vt 0.100197 0.34697604
vt 0.101412 0.29065597
vt 0.101462 0.346959
vt 0.096661 0.398898
vt 0.100249 0.39884996
vt 0.101513 0.39883304
vt 0.093089 0.453471
vt 0.100316 0.45337498
vt 0.10158 0.453358
vt 0.096728 0.45342302
vt 0.10039 0.50834
vt 0.101653 0.508323
vt 0.096803 0.50838703
vt 0.091751 0.508453
vt 0.093165 0.508435
vt 0.100447 0.56242597
vt 0.101709 0.56241
vt 0.096864 0.562472
vt 0.093231 0.562519
vt 0.091818 0.562537
vt 0.091518 0.56253803
vt 0.091219 0.56253898
vt 0.091563 0.61529702
vt 0.091265 0.61529797
vt 0.091864 0.615296
vt 0.091598 0.66672897
vt 0.091299 0.66672897
vt 0.093276 0.615278
vt 0.091899 0.666727
vt 0.091624 0.72082
vt 0.096908 0.615232
vt 0.093312 0.66671002
vt 0.091925 0.72081798
vt 0.100489 0.61518598
vt 0.10175 0.61517
vt 0.096948 0.66666198
vt 0.100532 0.666615
vt 0.101795 0.66659898
vt 0.100566 0.72070402
vt 0.101829 0.72068697
vt 0.101854 0.78099
vt 0.096978 0.720752
vt 0.09334 0.72079998
vt 0.100591 0.78100598
vt 0.101881 0.84478098
vt 0.097005 0.78105402
vt 0.100619 0.84479702
vt 0.101899 0.900462985
vt 0.093369 0.78110099
vt 0.091956 0.78111899
vt 0.093404 0.84489
vt 0.097036 0.84484398
vt 0.100638 0.90047902
vt 0.101937 0.943521023
vt 0.091655 0.78112102
vt 0.100468 0.945870996
vt 0.101942 0.946603
vt 0.097057 0.900524974
vt 0.091356 0.78112102
vt 0.091992 0.84490699
vt 0.091692 0.84490901
vt 0.091393 0.84490901
vt 0.090038 0.84490103
vt 0.091418 0.90058899
vt 0.086594 0.900557995
vt 0.090063 0.900581
vt 0.086635 0.947008014
vt 0.090105 0.946595013
vt 0.091716 0.90058899
vt 0.09146 0.946429014
vt 0.090117 0.956490993
vt 0.086646 0.95699799
vt 0.077293 0.957584023
vt 0.091472 0.956206977
vt 0.077303 0.967399
vt 0.087102 0.965972006
vt 0.090269 0.964055
vt 0.088448 0.973978996
vt 0.077314 0.977926016
vt 0.067683 0.986415982
vt 0.067733 0.99030298
vt 0.063574 0.989528
vt 0.07739 0.990364015
vt 0.939619 0.51334
vt 0.060757 0.9872639775
vt 0.936558 0.51382297
vt 0.077339 0.986477017
vt 0.087365 0.985536993
vt 0.087046 0.990424991
vt 0.09185 0.990454972
vt 0.0907 0.967918992
vt 0.091533 0.965709984
vt 0.091891 0.986312985
vt 0.096605 0.9904850125
vt 0.09214 0.976993978
vt 0.096553 0.986591995
vt 0.100178 0.99050802
vt 0.092781 0.969343007
vt 0.090928 0.968391
vt 0.096524 0.978017986
vt 0.100125 0.986613989
vt 0.101382 0.986621976
vt 0.101434 0.990516007
vt 0.101353 0.97804898
vt 0.100096 0.978040993
vt 0.101341 0.969711006
vt 0.096536 0.969681025
vt 0.10009 0.969703972
vt 0.101339 0.966524005
vt 0.091854 0.96635902
vt 0.093096 0.96644503
vt 0.096603 0.966494024
vt 0.100106 0.966516018
vt 0.101346 0.96591401
vt 0.0919 0.965964973
vt 0.092898 0.96580702
vt 0.091728 0.965624988
vt 0.096745 0.965884984
vt 0.091493 0.963223994
vt 0.091807 0.963648975
vt 0.100147 0.965906978
vt 0.101358 0.965309024
vt 0.100215 0.965300977
vt 0.096983 0.96528101
vt 0.093743 0.965225995
vt 0.092248 0.96532899
vt 0.092573 0.96511799
vt 0.09177 0.95594603
vt 0.092155 0.96434802
vt 0.092051 0.964959025
vt 0.091758 0.946362972
vt 0.092097 0.962013006
vt 0.092059 0.946253
vt 0.09207 0.955509007
vt 0.092017 0.90058702
vt 0.093371 0.94592297
vt 0.093427 0.900569975
vt 0.093085 0.95439303
vt 0.096705 0.945199013
vt 0.093387 0.959684014
vt 0.095528 0.952093005
vt 0.100605 0.947722018
vt 0.096713 0.954201996
vt 0.093484 0.961899996
vt 0.093866 0.962715983
vt 0.100689 0.94886601
vt 0.101942 0.947058976
vt 0.097099 0.95535302
vt 0.097325 0.95624399
vt 0.100749 0.949804008
vt 0.101917 0.808384
vt 0.100749 0.517426
vt 0.100814 0.517662
vt 0.101866 0.51757598
vt 0.097325 0.51775497
vt 0.100897 0.51834
vt 0.101654 0.51835197
vt 0.097813 0.51790398
vt 0.100426 0.51901698
vt 0.101439 0.51913702
vt 0.0988 0.51830697
vt 0.100215 0.51927203
vt 0.101358 0.519435
vt 0.097581 0.51867598
vt 0.096983 0.51880902
vt 0.094962 0.51823997
vt 0.093866 0.51808
vt 0.093743 0.518345
vt 0.092573 0.518183
vt 0.904889 0.506495
vt 0.909391 0.50535
vt 0.910235 0.50784802
vt 0.904096 0.50421
vt 0.919732 0.503843
vt 0.908724 0.50330597
vt 0.903805 0.50338697
vt 0.908481 0.502562
vt 0.901049 0.504273
vt 0.919155 0.501818
vt 0.918945 0.50107998
vt 0.901418 0.50533098
vt 0.899453 0.505327
vt 0.92757 0.50048298
vt 0.927215 0.49977803
vt 0.899901 0.505758
vt 0.898257 0.50665897
vt 0.930301 0.499992
vt 0.929831 0.499308
vt 0.899337 0.50711298
vt 0.897452 0.508232
vt 0.902421 0.508331
vt 0.898601 0.50906003
vt 0.897026 0.510009
vt 0.897827 0.510849
vt 0.897017 0.512088
vt 0.907073 0.50853002
vt 0.897497 0.51231903
vt 0.89746 0.51456898
vt 0.901875 0.511432
vt 0.906496 0.51075798
vt 0.898156 0.514252
vt 0.898009 0.51676798
vt 0.90004 0.51330602
vt 0.899125 0.516555
vt 0.898316 0.51799798
vt 0.902276 0.51594
vt 0.899572 0.517821
vt 0.898471 0.51862502
vt 0.903145 0.51731598
vt 0.907477 0.514812
vt 0.899728 0.518448
vt 0.898566 0.51901
vt 0.899822 0.51883298
vt 0.903395 0.518327
vt 0.903301 0.51794302
vt 0.90815 0.51765198
vt 0.9079 0.51664197
vt 0.908056 0.517268
vt 0.912954 0.516968
vt 0.912859 0.51658398
vt 0.92261 0.51559198
vt 0.912704 0.515958
vt 0.922516 0.51520902
vt 0.932174 0.513839
vt 0.932267 0.514221
vt 0.936426 0.51354402
vt 0.922361 0.514583
vt 0.912839 0.51478302
vt 0.936298 0.51308
vt 0.939243 0.51287502
vt 0.932019 0.513214
vt 0.922025 0.513166
vt 0.913616 0.51275003
vt 0.912032 0.511608
vt 0.921388 0.51040697
vt 0.91101 0.50995398
vt 0.920784 0.50777602
vt 0.920547 0.50674403
vt 0.920317 0.505903
vt 0.929635 0.505942
vt 0.929519 0.50439203
vt 0.928547 0.50242698
vt 0.929858 0.505162
vt 0.932873 0.503803
vt 0.931593 0.501886
vt 0.933309 0.504556
vt 0.934161 0.503577
vt 0.932745 0.50168103
vt 0.9327 0.505593
vt 0.931318 0.49980903
vt 0.930799 0.499134
vt 0.930845 0.50836098
vt 0.931929 0.49969
vt 0.931495 0.499062
vt 0.933122 0.50141603
vt 0.933444 0.49939096
vt 0.933295 0.498901
vt 0.934484 0.50297898
vt 0.933843 0.50069302
vt 0.935077 0.49941802
vt 0.935128 0.498738
vt 0.934944 0.501275
vt 0.93578 0.499417
vt 0.935918 0.498657
vt 0.935412 0.50151098
vt 0.936153 0.499506
vt 0.936266 0.498609
vt 0.934979 0.50359398
vt 0.936796 0.49979997
vt 0.936772 0.49854302
vt 0.934647 0.504322
vt 0.938157 0.49941504
vt 0.937927 0.49838603
vt 0.935072 0.504314
vt 0.934267 0.505279
vt 0.93585 0.502011
vt 0.936862 0.503384
vt 0.935228 0.50619102
vt 0.933085 0.507814
vt 0.938801 0.502312
vt 0.935491 0.508752
vt 0.940471 0.49890304
vt 0.940224 0.49806798
vt 0.942576 0.498527
vt 0.942376 0.497782
vt 0.941158 0.501216
vt 0.943126 0.50056797
vt 0.939709 0.50545698
vt 0.941906 0.503919
vt 0.943714 0.503029
vt 0.937732 0.506898
vt 0.942334 0.50592297
vt 0.944027 0.505036
vt 0.940256 0.507496
vt 0.942482 0.507537
vt 0.944038 0.506792
vt 0.93827 0.508995
vt 0.940548 0.5089
vt 0.932327 0.51036102
vt 0.936038 0.510316
vt 0.938593 0.51027
vt 0.927673 0.51226902
vt 0.933222 0.51135498
vt 0.932227 0.512376
vt 0.936018 0.511482
vt 0.936133 0.512398
vt 0.938818 0.51131397
vt 0.939012 0.512168
vt 0.940695 0.51014203
vt 0.941897 0.51273
vt 0.94239 0.509068
vt 0.940814 0.51123297
vt 0.94102 0.51218498
vt 0.942201 0.51040697
vt 0.943721 0.508502
vt 0.942637 0.511473
vt 0.94206 0.51144302
vt 0.943499 0.511917
vt 0.94321 0.51008898
vt 0.943261 0.511324
vt 0.943933 0.510234
vt 0.94451 0.508855
vt 0.944861 0.507276
vt 0.944448 0.510848
vt 0.945194 0.51146197
vt 0.944355 0.51228398
vt 0.942814 0.512964
vt 0.51273 0.98050803
vt 0.511917 0.97824502
vt 0.50968 0.978187025
vt 0.510536 0.972573996
vt 0.508365 0.978549004
vt 0.507276 0.9845119715
vt 0.509438 0.972627997
vt 0.506792 0.989124
vt 0.505036 0.990015984
vt 0.506853 0.978955984
vt 0.505589 0.985216975
vt 0.503029 0.990368009
vt 0.508101 0.972778022
vt 0.503529 0.985588014
vt 0.500568 0.990365982
vt 0.504723 0.979252994
vt 0.500831 0.985625982
vt 0.498527 0.990230024
vt 0.505917 0.972894013
vt 0.498545 0.9855290055
vt 0.497782 0.990181029
vt 0.497719 0.985493004
vt 0.501552 0.979282975
vt 0.49876 0.979203999
vt 0.497765 0.979176998
vt 0.502277 0.972845972
vt 0.498976 0.972747982
vt 0.497811 0.972714007
vt 0.502501 0.967557013
vt 0.499057 0.967731
vt 0.49785 0.967792988
vt 0.497877 0.966102004
vt 0.50707 0.965824008
vt 0.498867 0.965722024
vt 0.497849 0.965969026
vt 0.50172 0.96465701
vt 0.504809 0.96196401
vt 0.509149 0.966606975
vt 0.508782 0.957857013
vt 0.510277 0.96603799
vt 0.509813 0.960367024
vt 0.506507 0.956699014
vt 0.510182 0.948891997
vt 0.510667 0.958064973
vt 0.511205 0.965875983
vt 0.51147 0.95733702
vt 0.511537 0.947264016
vt 0.511939 0.965941012
vt 0.511462 0.972685993
vt 0.512284 0.973037004
vt 0.512489 0.96605301
vt 0.5126 0.957418025
vt 0.512141 0.957386017
vt 0.512667 0.94734502
vt 0.512208 0.94731301
vt 0.512998 0.90032399
vt 0.511866 0.900242984
vt 0.512537 0.90029198
vt 0.513473 0.84465301
vt 0.513014 0.844621
vt 0.514128 0.78088099
vt 0.512343 0.84457201
vt 0.513672 0.78084898
vt 0.514749 0.72059602
vt 0.510996 0.84447098
vt 0.514296 0.72056502
vt 0.515072 0.666503
vt 0.513003 0.78079998
vt 0.513629 0.72051603
vt 0.514619 0.666471
vt 0.51529 0.61505902
vt 0.512284 0.720415
vt 0.514836 0.615027
vt 0.515691 0.562298
vt 0.513952 0.666422
vt 0.515234 0.562266
vt 0.516263 0.508218
vt 0.514168 0.61497802
vt 0.512607 0.66632098
vt 0.511657 0.78069901
vt 0.509798 0.720227
vt 0.512822 0.614877
vt 0.514565 0.562217
vt 0.515805 0.50818598
vt 0.516346 0.45322
vt 0.516805 0.45325196
vt 0.517254 0.39872098
vt 0.515135 0.508137
vt 0.513219 0.56211603
vt 0.516794 0.39868903
vt 0.517758 0.346852
vt 0.515675 0.453171
vt 0.513788 0.50803602
vt 0.517297 0.34682
vt 0.518207 0.29054797
vt 0.517745 0.29051602
vt 0.517073 0.29046702
vt 0.516625 0.346771
vt 0.516122 0.39864004
vt 0.514328 0.45307004
vt 0.515278 0.34667003
vt 0.515725 0.29036498
vt 0.514775 0.398539
vt 0.512791 0.34648204
vt 0.513238 0.290177
vt 0.512288 0.398351
vt 0.511841 0.452882
vt 0.510451 0.346304
vt 0.510899 0.28999996
vt 0.509948 0.398174
vt 0.509545 0.346236
vt 0.509993 0.289932
vt 0.509043 0.39810503
vt 0.508636 0.346166
vt 0.509084 0.28986204
vt 0.508133 0.398035
vt 0.508595 0.452636
vt 0.506285 0.345986
vt 0.506734 0.28968203
vt 0.509501 0.45270503
vt 0.507686 0.45256603
vt 0.508056 0.50760198
vt 0.508962 0.507671
vt 0.511302 0.50784802
vt 0.505782 0.39785504
vt 0.510733 0.56192797
vt 0.508393 0.561751
vt 0.507487 0.561682
vt 0.507996 0.61451203
vt 0.510336 0.614689
vt 0.510121 0.666133
vt 0.507781 0.66595602
vt 0.50709 0.614443
vt 0.507458 0.72004998
vt 0.506875 0.665888
vt 0.506179 0.61437398
vt 0.506577 0.561612
vt 0.506552 0.719981
vt 0.505964 0.66581798
vt 0.507146 0.507533
vt 0.503823 0.61419302
vt 0.505334 0.45238602
vt 0.504222 0.561432
vt 0.504793 0.507352
vt 0.503607 0.66563702
vt 0.501492 0.61401498
vt 0.501892 0.561253
vt 0.502464 0.50717402
vt 0.503006 0.45220804
vt 0.501054 0.561189
vt 0.501626 0.50711
vt 0.500654 0.61395
vt 0.502169 0.45214403
vt 0.500435 0.665394
vt 0.503455 0.397677
vt 0.502618 0.397613
vt 0.501274 0.66545802
vt 0.500112 0.719487
vt 0.503958 0.34580803
vt 0.503122 0.345744
vt 0.504408 0.289504
vt 0.503571 0.28943896
vt 0.500951 0.71955198
vt 0.499491 0.77977198
vt 0.503284 0.71973002
vt 0.500329 0.779836
vt 0.498837 0.84354502
vt 0.505641 0.71991098
vt 0.499674 0.84360898
vt 0.498361 0.899215996
vt 0.505014 0.780195
vt 0.502659 0.78001499
vt 0.502002 0.84378701
vt 0.499179 0.899277985
vt 0.504354 0.84396702
vt 0.505924 0.78026497
vt 0.498798 0.94781202
vt 0.498026 0.947513998
vt 0.501448 0.89945197
vt 0.50683 0.780334
vt 0.503741 0.89962798
vt 0.500952 0.94864303
vt 0.498711 0.95168501
vt 0.498014 0.951068997
vt 0.497973 0.951680005
vt 0.505264 0.844037
vt 0.504631 0.89969599
vt 0.50917 0.78051102
vt 0.50617 0.84410602
vt 0.50851 0.84428298
vt 0.505556 0.89976603
vt 0.50397 0.94976598
vt 0.510499 0.90013999
vt 0.507954 0.899948
vt 0.50729 0.948487997
vt 0.504886 0.94946003
vt 0.504298 0.956276
vt 0.503129 0.94947201
vt 0.503468 0.955971003
vt 0.502958 0.960030973
vt 0.502791 0.959412992
vt 0.502705 0.955211997
vt 0.500697 0.95342499
vt 0.502145 0.958293974
vt 0.498608 0.952695012
vt 0.500375 0.955477
vt 0.498581 0.953622997
vt 0.497966 0.95267701
vt 0.497948 0.95450598
vt 0.50201 0.958781004
vt 0.500287 0.956202984
vt 0.498509 0.955214977
vt 0.497903 0.959167004
vt 0.502678 0.959719002
vt 0.50005 0.95714301
vt 0.49833 0.95922202
vt 0.497859 0.963827014
vt 0.50209 0.96053803
vt 0.501479 0.95962
vt 0.499459 0.95937401
vt 0.49844 0.96326399
vt 0.497842 0.965653002
vt 0.500027 0.961745024
vt 0.498497 0.964856982
vt 0.500305 0.962701023
vt 0.498605 0.965258002
vt 0.500725 0.96331501
vt 0.910235 0.50784802
vt 0.909391 0.50535
vt 0.904889 0.506495
vt 0.904096 0.50421
vt 0.919732 0.503843
vt 0.908724 0.50330597
vt 0.903805 0.50338697
vt 0.901049 0.504273
vt 0.908481 0.502562
vt 0.901418 0.50533098
vt 0.899453 0.505327
vt 0.919155 0.501818
vt 0.918945 0.50107998
vt 0.899901 0.505758
vt 0.898257 0.50665897
vt 0.92757 0.50048298
vt 0.927215 0.49977803
vt 0.899337 0.50711298
vt 0.897452 0.508232
vt 0.902421 0.508331
vt 0.898601 0.50906003
vt 0.897026 0.510009
vt 0.897827 0.510849
vt 0.897017 0.512088
vt 0.907073 0.50853002
vt 0.897497 0.51231903
vt 0.89746 0.51456898
vt 0.901875 0.511432
vt 0.906496 0.51075798
vt 0.898156 0.514252
vt 0.898009 0.51676798
vt 0.90004 0.51330602
vt 0.899125 0.516555
vt 0.898316 0.51799798
vt 0.902276 0.51594
vt 0.899572 0.517821
vt 0.898471 0.51862502
vt 0.903145 0.51731598
vt 0.907477 0.514812
vt 0.899728 0.518448
vt 0.898566 0.51901
vt 0.899822 0.51883298
vt 0.903395 0.518327
vt 0.903301 0.51794302
vt 0.90815 0.51765198
vt 0.9079 0.51664197
vt 0.908056 0.517268
vt 0.912954 0.516968
vt 0.912859 0.51658398
vt 0.92261 0.51559198
vt 0.912704 0.515958
vt 0.922516 0.51520902
vt 0.932174 0.513839
vt 0.932267 0.514221
vt 0.936426 0.51354402
vt 0.922361 0.514583
vt 0.912839 0.51478302
vt 0.936298 0.51308
vt 0.939243 0.51287502
vt 0.932019 0.513214
vt 0.922025 0.513166
vt 0.913616 0.51275003
vt 0.912032 0.511608
vt 0.921388 0.51040697
vt 0.91101 0.50995398
vt 0.920784 0.50777602
vt 0.920547 0.50674403
vt 0.920317 0.505903
vt 0.929635 0.505942
vt 0.929519 0.50439203
vt 0.929858 0.505162
vt 0.928547 0.50242698
vt 0.932873 0.503803
vt 0.933309 0.504556
vt 0.931593 0.501886
vt 0.930301 0.499992
vt 0.929831 0.499308
vt 0.934161 0.503577
vt 0.931318 0.49980903
vt 0.930799 0.499134
vt 0.932745 0.50168103
vt 0.931929 0.49969
vt 0.931495 0.499062
vt 0.933122 0.50141603
vt 0.933444 0.49939096
vt 0.933295 0.498901
vt 0.934484 0.50297898
vt 0.933843 0.50069302
vt 0.935077 0.49941802
vt 0.935128 0.498738
vt 0.934944 0.501275
vt 0.93578 0.499417
vt 0.935918 0.498657
vt 0.935412 0.50151098
vt 0.936153 0.499506
vt 0.936266 0.498609
vt 0.934979 0.50359398
vt 0.936796 0.49979997
vt 0.936772 0.49854302
vt 0.934647 0.504322
vt 0.938157 0.49941504
vt 0.937927 0.49838603
vt 0.9327 0.505593
vt 0.940471 0.49890304
vt 0.940224 0.49806798
vt 0.938801 0.502312
vt 0.942576 0.498527
vt 0.942376 0.497782
vt 0.941158 0.501216
vt 0.943126 0.50056797
vt 0.936862 0.503384
vt 0.941906 0.503919
vt 0.943714 0.503029
vt 0.939709 0.50545698
vt 0.942334 0.50592297
vt 0.944027 0.505036
vt 0.93585 0.502011
vt 0.942482 0.507537
vt 0.935072 0.504314
vt 0.944038 0.506792
vt 0.934267 0.505279
vt 0.935228 0.50619102
vt 0.933085 0.507814
vt 0.937732 0.506898
vt 0.930845 0.50836098
vt 0.935491 0.508752
vt 0.932327 0.51036102
vt 0.940256 0.507496
vt 0.93827 0.508995
vt 0.936038 0.510316
vt 0.927673 0.51226902
vt 0.933222 0.51135498
vt 0.932227 0.512376
vt 0.940548 0.5089
vt 0.938593 0.51027
vt 0.936018 0.511482
vt 0.936133 0.512398
vt 0.938818 0.51131397
vt 0.939012 0.512168
vt 0.940695 0.51014203
vt 0.94239 0.509068
vt 0.940814 0.51123297
vt 0.94102 0.51218498
vt 0.942201 0.51040697
vt 0.943721 0.508502
vt 0.941897 0.51273
vt 0.939619 0.51334
vt 0.063574 0.989528
vt 0.060757 0.9872639775
vt 0.936558 0.51382297
vt 0.942637 0.511473
vt 0.943499 0.511917
vt 0.94206 0.51144302
vt 0.94321 0.51008898
vt 0.943261 0.511324
vt 0.943933 0.510234
vt 0.94451 0.508855
vt 0.944861 0.507276
vt 0.944448 0.510848
vt 0.50968 0.978187025
vt 0.945194 0.51146197
vt 0.944355 0.51228398
vt 0.51273 0.98050803
vt 0.942814 0.512964
vt 0.511917 0.97824502
vt 0.510536 0.972573996
vt 0.508365 0.978549004
vt 0.507276 0.9845119715
vt 0.509438 0.972627997
vt 0.505036 0.990015984
vt 0.506792 0.989124
vt 0.506853 0.978955984
vt 0.505589 0.985216975
vt 0.503029 0.990368009
vt 0.508101 0.972778022
vt 0.503529 0.985588014
vt 0.500568 0.990365982
vt 0.504723 0.979252994
vt 0.500831 0.985625982
vt 0.498527 0.990230024
vt 0.505917 0.972894013
vt 0.498545 0.9855290055
vt 0.497782 0.990181029
vt 0.497719 0.985493004
vt 0.501552 0.979282975
vt 0.49876 0.979203999
vt 0.497765 0.979176998
vt 0.502277 0.972845972
vt 0.498976 0.972747982
vt 0.497811 0.972714007
vt 0.502501 0.967557013
vt 0.499057 0.967731
vt 0.49785 0.967792988
vt 0.497877 0.966102004
vt 0.50707 0.965824008
vt 0.498867 0.965722024
vt 0.497849 0.965969026
vt 0.50172 0.96465701
vt 0.504809 0.96196401
vt 0.509149 0.966606975
vt 0.508782 0.957857013
vt 0.510277 0.96603799
vt 0.509813 0.960367024
vt 0.506507 0.956699014
vt 0.510667 0.958064973
vt 0.510182 0.948891997
vt 0.51147 0.95733702
vt 0.511205 0.965875983
vt 0.511537 0.947264016
vt 0.511939 0.965941012
vt 0.511462 0.972685993
vt 0.512284 0.973037004
vt 0.512489 0.96605301
vt 0.5126 0.957418025
vt 0.512141 0.957386017
vt 0.512667 0.94734502
vt 0.512208 0.94731301
vt 0.512998 0.90032399
vt 0.511866 0.900242984
vt 0.512537 0.90029198
vt 0.513473 0.84465301
vt 0.513014 0.844621
vt 0.512343 0.84457201
vt 0.510996 0.84447098
vt 0.510499 0.90013999
vt 0.50851 0.84428298
vt 0.50729 0.948487997
vt 0.507954 0.899948
vt 0.505556 0.89976603
vt 0.50617 0.84410602
vt 0.505264 0.844037
vt 0.504298 0.956276
vt 0.504886 0.94946003
vt 0.504631 0.89969599
vt 0.504354 0.84396702
vt 0.50397 0.94976598
vt 0.503741 0.89962798
vt 0.502002 0.84378701
vt 0.503468 0.955971003
vt 0.501448 0.89945197
vt 0.503129 0.94947201
vt 0.499179 0.899277985
vt 0.499674 0.84360898
vt 0.500952 0.94864303
vt 0.498361 0.899215996
vt 0.498837 0.84354502
vt 0.498798 0.94781202
vt 0.498026 0.947513998
vt 0.498711 0.95168501
vt 0.498014 0.951068997
vt 0.497973 0.951680005
vt 0.500697 0.95342499
vt 0.498608 0.952695012
vt 0.502705 0.955211997
vt 0.498581 0.953622997
vt 0.497966 0.95267701
vt 0.497948 0.95450598
vt 0.500375 0.955477
vt 0.502145 0.958293974
vt 0.502791 0.959412992
vt 0.50201 0.958781004
vt 0.500287 0.956202984
vt 0.498509 0.955214977
vt 0.497903 0.959167004
vt 0.50005 0.95714301
vt 0.49833 0.95922202
vt 0.497859 0.963827014
vt 0.502958 0.960030973
vt 0.502678 0.959719002
vt 0.50209 0.96053803
vt 0.500725 0.96331501
vt 0.501479 0.95962
vt 0.498605 0.965258002
vt 0.500305 0.962701023
vt 0.498497 0.964856982
vt 0.497842 0.965653002
vt 0.499459 0.95937401
vt 0.500027 0.961745024
vt 0.49844 0.96326399
vt 0.07721 0.844818
vt 0.067558 0.844756
vt 0.067602 0.90043002
vt 0.062982 0.84472603
vt 0.077246 0.90049499
vt 0.086566 0.84487897
vt 0.063029 0.90039903
vt 0.058906 0.84470099
vt 0.067635 0.94744903
vt 0.086594 0.900557995
vt 0.090038 0.84490103
vt 0.058957 0.90037298
vt 0.055865 0.84467697
vt 0.090063 0.900581
vt 0.091393 0.84490901
vt 0.055917 0.90034801
vt 0.05439 0.84465301
vt 0.054443 0.90032399
vt 0.054471 0.94734502
vt 0.091418 0.90058899
vt 0.091692 0.84490901
vt 0.055946 0.94736898
vt 0.054476 0.957418025
vt 0.058986 0.947393
vt 0.06306 0.947418988
vt 0.055951 0.957440972
vt 0.05477 0.96605301
vt 0.058992 0.957464993
vt 0.063067 0.95749098
vt 0.067642 0.95752102
vt 0.056262 0.96629399
vt 0.057186 0.973931015
vt 0.055645 0.973037004
vt 0.059185 0.966746986
vt 0.059752 0.975670993
vt 0.058103 0.98050803
vt 0.060381 0.982941985
vt 0.06312 0.96717298
vt 0.063268 0.977301002
vt 0.063442 0.985531986
vt 0.06765 0.967336
vt 0.067659 0.977864027
vt 0.067683 0.986415982
vt 0.067733 0.99030298
vt 0.07739 0.990364015
vt 0.077303 0.967399
vt 0.077314 0.977926016
vt 0.077339 0.986477017
vt 0.087365 0.985536993
vt 0.087046 0.990424991
vt 0.09185 0.990454972
vt 0.088448 0.973978996
vt 0.091891 0.986312985
vt 0.096605 0.9904850125
vt 0.09214 0.976993978
vt 0.096553 0.986591995
vt 0.100178 0.99050802
vt 0.101382 0.986621976
vt 0.101434 0.990516007
vt 0.100125 0.986613989
vt 0.101353 0.97804898
vt 0.096524 0.978017986
vt 0.100096 0.978040993
vt 0.101341 0.969711006
vt 0.092781 0.969343007
vt 0.096536 0.969681025
vt 0.10009 0.969703972
vt 0.101339 0.966524005
vt 0.090928 0.968391
vt 0.100106 0.966516018
vt 0.101346 0.96591401
vt 0.091854 0.96635902
vt 0.091533 0.965709984
vt 0.093096 0.96644503
vt 0.096603 0.966494024
vt 0.0919 0.965964973
vt 0.092898 0.96580702
vt 0.091728 0.965624988
vt 0.096745 0.965884984
vt 0.091493 0.963223994
vt 0.100147 0.965906978
vt 0.101358 0.965309024
vt 0.100215 0.965300977
vt 0.096983 0.96528101
vt 0.093743 0.965225995
vt 0.092248 0.96532899
vt 0.092573 0.96511799
vt 0.091807 0.963648975
vt 0.092155 0.96434802
vt 0.092051 0.964959025
vt 0.093484 0.961899996
vt 0.093866 0.962715983
vt 0.092097 0.962013006
vt 0.097099 0.95535302
vt 0.097325 0.95624399
vt 0.093387 0.959684014
vt 0.096713 0.954201996
vt 0.100689 0.94886601
vt 0.100749 0.949804008
vt 0.093085 0.95439303
vt 0.095528 0.952093005
vt 0.09207 0.955509007
vt 0.100605 0.947722018
vt 0.096705 0.945199013
vt 0.101942 0.946603
vt 0.100468 0.945870996
vt 0.101942 0.947058976
vt 0.101917 0.808384
vt 0.101937 0.943521023
vt 0.100749 0.517426
vt 0.100638 0.90047902
vt 0.100814 0.517662
vt 0.101899 0.900462985
vt 0.101866 0.51757598
vt 0.097325 0.51775497
vt 0.101881 0.84478098
vt 0.100619 0.84479702
vt 0.097036 0.84484398
vt 0.097057 0.900524974
vt 0.093404 0.84489
vt 0.093371 0.94592297
vt 0.093427 0.900569975
vt 0.092017 0.90058702
vt 0.091992 0.84490699
vt 0.092059 0.946253
vt 0.091716 0.90058899
vt 0.09177 0.95594603
vt 0.091758 0.946362972
vt 0.09146 0.946429014
vt 0.091472 0.956206977
vt 0.090105 0.946595013
vt 0.090117 0.956490993
vt 0.090269 0.964055
vt 0.0907 0.967918992
vt 0.086635 0.947008014
vt 0.087102 0.965972006
vt 0.086646 0.95699799
vt 0.077293 0.957584023
vt 0.077283 0.947512984
vt 0.100897 0.51834
vt 0.101654 0.51835197
vt 0.097813 0.51790398
vt 0.100426 0.51901698
vt 0.101439 0.51913702
vt 0.0988 0.51830697
vt 0.100215 0.51927203
vt 0.101358 0.519435
vt 0.097581 0.51867598
vt 0.096983 0.51880902
vt 0.094962 0.51823997
vt 0.093866 0.51808
vt 0.093743 0.518345
vt 0.092573 0.518183
vt 0 0
vt 0 0
vt 0 0
vt 0 0
vt 0 0
vt 0 0
vt 0 0
vt 0 0
vt 0 0
vt 0 0
vt 0 0
vt 0 0
vt 0 0
vt 0 0
vt 0 0
vt 0 0
vt 0 0
vt 0 0
vt 0 0
vt 0 0
vt 0 0
vt 0 0
vt 0 0
vt 0 0
vt 0 0
vt 0 0
vt 0 0
vt 0 0
vt 0 0
vt 0 0
vt 0 0
vt 0 0
vt 0 0
vt 0 0
vt 0 0
vt 0 0
vt 0 0
vt 0 0
vt 0 0
vt 0 0
vt 0 0
vt 0 0
vt 0 0
vt 0 0
vt 0 0
vt 0 0
vt 0 0
vt 0 0
vt 0 0
vt 0 0
vt 0.906542 0.51516902
vt 0.906674 0.51616597
vt 0.152829 0.627573
vt 0.906708 0.51643002
vt 0.152959 0.627823
vt 0.906737 0.516649
vt 0.152152 0.626275
vt 0.153065 0.62803
vt 0.906757 0.51679897
vt 0.153137 0.628173
vt 0.934734 0.494299
vt 0.086792 0.627158
vt 0.085808 0.62703902
vt 0.084964 0.626684
vt 0.936844 0.50631303
vt 0.084667 0.626427
vt 0.935218 0.494452
vt 0.085001 0.61987698
vt 0.935634 0.494583
vt 0.084165 0.620139
vt 0.936414 0.495229
vt 0.083514 0.62062597
vt 0.083252 0.62108302
vt 0.938816 0.50429797
vt 0.937793 0.50587898
vt 0.938468 0.505247
vt 0.938625 0.504907
vt 0.93882 0.50448197
vt 0.093217 0.966425
vt 0.093223 0.965084016
vt 0.846843 0.970164001
vt 0.846818 0.971503973
vt 0.846921 0.628228
vt 0.846836 0.994247973
vt 0.093243 0.516846
vt 0.093236 0.989169002
vt 0.847366 0.627407
vt 0.093359 0.515976
vt 0.846863 0.9950479865
vt 0.093243 0.989969015
vt 0.152829 0.627573
vt 0.906674 0.51616597
vt 0.906542 0.51516902
vt 0.906708 0.51643002
vt 0.152959 0.627823
vt 0.906737 0.516649
vt 0.152152 0.626275
vt 0.153065 0.62803
vt 0.906757 0.51679897
vt 0.153137 0.628173
vt 0.934734 0.494299
vt 0.086792 0.627158
vt 0.085808 0.62703902
vt 0.084964 0.626684
vt 0.936844 0.50631303
vt 0.084667 0.626427
vt 0.935218 0.494452
vt 0.085001 0.61987698
vt 0.935634 0.494583
vt 0.084165 0.620139
vt 0.936414 0.495229
vt 0.083514 0.62062597
vt 0.083252 0.62108302
vt 0.938816 0.50429797
vt 0.937793 0.50587898
vt 0.938468 0.505247
vt 0.938625 0.504907
vt 0.93882 0.50448197
vt 0.846843 0.970164001
vt 0.093223 0.965084016
vt 0.093217 0.966425
vt 0.846921 0.628228
vt 0.846818 0.971503973
vt 0.093243 0.516846
vt 0.846836 0.994247973
vt 0.847366 0.627407
vt 0.093359 0.515976
vt 0.093236 0.989169002
vt 0.846863 0.9950479865
vt 0.093243 0.989969015
vn 0.0087 0.9819 -0.1892
vn 0.0061 0.9813 -0.1926
vn 0.0056 0.9936 -0.1124
vn 0.0081 0.8712 -0.4909
vn 0.0058 0.8697 -0.4935
vn -0.0004 0.871 -0.4913
vn -0.0036 0.9806 -0.1958
vn -0.0032 0.8684 -0.4959
vn -0.0064 0.8674 -0.4977
vn -0.0002 0.9817 -0.1902
vn -0.0065 0.8687 -0.4953
vn -0.0039 0.9932 -0.1161
vn -0.0073 0.9802 -0.1981
vn 0.0084 0.994 -0.1087
vn -0.0067 0.9807 -0.1953
vn -0.004 0.8664 -0.4994
vn 0.0002 0.9939 -0.1103
vn 0.0079 0.9954 -0.0954
vn -0.0041 0.9795 -0.2014
vn -0.0059 0.9932 -0.1161
vn 0.0009 0.9953 -0.0972
vn 0.0005 0.9787 -0.2051
vn 0.0005 0.8653 -0.5012
vn 0.0031 0.8655 -0.5008
vn -0.0035 0.9925 -0.1219
vn 0.0032 0.9791 -0.2033
vn -0.0245 0.8584 -0.5123
vn 0.0007 0.9921 -0.1255
vn 0.0027 0.9922 -0.1247
vn -0.007 0.9771 -0.2125
vn -0.1341 0.8225 -0.5527
vn 0.0015 0.9921 -0.1251
vn -0.0566 0.9636 -0.2614
vn -0.1566 0.9214 -0.3556
vn -0.2771 0.7491 -0.6017
vn -0.0064 0.9909 -0.1342
vn -0.0586 0.9821 -0.1791
vn -0.3158 0.8252 -0.4682
vn -0.2239 0.9286 -0.2958
vn 0.0013 0.9939 -0.1104
vn -0.0209 0.9927 -0.1188
vn -0.1416 0.9745 -0.1738
vn 0.0018 0.9938 -0.1116
vn -0.0136 0.9936 -0.112
vn 0.002 0.9936 -0.113
vn 0.0001 0.9937 -0.112
vn 0.0004 0.9936 -0.1131
vn 0.0008 0.9935 -0.1135
vn 0.0011 0.9934 -0.1144
vn -0.0028 0.9938 -0.1109
vn 0.001 0.9934 -0.115
vn -0.0042 0.9946 -0.1035
vn -0.0014 0.9938 -0.1113
vn 0.0013 0.9932 -0.1161
vn -0.0001 0.9936 -0.1129
vn -0.0033 0.9946 -0.1042
vn 0.0017 0.9952 -0.098
vn 0.0069 0.9953 -0.0968
vn 0.0028 0.995 -0.0999
vn -0.0005 0.9944 -0.1054
vn 0.0058 0.9949 -0.1003
vn 0.0024 0.9937 -0.1119
vn 0.0037 0.9949 -0.101
vn -0.0006 0.9934 -0.1149
vn 0.002 0.9944 -0.1054
vn 0.0044 0.9947 -0.1025
vn 0.0039 0.9954 -0.0954
vn 0.0035 0.9953 -0.0966
vn 0.0014 0.9944 -0.106
vn 0.003 0.9951 -0.0988
vn 0.0025 0.9946 -0.104
vn 0.0009 0.9949 -0.1008
vn 0.0043 0.9948 -0.1021
vn 0.004 0.9995 -0.0319
vn 0.0049 0.9949 -0.1003
vn -0.0044 0.9947 -0.1024
vn -0.0044 0.9945 -0.1049
vn -0.0046 0.9946 -0.1035
vn -0.0037 0.9943 -0.1064
vn -0.0082 0.9946 -0.1033
vn -0.0081 0.9946 -0.103
vn -0.0078 0.9945 -0.1041
vn -0.0073 0.9947 -0.1024
vn -0.0076 0.993 -0.1179
vn -0.0033 0.9949 -0.1008
vn -0.0066 0.9953 -0.0966
vn -0.0043 0.9943 -0.1061
vn -0.004 0.9927 -0.1206
vn -0.0049 0.9945 -0.105
vn -0.0038 0.994 -0.1089
vn -0.0036 0.9796 -0.201
vn -0.0031 0.8662 -0.4996
vn -0.0034 0.9924 -0.1234
vn -0.0032 0.979 -0.2037
vn -0.0029 0.8652 -0.5014
vn -0.0032 0.994 -0.1092
vn -0.0028 0.9789 -0.2043
vn -0.0025 0.8648 -0.5021
vn -0.003 0.9923 -0.1239
vn 0.0081 0.9788 -0.2047
vn 0.0074 0.865 -0.5017
vn 0.0082 0.9921 -0.1248
vn 0.0082 0.9938 -0.1106
vn -0.0041 0.9943 -0.1067
vn -0.0034 0.9942 -0.1074
vn 0.0077 0.994 -0.1093
vn 0.0065 0.9942 -0.1069
vn -0.0034 0.9945 -0.1045
vn -0.0043 0.9945 -0.1047
vn -0.0058 0.9946 -0.1033
vn -0.0044 0.9948 -0.1018
vn -0.0031 0.9949 -0.1011
vn 0.005 0.9946 -0.1036
vn 0.004 0.9954 -0.0952
vn -0.006 0.9948 -0.102
vn -0.0029 0.9957 -0.0926
vn -0.0044 0.9955 -0.0944
vn -0.0061 0.9955 -0.0941
vn -0.0027 0.9996 -0.0281
vn 0.0036 0.9995 -0.0308
vn 0.0034 0.9975 0.0703
vn -0.0043 0.9995 -0.0315
vn -0.0026 0.9973 0.0731
vn 0.0032 0.9856 0.1692
vn -0.0063 0.9995 -0.0324
vn -0.0024 0.9852 0.1716
vn 0.0027 0.9731 0.2304
vn -0.0061 0.9995 -0.0302
vn -0.0022 0.9727 0.2322
vn 0.002 0.9714 0.2375
vn -0.0042 0.9975 0.0708
vn -0.0019 0.971 0.2391
vn 0.0014 0.971 0.2389
vn -0.0039 0.9731 0.2304
vn -0.0041 0.9857 0.1687
vn -0.006 0.9974 0.0712
vn -0.0058 0.9856 0.1691
vn -0.0062 0.9977 0.0682
vn -0.0015 0.9707 0.2401
vn 0.0011 0.971 0.2391
vn -0.0014 0.9706 0.2408
vn -0.0037 0.9715 0.237
vn -0.0035 0.9713 0.2379
vn -0.0034 0.9713 0.2379
vn -0.0057 0.9732 0.2298
vn -0.0055 0.9716 0.2366
vn -0.0055 0.9714 0.2372
vn -0.0056 0.9716 0.2366
vn -0.0047 0.972 0.2349
vn -0.0043 0.9722 0.2343
vn -0.005 0.9723 0.2336
vn -0.006 0.9859 0.167
vn -0.0057 0.9735 0.2285
vn -0.0013 0.9734 0.229
vn -0.0011 0.9735 0.2289
vn -0.0019 0.9732 0.2297
vn -0.0024 0.9748 0.2232
vn -0.0027 0.9867 0.1626
vn -0.0029 0.9979 0.0644
vn -0.003 0.9993 -0.0369
vn 0.0006 0.998 0.0633
vn 0.0007 0.9993 -0.0375
vn 0.0006 0.9867 0.1623
vn 0.003 0.9977 0.0676
vn 0.0032 0.9994 -0.0338
vn 0.0005 0.9748 0.2231
vn 0.0028 0.9861 0.1664
vn 0.0039 0.9976 0.0691
vn 0.0002 0.9736 0.2285
vn 0.0024 0.9741 0.226
vn 0.0038 0.9858 0.1677
vn 0 0.9736 0.2284
vn -0 0.9737 0.228
vn 0.0015 0.9728 0.2316
vn 0.001 0.9729 0.2314
vn 0.001 0.9729 0.2312
vn 0.0035 0.9722 0.234
vn 0.0035 0.9723 0.2338
vn 0.0047 0.9723 0.2338
vn 0.0037 0.9722 0.2341
vn 0.0038 0.9736 0.2282
vn 0.0046 0.9723 0.2337
vn 0.0052 0.9733 0.2295
vn 0.0041 0.9726 0.2323
vn 0.005 0.9733 0.2297
vn 0.0032 0.9743 0.225
vn 0.0037 0.974 0.2264
vn 0.0035 0.9862 0.1655
vn 0.0041 0.9753 0.2209
vn 0.0047 0.9737 0.2278
vn 0.003 0.9743 0.2254
vn 0.0094 0.9767 0.2142
vn 0.0034 0.9978 0.066
vn 0.0109 0.9772 0.212
vn 0.04 0.9819 0.185
vn 0.0023 0.9744 0.2247
vn 0.0034 0.9994 -0.0344
vn 0.0038 0.9872 0.1597
vn 0.0038 0.9981 0.0607
vn 0.0037 0.9991 -0.0415
vn 0.0034 0.9944 -0.1055
vn 0.0017 0.999 -0.0438
vn 0.0015 0.9933 -0.1155
vn 0.0016 0.9941 -0.108
vn -0.0023 0.9934 -0.1147
vn -0.0029 0.9942 -0.1075
vn 0.0017 0.9983 0.0575
vn -0.0032 0.999 -0.0435
vn -0.005 0.9943 -0.1065
vn -0.0044 0.9935 -0.1137
vn -0.0022 0.9935 -0.114
vn -0.0048 0.999 -0.0446
vn -0.0026 0.9936 -0.1128
vn -0.0052 0.9936 -0.1128
vn -0.0042 0.9943 -0.1067
vn -0.0135 0.9936 -0.1122
vn -0.0147 0.9937 -0.1111
vn -0.096 0.9882 -0.1191
vn -0.4324 0.8928 -0.1259
vn -0.4597 0.8533 -0.2459
vn -0.4202 0.902 -0.0994
vn -0.2239 0.9286 -0.2958
vn -0.4796 0.7707 -0.4194
vn -0.1416 0.9745 -0.1738
vn -0.0846 0.9904 -0.1092
vn -0.0776 0.9907 -0.1116
vn -0.417 0.9033 -0.1008
vn -0.4203 0.9017 -0.1017
vn -0.0031 0.994 -0.1093
vn 0.0129 0.9969 -0.0773
vn -0.0853 0.9899 -0.113
vn -0.4257 0.8993 -0.0996
vn -0.0171 0.9935 -0.1125
vn -0.0923 0.9896 -0.1103
vn -0.4271 0.8988 -0.0986
vn -0.0002 0.9939 -0.1104
vn -0.0031 0.994 -0.1093
vn -0.0192 0.9936 -0.1113
vn -0.0937 0.9896 -0.1088
vn -0.0938 0.9897 -0.1084
vn -0.4272 0.8988 -0.0983
vn -0.0198 0.9938 -0.1096
vn -0.0196 0.9937 -0.1101
vn -0.001 0.9939 -0.1104
vn -0.0001 0.9938 -0.1113
vn -0.0008 0.9938 -0.1109
vn 0.0749 0.9911 -0.1104
vn 0.0319 0.9953 -0.0914
vn 0.0643 0.9922 -0.1068
vn 0.0733 0.9911 -0.1108
vn 0.0758 0.991 -0.1107
vn 0.1945 0.9749 -0.1086
vn 0.1127 0.9918 -0.0608
vn 0.1879 0.9768 -0.1023
vn 0.0452 0.999 -0.0036
vn 0.1954 0.9747 -0.1086
vn -0.0007 0.9986 -0.052
vn 0.0026 0.9986 0.0527
vn 0.1948 0.9748 -0.109
vn 0.3055 0.9463 -0.1057
vn 0.3051 0.9464 -0.1057
vn 0.305 0.9465 -0.1054
vn 0.2979 0.9497 -0.0966
vn 0.1127 0.9918 -0.0608
vn 0.2134 0.9764 -0.0346
vn -0.0043 0.9983 0.0581
vn 0.0752 0.9942 0.0764
vn 0.0452 0.999 -0.0036
vn -0.0032 0.9984 0.0571
vn 0.0061 0.9888 0.1492
vn -0.003 0.9879 0.1551
vn -0.0041 0.9879 0.1553
vn 0.0018 0.9877 0.1561
vn -0.0028 0.9766 0.2149
vn 0.0019 0.976 0.2176
vn -0.0034 0.977 0.213
vn -0.0022 0.9751 0.2219
vn 0.0107 0.9794 0.2017
vn 0.0008 0.9762 0.2168
vn 0.0343 0.9815 0.1881
vn 0.0162 0.9788 0.2042
vn 0.1043 0.9866 0.1251
vn 0.2679 0.9634 -0.0122
vn 0.1328 0.9857 0.1041
vn 0.121 0.9866 0.1094
vn 0.1098 0.9853 0.1305
vn 0.2692 0.9631 -0.0032
vn 0.2699 0.9628 -0.0146
vn 0.2717 0.962 -0.0259
vn 0.2699 0.9628 -0.0146
vn 0.3579 0.9293 -0.091
vn 0.343 0.935 -0.0896
vn 0.2692 0.9631 -0.0032
vn 0.3785 0.9195 -0.1061
vn 0.3778 0.9192 -0.1111
vn 0.361 0.9286 -0.0856
vn 0.3727 0.9221 -0.1043
vn 0.373 0.9217 -0.1063
vn 0.3783 0.9202 -0.1011
vn 0.3051 0.9464 -0.1057
vn 0.3055 0.9463 -0.1057
vn 0.3706 0.9231 -0.1022
vn 0.305 0.9465 -0.1054
vn 0.3576 0.9295 -0.09
vn 0.2679 0.9634 -0.0122
vn 0.2979 0.9497 -0.0966
vn 0.2134 0.9763 -0.0346
vn -0.9998 -0.0145 -0.0135
vn -0.9989 -0.045 -0.0151
vn -0.9995 -0.0303 -0.0025
vn -0.9996 -0.0173 -0.0242
vn -0.9958 -0.0917 -0.0069
vn -0.9984 -0.0496 -0.028
vn -0.9994 -0.0187 -0.0289
vn -0.9982 -0.0504 -0.0334
vn -0.9999 -0.0046 -0.0124
vn -0.9951 -0.0974 -0.0194
vn -0.9948 -0.0989 -0.0246
vn -1 -0.0027 -0.0083
vn -1 0 0
vn -0.9898 -0.1415 -0.0133
vn -0.9896 -0.1426 -0.0192
vn -1 0 0
vn -1 0 0
vn -0.986 -0.1664 -0.0113
vn -0.9854 -0.169 -0.0182
vn -1 0 0
vn -1 0 0
vn -1 -0.002 -0.0029
vn -1 0 0
vn -1 0 0
vn -1 0 0
vn -1 0 0
vn -0.9999 -0.0126 -0.005
vn -1 0 0
vn -0.9999 0.0111 -0.0034
vn -1 0.0029 -0.0008
vn -1 -0.0007 -0.0008
vn -1 0.0081 -0.0026
vn -0.9981 0.0602 -0.0098
vn -1 0.0066 -0.0012
vn -0.9984 0.0565 -0.0087
vn -0.9705 0.2397 -0.0277
vn -0.9987 0.0495 -0.007
vn -0.971 0.2375 -0.0275
vn -0.8165 0.5739 -0.0628
vn -0.9719 0.2338 -0.0266
vn -0.999 0.0441 -0.0034
vn -0.8166 0.5737 -0.0629
vn -0.4272 0.8988 -0.0983
vn -0.4271 0.8988 -0.0986
vn -0.4257 0.8994 -0.0996
vn -0.8165 0.5739 -0.0632
vn -0.4203 0.9017 -0.1017
vn -0.9718 0.2343 -0.0248
vn -0.8163 0.5741 -0.0636
vn -0.417 0.9033 -0.1008
vn -0.8161 0.5744 -0.0639
vn -0.4202 0.902 -0.0994
vn -0.9709 0.238 -0.0251
vn -0.8156 0.575 -0.0637
vn -0.8101 0.5781 -0.0974
vn -0.4324 0.8928 -0.1259
vn -0.4597 0.8533 -0.2459
vn -0.9702 0.2408 -0.026
vn -0.9983 0.0587 -0.0059
vn -0.7815 0.5755 -0.2411
vn -0.4796 0.7707 -0.4194
vn -0.9635 0.2629 -0.0498
vn -0.9984 0.0569 -0.0056
vn -0.9999 0.0109 -0.0017
vn -1 0.0045 0.0001
vn -1 0.006 -0.0006
vn -1 -0.0078 0.0012
vn -1 0 0
vn -0.9995 -0.032 0.0043
vn -0.9971 -0.0754 0.0044
vn -1 0 0
vn -0.9926 -0.1206 0.0109
vn -0.9908 -0.135 0.0001
vn -0.9984 -0.0552 0.0071
vn -0.9899 -0.1411 0.0145
vn -0.9875 -0.1578 0.0034
vn -0.9978 -0.065 0.0088
vn -0.9905 -0.1055 0.0887
vn -0.9876 -0.122 0.0991
vn -1 0 0
vn -0.9875 -0.1242 0.0975
vn -0.9879 -0.1378 0.0707
vn -1 0.0024 0.0001
vn -0.9727 -0.0626 0.2234
vn -0.9727 -0.0639 0.2229
vn -0.9741 -0.0655 0.2164
vn -0.9681 -0.0496 0.2454
vn -0.9679 -0.05 0.2463
vn -0.9779 -0.0626 0.1993
vn -0.9686 -0.0495 0.2436
vn -0.9748 -0.0446 0.2184
vn -0.9754 -0.0448 0.2157
vn -0.9747 -0.0461 0.2185
vn -0.9951 -0.0207 0.0966
vn -0.9967 -0.0171 0.079
vn -0.9947 -0.0218 0.1001
vn -1 0 0
vn -1 0 0
vn -0.9962 -0.0299 0.082
vn -1 0 0
vn -1 0 0
vn -0.9982 -0.0448 0.0409
vn -1 0 0
vn -1 0 0
vn -0.9995 -0.0119 0.0277
vn -1 0 0
vn -1 0 0
vn -1 0.0021 -0.0033
vn -1 0.0013 -0.0031
vn -1 0.0009 -0.0006
vn -1 0.0043 -0.005
vn -0.9999 0.0048 -0.0109
vn -0.9881 -0.0194 -0.1524
vn -0.9889 -0.0187 -0.1473
vn -0.7163 -0.0813 -0.693
vn -0.7216 -0.0805 -0.6876
vn -0.9863 -0.0119 -0.1646
vn -0.7083 -0.071 -0.7023
vn -0.9992 0.024 -0.0327
vn -0.9789 0.0216 -0.2033
vn -0.696 -0.028 -0.7175
vn -0.9997 0.0122 -0.0229
vn -0.9516 0.1095 -0.2872
vn -0.675 0.073 -0.7342
vn -0.9884 0.0924 -0.1203
vn -0.8755 0.2613 -0.4064
vn -0.634 0.2349 -0.7368
vn -0.9941 0.0633 -0.0877
vn -0.9329 0.2318 -0.2755
vn -1 0.0082 -0.0008
vn -0.9981 0.0433 -0.0441
vn -0.9603 0.1834 -0.2103
vn -0.9986 0.053 -0.0023
vn -0.9993 0.0346 -0.0138
vn -0.9952 0.0952 -0.0225
vn -0.9849 0.1427 -0.0982
vn -0.933 0.3167 -0.1711
vn -0.869 0.3541 -0.3457
vn -0.7147 0.5457 -0.4375
vn -0.8127 0.391 -0.4319
vn -0.3158 0.8253 -0.4682
vn -0.7531 0.4139 -0.5113
vn -0.6684 0.5284 -0.5234
vn -0.5094 0.6793 -0.5282
vn -0.6394 0.5206 -0.5657
vn -0.5789 0.3952 -0.7132
vn -0.4769 0.6117 -0.6312
vn -0.5476 0.6039 -0.5791
vn -0.3699 0.6618 -0.652
vn -0.5322 0.5023 -0.6815
vn -0.4246 0.5855 -0.6905
vn -0.4205 0.4872 -0.7654
vn -0.3827 0.3659 -0.8483
vn -0.3096 0.1994 -0.9297
vn -0.3822 0.4895 -0.7838
vn -0.3184 0.5046 -0.8025
vn -0.2771 0.7491 -0.6017
vn -0.1566 0.9214 -0.3556
vn -0.3158 0.8252 -0.4682
vn -0.3699 0.6618 -0.652
vn -0.3219 0.3302 -0.8873
vn -0.2615 0.2869 -0.9216
vn -0.2105 0.1528 -0.9656
vn -0.3096 0.1994 -0.9297
vn -0.1642 0.0988 -0.9815
vn -0.634 0.2349 -0.7368
vn -0.6749 0.073 -0.7342
vn -0.0951 -0.0003 -0.9955
vn -0.23 0.0364 -0.9725
vn -0.696 -0.028 -0.7175
vn -0.0704 -0.0342 -0.9969
vn -0.1798 -0.0609 -0.9818
vn -0.7083 -0.071 -0.7023
vn -0.0262 -0.08 -0.9965
vn -0.1647 -0.1009 -0.9812
vn -0.7163 -0.0813 -0.693
vn -0.0173 -0.0939 -0.9954
vn -0.1661 -0.1108 -0.9799
vn -0.7216 -0.0805 -0.6876
vn -0.1699 -0.1105 -0.9792
vn -0.0028 -0.1055 -0.9944
vn 0.0004 -0.1109 -0.9938
vn 0.0001 -0.1108 -0.9938
vn -0.002 -0.1076 -0.9942
vn 0.0002 -0.1102 -0.9939
vn 0.0001 -0.1102 -0.9939
vn -0.0026 -0.1089 -0.994
vn -0.0007 -0.1102 -0.9939
vn -0.0002 -0.1101 -0.9939
vn 0.0117 -0.1136 -0.9935
vn -0.0085 -0.1033 -0.9946
vn 0.0021 -0.1115 -0.9938
vn 0.051 -0.1288 -0.9904
vn -0.003 -0.1104 -0.9939
vn -0.0026 -0.1081 -0.9941
vn -0.0374 -0.058 -0.9976
vn 0.0016 -0.1028 -0.9947
vn -0.08 0.0521 -0.9954
vn -0.0106 -0.0687 -0.9976
vn 0.0003 -0.1061 -0.9944
vn 0.0043 -0.0393 -0.9992
vn -0.0122 0.0144 -0.9998
vn -0.1281 0.2425 -0.9617
vn -0.0206 0.194 -0.9808
vn 0.0033 0.1669 -0.986
vn -0.1615 0.5265 -0.8347
vn -0.3184 0.5046 -0.8025
vn -0.2771 0.7491 -0.6017
vn -0.1341 0.8225 -0.5527
vn -0.0245 0.8584 -0.5123
vn -0.0325 0.531 -0.8468
vn 0.0031 0.8655 -0.5008
vn 0.0022 0.5286 -0.8489
vn 0.0005 0.8653 -0.5012
vn 0.0003 0.1602 -0.9871
vn 0.0003 0.5282 -0.8491
vn -0.004 0.8664 -0.4994
vn -0.0028 0.5288 -0.8487
vn -0.0065 0.8687 -0.4953
vn -0.0012 0.159 -0.9873
vn -0.0045 0.5311 -0.8473
vn -0.0004 0.871 -0.4913
vn -0.0003 -0.0442 -0.999
vn -0.0003 0.5336 -0.8457
vn 0.0081 0.8712 -0.4909
vn -0.002 0.16 -0.9871
vn -0.0002 0.1612 -0.9869
vn 0.0055 0.5338 -0.8456
vn 0.0058 0.8697 -0.4935
vn -0 -0.0438 -0.999
vn 0.004 0.5315 -0.8471
vn -0.0032 0.8684 -0.4959
vn 0.0024 0.1609 -0.987
vn -0.0021 0.5306 -0.8476
vn -0.0064 0.8674 -0.4976
vn 0.0017 0.1598 -0.9872
vn 0.0006 -0.044 -0.999
vn -0.0005 -0.044 -0.999
vn -0 -0.0979 -0.9952
vn 0.0004 -0.0441 -0.999
vn -0.0009 0.1595 -0.9872
vn -0.0043 0.53 -0.848
vn -0.0021 0.5292 -0.8485
vn -0.0031 0.8662 -0.4996
vn -0.0029 0.8652 -0.5014
vn -0.0018 0.1597 -0.9872
vn -0.0002 -0.0442 -0.999
vn -0.0019 0.5278 -0.8493
vn -0.0025 0.8648 -0.5021
vn -0.0009 0.1595 -0.9872
vn -0.0004 -0.044 -0.999
vn -0.0017 0.5281 -0.8492
vn 0.0074 0.865 -0.5017
vn 0.005 0.5286 -0.8488
vn 0.0021 0.1598 -0.9871
vn -0.0007 0.1594 -0.9872
vn -0.0008 0.1588 -0.9873
vn -0.0002 -0.0441 -0.999
vn -0.0002 -0.044 -0.999
vn 0 -0.0441 -0.999
vn -0.0002 -0.0443 -0.999
vn -0 -0.0979 -0.9952
vn -0 -0.0979 -0.9952
vn -0 -0.0979 -0.9952
vn -0 -0.0978 -0.9952
vn 0 -0.1138 -0.9935
vn 0 -0.1137 -0.9935
vn 0 -0.1137 -0.9935
vn 0.0002 -0.1812 -0.9834
vn -0 -0.1812 -0.9834
vn 0.0002 -0.1813 -0.9834
vn 0.0004 -0.2467 -0.9691
vn -0.0011 -0.2467 -0.9691
vn 0.0004 -0.2468 -0.9691
vn 0.0001 -0.1808 -0.9835
vn 0.0004 -0.2518 -0.9678
vn -0.0012 -0.2517 -0.9678
vn 0 -0.1138 -0.9935
vn 0.0006 -0.2463 -0.9692
vn 0.0005 -0.1812 -0.9835
vn 0 -0.1137 -0.9935
vn -0.0001 -0.0979 -0.9952
vn 0.0005 -0.2517 -0.9678
vn -0 -0.0979 -0.9952
vn 0 -0.1137 -0.9935
vn 0.0003 -0.1813 -0.9834
vn 0 -0.1137 -0.9935
vn 0.0001 -0.0979 -0.9952
vn 0.0001 -0.0978 -0.9952
vn -0.0001 -0.1138 -0.9935
vn -0.0005 -0.1813 -0.9834
vn 0 -0.1139 -0.9935
vn -0.0007 -0.1811 -0.9835
vn -0.0009 -0.2465 -0.9691
vn 0.0005 -0.2466 -0.9691
vn 0.0001 -0.1809 -0.9835
vn -0.0013 -0.2464 -0.9692
vn 0.001 -0.2466 -0.9691
vn -0.001 -0.2515 -0.9679
vn 0.0005 -0.2516 -0.9678
vn 0.0005 -0.2515 -0.9679
vn 0.001 -0.2516 -0.9678
vn -0.0013 -0.2514 -0.9679
vn -0.0009 -0.2529 -0.9675
vn 0.0005 -0.2528 -0.9675
vn 0.001 -0.2529 -0.9675
vn 0.0005 -0.253 -0.9675
vn 0.0005 -0.2534 -0.9673
vn 0.001 -0.2536 -0.9673
vn -0.0009 -0.2536 -0.9673
vn 0.0005 -0.2537 -0.9673
vn -0.0013 -0.2531 -0.9674
vn 0.0005 -0.2531 -0.9674
vn 0.0005 -0.2537 -0.9673
vn -0.0013 -0.2526 -0.9676
vn 0.0001 -0.2531 -0.9674
vn 0.0004 -0.2529 -0.9675
vn 0.0004 -0.2535 -0.9673
vn -0.0012 -0.253 -0.9675
vn -0.0009 -0.2536 -0.9673
vn 0.0001 -0.2526 -0.9676
vn 0.0011 -0.2534 -0.9674
vn 0.0001 -0.2514 -0.9679
vn 0.0011 -0.2528 -0.9675
vn 0.0007 -0.2541 -0.9672
vn 0.0001 -0.2463 -0.9692
vn 0.0008 -0.2538 -0.9673
vn 0.0001 -0.2577 -0.9662
vn 0.0011 -0.2465 -0.9691
vn 0.0011 -0.2515 -0.9679
vn 0.001 -0.2517 -0.9678
vn 0.0003 -0.2571 -0.9664
vn 0.0011 -0.2471 -0.969
vn 0.0006 -0.1811 -0.9835
vn 0.0049 -0.2632 -0.9647
vn 0.002 -0.264 -0.9645
vn 0.0009 -0.2558 -0.9667
vn 0.0001 -0.1137 -0.9935
vn 0.0014 -0.25 -0.9682
vn 0.0106 -0.2619 -0.965
vn 0.029 -0.2672 -0.9632
vn 0.0164 -0.2708 -0.9625
vn 0.0538 -0.2666 -0.9623
vn 0.0007 -0.1813 -0.9834
vn 0.0009 -0.1832 -0.9831
vn -0.0001 -0.0979 -0.9952
vn 0.0001 -0.1138 -0.9935
vn -0 -0.0979 -0.9952
vn 0.0001 -0.1138 -0.9935
vn 0.0091 -0.182 -0.9833
vn 0.0002 -0.0442 -0.999
vn 0.0001 -0.0991 -0.9951
vn 0.0011 -0.102 -0.9948
vn 0.0008 -0.1138 -0.9935
vn 0.0022 -0.114 -0.9935
vn 0.0159 -0.2557 -0.9666
vn 0.0297 -0.1827 -0.9827
vn 0.013 -0.1206 -0.9926
vn 0.0598 -0.1828 -0.9813
vn 0.0527 -0.2542 -0.9657
vn 0.046 -0.261 -0.9642
vn 0.0992 -0.2411 -0.9654
vn 0.0718 -0.2597 -0.963
vn 0.0894 -0.2512 -0.9638
vn 0.1559 -0.2245 -0.9619
vn 0.1346 -0.2351 -0.9626
vn 0.2129 -0.1983 -0.9567
vn 0.1607 -0.2136 -0.9636
vn 0.1612 -0.2205 -0.962
vn 0.2129 -0.1979 -0.9568
vn 0.2119 -0.1986 -0.9569
vn 0.0997 -0.1747 -0.9796
vn 0.2117 -0.1968 -0.9573
vn 0.2117 -0.1978 -0.9571
vn 0.2019 -0.1949 -0.9598
vn 0.1133 -0.1601 -0.9806
vn 0.2018 -0.1936 -0.9601
vn 0.211 -0.1966 -0.9575
vn 0.2018 -0.1939 -0.96
vn 0.1246 -0.161 -0.9791
vn 0.201 -0.1926 -0.9605
vn 0.1285 -0.1633 -0.9782
vn 0.1147 -0.1584 -0.9807
vn 0.0347 -0.1234 -0.9917
vn 0.0156 -0.1187 -0.9928
vn 0.9995 -0.0303 -0.0025
vn 0.9989 -0.045 -0.0151
vn 0.9998 -0.0145 -0.0135
vn 0.9996 -0.0174 -0.0242
vn 0.9958 -0.0917 -0.0069
vn 0.9984 -0.0496 -0.028
vn 0.9994 -0.0188 -0.0289
vn 0.9999 -0.0046 -0.0124
vn 0.9982 -0.0504 -0.0334
vn 1 -0.0027 -0.0083
vn 1 0 0
vn 0.9951 -0.0974 -0.0194
vn 0.9948 -0.0989 -0.0246
vn 1 0 0
vn 1 0 0
vn 0.9898 -0.1415 -0.0133
vn 0.9896 -0.1426 -0.0192
vn 1 0 0
vn 1 0 0
vn 1 -0.002 -0.0029
vn 1 0 0
vn 1 0 0
vn 1 0 0
vn 1 0 0
vn 0.9999 -0.0126 -0.005
vn 1 0 0
vn 0.9999 0.0111 -0.0034
vn 1 0.0029 -0.0008
vn 1 -0.0007 -0.0008
vn 1 0.0081 -0.0026
vn 0.9981 0.0602 -0.0098
vn 1 0.0066 -0.0012
vn 0.9984 0.056 -0.0091
vn 0.9705 0.2395 -0.0274
vn 0.9988 0.0494 -0.007
vn 0.971 0.2375 -0.0275
vn 0.8165 0.5739 -0.0628
vn 0.9719 0.2339 -0.0266
vn 0.999 0.0441 -0.0034
vn 0.8166 0.5737 -0.0629
vn 0.4272 0.8988 -0.0983
vn 0.4271 0.8988 -0.0986
vn 0.4257 0.8994 -0.0995
vn 0.8165 0.5739 -0.0632
vn 0.4203 0.9017 -0.1017
vn 0.9718 0.2343 -0.0248
vn 0.8163 0.5741 -0.0636
vn 0.417 0.9033 -0.1008
vn 0.8161 0.5744 -0.0639
vn 0.4202 0.9019 -0.0994
vn 0.9709 0.2381 -0.0251
vn 0.8156 0.575 -0.0637
vn 0.8101 0.5782 -0.0974
vn 0.4324 0.8928 -0.1259
vn 0.4597 0.8533 -0.2459
vn 0.9702 0.2408 -0.026
vn 0.9983 0.0587 -0.0059
vn 0.7815 0.5755 -0.241
vn 0.4796 0.7707 -0.4194
vn 0.9635 0.2629 -0.0498
vn 0.9984 0.0569 -0.0056
vn 0.9999 0.0109 -0.0017
vn 1 0.0045 0.0001
vn 1 0.0067 -0.0008
vn 1 -0.0078 0.0012
vn 1 0 0
vn 0.9995 -0.032 0.0043
vn 0.9971 -0.0754 0.0044
vn 1 0 0
vn 0.9926 -0.1206 0.0109
vn 0.9984 -0.0552 0.0071
vn 0.9908 -0.135 0.0001
vn 0.9899 -0.1411 0.0144
vn 0.9979 -0.0649 0.0088
vn 0.9875 -0.1578 0.0034
vn 0.986 -0.1664 -0.0113
vn 0.9854 -0.169 -0.0182
vn 0.9905 -0.1055 0.0887
vn 0.9875 -0.1242 0.0975
vn 0.9879 -0.1378 0.0707
vn 0.9876 -0.122 0.0991
vn 0.9727 -0.0626 0.2234
vn 0.9727 -0.0639 0.2229
vn 0.9741 -0.0655 0.2164
vn 0.9681 -0.0496 0.2454
vn 0.9679 -0.0496 0.2464
vn 0.9779 -0.0626 0.1993
vn 0.9686 -0.0495 0.2436
vn 0.9748 -0.0446 0.2184
vn 0.9754 -0.0448 0.2157
vn 0.9747 -0.0461 0.2185
vn 0.9951 -0.0207 0.0966
vn 0.9967 -0.0171 0.079
vn 0.9947 -0.0218 0.1001
vn 1 0 0
vn 1 0 0
vn 0.9962 -0.0299 0.082
vn 1 0 0
vn 1 0 0
vn 0.9982 -0.0448 0.0409
vn 1 0 0
vn 1 0 0
vn 1 0 0
vn 0.9881 -0.0194 -0.1524
vn 0.9889 -0.0186 -0.1473
vn 1 0.0043 -0.005
vn 0.7163 -0.0813 -0.693
vn 0.7216 -0.0805 -0.6876
vn 0.9863 -0.0118 -0.1646
vn 0.7083 -0.071 -0.7023
vn 1 0.0021 -0.0033
vn 0.9788 0.0216 -0.2034
vn 0.696 -0.028 -0.7175
vn 0.9992 0.0249 -0.0327
vn 0.9516 0.1094 -0.2872
vn 0.6749 0.073 -0.7343
vn 1 0 0
vn 0.8755 0.2613 -0.4064
vn 0.9995 -0.0119 0.0277
vn 0.634 0.2349 -0.7368
vn 1 0 0
vn 1 0.0013 -0.0031
vn 1 0.0004 -0.0006
vn 0.9997 0.0126 -0.0231
vn 1 0.0023 0.0001
vn 0.9999 0.0048 -0.0109
vn 1 0.0082 -0.0008
vn 0.9885 0.0926 -0.1194
vn 0.9941 0.0633 -0.0877
vn 0.9981 0.0438 -0.0441
vn 0.9986 0.053 -0.0023
vn 0.9993 0.0346 -0.0138
vn 0.9952 0.0952 -0.0225
vn 0.9329 0.2318 -0.2755
vn 0.9603 0.1834 -0.2103
vn 0.9849 0.1427 -0.0982
vn 0.933 0.3167 -0.1711
vn 0.869 0.3541 -0.3457
vn 0.7147 0.5457 -0.4375
vn 0.8127 0.391 -0.4319
vn 0.7531 0.4139 -0.5113
vn 0.6684 0.5284 -0.5234
vn 0.5094 0.6793 -0.5282
vn 0.6394 0.5206 -0.5658
vn 0.5789 0.3952 -0.7132
vn 0.3157 0.8253 -0.4682
vn 0.2239 0.9286 -0.2958
vn 0.4597 0.8533 -0.2459
vn 0.4796 0.7707 -0.4194
vn 0.1416 0.9745 -0.1738
vn 0.4769 0.6117 -0.6312
vn 0.3699 0.6618 -0.652
vn 0.5476 0.6039 -0.5791
vn 0.5322 0.5023 -0.6815
vn 0.4246 0.5855 -0.6905
vn 0.4205 0.4872 -0.7654
vn 0.3827 0.3659 -0.8483
vn 0.3096 0.1994 -0.9297
vn 0.3822 0.4895 -0.7837
vn 0.322 0.3302 -0.8873
vn 0.3184 0.5046 -0.8025
vn 0.2771 0.7491 -0.6017
vn 0.3157 0.8253 -0.4682
vn 0.1566 0.9214 -0.3556
vn 0.3699 0.6618 -0.652
vn 0.2615 0.2869 -0.9216
vn 0.2105 0.1529 -0.9656
vn 0.3096 0.1994 -0.9297
vn 0.1642 0.0987 -0.9815
vn 0.6749 0.073 -0.7342
vn 0.634 0.2349 -0.7368
vn 0.0951 -0.0003 -0.9955
vn 0.23 0.0364 -0.9725
vn 0.696 -0.028 -0.7175
vn 0.0704 -0.034 -0.9969
vn 0.1798 -0.0609 -0.9818
vn 0.7083 -0.071 -0.7023
vn 0.0262 -0.08 -0.9965
vn 0.1646 -0.1009 -0.9812
vn 0.7163 -0.0813 -0.693
vn 0.0173 -0.0939 -0.9954
vn 0.1661 -0.1107 -0.9799
vn 0.7216 -0.0805 -0.6876
vn 0.1699 -0.1104 -0.9793
vn 0.0028 -0.1055 -0.9944
vn -0.0004 -0.1109 -0.9938
vn -0.0001 -0.1108 -0.9938
vn 0.002 -0.1076 -0.9942
vn -0.0002 -0.1102 -0.9939
vn -0.0001 -0.1102 -0.9939
vn 0.0026 -0.1089 -0.994
vn 0.0007 -0.1102 -0.9939
vn 0.0002 -0.1101 -0.9939
vn -0.012 -0.1136 -0.9935
vn 0.0079 -0.1033 -0.9946
vn -0.0021 -0.1115 -0.9938
vn -0.0513 -0.1288 -0.9903
vn 0.0029 -0.1104 -0.9939
vn 0.0027 -0.1081 -0.9941
vn 0.0374 -0.058 -0.9976
vn -0.0016 -0.1028 -0.9947
vn 0.08 0.0521 -0.9954
vn 0.0106 -0.0687 -0.9976
vn -0.0002 -0.1061 -0.9944
vn 0.0123 0.0144 -0.9998
vn -0.0043 -0.0393 -0.9992
vn 0.0206 0.194 -0.9808
vn 0.1281 0.2425 -0.9617
vn -0.0033 0.1669 -0.986
vn 0.1615 0.5265 -0.8347
vn 0.3184 0.5046 -0.8025
vn 0.2771 0.7491 -0.6017
vn 0.1341 0.8225 -0.5527
vn 0.0245 0.8584 -0.5123
vn 0.0325 0.531 -0.8468
vn -0.0031 0.8655 -0.5008
vn -0.0022 0.5286 -0.8489
vn -0.0005 0.8653 -0.5012
vn -0.0003 0.1602 -0.9871
vn -0.0003 0.5283 -0.849
vn 0.0082 0.865 -0.5016
vn 0.0055 0.5276 -0.8495
vn 0.0023 0.1583 -0.9874
vn 0.0001 -0.0441 -0.999
vn -0.0002 -0.0442 -0.999
vn -0 -0.0978 -0.9952
vn -0.0011 -0.102 -0.9948
vn -0.0001 -0.0991 -0.9951
vn -0.0001 -0.1138 -0.9935
vn -0.0001 -0.1138 -0.9935
vn -0.001 -0.1816 -0.9834
vn -0.0029 -0.1145 -0.9934
vn -0.0008 -0.1138 -0.9935
vn -0.0009 -0.1832 -0.9831
vn -0.0018 -0.2474 -0.9689
vn -0.0091 -0.182 -0.9833
vn -0.0014 -0.2504 -0.9682
vn -0.0016 -0.2525 -0.9676
vn -0.0297 -0.1827 -0.9827
vn -0.0007 -0.2551 -0.9669
vn -0.0159 -0.2553 -0.9667
vn -0.0003 -0.2571 -0.9664
vn -0.0014 -0.2537 -0.9673
vn -0.0115 -0.261 -0.9653
vn -0.0001 -0.2576 -0.9663
vn -0.0014 -0.2544 -0.9671
vn -0.0049 -0.2632 -0.9647
vn -0.002 -0.2643 -0.9644
vn -0.0289 -0.2672 -0.9632
vn -0.0164 -0.2708 -0.9625
vn -0.0538 -0.2666 -0.9623
vn -0.0459 -0.261 -0.9642
vn -0.0718 -0.2597 -0.963
vn -0.0527 -0.2542 -0.9657
vn -0.1559 -0.2245 -0.9619
vn -0.1346 -0.2351 -0.9626
vn -0.2129 -0.1983 -0.9567
vn -0.0894 -0.2512 -0.9638
vn -0.0991 -0.2411 -0.9654
vn -0.0598 -0.1828 -0.9813
vn -0.1608 -0.2136 -0.9636
vn -0.1612 -0.2205 -0.962
vn -0.2129 -0.1979 -0.9568
vn -0.2119 -0.1986 -0.9569
vn -0.2114 -0.1968 -0.9574
vn -0.2117 -0.1978 -0.9571
vn -0.2015 -0.1943 -0.96
vn -0.013 -0.1206 -0.9926
vn -0.0998 -0.1747 -0.9796
vn -0.1133 -0.1601 -0.9806
vn -0.0157 -0.1187 -0.9928
vn -0.2018 -0.1936 -0.9601
vn -0.0351 -0.1234 -0.9917
vn -0.1148 -0.1584 -0.9807
vn -0.1285 -0.1633 -0.9782
vn -0.1246 -0.161 -0.9791
vn -0.211 -0.1965 -0.9575
vn -0.201 -0.1926 -0.9605
vn -0.2018 -0.1939 -0.96
vn 0.0062 0.9937 -0.1123
vn 0.008 0.9936 -0.1124
vn -0.001 0.9934 -0.1148
vn 0.0088 0.9937 -0.112
vn -0.0013 0.9932 -0.1161
vn 0.004 0.9938 -0.1107
vn -0.0008 0.9936 -0.1133
vn 0.009 0.9921 -0.1248
vn -0.0011 0.9934 -0.1144
vn -0.0015 0.9933 -0.1154
vn 0.0026 0.9947 -0.103
vn -0.0007 0.9921 -0.1255
vn 0.009 0.9789 -0.2039
vn -0.0016 0.9941 -0.108
vn 0.002 0.9992 -0.0387
vn -0.0006 0.979 -0.204
vn 0.0082 0.865 -0.5016
vn -0.0005 0.8653 -0.5012
vn -0.0031 0.8655 -0.5008
vn -0.0017 0.999 -0.0438
vn 0.0018 0.998 0.0627
vn -0.0032 0.9791 -0.2033
vn 0.0245 0.8584 -0.5123
vn -0.0027 0.9922 -0.1247
vn -0.002 0.9936 -0.1126
vn 0.007 0.9771 -0.2125
vn 0.1341 0.8225 -0.5527
vn -0.0012 0.9921 -0.1255
vn -0.0018 0.9938 -0.1116
vn -0 0.9936 -0.1128
vn 0.0566 0.9636 -0.2614
vn 0.1566 0.9214 -0.3556
vn 0.2771 0.7491 -0.6017
vn 0.0063 0.9909 -0.1343
vn 0.0586 0.9821 -0.1791
vn 0.3157 0.8253 -0.4682
vn 0.2239 0.9286 -0.2958
vn -0.0013 0.9939 -0.1104
vn 0.0209 0.9927 -0.1188
vn 0.1416 0.9745 -0.1738
vn 0.0003 0.9937 -0.1118
vn 0.0136 0.9936 -0.1121
vn 0.096 0.9882 -0.1191
vn 0.4324 0.8928 -0.1259
vn 0.4202 0.902 -0.0994
vn 0.0026 0.9936 -0.1128
vn 0.0147 0.9937 -0.1111
vn 0.0846 0.9904 -0.1092
vn 0.0776 0.9907 -0.1116
vn 0.417 0.9033 -0.1008
vn 0.4203 0.9017 -0.1017
vn 0.0135 0.9936 -0.1122
vn 0.0852 0.9899 -0.113
vn 0.4257 0.8993 -0.0996
vn 0.0171 0.9935 -0.1125
vn 0.092 0.9896 -0.1103
vn 0.4271 0.8988 -0.0986
vn 0.0938 0.9897 -0.1084
vn 0.4272 0.8988 -0.0983
vn 0.0937 0.9896 -0.1088
vn 0.0198 0.9938 -0.1096
vn 0.0189 0.9936 -0.111
vn 0.0196 0.9937 -0.1101
vn 0.001 0.9939 -0.1104
vn 0.0002 0.9939 -0.1104
vn 0.0001 0.9938 -0.1113
vn 0.0008 0.9938 -0.1109
vn -0.0754 0.991 -0.1104
vn 0.0031 0.994 -0.1093
vn -0.0757 0.991 -0.1106
vn -0.1945 0.9749 -0.1086
vn -0.0319 0.9953 -0.0914
vn -0.0129 0.9969 -0.0773
vn -0.0641 0.9922 -0.1073
vn -0.0734 0.9911 -0.1108
vn -0.1127 0.9918 -0.0609
vn -0.1879 0.9768 -0.1023
vn -0.0452 0.999 -0.0036
vn -0.1945 0.9749 -0.1087
vn 0.0007 0.9986 -0.052
vn -0.1948 0.9748 -0.109
vn -0.3055 0.9463 -0.1057
vn -0.3051 0.9464 -0.1057
vn -0.305 0.9465 -0.1054
vn -0.2979 0.9497 -0.0966
vn -0.1127 0.9918 -0.0609
vn -0.2134 0.9764 -0.0346
vn -0.0026 0.9986 0.0524
vn -0.0752 0.9942 0.077
vn -0.0452 0.999 -0.0036
vn -0.1044 0.9866 0.125
vn -0.268 0.9633 -0.0122
vn -0.0061 0.9888 0.1492
vn -0.1098 0.9853 0.1305
vn -0.2692 0.9631 -0.0032
vn -0.0107 0.9794 0.2017
vn -0.0162 0.9788 0.204
vn -0.1328 0.9857 0.1041
vn -0.2699 0.9628 -0.0146
vn 0.0034 0.977 0.213
vn -0.0008 0.9762 0.2168
vn 0.0041 0.9879 0.1552
vn -0.0343 0.9816 0.1881
vn 0.0022 0.9751 0.2219
vn -0.04 0.9819 0.185
vn -0.0109 0.9772 0.212
vn -0.121 0.9866 0.1094
vn -0.2717 0.962 -0.0259
vn -0.0094 0.9768 0.2142
vn -0.2699 0.9628 -0.0146
vn -0.003 0.9743 0.2253
vn -0.3579 0.9293 -0.0909
vn -0.0032 0.9743 0.225
vn -0.343 0.935 -0.0896
vn -0.2692 0.9631 -0.0032
vn -0.0014 0.9726 0.2323
vn -0.001 0.9727 0.232
vn 0 0.9731 0.2305
vn -0.0023 0.9744 0.2247
vn 0.0009 0.9747 0.2234
vn 0.0028 0.9766 0.2149
vn -0.0019 0.976 0.2176
vn -0.0018 0.9877 0.1561
vn 0.0015 0.9868 0.162
vn 0.003 0.9879 0.1551
vn -0.0017 0.9984 0.0572
vn 0.0043 0.9983 0.0581
vn 0.0032 0.9983 0.0577
vn 0.0032 0.999 -0.0435
vn 0.0048 0.999 -0.0445
vn 0.0029 0.9942 -0.1075
vn 0.005 0.9943 -0.1065
vn 0.0042 0.9943 -0.1067
vn 0.0036 0.994 -0.1093
vn 0.0018 0.9933 -0.1155
vn 0.0052 0.9936 -0.1128
vn 0.0041 0.9935 -0.1136
vn 0.0022 0.9935 -0.114
vn 0.0006 0.9934 -0.1149
vn -0.3785 0.9195 -0.1061
vn -0.3778 0.9192 -0.1111
vn -0.361 0.9286 -0.0856
vn -0.3729 0.922 -0.1041
vn -0.373 0.9217 -0.1062
vn -0.3783 0.9202 -0.1011
vn -0.3051 0.9464 -0.1057
vn -0.3055 0.9463 -0.1057
vn -0.3702 0.9233 -0.1025
vn -0.305 0.9465 -0.1054
vn -0.3576 0.9295 -0.09
vn -0.268 0.9633 -0.0122
vn -0.2979 0.9497 -0.0966
vn -0.2134 0.9764 -0.0346
vn 0.0014 0.971 0.2389
vn -0.001 0.9727 0.232
vn -0.0014 0.9726 0.2323
vn 0.0011 0.971 0.2391
vn 0.002 0.9714 0.2375
vn 0 0.9731 0.2305
vn 0.0027 0.9731 0.2304
vn 0.0009 0.9747 0.2234
vn 0.0032 0.9856 0.1692
vn 0.0015 0.9868 0.162
vn 0.0034 0.9975 0.0703
vn 0.0018 0.998 0.0627
vn 0.0036 0.9995 -0.0308
vn 0.002 0.9992 -0.0387
vn 0.004 0.9954 -0.0952
vn 0.0026 0.9947 -0.103
vn 0.005 0.9946 -0.1036
vn 0.004 0.9938 -0.1107
vn 0.0065 0.9942 -0.1069
vn 0.0062 0.9937 -0.1123
vn 0.0077 0.994 -0.1093
vn 0.008 0.9936 -0.1124
vn 0.0082 0.9938 -0.1106
vn 0.0088 0.9937 -0.112
vn 0.0082 0.9921 -0.1248
vn 0.009 0.9921 -0.1248
vn 0.0081 0.9788 -0.2047
vn 0.009 0.9789 -0.2039
vn 0.0074 0.865 -0.5017
vn 0.0082 0.865 -0.5016
vn 0.005 0.5286 -0.8488
vn 0.0055 0.5276 -0.8495
vn 0.0021 0.1598 -0.9871
vn 0.0028 0.1582 -0.9874
vn 0.0005 -0.0439 -0.999
vn 0.001 -0.0446 -0.999
vn 0.0001 -0.0978 -0.9952
vn 0.0001 -0.098 -0.9952
vn -0.0001 -0.1137 -0.9935
vn -0.0001 -0.1139 -0.9935
vn -0.0012 -0.1806 -0.9836
vn -0.0012 -0.182 -0.9833
vn -0.001 -0.2467 -0.9691
vn -0.0018 -0.2474 -0.9689
vn -0.0012 -0.2517 -0.9678
vn -0.0016 -0.2525 -0.9676
vn -0.0012 -0.253 -0.9675
vn -0.002 -0.2534 -0.9674
vn -0.0012 -0.2536 -0.9673
vn -0.0014 -0.2544 -0.9671
vn -0.9997 -0.0226 0.0001
vn -0.9956 0.0928 -0.011
vn -0.9961 0.088 -0.0104
vn -0.9267 0.3732 -0.0441
vn -0.9299 0.3652 -0.0431
vn -0.7131 0.6963 -0.0823
vn -1 -0.0038 -0.0002
vn -0.7173 0.6919 -0.0818
vn -0.3905 0.9142 -0.108
vn -0.3939 0.9128 -0.1079
vn -0.9999 -0.0091 -0.0089
vn -1 -0.004 -0.0006
vn -1 -0.0014 -0.0008
vn -1 -0.0009 -0.0009
vn -0.9999 -0.0009 -0.0167
vn -1 -0.0003 -0.0009
vn -1 0 0
vn -1 0.0001 -0.0006
vn -1 0 0
vn -1 0 0
vn -1 0 0
vn -1 0 0
vn -1 0 0
vn -1 0 0
vn -1 0 0
vn -1 0 0
vn -1 -0.0003 -0
vn -1 0 0
vn 0.0624 0.9912 -0.1171
vn 0.2476 0.9622 -0.1137
vn 0.2489 0.9618 -0.1137
vn 0.0623 0.9912 -0.1171
vn 0.4236 0.8996 -0.1063
vn -0.1007 0.988 -0.1168
vn 0.4223 0.9002 -0.1064
vn -0.1002 0.9881 -0.1168
vn 0.4763 0.8732 -0.1032
vn 0.4763 0.8732 -0.1032
vn -0.3939 0.9128 -0.1079
vn -0.3905 0.9142 -0.108
vn 0.9961 0.0878 -0.0104
vn 0.9956 0.0927 -0.011
vn 0.9997 -0.0226 0.0001
vn 0.9267 0.3733 -0.0441
vn 0.93 0.3651 -0.0431
vn 0.713 0.6964 -0.0823
vn 1 -0.0038 -0.0002
vn 0.7174 0.6918 -0.0818
vn 0.3904 0.9143 -0.108
vn 0.3938 0.9128 -0.1079
vn 0.9999 -0.0091 -0.0089
vn 1 -0.0029 -0.0006
vn 1 -0.0014 -0.0008
vn 1 -0.0008 -0.0009
vn 0.9999 -0.0009 -0.0167
vn 1 -0.0002 -0.0009
vn 1 0 0
vn 1 0.0001 -0.0006
vn 1 0 0
vn 1 0 0
vn 1 0 0
vn 1 0 0
vn 1 0 0
vn 1 0 0
vn 1 0 0
vn 1 0 0
vn 1 0 0
vn 1 0 0
vn -0.249 0.9618 -0.1137
vn -0.2476 0.9622 -0.1137
vn -0.0624 0.9912 -0.1171
vn -0.4237 0.8996 -0.1063
vn -0.0626 0.9912 -0.117
vn -0.4223 0.9002 -0.1064
vn 0.1007 0.988 -0.1168
vn -0.4763 0.8732 -0.1032
vn -0.4763 0.8732 -0.1032
vn 0.1002 0.9881 -0.1168
vn 0.3938 0.9128 -0.1079
vn 0.3904 0.9143 -0.108
f 466/466/466 465/465/465 464/464/464
f 467/467/467 466/466/466 464/464/464
f 456/456/456 464/464/464 463/463/463
f 462/462/462 456/456/456 463/463/463
f 462/462/462 463/463/463 468/468/468
f 463/463/463 469/469/469 468/468/468
f 456/456/456 462/462/462 459/459/459
f 459/459/459 462/462/462 468/468/468
f 458/458/458 456/456/456 459/459/459
f 456/456/456 458/458/458 454/454/454
f 448/448/448 456/456/456 454/454/454
f 458/458/458 459/459/459 457/457/457
f 454/454/454 458/458/458 457/457/457
f 460/460/460 459/459/459 468/468/468
f 454/454/454 457/457/457 455/455/455
f 457/457/457 459/459/459 453/453/453
f 459/459/459 460/460/460 453/453/453
f 457/457/457 452/452/452 455/455/455
f 452/452/452 457/457/457 453/453/453
f 454/454/454 455/455/455 451/451/451
f 448/448/448 454/454/454 451/451/451
f 455/455/455 452/452/452 451/451/451
f 448/448/448 451/451/451 368/368/368
f 222/222/222 448/448/448 368/368/368
f 223/223/223 220/220/220 222/222/222
f 220/220/220 224/224/224 222/222/222
f 452/452/452 450/450/450 451/451/451
f 220/220/220 219/219/219 42/42/42
f 368/368/368 451/451/451 446/446/446
f 451/451/451 450/450/450 446/446/446
f 219/219/219 218/218/218 42/42/42
f 219/219/219 221/221/221 218/218/218
f 450/450/450 452/452/452 449/449/449
f 449/449/449 452/452/452 453/453/453
f 446/446/446 450/450/450 447/447/447
f 447/447/447 450/450/450 449/449/449
f 453/453/453 434/434/434 449/449/449
f 453/453/453 460/460/460 434/434/434
f 460/460/460 461/461/461 434/434/434
f 434/434/434 433/433/433 449/449/449
f 449/449/449 433/433/433 447/447/447
f 434/434/434 431/431/431 433/433/433
f 445/445/445 446/446/446 447/447/447
f 431/431/431 430/430/430 433/433/433
f 431/431/431 428/428/428 430/430/430
f 433/433/433 436/436/436 447/447/447
f 447/447/447 436/436/436 445/445/445
f 428/428/428 427/427/427 430/430/430
f 428/428/428 425/425/425 427/427/427
f 433/433/433 430/430/430 432/432/432
f 436/436/436 433/433/433 432/432/432
f 425/425/425 424/424/424 427/427/427
f 425/425/425 422/422/422 424/424/424
f 430/430/430 427/427/427 426/426/426
f 426/426/426 427/427/427 424/424/424
f 432/432/432 430/430/430 426/426/426
f 423/423/423 421/421/421 422/422/422
f 421/421/421 420/420/420 422/422/422
f 422/422/422 420/420/420 424/424/424
f 421/421/421 411/411/411 420/420/420
f 418/418/418 426/426/426 424/424/424
f 418/418/418 424/424/424 420/420/420
f 411/411/411 410/410/410 420/420/420
f 410/410/410 418/418/418 420/420/420
f 411/411/411 408/408/408 410/410/410
f 408/408/408 407/407/407 410/410/410
f 410/410/410 407/407/407 418/418/418
f 408/408/408 405/405/405 407/407/407
f 426/426/426 418/418/418 415/415/415
f 407/407/407 415/415/415 418/418/418
f 405/405/405 404/404/404 407/407/407
f 415/415/415 407/407/407 404/404/404
f 405/405/405 402/402/402 404/404/404
f 429/429/429 426/426/426 415/415/415
f 432/432/432 426/426/426 429/429/429
f 402/402/402 401/401/401 404/404/404
f 402/402/402 399/399/399 401/401/401
f 435/435/435 432/432/432 429/429/429
f 436/436/436 432/432/432 435/435/435
f 399/399/399 398/398/398 401/401/401
f 399/399/399 395/395/395 398/398/398
f 439/439/439 436/436/436 435/435/435
f 436/436/436 439/439/439 445/445/445
f 395/395/395 394/394/394 398/398/398
f 395/395/395 392/392/392 394/394/394
f 398/398/398 400/400/400 401/401/401
f 400/400/400 398/398/398 394/394/394
f 401/401/401 403/403/403 404/404/404
f 400/400/400 403/403/403 401/401/401
f 392/392/392 391/391/391 394/394/394
f 392/392/392 389/389/389 391/391/391
f 397/397/397 400/400/400 394/394/394
f 389/389/389 388/388/388 391/391/391
f 389/389/389 326/326/326 388/388/388
f 391/391/391 393/393/393 394/394/394
f 393/393/393 397/397/397 394/394/394
f 326/326/326 325/325/325 388/388/388
f 326/326/326 322/322/322 325/325/325
f 388/388/388 386/386/386 391/391/391
f 386/386/386 393/393/393 391/391/391
f 386/386/386 388/388/388 325/325/325
f 393/393/393 396/396/396 397/397/397
f 396/396/396 400/400/400 397/397/397
f 396/396/396 393/393/393 386/386/386
f 403/403/403 400/400/400 396/396/396
f 322/322/322 321/321/321 325/325/325
f 322/322/322 318/318/318 321/321/321
f 383/383/383 386/386/386 325/325/325
f 325/325/325 321/321/321 383/383/383
f 385/385/385 396/396/396 386/386/386
f 386/386/386 383/383/383 385/385/385
f 318/318/318 317/317/317 321/321/321
f 318/318/318 315/315/315 317/317/317
f 321/321/321 380/380/380 383/383/383
f 321/321/321 317/317/317 380/380/380
f 315/315/315 313/313/313 317/317/317
f 315/315/315 314/314/314 313/313/313
f 317/317/317 312/312/312 380/380/380
f 317/317/317 313/313/313 312/312/312
f 382/382/382 383/383/383 380/380/380
f 383/383/383 382/382/382 385/385/385
f 314/314/314 311/311/311 313/313/313
f 314/314/314 316/316/316 311/311/311
f 379/379/379 382/382/382 380/380/380
f 379/379/379 380/380/380 312/312/312
f 313/313/313 311/311/311 309/309/309
f 313/313/313 309/309/309 312/312/312
f 316/316/316 319/319/319 311/311/311
f 316/316/316 320/320/320 319/319/319
f 311/311/311 308/308/308 309/309/309
f 308/308/308 311/311/311 319/319/319
f 312/312/312 309/309/309 310/310/310
f 310/310/310 309/309/309 308/308/308
f 320/320/320 323/323/323 319/319/319
f 320/320/320 324/324/324 323/323/323
f 329/329/329 308/308/308 319/319/319
f 329/329/329 319/319/319 323/323/323
f 324/324/324 327/327/327 323/323/323
f 327/327/327 329/329/329 323/323/323
f 324/324/324 328/328/328 327/327/327
f 328/328/328 330/330/330 327/327/327
f 329/329/329 327/327/327 330/330/330
f 328/328/328 331/331/331 330/330/330
f 331/331/331 332/332/332 330/330/330
f 330/330/330 332/332/332 329/329/329
f 331/331/331 333/333/333 332/332/332
f 334/334/334 308/308/308 329/329/329
f 334/334/334 310/310/310 308/308/308
f 333/333/333 335/335/335 332/332/332
f 333/333/333 336/336/336 335/335/335
f 332/332/332 337/337/337 329/329/329
f 332/332/332 335/335/335 337/337/337
f 338/338/338 334/334/334 329/329/329
f 338/338/338 329/329/329 337/337/337
f 336/336/336 339/339/339 335/335/335
f 336/336/336 340/340/340 339/339/339
f 335/335/335 341/341/341 337/337/337
f 335/335/335 339/339/339 341/341/341
f 340/340/340 342/342/342 339/339/339
f 339/339/339 342/342/342 341/341/341
f 340/340/340 343/343/343 342/342/342
f 337/337/337 341/341/341 344/344/344
f 342/342/342 344/344/344 341/341/341
f 343/343/343 345/345/345 342/342/342
f 343/343/343 346/346/346 345/345/345
f 347/347/347 344/344/344 342/342/342
f 345/345/345 347/347/347 342/342/342
f 348/348/348 337/337/337 344/344/344
f 348/348/348 338/338/338 337/337/337
f 346/346/346 349/349/349 345/345/345
f 349/349/349 346/346/346 350/350/350
f 351/351/351 349/349/349 350/350/350
f 351/351/351 352/352/352 349/349/349
f 349/349/349 353/353/353 345/345/345
f 352/352/352 353/353/353 349/349/349
f 353/353/353 347/347/347 345/345/345
f 352/352/352 354/354/354 353/353/353
f 347/347/347 355/355/355 344/344/344
f 355/355/355 348/348/348 344/344/344
f 353/353/353 356/356/356 347/347/347
f 354/354/354 356/356/356 353/353/353
f 356/356/356 355/355/355 347/347/347
f 354/354/354 357/357/357 356/356/356
f 357/357/357 358/358/358 356/356/356
f 356/356/356 358/358/358 355/355/355
f 357/357/357 359/359/359 358/358/358
f 358/358/358 360/360/360 355/355/355
f 355/355/355 360/360/360 348/348/348
f 359/359/359 361/361/361 358/358/358
f 358/358/358 361/361/361 360/360/360
f 362/362/362 361/361/361 359/359/359
f 363/363/363 362/362/362 359/359/359
f 363/363/363 364/364/364 362/362/362
f 361/361/361 365/365/365 360/360/360
f 361/361/361 362/362/362 365/365/365
f 360/360/360 366/366/366 348/348/348
f 360/360/360 365/365/365 366/366/366
f 364/364/364 367/367/367 362/362/362
f 364/364/364 368/368/368 367/367/367
f 368/368/368 446/446/446 367/367/367
f 367/367/367 446/446/446 445/445/445
f 362/362/362 369/369/369 365/365/365
f 362/362/362 367/367/367 369/369/369
f 444/444/444 367/367/367 445/445/445
f 367/367/367 444/444/444 369/369/369
f 445/445/445 439/439/439 444/444/444
f 365/365/365 369/369/369 370/370/370
f 365/365/365 370/370/370 366/366/366
f 369/369/369 444/444/444 442/442/442
f 369/369/369 442/442/442 370/370/370
f 439/439/439 443/443/443 444/444/444
f 444/444/444 443/443/443 442/442/442
f 443/443/443 439/439/439 438/438/438
f 442/442/442 443/443/443 438/438/438
f 439/439/439 435/435/435 438/438/438
f 366/366/366 371/371/371 348/348/348
f 371/371/371 366/366/366 370/370/370
f 371/371/371 372/372/372 348/348/348
f 348/348/348 372/372/372 338/338/338
f 373/373/373 371/371/371 370/370/370
f 371/371/371 373/373/373 372/372/372
f 372/372/372 374/374/374 338/338/338
f 338/338/338 374/374/374 334/334/334
f 374/374/374 310/310/310 334/334/334
f 373/373/373 375/375/375 372/372/372
f 372/372/372 375/375/375 374/374/374
f 374/374/374 376/376/376 310/310/310
f 375/375/375 376/376/376 374/374/374
f 376/376/376 377/377/377 310/310/310
f 377/377/377 312/312/312 310/310/310
f 377/377/377 379/379/379 312/312/312
f 379/379/379 377/377/377 376/376/376
f 378/378/378 375/375/375 373/373/373
f 375/375/375 378/378/378 376/376/376
f 381/381/381 379/379/379 376/376/376
f 378/378/378 381/381/381 376/376/376
f 382/382/382 379/379/379 381/381/381
f 384/384/384 382/382/382 381/381/381
f 384/384/384 381/381/381 378/378/378
f 382/382/382 384/384/384 385/385/385
f 390/390/390 378/378/378 373/373/373
f 390/390/390 373/373/373 370/370/370
f 387/387/387 384/384/384 378/378/378
f 378/378/378 390/390/390 387/387/387
f 384/384/384 409/409/409 385/385/385
f 409/409/409 384/384/384 387/387/387
f 406/406/406 385/385/385 409/409/409
f 406/406/406 396/396/396 385/385/385
f 406/406/406 403/403/403 396/396/396
f 413/413/413 409/409/409 387/387/387
f 412/412/412 406/406/406 409/409/409
f 409/409/409 413/413/413 412/412/412
f 403/403/403 406/406/406 412/412/412
f 416/416/416 413/413/413 387/387/387
f 416/416/416 412/412/412 413/413/413
f 414/414/414 403/403/403 412/412/412
f 403/403/403 414/414/414 404/404/404
f 414/414/414 415/415/415 404/404/404
f 415/415/415 414/414/414 412/412/412
f 412/412/412 416/416/416 415/415/415
f 429/429/429 415/415/415 416/416/416
f 417/417/417 416/416/416 387/387/387
f 390/390/390 417/417/417 387/387/387
f 419/419/419 429/429/429 416/416/416
f 419/419/419 416/416/416 417/417/417
f 419/419/419 417/417/417 390/390/390
f 435/435/435 429/429/429 419/419/419
f 438/438/438 435/435/435 419/419/419
f 437/437/437 419/419/419 390/390/390
f 438/438/438 419/419/419 437/437/437
f 437/437/437 390/390/390 370/370/370
f 441/441/441 438/438/438 437/437/437
f 441/441/441 442/442/442 438/438/438
f 440/440/440 437/437/437 370/370/370
f 442/442/442 440/440/440 370/370/370
f 437/437/437 440/440/440 441/441/441
f 440/440/440 442/442/442 441/441/441
f 3/3/3 2/2/2 1/1/1
f 4/4/4 1/1/1 2/2/2
f 5/5/5 4/4/4 2/2/2
f 1/1/1 4/4/4 6/6/6
f 2/2/2 7/7/7 5/5/5
f 7/7/7 8/8/8 5/5/5
f 9/9/9 8/8/8 7/7/7
f 10/10/10 1/1/1 6/6/6
f 10/10/10 6/6/6 11/11/11
f 12/12/12 7/7/7 2/2/2
f 3/3/3 12/12/12 2/2/2
f 13/13/13 9/9/9 7/7/7
f 13/13/13 7/7/7 12/12/12
f 14/14/14 1/1/1 10/10/10
f 14/14/14 3/3/3 1/1/1
f 15/15/15 10/10/10 11/11/11
f 11/11/11 16/16/16 15/15/15
f 17/17/17 14/14/14 10/10/10
f 17/17/17 10/10/10 15/15/15
f 3/3/3 14/14/14 18/18/18
f 18/18/18 14/14/14 17/17/17
f 16/16/16 19/19/19 15/15/15
f 20/20/20 17/17/17 15/15/15
f 15/15/15 19/19/19 20/20/20
f 21/21/21 18/18/18 17/17/17
f 21/21/21 17/17/17 20/20/20
f 22/22/22 19/19/19 16/16/16
f 23/23/23 22/22/22 16/16/16
f 23/23/23 24/24/24 22/22/22
f 19/19/19 25/25/25 20/20/20
f 24/24/24 26/26/26 22/22/22
f 24/24/24 27/27/27 26/26/26
f 19/19/19 22/22/22 28/28/28
f 25/25/25 19/19/19 28/28/28
f 26/26/26 29/29/29 22/22/22
f 29/29/29 28/28/28 22/22/22
f 27/27/27 30/30/30 26/26/26
f 27/27/27 31/31/31 30/30/30
f 32/32/32 29/29/29 26/26/26
f 30/30/30 32/32/32 26/26/26
f 31/31/31 33/33/33 30/30/30
f 35/35/35 34/34/34 31/31/31
f 34/34/34 33/33/33 31/31/31
f 33/33/33 36/36/36 30/30/30
f 36/36/36 33/33/33 34/34/34
f 36/36/36 32/32/32 30/30/30
f 37/37/37 36/36/36 34/34/34
f 37/37/37 34/34/34 38/38/38
f 39/39/39 37/37/37 38/38/38
f 36/36/36 40/40/40 32/32/32
f 40/40/40 36/36/36 37/37/37
f 41/41/41 37/37/37 39/39/39
f 41/41/41 40/40/40 37/37/37
f 42/42/42 41/41/41 39/39/39
f 42/42/42 218/218/218 41/41/41
f 40/40/40 43/43/43 32/32/32
f 32/32/32 43/43/43 29/29/29
f 41/41/41 44/44/44 40/40/40
f 218/218/218 44/44/44 41/41/41
f 40/40/40 46/46/46 43/43/43
f 44/44/44 46/46/46 40/40/40
f 43/43/43 45/45/45 29/29/29
f 28/28/28 29/29/29 45/45/45
f 46/46/46 47/47/47 43/43/43
f 43/43/43 47/47/47 45/45/45
f 213/213/213 46/46/46 44/44/44
f 46/46/46 213/213/213 47/47/47
f 217/217/217 44/44/44 218/218/218
f 217/217/217 213/213/213 44/44/44
f 225/225/225 217/217/217 218/218/218
f 221/221/221 225/225/225 218/218/218
f 48/48/48 28/28/28 45/45/45
f 25/25/25 28/28/28 48/48/48
f 226/226/226 225/225/225 221/221/221
f 227/227/227 226/226/226 221/221/221
f 227/227/227 228/228/228 226/226/226
f 216/216/216 217/217/217 225/225/225
f 226/226/226 216/216/216 225/225/225
f 217/217/217 216/216/216 213/213/213
f 228/228/228 231/231/231 226/226/226
f 228/228/228 232/232/232 231/231/231
f 226/226/226 231/231/231 233/233/233
f 216/216/216 226/226/226 233/233/233
f 232/232/232 234/234/234 231/231/231
f 231/231/231 234/234/234 233/233/233
f 232/232/232 235/235/235 234/234/234
f 241/241/241 240/240/240 235/235/235
f 240/240/240 239/239/239 235/235/235
f 235/235/235 239/239/239 234/234/234
f 240/240/240 242/242/242 239/239/239
f 234/234/234 238/238/238 233/233/233
f 234/234/234 239/239/239 238/238/238
f 242/242/242 243/243/243 239/239/239
f 239/239/239 243/243/243 238/238/238
f 243/243/243 242/242/242 244/244/244
f 233/233/233 238/238/238 236/236/236
f 216/216/216 233/233/233 236/236/236
f 238/238/238 243/243/243 245/245/245
f 238/238/238 245/245/245 236/236/236
f 246/246/246 243/243/243 244/244/244
f 243/243/243 246/246/246 245/245/245
f 246/246/246 244/244/244 247/247/247
f 237/237/237 216/216/216 236/236/236
f 251/251/251 246/246/246 247/247/247
f 251/251/251 247/247/247 252/252/252
f 248/248/248 237/237/237 236/236/236
f 248/248/248 230/230/230 237/237/237
f 249/249/249 236/236/236 245/245/245
f 249/249/249 248/248/248 236/236/236
f 245/245/245 246/246/246 250/250/250
f 250/250/250 249/249/249 245/245/245
f 246/246/246 251/251/251 250/250/250
f 253/253/253 248/248/248 249/249/249
f 230/230/230 248/248/248 253/253/253
f 254/254/254 253/253/253 249/249/249
f 254/254/254 249/249/249 250/250/250
f 255/255/255 230/230/230 253/253/253
f 256/256/256 254/254/254 250/250/250
f 250/250/250 251/251/251 256/256/256
f 257/257/257 230/230/230 255/255/255
f 259/259/259 251/251/251 252/252/252
f 251/251/251 259/259/259 256/256/256
f 259/259/259 252/252/252 260/260/260
f 261/261/261 259/259/259 260/260/260
f 259/259/259 261/261/261 262/262/262
f 256/256/256 259/259/259 262/262/262
f 256/256/256 262/262/262 263/263/263
f 254/254/254 256/256/256 263/263/263
f 254/254/254 263/263/263 264/264/264
f 263/263/263 265/265/265 264/264/264
f 258/258/258 257/257/257 255/255/255
f 264/264/264 265/265/265 267/267/267
f 268/268/268 264/264/264 267/267/267
f 267/267/267 265/265/265 282/282/282
f 265/265/265 283/283/283 282/282/282
f 267/267/267 270/270/270 268/268/268
f 270/270/270 258/258/258 268/268/268
f 282/282/282 283/283/283 286/286/286
f 283/283/283 287/287/287 286/286/286
f 267/267/267 282/282/282 278/278/278
f 270/270/270 267/267/267 278/278/278
f 282/282/282 286/286/286 281/281/281
f 278/278/278 282/282/282 281/281/281
f 286/286/286 287/287/287 284/284/284
f 281/281/281 286/286/286 284/284/284
f 287/287/287 288/288/288 284/284/284
f 278/278/278 281/281/281 279/279/279
f 270/270/270 278/278/278 276/276/276
f 276/276/276 278/278/278 279/279/279
f 270/270/270 272/272/272 258/258/258
f 272/272/272 270/270/270 276/276/276
f 281/281/281 280/280/280 279/279/279
f 280/280/280 281/281/281 284/284/284
f 276/276/276 279/279/279 277/277/277
f 195/195/195 280/280/280 284/284/284
f 280/280/280 194/194/194 279/279/279
f 280/280/280 195/195/195 194/194/194
f 194/194/194 277/277/277 279/279/279
f 285/285/285 195/195/195 284/284/284
f 289/289/289 285/285/285 284/284/284
f 195/195/195 192/192/192 194/194/194
f 290/290/290 289/289/289 284/284/284
f 194/194/194 192/192/192 191/191/191
f 289/289/289 290/290/290 291/291/291
f 192/192/192 186/186/186 191/191/191
f 292/292/292 289/289/289 291/291/291
f 291/291/291 290/290/290 293/293/293
f 191/191/191 186/186/186 185/185/185
f 186/186/186 183/183/183 185/185/185
f 194/194/194 191/191/191 196/196/196
f 277/277/277 194/194/194 196/196/196
f 191/191/191 185/185/185 190/190/190
f 196/196/196 191/191/191 190/190/190
f 182/182/182 185/185/185 183/183/183
f 179/179/179 182/182/182 183/183/183
f 190/190/190 185/185/185 184/184/184
f 185/185/185 182/182/182 184/184/184
f 182/182/182 179/179/179 177/177/177
f 184/184/184 182/182/182 177/177/177
f 179/179/179 178/178/178 177/177/177
f 177/177/177 178/178/178 176/176/176
f 189/189/189 190/190/190 184/184/184
f 196/196/196 190/190/190 189/189/189
f 175/175/175 177/177/177 176/176/176
f 175/175/175 176/176/176 173/173/173
f 180/180/180 184/184/184 177/177/177
f 172/172/172 175/175/175 173/173/173
f 173/173/173 155/155/155 172/172/172
f 177/177/177 175/175/175 174/174/174
f 174/174/174 175/175/175 172/172/172
f 180/180/180 177/177/177 174/174/174
f 155/155/155 154/154/154 172/172/172
f 155/155/155 150/150/150 154/154/154
f 169/169/169 174/174/174 172/172/172
f 169/169/169 172/172/172 154/154/154
f 180/180/180 174/174/174 170/170/170
f 170/170/170 174/174/174 169/169/169
f 187/187/187 184/184/184 180/180/180
f 187/187/187 189/189/189 184/184/184
f 181/181/181 187/187/187 180/180/180
f 181/181/181 180/180/180 170/170/170
f 188/188/188 187/187/187 181/181/181
f 189/189/189 187/187/187 188/188/188
f 171/171/171 181/181/181 170/170/170
f 171/171/171 188/188/188 181/181/181
f 166/166/166 170/170/170 169/169/169
f 167/167/167 171/171/171 170/170/170
f 167/167/167 170/170/170 166/166/166
f 156/156/156 169/169/169 154/154/154
f 166/166/166 169/169/169 156/156/156
f 150/150/150 149/149/149 154/154/154
f 156/156/156 154/154/154 149/149/149
f 149/149/149 150/150/150 147/147/147
f 157/157/157 166/166/166 156/156/156
f 146/146/146 149/149/149 147/147/147
f 146/146/146 147/147/147 144/144/144
f 151/151/151 156/156/156 149/149/149
f 157/157/157 156/156/156 151/151/151
f 149/149/149 146/146/146 148/148/148
f 151/151/151 149/149/149 148/148/148
f 143/143/143 146/146/146 144/144/144
f 148/148/148 146/146/146 143/143/143
f 143/143/143 144/144/144 141/141/141
f 151/151/151 148/148/148 145/145/145
f 139/139/139 143/143/143 141/141/141
f 139/139/139 141/141/141 140/140/140
f 133/133/133 139/139/139 140/140/140
f 142/142/142 148/148/148 143/143/143
f 142/142/142 143/143/143 139/139/139
f 145/145/145 148/148/148 142/142/142
f 132/132/132 139/139/139 133/133/133
f 132/132/132 142/142/142 139/139/139
f 130/130/130 132/132/132 133/133/133
f 134/134/134 142/142/142 132/132/132
f 134/134/134 145/145/145 142/142/142
f 129/129/129 132/132/132 130/130/130
f 129/129/129 134/134/134 132/132/132
f 127/127/127 129/129/129 130/130/130
f 126/126/126 129/129/129 127/127/127
f 134/134/134 129/129/129 126/126/126
f 124/124/124 126/126/126 127/127/127
f 153/153/153 151/151/151 145/145/145
f 153/153/153 157/157/157 151/151/151
f 123/123/123 126/126/126 124/124/124
f 121/121/121 123/123/123 124/124/124
f 135/135/135 134/134/134 126/126/126
f 119/119/119 123/123/123 121/121/121
f 120/120/120 119/119/119 121/121/121
f 123/123/123 131/131/131 126/126/126
f 131/131/131 135/135/135 126/126/126
f 119/119/119 120/120/120 114/114/114
f 135/135/135 137/137/137 134/134/134
f 137/137/137 145/145/145 134/134/134
f 131/131/131 136/136/136 135/135/135
f 136/136/136 137/137/137 135/135/135
f 122/122/122 131/131/131 123/123/123
f 136/136/136 131/131/131 122/122/122
f 119/119/119 122/122/122 123/123/123
f 137/137/137 152/152/152 145/145/145
f 152/152/152 153/153/153 145/145/145
f 136/136/136 138/138/138 137/137/137
f 138/138/138 152/152/152 137/137/137
f 128/128/128 136/136/136 122/122/122
f 138/138/138 136/136/136 128/128/128
f 152/152/152 158/158/158 153/153/153
f 158/158/158 157/157/157 153/153/153
f 138/138/138 159/159/159 152/152/152
f 159/159/159 158/158/158 152/152/152
f 158/158/158 163/163/163 157/157/157
f 163/163/163 166/166/166 157/157/157
f 163/163/163 167/167/167 166/166/166
f 159/159/159 161/161/161 158/158/158
f 161/161/161 163/163/163 158/158/158
f 160/160/160 159/159/159 138/138/138
f 161/161/161 159/159/159 160/160/160
f 164/164/164 167/167/167 163/163/163
f 161/161/161 164/164/164 163/163/163
f 125/125/125 160/160/160 138/138/138
f 125/125/125 138/138/138 128/128/128
f 162/162/162 161/161/161 160/160/160
f 164/164/164 161/161/161 162/162/162
f 85/85/85 160/160/160 125/125/125
f 162/162/162 160/160/160 85/85/85
f 125/125/125 128/128/128 118/118/118
f 118/118/118 128/128/128 122/122/122
f 86/86/86 85/85/85 125/125/125
f 86/86/86 125/125/125 118/118/118
f 164/164/164 168/168/168 167/167/167
f 168/168/168 171/171/171 167/167/167
f 188/188/188 171/171/171 168/168/168
f 165/165/165 164/164/164 162/162/162
f 168/168/168 164/164/164 165/165/165
f 72/72/72 162/162/162 85/85/85
f 165/165/165 162/162/162 72/72/72
f 193/193/193 188/188/188 168/168/168
f 74/74/74 168/168/168 165/165/165
f 193/193/193 168/168/168 74/74/74
f 68/68/68 165/165/165 72/72/72
f 74/74/74 165/165/165 68/68/68
f 198/198/198 188/188/188 193/193/193
f 198/198/198 189/189/189 188/188/188
f 197/197/197 193/193/193 74/74/74
f 199/199/199 198/198/198 193/193/193
f 199/199/199 193/193/193 197/197/197
f 189/189/189 198/198/198 273/273/273
f 70/70/70 197/197/197 74/74/74
f 275/275/275 189/189/189 273/273/273
f 275/275/275 196/196/196 189/189/189
f 67/67/67 74/74/74 68/68/68
f 67/67/67 70/70/70 74/74/74
f 196/196/196 275/275/275 274/274/274
f 275/275/275 273/273/273 274/274/274
f 277/277/277 196/196/196 274/274/274
f 274/274/274 276/276/276 277/277/277
f 276/276/276 274/274/274 272/272/272
f 273/273/273 271/271/271 274/274/274
f 274/274/274 271/271/271 272/272/272
f 273/273/273 198/198/198 207/207/207
f 271/271/271 273/273/273 207/207/207
f 198/198/198 199/199/199 207/207/207
f 272/272/272 271/271/271 266/266/266
f 272/272/272 266/266/266 258/258/258
f 258/258/258 266/266/266 257/257/257
f 269/269/269 271/271/271 207/207/207
f 271/271/271 269/269/269 266/266/266
f 266/266/266 212/212/212 257/257/257
f 266/266/266 269/269/269 212/212/212
f 208/208/208 269/269/269 207/207/207
f 269/269/269 208/208/208 212/212/212
f 207/207/207 199/199/199 202/202/202
f 202/202/202 208/208/208 207/207/207
f 200/200/200 199/199/199 197/197/197
f 199/199/199 200/200/200 202/202/202
f 200/200/200 197/197/197 70/70/70
f 208/208/208 202/202/202 206/206/206
f 202/202/202 200/200/200 204/204/204
f 202/202/202 204/204/204 206/206/206
f 201/201/201 200/200/200 70/70/70
f 200/200/200 201/201/201 204/204/204
f 212/212/212 208/208/208 209/209/209
f 208/208/208 206/206/206 209/209/209
f 204/204/204 201/201/201 203/203/203
f 206/206/206 204/204/204 203/203/203
f 62/62/62 201/201/201 70/70/70
f 201/201/201 62/62/62 203/203/203
f 257/257/257 212/212/212 215/215/215
f 212/212/212 209/209/209 215/215/215
f 257/257/257 215/215/215 230/230/230
f 215/215/215 229/229/229 230/230/230
f 216/216/216 229/229/229 215/215/215
f 206/206/206 205/205/205 209/209/209
f 205/205/205 206/206/206 203/203/203
f 214/214/214 216/216/216 215/215/215
f 216/216/216 214/214/214 213/213/213
f 209/209/209 210/210/210 215/215/215
f 210/210/210 214/214/214 215/215/215
f 205/205/205 210/210/210 209/209/209
f 211/211/211 213/213/213 214/214/214
f 210/210/210 211/211/211 214/214/214
f 213/213/213 211/211/211 47/47/47
f 64/64/64 211/211/211 210/210/210
f 211/211/211 64/64/64 47/47/47
f 205/205/205 64/64/64 210/210/210
f 203/203/203 54/54/54 205/205/205
f 54/54/54 64/64/64 205/205/205
f 203/203/203 62/62/62 54/54/54
f 64/64/64 49/49/49 47/47/47
f 49/49/49 64/64/64 54/54/54
f 47/47/47 49/49/49 45/45/45
f 45/45/45 49/49/49 48/48/48
f 51/51/51 49/49/49 54/54/54
f 49/49/49 51/51/51 48/48/48
f 62/62/62 55/55/55 54/54/54
f 54/54/54 55/55/55 51/51/51
f 48/48/48 51/51/51 50/50/50
f 50/50/50 25/25/25 48/48/48
f 20/20/20 25/25/25 50/50/50
f 55/55/55 53/53/53 51/51/51
f 51/51/51 53/53/53 50/50/50
f 52/52/52 20/20/20 50/50/50
f 50/50/50 53/53/53 52/52/52
f 52/52/52 21/21/21 20/20/20
f 53/53/53 55/55/55 56/56/56
f 53/53/53 56/56/56 52/52/52
f 55/55/55 62/62/62 60/60/60
f 55/55/55 60/60/60 56/56/56
f 21/21/21 52/52/52 57/57/57
f 52/52/52 56/56/56 57/57/57
f 62/62/62 65/65/65 60/60/60
f 65/65/65 62/62/62 70/70/70
f 70/70/70 67/67/67 65/65/65
f 60/60/60 59/59/59 56/56/56
f 59/59/59 57/57/57 56/56/56
f 65/65/65 63/63/63 60/60/60
f 67/67/67 63/63/63 65/65/65
f 63/63/63 59/59/59 60/60/60
f 67/67/67 68/68/68 63/63/63
f 68/68/68 66/66/66 63/63/63
f 63/63/63 66/66/66 59/59/59
f 68/68/68 72/72/72 66/66/66
f 59/59/59 61/61/61 57/57/57
f 66/66/66 61/61/61 59/59/59
f 21/21/21 57/57/57 58/58/58
f 61/61/61 58/58/58 57/57/57
f 18/18/18 21/21/21 58/58/58
f 72/72/72 69/69/69 66/66/66
f 66/66/66 69/69/69 61/61/61
f 72/72/72 85/85/85 69/69/69
f 58/58/58 61/61/61 71/71/71
f 69/69/69 71/71/71 61/61/61
f 85/85/85 79/79/79 69/69/69
f 69/69/69 79/79/79 71/71/71
f 85/85/85 86/86/86 79/79/79
f 73/73/73 58/58/58 71/71/71
f 18/18/18 58/58/58 73/73/73
f 79/79/79 77/77/77 71/71/71
f 73/73/73 71/71/71 77/77/77
f 86/86/86 83/83/83 79/79/79
f 77/77/77 79/79/79 83/83/83
f 86/86/86 118/118/118 83/83/83
f 75/75/75 18/18/18 73/73/73
f 75/75/75 3/3/3 18/18/18
f 75/75/75 76/76/76 3/3/3
f 75/75/75 73/73/73 76/76/76
f 76/76/76 12/12/12 3/3/3
f 78/78/78 73/73/73 77/77/77
f 73/73/73 78/78/78 76/76/76
f 81/81/81 77/77/77 83/83/83
f 78/78/78 77/77/77 81/81/81
f 118/118/118 115/115/115 83/83/83
f 83/83/83 115/115/115 81/81/81
f 76/76/76 78/78/78 80/80/80
f 80/80/80 78/78/78 81/81/81
f 76/76/76 82/82/82 12/12/12
f 82/82/82 76/76/76 80/80/80
f 115/115/115 110/110/110 81/81/81
f 80/80/80 81/81/81 110/110/110
f 118/118/118 117/117/117 115/115/115
f 117/117/117 118/118/118 122/122/122
f 117/117/117 122/122/122 119/119/119
f 115/115/115 111/111/111 110/110/110
f 117/117/117 111/111/111 115/115/115
f 116/116/116 117/117/117 119/119/119
f 117/117/117 116/116/116 111/111/111
f 116/116/116 119/119/119 114/114/114
f 116/116/116 114/114/114 112/112/112
f 116/116/116 112/112/112 111/111/111
f 114/114/114 113/113/113 112/112/112
f 113/113/113 107/107/107 112/112/112
f 112/112/112 108/108/108 111/111/111
f 107/107/107 108/108/108 112/112/112
f 111/111/111 109/109/109 110/110/110
f 108/108/108 109/109/109 111/111/111
f 89/89/89 80/80/80 110/110/110
f 89/89/89 110/110/110 109/109/109
f 82/82/82 80/80/80 89/89/89
f 104/104/104 109/109/109 108/108/108
f 104/104/104 89/89/89 109/109/109
f 105/105/105 108/108/108 107/107/107
f 105/105/105 104/104/104 108/108/108
f 106/106/106 105/105/105 107/107/107
f 105/105/105 106/106/106 103/103/103
f 104/104/104 105/105/105 96/96/96
f 96/96/96 105/105/105 103/103/103
f 89/89/89 104/104/104 90/90/90
f 90/90/90 104/104/104 96/96/96
f 87/87/87 82/82/82 89/89/89
f 87/87/87 89/89/89 90/90/90
f 96/96/96 103/103/103 99/99/99
f 103/103/103 102/102/102 99/99/99
f 90/90/90 96/96/96 93/93/93
f 96/96/96 99/99/99 93/93/93
f 87/87/87 90/90/90 88/88/88
f 90/90/90 93/93/93 88/88/88
f 82/82/82 87/87/87 84/84/84
f 87/87/87 88/88/88 84/84/84
f 82/82/82 84/84/84 12/12/12
f 84/84/84 13/13/13 12/12/12
f 84/84/84 88/88/88 13/13/13
f 88/88/88 91/91/91 13/13/13
f 88/88/88 93/93/93 91/91/91
f 13/13/13 91/91/91 9/9/9
f 91/91/91 92/92/92 9/9/9
f 93/93/93 94/94/94 91/91/91
f 91/91/91 94/94/94 92/92/92
f 93/93/93 99/99/99 94/94/94
f 94/94/94 95/95/95 92/92/92
f 99/99/99 97/97/97 94/94/94
f 94/94/94 97/97/97 95/95/95
f 99/99/99 102/102/102 97/97/97
f 97/97/97 98/98/98 95/95/95
f 102/102/102 100/100/100 97/97/97
f 98/98/98 97/97/97 100/100/100
f 101/101/101 98/98/98 100/100/100
f 292/292/292 291/291/291 294/294/294
f 295/295/295 292/292/292 294/294/294
f 291/291/291 296/296/296 294/294/294
f 296/296/296 291/291/291 293/293/293
f 295/295/295 294/294/294 297/297/297
f 298/298/298 295/295/295 297/297/297
f 296/296/296 299/299/299 294/294/294
f 298/298/298 297/297/297 300/300/300
f 301/301/301 298/298/298 300/300/300
f 297/297/297 294/294/294 302/302/302
f 297/297/297 302/302/302 300/300/300
f 294/294/294 299/299/299 302/302/302
f 302/302/302 299/299/299 296/296/296
f 302/302/302 303/303/303 300/300/300
f 296/296/296 293/293/293 304/304/304
f 304/304/304 302/302/302 296/296/296
f 302/302/302 304/304/304 303/303/303
f 293/293/293 305/305/305 304/304/304
f 304/304/304 306/306/306 303/303/303
f 304/304/304 305/305/305 307/307/307
f 306/306/306 304/304/304 307/307/307
f 468/468/468 470/470/470 460/460/460
f 470/470/470 471/471/471 460/460/460
f 470/470/470 468/468/468 472/472/472
f 468/468/468 469/469/469 472/472/472
f 474/474/474 473/473/473 471/471/471
f 476/476/476 474/474/474 471/471/471
f 474/474/474 476/476/476 477/477/477
f 470/470/470 475/475/475 471/471/471
f 475/475/475 476/476/476 471/471/471
f 476/476/476 479/479/479 477/477/477
f 477/477/477 479/479/479 480/480/480
f 475/475/475 481/481/481 476/476/476
f 481/481/481 479/479/479 476/476/476
f 478/478/478 475/475/475 470/470/470
f 475/475/475 478/478/478 481/481/481
f 472/472/472 478/478/478 470/470/470
f 479/479/479 482/482/482 480/480/480
f 479/479/479 481/481/481 482/482/482
f 480/480/480 482/482/482 483/483/483
f 478/478/478 484/484/484 481/481/481
f 482/482/482 485/485/485 483/483/483
f 483/483/483 485/485/485 486/486/486
f 485/485/485 487/487/487 486/486/486
f 481/481/481 488/488/488 482/482/482
f 482/482/482 488/488/488 485/485/485
f 481/481/481 484/484/484 488/488/488
f 487/487/487 485/485/485 489/489/489
f 488/488/488 489/489/489 485/485/485
f 490/490/490 487/487/487 489/489/489
f 484/484/484 491/491/491 488/488/488
f 489/489/489 488/488/488 491/491/491
f 490/490/490 489/489/489 492/492/492
f 492/492/492 489/489/489 491/491/491
f 493/493/493 490/490/490 492/492/492
f 491/491/491 484/484/484 494/494/494
f 492/492/492 491/491/491 494/494/494
f 493/493/493 492/492/492 495/495/495
f 495/495/495 492/492/492 494/494/494
f 496/496/496 493/493/493 495/495/495
f 496/496/496 495/495/495 497/497/497
f 484/484/484 498/498/498 494/494/494
f 498/498/498 484/484/484 478/478/478
f 495/495/495 499/499/499 497/497/497
f 497/497/497 499/499/499 500/500/500
f 495/495/495 494/494/494 501/501/501
f 499/499/499 495/495/495 501/501/501
f 494/494/494 498/498/498 502/502/502
f 501/501/501 494/494/494 502/502/502
f 503/503/503 498/498/498 478/478/478
f 503/503/503 478/478/478 472/472/472
f 498/498/498 504/504/504 502/502/502
f 504/504/504 498/498/498 503/503/503
f 505/505/505 503/503/503 472/472/472
f 472/472/472 469/469/469 505/505/505
f 506/506/506 504/504/504 503/503/503
f 503/503/503 505/505/505 506/506/506
f 504/504/504 507/507/507 502/502/502
f 508/508/508 504/504/504 506/506/506
f 504/504/504 508/508/508 507/507/507
f 505/505/505 509/509/509 506/506/506
f 506/506/506 509/509/509 508/508/508
f 469/469/469 510/510/510 505/505/505
f 511/511/511 509/509/509 505/505/505
f 510/510/510 511/511/511 505/505/505
f 512/512/512 508/508/508 509/509/509
f 511/511/511 512/512/512 509/509/509
f 510/510/510 469/469/469 513/513/513
f 469/469/469 514/514/514 513/513/513
f 513/513/513 514/514/514 515/515/515
f 516/516/516 513/513/513 515/515/515
f 516/516/516 517/517/517 513/513/513
f 513/513/513 518/518/518 510/510/510
f 517/517/517 518/518/518 513/513/513
f 518/518/518 511/511/511 510/510/510
f 517/517/517 519/519/519 518/518/518
f 518/518/518 520/520/520 511/511/511
f 519/519/519 520/520/520 518/518/518
f 520/520/520 512/512/512 511/511/511
f 520/520/520 519/519/519 521/521/521
f 522/522/522 512/512/512 520/520/520
f 512/512/512 522/522/522 508/508/508
f 523/523/523 520/520/520 521/521/521
f 523/523/523 522/522/522 520/520/520
f 521/521/521 524/524/524 523/523/523
f 524/524/524 525/525/525 523/523/523
f 525/525/525 524/524/524 526/526/526
f 527/527/527 522/522/522 523/523/523
f 525/525/525 527/527/527 523/523/523
f 528/528/528 525/525/525 526/526/526
f 527/527/527 525/525/525 528/528/528
f 528/528/528 526/526/526 529/529/529
f 527/527/527 530/530/530 522/522/522
f 531/531/531 528/528/528 529/529/529
f 531/531/531 529/529/529 532/532/532
f 533/533/533 527/527/527 528/528/528
f 530/530/530 527/527/527 533/533/533
f 528/528/528 531/531/531 534/534/534
f 533/533/533 528/528/528 534/534/534
f 535/535/535 531/531/531 532/532/532
f 534/534/534 531/531/531 535/535/535
f 535/535/535 532/532/532 536/536/536
f 533/533/533 534/534/534 537/537/537
f 538/538/538 535/535/535 536/536/536
f 538/538/538 536/536/536 539/539/539
f 540/540/540 534/534/534 535/535/535
f 540/540/540 535/535/535 538/538/538
f 537/537/537 534/534/534 540/540/540
f 541/541/541 538/538/538 539/539/539
f 539/539/539 542/542/542 541/541/541
f 543/543/543 540/540/540 538/538/538
f 543/543/543 538/538/538 541/541/541
f 544/544/544 537/537/537 540/540/540
f 544/544/544 540/540/540 543/543/543
f 545/545/545 533/533/533 537/537/537
f 545/545/545 530/530/530 533/533/533
f 546/546/546 537/537/537 544/544/544
f 545/545/545 537/537/537 546/546/546
f 547/547/547 544/544/544 543/543/543
f 548/548/548 543/543/543 541/541/541
f 547/547/547 543/543/543 548/548/548
f 542/542/542 549/549/549 541/541/541
f 548/548/548 541/541/541 549/549/549
f 549/549/549 542/542/542 550/550/550
f 542/542/542 551/551/551 550/550/550
f 550/550/550 551/551/551 552/552/552
f 553/553/553 548/548/548 549/549/549
f 553/553/553 549/549/549 550/550/550
f 554/554/554 547/547/547 548/548/548
f 554/554/554 548/548/548 553/553/553
f 555/555/555 550/550/550 552/552/552
f 555/555/555 552/552/552 556/556/556
f 557/557/557 553/553/553 550/550/550
f 557/557/557 550/550/550 555/555/555
f 558/558/558 554/554/554 553/553/553
f 559/559/559 555/555/555 556/556/556
f 556/556/556 560/560/560 559/559/559
f 560/560/560 561/561/561 559/559/559
f 559/559/559 561/561/561 562/562/562
f 555/555/555 559/559/559 563/563/563
f 563/563/563 559/559/559 562/562/562
f 564/564/564 557/557/557 555/555/555
f 564/564/564 555/555/555 563/563/563
f 553/553/553 557/557/557 565/565/565
f 565/565/565 557/557/557 564/564/564
f 558/558/558 553/553/553 565/565/565
f 566/566/566 563/563/563 562/562/562
f 564/564/564 563/563/563 566/566/566
f 567/567/567 566/566/566 562/562/562
f 568/568/568 565/565/565 564/564/564
f 568/568/568 564/564/564 566/566/566
f 566/566/566 567/567/567 569/569/569
f 567/567/567 570/570/570 569/569/569
f 568/568/568 566/566/566 571/571/571
f 566/566/566 569/569/569 571/571/571
f 565/565/565 568/568/568 572/572/572
f 568/568/568 571/571/571 572/572/572
f 569/569/569 570/570/570 573/573/573
f 570/570/570 574/574/574 573/573/573
f 571/571/571 569/569/569 575/575/575
f 569/569/569 573/573/573 575/575/575
f 571/571/571 575/575/575 572/572/572
f 576/576/576 573/573/573 574/574/574
f 577/577/577 576/576/576 574/574/574
f 578/578/578 575/575/575 573/573/573
f 576/576/576 578/578/578 573/573/573
f 579/579/579 576/576/576 577/577/577
f 580/580/580 579/579/579 577/577/577
f 581/581/581 578/578/578 576/576/576
f 579/579/579 581/581/581 576/576/576
f 578/578/578 582/582/582 575/575/575
f 583/583/583 579/579/579 580/580/580
f 584/584/584 583/583/583 580/580/580
f 582/582/582 585/585/585 575/575/575
f 575/575/575 585/585/585 572/572/572
f 586/586/586 582/582/582 578/578/578
f 581/581/581 586/586/586 578/578/578
f 582/582/582 587/587/587 585/585/585
f 587/587/587 582/582/582 586/586/586
f 572/572/572 585/585/585 588/588/588
f 587/587/587 588/588/588 585/585/585
f 565/565/565 572/572/572 589/589/589
f 589/589/589 572/572/572 588/588/588
f 558/558/558 565/565/565 589/589/589
f 590/590/590 581/581/581 579/579/579
f 583/583/583 590/590/590 579/579/579
f 558/558/558 589/589/589 591/591/591
f 554/554/554 558/558/558 591/591/591
f 554/554/554 591/591/591 547/547/547
f 589/589/589 588/588/588 592/592/592
f 591/591/591 589/589/589 592/592/592
f 593/593/593 592/592/592 588/588/588
f 587/587/587 593/593/593 588/588/588
f 592/592/592 594/594/594 591/591/591
f 591/591/591 595/595/595 547/547/547
f 594/594/594 595/595/595 591/591/591
f 595/595/595 596/596/596 547/547/547
f 596/596/596 544/544/544 547/547/547
f 596/596/596 546/546/546 544/544/544
f 594/594/594 597/597/597 595/595/595
f 597/597/597 596/596/596 595/595/595
f 598/598/598 594/594/594 592/592/592
f 594/594/594 598/598/598 597/597/597
f 593/593/593 598/598/598 592/592/592
f 596/596/596 597/597/597 599/599/599
f 546/546/546 596/596/596 599/599/599
f 598/598/598 600/600/600 597/597/597
f 601/601/601 598/598/598 593/593/593
f 598/598/598 601/601/601 600/600/600
f 602/602/602 593/593/593 587/587/587
f 602/602/602 601/601/601 593/593/593
f 597/597/597 600/600/600 603/603/603
f 599/599/599 597/597/597 603/603/603
f 601/601/601 604/604/604 600/600/600
f 600/600/600 604/604/604 603/603/603
f 605/605/605 602/602/602 587/587/587
f 605/605/605 587/587/587 586/586/586
f 606/606/606 601/601/601 602/602/602
f 605/605/605 586/586/586 607/607/607
f 607/607/607 586/586/586 581/581/581
f 590/590/590 607/607/607 581/581/581
f 608/608/608 602/602/602 605/605/605
f 608/608/608 606/606/606 602/602/602
f 609/609/609 605/605/605 607/607/607
f 609/609/609 608/608/608 605/605/605
f 606/606/606 610/610/610 601/601/601
f 610/610/610 604/604/604 601/601/601
f 611/611/611 606/606/606 608/608/608
f 612/612/612 608/608/608 609/609/609
f 612/612/612 611/611/611 608/608/608
f 613/613/613 609/609/609 607/607/607
f 613/613/613 612/612/612 609/609/609
f 614/614/614 607/607/607 590/590/590
f 614/614/614 613/613/613 607/607/607
f 615/615/615 612/612/612 613/613/613
f 616/616/616 615/615/615 613/613/613
f 616/616/616 613/613/613 614/614/614
f 615/615/615 617/617/617 612/612/612
f 617/617/617 611/611/611 612/612/612
f 618/618/618 616/616/616 614/614/614
f 617/617/617 619/619/619 611/611/611
f 618/618/618 614/614/614 620/620/620
f 620/620/620 614/614/614 590/590/590
f 621/621/621 618/618/618 620/620/620
f 620/620/620 590/590/590 583/583/583
f 619/619/619 622/622/622 611/611/611
f 611/611/611 622/622/622 606/606/606
f 622/622/622 610/610/610 606/606/606
f 619/619/619 623/623/623 622/622/622
f 624/624/624 620/620/620 583/583/583
f 621/621/621 620/620/620 624/624/624
f 624/624/624 583/583/583 584/584/584
f 625/625/625 621/621/621 624/624/624
f 626/626/626 624/624/624 584/584/584
f 625/625/625 624/624/624 627/627/627
f 624/624/624 626/626/626 627/627/627
f 623/623/623 628/628/628 622/622/622
f 622/622/622 628/628/628 610/610/610
f 623/623/623 629/629/629 628/628/628
f 628/628/628 630/630/630 610/610/610
f 610/610/610 630/630/630 604/604/604
f 629/629/629 631/631/631 628/628/628
f 628/628/628 631/631/631 630/630/630
f 629/629/629 632/632/632 631/631/631
f 630/630/630 633/633/633 604/604/604
f 604/604/604 633/633/633 603/603/603
f 632/632/632 634/634/634 631/631/631
f 634/634/634 632/632/632 635/635/635
f 603/603/603 633/633/633 636/636/636
f 636/636/636 633/633/633 630/630/630
f 631/631/631 637/637/637 630/630/630
f 637/637/637 636/636/636 630/630/630
f 634/634/634 638/638/638 631/631/631
f 638/638/638 637/637/637 631/631/631
f 639/639/639 634/634/634 635/635/635
f 638/638/638 634/634/634 639/639/639
f 640/640/640 636/636/636 637/637/637
f 638/638/638 640/640/640 637/637/637
f 641/641/641 603/603/603 636/636/636
f 636/636/636 640/640/640 641/641/641
f 599/599/599 603/603/603 641/641/641
f 639/639/639 635/635/635 642/642/642
f 635/635/635 643/643/643 642/642/642
f 644/644/644 638/638/638 639/639/639
f 639/639/639 642/642/642 644/644/644
f 645/645/645 599/599/599 641/641/641
f 546/546/546 599/599/599 645/645/645
f 644/644/644 646/646/646 638/638/638
f 646/646/646 640/640/640 638/638/638
f 642/642/642 647/647/647 644/644/644
f 644/644/644 647/647/647 646/646/646
f 642/642/642 643/643/643 648/648/648
f 642/642/642 648/648/648 647/647/647
f 643/643/643 649/649/649 648/648/648
f 649/649/649 650/650/650 648/648/648
f 640/640/640 651/651/651 641/641/641
f 641/641/641 651/651/651 645/645/645
f 640/640/640 646/646/646 652/652/652
f 651/651/651 640/640/640 652/652/652
f 653/653/653 546/546/546 645/645/645
f 653/653/653 545/545/545 546/546/546
f 651/651/651 654/654/654 645/645/645
f 645/645/645 654/654/654 653/653/653
f 653/653/653 655/655/655 545/545/545
f 654/654/654 655/655/655 653/653/653
f 655/655/655 530/530/530 545/545/545
f 656/656/656 654/654/654 651/651/651
f 652/652/652 656/656/656 651/651/651
f 654/654/654 656/656/656 655/655/655
f 652/652/652 646/646/646 657/657/657
f 652/652/652 657/657/657 656/656/656
f 530/530/530 655/655/655 658/658/658
f 530/530/530 658/658/658 522/522/522
f 522/522/522 658/658/658 508/508/508
f 656/656/656 659/659/659 655/655/655
f 655/655/655 659/659/659 658/658/658
f 660/660/660 508/508/508 658/658/658
f 659/659/659 660/660/660 658/658/658
f 659/659/659 656/656/656 660/660/660
f 508/508/508 660/660/660 507/507/507
f 656/656/656 661/661/661 660/660/660
f 657/657/657 661/661/661 656/656/656
f 507/507/507 660/660/660 662/662/662
f 660/660/660 661/661/661 662/662/662
f 661/661/661 657/657/657 662/662/662
f 502/502/502 507/507/507 662/662/662
f 646/646/646 663/663/663 657/657/657
f 647/647/647 663/663/663 646/646/646
f 657/657/657 664/664/664 662/662/662
f 657/657/657 663/663/663 664/664/664
f 665/665/665 502/502/502 662/662/662
f 501/501/501 502/502/502 665/665/665
f 664/664/664 666/666/666 662/662/662
f 666/666/666 665/665/665 662/662/662
f 663/663/663 667/667/667 664/664/664
f 664/664/664 667/667/667 666/666/666
f 647/647/647 668/668/668 663/663/663
f 668/668/668 667/667/667 663/663/663
f 648/648/648 668/668/668 647/647/647
f 667/667/667 669/669/669 666/666/666
f 667/667/667 668/668/668 669/669/669
f 668/668/668 648/648/648 670/670/670
f 650/650/650 670/670/670 648/648/648
f 668/668/668 671/671/671 669/669/669
f 671/671/671 668/668/668 670/670/670
f 672/672/672 670/670/670 650/650/650
f 670/670/670 672/672/672 671/671/671
f 673/673/673 672/672/672 650/650/650
f 673/673/673 674/674/674 672/672/672
f 669/669/669 671/671/671 675/675/675
f 669/669/669 675/675/675 666/666/666
f 672/672/672 676/676/676 671/671/671
f 671/671/671 676/676/676 675/675/675
f 674/674/674 677/677/677 672/672/672
f 672/672/672 677/677/677 676/676/676
f 674/674/674 678/678/678 677/677/677
f 675/675/675 679/679/679 666/666/666
f 666/666/666 679/679/679 665/665/665
f 677/677/677 680/680/680 676/676/676
f 675/675/675 676/676/676 680/680/680
f 678/678/678 681/681/681 677/677/677
f 677/677/677 681/681/681 680/680/680
f 678/678/678 682/682/682 681/681/681
f 679/679/679 675/675/675 683/683/683
f 679/679/679 683/683/683 665/665/665
f 684/684/684 675/675/675 680/680/680
f 675/675/675 684/684/684 683/683/683
f 681/681/681 685/685/685 680/680/680
f 684/684/684 680/680/680 685/685/685
f 682/682/682 686/686/686 681/681/681
f 682/682/682 687/687/687 686/686/686
f 688/688/688 685/685/685 681/681/681
f 686/686/686 688/688/688 681/681/681
f 688/688/688 684/684/684 685/685/685
f 687/687/687 689/689/689 686/686/686
f 686/686/686 689/689/689 688/688/688
f 687/687/687 500/500/500 689/689/689
f 688/688/688 690/690/690 684/684/684
f 689/689/689 690/690/690 688/688/688
f 690/690/690 683/683/683 684/684/684
f 500/500/500 691/691/691 689/689/689
f 689/689/689 691/691/691 690/690/690
f 499/499/499 691/691/691 500/500/500
f 690/690/690 692/692/692 683/683/683
f 691/691/691 692/692/692 690/690/690
f 691/691/691 499/499/499 692/692/692
f 692/692/692 665/665/665 683/683/683
f 499/499/499 501/501/501 692/692/692
f 692/692/692 501/501/501 665/665/665
f 695/695/695 694/694/694 693/693/693
f 694/694/694 695/695/695 696/696/696
f 693/693/693 694/694/694 697/697/697
f 698/698/698 694/694/694 696/696/696
f 697/697/697 694/694/694 698/698/698
f 698/698/698 696/696/696 699/699/699
f 701/701/701 698/698/698 699/699/699
f 699/699/699 696/696/696 700/700/700
f 704/704/704 698/698/698 701/701/701
f 704/704/704 697/697/697 698/698/698
f 705/705/705 704/704/704 701/701/701
f 696/696/696 702/702/702 700/700/700
f 702/702/702 696/696/696 695/695/695
f 700/700/700 702/702/702 703/703/703
f 708/708/708 704/704/704 705/705/705
f 709/709/709 708/708/708 705/705/705
f 702/702/702 706/706/706 703/703/703
f 703/703/703 706/706/706 707/707/707
f 768/768/768 708/708/708 709/709/709
f 769/769/769 768/768/768 709/709/709
f 706/706/706 710/710/710 707/707/707
f 707/707/707 710/710/710 711/711/711
f 706/706/706 702/702/702 712/712/712
f 710/710/710 706/706/706 712/712/712
f 712/712/712 702/702/702 695/695/695
f 710/710/710 713/713/713 711/711/711
f 712/712/712 713/713/713 710/710/710
f 711/711/711 713/713/713 714/714/714
f 713/713/713 715/715/715 714/714/714
f 713/713/713 712/712/712 715/715/715
f 714/714/714 715/715/715 716/716/716
f 712/712/712 695/695/695 717/717/717
f 717/717/717 695/695/695 693/693/693
f 715/715/715 718/718/718 716/716/716
f 716/716/716 718/718/718 719/719/719
f 712/712/712 720/720/720 715/715/715
f 715/715/715 720/720/720 718/718/718
f 721/721/721 712/712/712 717/717/717
f 720/720/720 712/712/712 721/721/721
f 718/718/718 722/722/722 719/719/719
f 719/719/719 722/722/722 723/723/723
f 720/720/720 724/724/724 718/718/718
f 718/718/718 724/724/724 722/722/722
f 722/722/722 725/725/725 723/723/723
f 722/722/722 724/724/724 725/725/725
f 723/723/723 725/725/725 726/726/726
f 727/727/727 724/724/724 720/720/720
f 724/724/724 727/727/727 725/725/725
f 725/725/725 728/728/728 726/726/726
f 726/726/726 728/728/728 729/729/729
f 725/725/725 727/727/727 730/730/730
f 728/728/728 725/725/725 730/730/730
f 731/731/731 727/727/727 720/720/720
f 731/731/731 720/720/720 721/721/721
f 728/728/728 732/732/732 729/729/729
f 733/733/733 729/729/729 732/732/732
f 734/734/734 733/733/733 732/732/732
f 734/734/734 732/732/732 735/735/735
f 732/732/732 728/728/728 736/736/736
f 732/732/732 736/736/736 735/735/735
f 728/728/728 730/730/730 736/736/736
f 735/735/735 736/736/736 737/737/737
f 730/730/730 727/727/727 738/738/738
f 727/727/727 731/731/731 738/738/738
f 736/736/736 730/730/730 739/739/739
f 736/736/736 739/739/739 737/737/737
f 730/730/730 738/738/738 739/739/739
f 737/737/737 739/739/739 740/740/740
f 739/739/739 741/741/741 740/740/740
f 739/739/739 738/738/738 741/741/741
f 740/740/740 741/741/741 742/742/742
f 738/738/738 743/743/743 741/741/741
f 738/738/738 731/731/731 743/743/743
f 741/741/741 744/744/744 742/742/742
f 741/741/741 743/743/743 744/744/744
f 742/742/742 744/744/744 745/745/745
f 746/746/746 742/742/742 745/745/745
f 746/746/746 745/745/745 747/747/747
f 743/743/743 748/748/748 744/744/744
f 744/744/744 748/748/748 745/745/745
f 731/731/731 749/749/749 743/743/743
f 743/743/743 749/749/749 748/748/748
f 745/745/745 750/750/750 747/747/747
f 747/747/747 750/750/750 751/751/751
f 748/748/748 752/752/752 745/745/745
f 745/745/745 752/752/752 750/750/750
f 749/749/749 753/753/753 748/748/748
f 748/748/748 753/753/753 752/752/752
f 749/749/749 731/731/731 754/754/754
f 753/753/753 749/749/749 754/754/754
f 731/731/731 755/755/755 754/754/754
f 731/731/731 721/721/721 755/755/755
f 756/756/756 753/753/753 754/754/754
f 754/754/754 755/755/755 756/756/756
f 721/721/721 757/757/757 755/755/755
f 721/721/721 717/717/717 757/757/757
f 717/717/717 693/693/693 757/757/757
f 755/755/755 757/757/757 758/758/758
f 755/755/755 758/758/758 756/756/756
f 757/757/757 693/693/693 759/759/759
f 757/757/757 759/759/759 758/758/758
f 693/693/693 760/760/760 759/759/759
f 760/760/760 693/693/693 697/697/697
f 758/758/758 759/759/759 761/761/761
f 756/756/756 758/758/758 761/761/761
f 759/759/759 760/760/760 762/762/762
f 760/760/760 697/697/697 762/762/762
f 759/759/759 763/763/763 761/761/761
f 763/763/763 759/759/759 762/762/762
f 697/697/697 764/764/764 762/762/762
f 764/764/764 697/697/697 704/704/704
f 708/708/708 764/764/764 704/704/704
f 763/763/763 762/762/762 765/765/765
f 762/762/762 764/764/764 765/765/765
f 767/767/767 764/764/764 708/708/708
f 764/764/764 767/767/767 765/765/765
f 768/768/768 767/767/767 708/708/708
f 766/766/766 763/763/763 765/765/765
f 761/761/761 763/763/763 766/766/766
f 770/770/770 765/765/765 767/767/767
f 765/765/765 770/770/770 766/766/766
f 767/767/767 768/768/768 773/773/773
f 773/773/773 770/770/770 767/767/767
f 768/768/768 771/771/771 773/773/773
f 771/771/771 768/768/768 769/769/769
f 772/772/772 771/771/771 769/769/769
f 774/774/774 771/771/771 772/772/772
f 771/771/771 774/774/774 773/773/773
f 775/775/775 774/774/774 772/772/772
f 774/774/774 776/776/776 773/773/773
f 777/777/777 774/774/774 775/775/775
f 774/774/774 777/777/777 776/776/776
f 778/778/778 777/777/777 775/775/775
f 773/773/773 776/776/776 779/779/779
f 770/770/770 773/773/773 779/779/779
f 777/777/777 780/780/780 776/776/776
f 776/776/776 780/780/780 779/779/779
f 781/781/781 777/777/777 778/778/778
f 782/782/782 781/781/781 778/778/778
f 780/780/780 777/777/777 783/783/783
f 777/777/777 781/781/781 783/783/783
f 780/780/780 783/783/783 779/779/779
f 784/784/784 781/781/781 782/782/782
f 781/781/781 784/784/784 783/783/783
f 785/785/785 784/784/784 782/782/782
f 779/779/779 783/783/783 786/786/786
f 784/784/784 786/786/786 783/783/783
f 787/787/787 784/784/784 785/785/785
f 784/784/784 787/787/787 786/786/786
f 788/788/788 787/787/787 785/785/785
f 789/789/789 779/779/779 786/786/786
f 789/789/789 770/770/770 779/779/779
f 790/790/790 787/787/787 788/788/788
f 791/791/791 790/790/790 788/788/788
f 792/792/792 770/770/770 789/789/789
f 770/770/770 792/792/792 766/766/766
f 793/793/793 790/790/790 791/791/791
f 794/794/794 793/793/793 791/791/791
f 795/795/795 766/766/766 792/792/792
f 795/795/795 761/761/761 766/766/766
f 796/796/796 793/793/793 794/794/794
f 797/797/797 796/796/796 794/794/794
f 793/793/793 798/798/798 790/790/790
f 793/793/793 796/796/796 798/798/798
f 800/800/800 799/799/799 797/797/797
f 799/799/799 796/796/796 797/797/797
f 801/801/801 796/796/796 799/799/799
f 796/796/796 801/801/801 798/798/798
f 802/802/802 801/801/801 799/799/799
f 798/798/798 803/803/803 790/790/790
f 787/787/787 790/790/790 803/803/803
f 804/804/804 801/801/801 802/802/802
f 805/805/805 804/804/804 802/802/802
f 798/798/798 801/801/801 806/806/806
f 801/801/801 804/804/804 806/806/806
f 803/803/803 798/798/798 806/806/806
f 807/807/807 804/804/804 805/805/805
f 806/806/806 804/804/804 807/807/807
f 808/808/808 807/807/807 805/805/805
f 809/809/809 787/787/787 803/803/803
f 787/787/787 809/809/809 786/786/786
f 810/810/810 807/807/807 808/808/808
f 809/809/809 811/811/811 786/786/786
f 803/803/803 811/811/811 809/809/809
f 811/811/811 789/789/789 786/786/786
f 811/811/811 792/792/792 789/789/789
f 812/812/812 810/810/810 808/808/808
f 792/792/792 811/811/811 813/813/813
f 813/813/813 795/795/795 792/792/792
f 814/814/814 813/813/813 811/811/811
f 795/795/795 813/813/813 814/814/814
f 811/811/811 803/803/803 814/814/814
f 815/815/815 795/795/795 814/814/814
f 814/814/814 803/803/803 816/816/816
f 816/816/816 803/803/803 806/806/806
f 795/795/795 815/815/815 817/817/817
f 761/761/761 795/795/795 817/817/817
f 817/817/817 756/756/756 761/761/761
f 818/818/818 815/815/815 814/814/814
f 817/817/817 815/815/815 818/818/818
f 818/818/818 814/814/814 816/816/816
f 756/756/756 817/817/817 819/819/819
f 819/819/819 817/817/817 818/818/818
f 753/753/753 756/756/756 819/819/819
f 816/816/816 806/806/806 820/820/820
f 820/820/820 806/806/806 807/807/807
f 820/820/820 807/807/807 810/810/810
f 818/818/818 816/816/816 821/821/821
f 821/821/821 816/816/816 820/820/820
f 819/819/819 818/818/818 822/822/822
f 822/822/822 818/818/818 821/821/821
f 823/823/823 753/753/753 819/819/819
f 753/753/753 823/823/823 752/752/752
f 819/819/819 824/824/824 823/823/823
f 824/824/824 819/819/819 822/822/822
f 824/824/824 825/825/825 823/823/823
f 823/823/823 825/825/825 752/752/752
f 824/824/824 822/822/822 825/825/825
f 821/821/821 820/820/820 826/826/826
f 826/826/826 820/820/820 810/810/810
f 822/822/822 821/821/821 827/827/827
f 827/827/827 821/821/821 826/826/826
f 822/822/822 828/828/828 825/825/825
f 828/828/828 822/822/822 827/827/827
f 752/752/752 825/825/825 829/829/829
f 825/825/825 828/828/828 829/829/829
f 829/829/829 828/828/828 827/827/827
f 752/752/752 829/829/829 750/750/750
f 830/830/830 829/829/829 827/827/827
f 829/829/829 830/830/830 750/750/750
f 830/830/830 827/827/827 826/826/826
f 830/830/830 831/831/831 750/750/750
f 832/832/832 830/830/830 826/826/826
f 832/832/832 826/826/826 810/810/810
f 830/830/830 832/832/832 831/831/831
f 750/750/750 831/831/831 751/751/751
f 833/833/833 832/832/832 810/810/810
f 833/833/833 810/810/810 812/812/812
f 832/832/832 834/834/834 831/831/831
f 832/832/832 833/833/833 834/834/834
f 751/751/751 831/831/831 835/835/835
f 831/831/831 834/834/834 835/835/835
f 833/833/833 836/836/836 834/834/834
f 835/835/835 834/834/834 836/836/836
f 837/837/837 833/833/833 812/812/812
f 833/833/833 837/837/837 836/836/836
f 751/751/751 835/835/835 838/838/838
f 839/839/839 751/751/751 838/838/838
f 839/839/839 842/842/842 840/840/840
f 841/841/841 839/839/839 840/840/840
f 838/838/838 835/835/835 843/843/843
f 838/838/838 843/843/843 844/844/844
f 845/845/845 835/835/835 836/836/836
f 835/835/835 845/845/845 843/843/843
f 845/845/845 836/836/836 846/846/846
f 843/843/843 845/845/845 846/846/846
f 837/837/837 846/846/846 836/836/836
f 843/843/843 846/846/846 847/847/847
f 843/843/843 847/847/847 844/844/844
f 846/846/846 848/848/848 847/847/847
f 846/846/846 837/837/837 848/848/848
f 847/847/847 848/848/848 844/844/844
f 837/837/837 812/812/812 849/849/849
f 812/812/812 850/850/850 849/849/849
f 837/837/837 849/849/849 848/848/848
f 848/848/848 851/851/851 844/844/844
f 849/849/849 852/852/852 848/848/848
f 852/852/852 851/851/851 848/848/848
f 851/851/851 853/853/853 844/844/844
f 851/851/851 852/852/852 853/853/853
f 853/853/853 854/854/854 844/844/844
f 857/857/857 854/854/854 855/855/855
f 854/854/854 856/856/856 855/855/855
f 852/852/852 858/858/858 853/853/853
f 852/852/852 849/849/849 859/859/859
f 849/849/849 860/860/860 859/859/859
f 861/861/861 858/858/858 852/852/852
f 859/859/859 861/861/861 852/852/852
f 860/860/860 863/863/863 862/862/862
f 859/859/859 860/860/860 864/864/864
f 865/865/865 860/860/860 862/862/862
f 860/860/860 865/865/865 864/864/864
f 862/862/862 866/866/866 865/865/865
f 859/859/859 864/864/864 867/867/867
f 861/861/861 859/859/859 867/867/867
f 866/866/866 868/868/868 865/865/865
f 866/866/866 869/869/869 868/868/868
f 864/864/864 865/865/865 870/870/870
f 865/865/865 868/868/868 870/870/870
f 864/864/864 870/870/870 867/867/867
f 869/869/869 871/871/871 868/868/868
f 868/868/868 871/871/871 870/870/870
f 869/869/869 872/872/872 871/871/871
f 870/870/870 873/873/873 867/867/867
f 872/872/872 874/874/874 871/871/871
f 872/872/872 875/875/875 874/874/874
f 875/875/875 876/876/876 874/874/874
f 871/871/871 877/877/877 870/870/870
f 871/871/871 874/874/874 877/877/877
f 870/870/870 877/877/877 873/873/873
f 878/878/878 874/874/874 876/876/876
f 874/874/874 878/878/878 877/877/877
f 879/879/879 878/878/878 876/876/876
f 877/877/877 880/880/880 873/873/873
f 880/880/880 877/877/877 878/878/878
f 881/881/881 878/878/878 879/879/879
f 881/881/881 880/880/880 878/878/878
f 882/882/882 881/881/881 879/879/879
f 880/880/880 883/883/883 873/873/873
f 883/883/883 880/880/880 881/881/881
f 884/884/884 881/881/881 882/882/882
f 884/884/884 883/883/883 881/881/881
f 885/885/885 884/884/884 882/882/882
f 885/885/885 886/886/886 884/884/884
f 883/883/883 887/887/887 873/873/873
f 867/867/867 873/873/873 887/887/887
f 886/886/886 888/888/888 884/884/884
f 886/886/886 889/889/889 888/888/888
f 890/890/890 883/883/883 884/884/884
f 888/888/888 890/890/890 884/884/884
f 891/891/891 887/887/887 883/883/883
f 890/890/890 891/891/891 883/883/883
f 892/892/892 867/867/867 887/887/887
f 861/861/861 867/867/867 892/892/892
f 887/887/887 891/891/891 893/893/893
f 892/892/892 887/887/887 893/893/893
f 894/894/894 861/861/861 892/892/892
f 861/861/861 894/894/894 858/858/858
f 895/895/895 892/892/892 893/893/893
f 892/892/892 895/895/895 894/894/894
f 891/891/891 896/896/896 893/893/893
f 895/895/895 897/897/897 894/894/894
f 898/898/898 895/895/895 893/893/893
f 895/895/895 898/898/898 897/897/897
f 893/893/893 896/896/896 898/898/898
f 894/894/894 897/897/897 899/899/899
f 894/894/894 900/900/900 858/858/858
f 900/900/900 894/894/894 899/899/899
f 897/897/897 898/898/898 901/901/901
f 899/899/899 897/897/897 901/901/901
f 900/900/900 902/902/902 858/858/858
f 902/902/902 903/903/903 858/858/858
f 904/904/904 903/903/903 902/902/902
f 905/905/905 904/904/904 902/902/902
f 905/905/905 902/902/902 906/906/906
f 902/902/902 900/900/900 907/907/907
f 902/902/902 907/907/907 906/906/906
f 900/900/900 899/899/899 907/907/907
f 906/906/906 907/907/907 908/908/908
f 907/907/907 899/899/899 909/909/909
f 907/907/907 909/909/909 908/908/908
f 899/899/899 901/901/901 909/909/909
f 910/910/910 908/908/908 909/909/909
f 909/909/909 901/901/901 911/911/911
f 901/901/901 898/898/898 911/911/911
f 912/912/912 910/910/910 909/909/909
f 912/912/912 909/909/909 911/911/911
f 910/910/910 912/912/912 913/913/913
f 912/912/912 914/914/914 913/913/913
f 914/914/914 912/912/912 915/915/915
f 912/912/912 911/911/911 915/915/915
f 915/915/915 911/911/911 916/916/916
f 911/911/911 917/917/917 916/916/916
f 898/898/898 917/917/917 911/911/911
f 916/916/916 917/917/917 918/918/918
f 917/917/917 898/898/898 919/919/919
f 896/896/896 919/919/919 898/898/898
f 917/917/917 920/920/920 918/918/918
f 920/920/920 917/917/917 919/919/919
f 918/918/918 920/920/920 921/921/921
f 920/920/920 919/919/919 921/921/921
f 922/922/922 918/918/918 921/921/921
f 923/923/923 922/922/922 921/921/921
f 896/896/896 924/924/924 919/919/919
f 924/924/924 896/896/896 891/891/891
f 919/919/919 925/925/925 921/921/921
f 924/924/924 925/925/925 919/919/919
f 926/926/926 923/923/923 921/921/921
f 923/923/923 926/926/926 927/927/927
f 921/921/921 925/925/925 928/928/928
f 926/926/926 921/921/921 928/928/928
f 925/925/925 924/924/924 928/928/928
f 926/926/926 929/929/929 927/927/927
f 926/926/926 928/928/928 929/929/929
f 930/930/930 927/927/927 929/929/929
f 924/924/924 931/931/931 928/928/928
f 932/932/932 930/930/930 929/929/929
f 928/928/928 931/931/931 933/933/933
f 928/928/928 933/933/933 929/929/929
f 932/932/932 934/934/934 930/930/930
f 934/934/934 935/935/935 930/930/930
f 932/932/932 929/929/929 936/936/936
f 929/929/929 933/933/933 936/936/936
f 934/934/934 937/937/937 935/935/935
f 937/937/937 938/938/938 935/935/935
f 934/934/934 932/932/932 939/939/939
f 934/934/934 939/939/939 937/937/937
f 932/932/932 936/936/936 939/939/939
f 939/939/939 940/940/940 937/937/937
f 939/939/939 941/941/941 940/940/940
f 939/939/939 936/936/936 941/941/941
f 941/941/941 942/942/942 940/940/940
f 942/942/942 941/941/941 943/943/943
f 936/936/936 933/933/933 944/944/944
f 936/936/936 944/944/944 941/941/941
f 941/941/941 945/945/945 943/943/943
f 945/945/945 941/941/941 944/944/944
f 931/931/931 946/946/946 933/933/933
f 933/933/933 946/946/946 944/944/944
f 943/943/943 945/945/945 947/947/947
f 948/948/948 943/943/943 947/947/947
f 948/948/948 947/947/947 949/949/949
f 950/950/950 945/945/945 944/944/944
f 945/945/945 950/950/950 947/947/947
f 946/946/946 951/951/951 944/944/944
f 951/951/951 950/950/950 944/944/944
f 931/931/931 952/952/952 946/946/946
f 952/952/952 951/951/951 946/946/946
f 931/931/931 924/924/924 952/952/952
f 951/951/951 953/953/953 950/950/950
f 951/951/951 952/952/952 953/953/953
f 950/950/950 954/954/954 947/947/947
f 953/953/953 954/954/954 950/950/950
f 947/947/947 955/955/955 949/949/949
f 947/947/947 954/954/954 955/955/955
f 949/949/949 955/955/955 956/956/956
f 954/954/954 957/957/957 955/955/955
f 957/957/957 954/954/954 953/953/953
f 955/955/955 958/958/958 956/956/956
f 955/955/955 957/957/957 958/958/958
f 956/956/956 958/958/958 959/959/959
f 924/924/924 960/960/960 952/952/952
f 960/960/960 924/924/924 891/891/891
f 960/960/960 891/891/891 890/890/890
f 952/952/952 961/961/961 953/953/953
f 952/952/952 960/960/960 961/961/961
f 961/961/961 962/962/962 953/953/953
f 961/961/961 960/960/960 962/962/962
f 963/963/963 960/960/960 890/890/890
f 962/962/962 960/960/960 963/963/963
f 963/963/963 890/890/890 888/888/888
f 962/962/962 964/964/964 953/953/953
f 964/964/964 957/957/957 953/953/953
f 965/965/965 963/963/963 888/888/888
f 889/889/889 965/965/965 888/888/888
f 966/966/966 962/962/962 963/963/963
f 966/966/966 963/963/963 965/965/965
f 964/964/964 962/962/962 966/966/966
f 967/967/967 965/965/965 889/889/889
f 967/967/967 966/966/966 965/965/965
f 968/968/968 967/967/967 889/889/889
f 969/969/969 957/957/957 964/964/964
f 957/957/957 969/969/969 958/958/958
f 970/970/970 964/964/964 966/966/966
f 970/970/970 969/969/969 964/964/964
f 970/970/970 966/966/966 967/967/967
f 958/958/958 969/969/969 970/970/970
f 971/971/971 967/967/967 968/968/968
f 971/971/971 970/970/970 967/967/967
f 971/971/971 958/958/958 970/970/970
f 959/959/959 971/971/971 968/968/968
f 958/958/958 971/971/971 959/959/959
f 974/974/974 973/973/973 972/972/972
f 975/975/975 973/973/973 974/974/974
f 976/976/976 974/974/974 972/972/972
f 976/976/976 972/972/972 977/977/977
f 978/978/978 975/975/975 974/974/974
f 975/975/975 978/978/978 979/979/979
f 974/974/974 976/976/976 980/980/980
f 978/978/978 974/974/974 980/980/980
f 981/981/981 976/976/976 977/977/977
f 981/981/981 977/977/977 982/982/982
f 978/978/978 983/983/983 979/979/979
f 979/979/979 983/983/983 984/984/984
f 985/985/985 981/981/981 982/982/982
f 985/985/985 982/982/982 986/986/986
f 983/983/983 987/987/987 984/984/984
f 988/988/988 984/984/984 987/987/987
f 989/989/989 988/988/988 987/987/987
f 989/989/989 987/987/987 990/990/990
f 991/991/991 985/985/985 986/986/986
f 991/991/991 986/986/986 992/992/992
f 987/987/987 993/993/993 990/990/990
f 990/990/990 993/993/993 994/994/994
f 987/987/987 983/983/983 995/995/995
f 993/993/993 987/987/987 995/995/995
f 978/978/978 996/996/996 983/983/983
f 996/996/996 995/995/995 983/983/983
f 996/996/996 978/978/978 980/980/980
f 993/993/993 997/997/997 994/994/994
f 994/994/994 997/997/997 998/998/998
f 993/993/993 995/995/995 999/999/999
f 997/997/997 993/993/993 999/999/999
f 995/995/995 996/996/996 1000/1000/1000
f 999/999/999 995/995/995 1000/1000/1000
f 996/996/996 980/980/980 1001/1001/1001
f 1000/1000/1000 996/996/996 1001/1001/1001
f 997/997/997 1002/1002/1002 998/998/998
f 1004/1004/1004 998/998/998 1003/1003/1003
f 998/998/998 1002/1002/1002 1003/1003/1003
f 1002/1002/1002 997/997/997 1005/1005/1005
f 1003/1003/1003 1002/1002/1002 1005/1005/1005
f 997/997/997 999/999/999 1005/1005/1005
f 1006/1006/1006 1003/1003/1003 1005/1005/1005
f 1007/1007/1007 1003/1003/1003 1006/1006/1006
f 1008/1008/1008 1007/1007/1007 1006/1006/1006
f 1005/1005/1005 999/999/999 1009/1009/1009
f 1006/1006/1006 1005/1005/1005 1009/1009/1009
f 999/999/999 1000/1000/1000 1009/1009/1009
f 1008/1008/1008 1006/1006/1006 1010/1010/1010
f 1010/1010/1010 1006/1006/1006 1009/1009/1009
f 1011/1011/1011 1008/1008/1008 1010/1010/1010
f 1009/1009/1009 1000/1000/1000 1012/1012/1012
f 1000/1000/1000 1001/1001/1001 1012/1012/1012
f 1010/1010/1010 1009/1009/1009 1013/1013/1013
f 1009/1009/1009 1012/1012/1012 1013/1013/1013
f 1011/1011/1011 1010/1010/1010 1014/1014/1014
f 1010/1010/1010 1013/1013/1013 1014/1014/1014
f 840/840/840 1011/1011/1011 1015/1015/1015
f 1011/1011/1011 1014/1014/1014 1015/1015/1015
f 1015/1015/1015 1014/1014/1014 1016/1016/1016
f 1013/1013/1013 1012/1012/1012 1017/1017/1017
f 1012/1012/1012 1001/1001/1001 1017/1017/1017
f 1014/1014/1014 1013/1013/1013 1018/1018/1018
f 1018/1018/1018 1013/1013/1013 1017/1017/1017
f 1014/1014/1014 1019/1019/1019 1016/1016/1016
f 1019/1019/1019 1014/1014/1014 1018/1018/1018
f 1016/1016/1016 1019/1019/1019 1020/1020/1020
f 1021/1021/1021 1016/1016/1016 1020/1020/1020
f 1021/1021/1021 1020/1020/1020 1022/1022/1022
f 1019/1019/1019 1018/1018/1018 1023/1023/1023
f 1020/1020/1020 1019/1019/1019 1023/1023/1023
f 1018/1018/1018 1017/1017/1017 1023/1023/1023
f 1020/1020/1020 1024/1024/1024 1022/1022/1022
f 1022/1022/1022 1024/1024/1024 1025/1025/1025
f 1026/1026/1026 1024/1024/1024 1020/1020/1020
f 1023/1023/1023 1026/1026/1026 1020/1020/1020
f 1024/1024/1024 1027/1027/1027 1025/1025/1025
f 1024/1024/1024 1026/1026/1026 1027/1027/1027
f 1025/1025/1025 1027/1027/1027 1028/1028/1028
f 1030/1030/1030 1028/1028/1028 1029/1029/1029
f 1028/1028/1028 1031/1031/1031 1029/1029/1029
f 1027/1027/1027 1031/1031/1031 1028/1028/1028
f 1029/1029/1029 1031/1031/1031 1032/1032/1032
f 1026/1026/1026 1033/1033/1033 1027/1027/1027
f 1027/1027/1027 1033/1033/1033 1031/1031/1031
f 1031/1031/1031 1034/1034/1034 1032/1032/1032
f 1033/1033/1033 1034/1034/1034 1031/1031/1031
f 1035/1035/1035 1032/1032/1032 1034/1034/1034
f 1026/1026/1026 1036/1036/1036 1033/1033/1033
f 1036/1036/1036 1026/1026/1026 1023/1023/1023
f 1033/1033/1033 1037/1037/1037 1034/1034/1034
f 1036/1036/1036 1037/1037/1037 1033/1033/1033
f 1038/1038/1038 1035/1035/1035 1034/1034/1034
f 1037/1037/1037 1038/1038/1038 1034/1034/1034
f 1039/1039/1039 1035/1035/1035 1038/1038/1038
f 1040/1040/1040 1036/1036/1036 1023/1023/1023
f 1041/1041/1041 1039/1039/1039 1038/1038/1038
f 1042/1042/1042 1039/1039/1039 1041/1041/1041
f 1036/1036/1036 1040/1040/1040 1043/1043/1043
f 1043/1043/1043 1040/1040/1040 1044/1044/1044
f 1037/1037/1037 1036/1036/1036 1045/1045/1045
f 1045/1045/1045 1036/1036/1036 1043/1043/1043
f 1037/1037/1037 1046/1046/1046 1038/1038/1038
f 1046/1046/1046 1037/1037/1037 1045/1045/1045
f 1046/1046/1046 1041/1041/1041 1038/1038/1038
f 1045/1045/1045 1043/1043/1043 1047/1047/1047
f 1047/1047/1047 1043/1043/1043 1044/1044/1044
f 1048/1048/1048 1045/1045/1045 1047/1047/1047
f 1046/1046/1046 1045/1045/1045 1048/1048/1048
f 1049/1049/1049 1047/1047/1047 1044/1044/1044
f 1050/1050/1050 1046/1046/1046 1048/1048/1048
f 1046/1046/1046 1050/1050/1050 1041/1041/1041
f 1049/1049/1049 1044/1044/1044 1051/1051/1051
f 1052/1052/1052 1042/1042/1042 1041/1041/1041
f 1050/1050/1050 1052/1052/1052 1041/1041/1041
f 1053/1053/1053 1042/1042/1042 1052/1052/1052
f 1054/1054/1054 1053/1053/1053 1052/1052/1052
f 1055/1055/1055 1054/1054/1054 1052/1052/1052
f 1050/1050/1050 1055/1055/1055 1052/1052/1052
f 1056/1056/1056 1055/1055/1055 1050/1050/1050
f 1048/1048/1048 1056/1056/1056 1050/1050/1050
f 1048/1048/1048 1057/1057/1057 1056/1056/1056
f 1057/1057/1057 1058/1058/1058 1056/1056/1056
f 1059/1059/1059 1049/1049/1049 1051/1051/1051
f 1060/1060/1060 1058/1058/1058 1057/1057/1057
f 1061/1061/1061 1060/1060/1060 1057/1057/1057
f 1060/1060/1060 1062/1062/1062 1058/1058/1058
f 1062/1062/1062 1063/1063/1063 1058/1058/1058
f 1060/1060/1060 1061/1061/1061 1064/1064/1064
f 1061/1061/1061 1059/1059/1059 1064/1064/1064
f 1062/1062/1062 1065/1065/1065 1063/1063/1063
f 1065/1065/1065 1066/1066/1066 1063/1063/1063
f 1067/1067/1067 1062/1062/1062 1060/1060/1060
f 1064/1064/1064 1067/1067/1067 1060/1060/1060
f 1068/1068/1068 1065/1065/1065 1062/1062/1062
f 1067/1067/1067 1068/1068/1068 1062/1062/1062
f 1065/1065/1065 1069/1069/1069 1066/1066/1066
f 1069/1069/1069 1070/1070/1070 1066/1066/1066
f 1069/1069/1069 1065/1065/1065 1068/1068/1068
f 1071/1071/1071 1067/1067/1067 1064/1064/1064
f 1072/1072/1072 1068/1068/1068 1067/1067/1067
f 1071/1071/1071 1072/1072/1072 1067/1067/1067
f 1064/1064/1064 1059/1059/1059 1073/1073/1073
f 1073/1073/1073 1071/1071/1071 1064/1064/1064
f 1068/1068/1068 1072/1072/1072 1074/1074/1074
f 1074/1074/1074 1069/1069/1069 1068/1068/1068
f 1075/1075/1075 1072/1072/1072 1071/1071/1071
f 1069/1069/1069 1074/1074/1074 1076/1076/1076
f 1072/1072/1072 1077/1077/1077 1074/1074/1074
f 1074/1074/1074 1077/1077/1077 1076/1076/1076
f 1077/1077/1077 1072/1072/1072 1075/1075/1075
f 1078/1078/1078 1069/1069/1069 1076/1076/1076
f 1069/1069/1069 1078/1078/1078 1079/1079/1079
f 1077/1077/1077 1080/1080/1080 1076/1076/1076
f 1081/1081/1081 1069/1069/1069 1079/1079/1079
f 1077/1077/1077 1082/1082/1082 1080/1080/1080
f 1083/1083/1083 1081/1081/1081 1079/1079/1079
f 1082/1082/1082 1084/1084/1084 1080/1080/1080
f 1085/1085/1085 1083/1083/1083 1079/1079/1079
f 1086/1086/1086 1081/1081/1081 1083/1083/1083
f 1088/1088/1088 1087/1087/1087 1084/1084/1084
f 1082/1082/1082 1088/1088/1088 1084/1084/1084
f 1089/1089/1089 1088/1088/1088 1082/1082/1082
f 1090/1090/1090 1082/1082/1082 1077/1077/1077
f 1090/1090/1090 1089/1089/1089 1082/1082/1082
f 1075/1075/1075 1090/1090/1090 1077/1077/1077
f 1091/1091/1091 1089/1089/1089 1090/1090/1090
f 1092/1092/1092 1075/1075/1075 1071/1071/1071
f 1075/1075/1075 1092/1092/1092 1090/1090/1090
f 1071/1071/1071 1073/1073/1073 1092/1092/1092
f 1093/1093/1093 1091/1091/1091 1090/1090/1090
f 1092/1092/1092 1093/1093/1093 1090/1090/1090
f 1093/1093/1093 1094/1094/1094 1091/1091/1091
f 1093/1093/1093 1092/1092/1092 1094/1094/1094
f 1094/1094/1094 1095/1095/1095 1091/1091/1091
f 1073/1073/1073 1096/1096/1096 1092/1092/1092
f 1092/1092/1092 1096/1096/1096 1094/1094/1094
f 1094/1094/1094 1097/1097/1097 1095/1095/1095
f 1097/1097/1097 1094/1094/1094 1096/1096/1096
f 1097/1097/1097 992/992/992 1095/1095/1095
f 1097/1097/1097 991/991/991 992/992/992
f 1073/1073/1073 1098/1098/1098 1096/1096/1096
f 1059/1059/1059 1098/1098/1098 1073/1073/1073
f 1059/1059/1059 1051/1051/1051 1098/1098/1098
f 1099/1099/1099 1097/1097/1097 1096/1096/1096
f 1098/1098/1098 1099/1099/1099 1096/1096/1096
f 991/991/991 1097/1097/1097 1100/1100/1100
f 1097/1097/1097 1099/1099/1099 1100/1100/1100
f 1098/1098/1098 1101/1101/1101 1099/1099/1099
f 1051/1051/1051 1101/1101/1101 1098/1098/1098
f 1101/1101/1101 1100/1100/1100 1099/1099/1099
f 1100/1100/1100 1102/1102/1102 991/991/991
f 1102/1102/1102 985/985/985 991/991/991
f 981/981/981 985/985/985 1102/1102/1102
f 1101/1101/1101 1103/1103/1103 1100/1100/1100
f 1103/1103/1103 1102/1102/1102 1100/1100/1100
f 1051/1051/1051 1104/1104/1104 1101/1101/1101
f 1104/1104/1104 1103/1103/1103 1101/1101/1101
f 1051/1051/1051 1044/1044/1044 1104/1104/1104
f 1044/1044/1044 1105/1105/1105 1104/1104/1104
f 1104/1104/1104 1105/1105/1105 1023/1023/1023
f 1106/1106/1106 981/981/981 1102/1102/1102
f 1102/1102/1102 1103/1103/1103 1106/1106/1106
f 981/981/981 1106/1106/1106 976/976/976
f 1107/1107/1107 1104/1104/1104 1023/1023/1023
f 1017/1017/1017 1107/1107/1107 1023/1023/1023
f 1103/1103/1103 1104/1104/1104 1108/1108/1108
f 1104/1104/1104 1107/1107/1107 1108/1108/1108
f 1103/1103/1103 1108/1108/1108 1106/1106/1106
f 1107/1107/1107 1017/1017/1017 1109/1109/1109
f 1108/1108/1108 1107/1107/1107 1109/1109/1109
f 1001/1001/1001 1109/1109/1109 1017/1017/1017
f 1106/1106/1106 1108/1108/1108 1110/1110/1110
f 1108/1108/1108 1109/1109/1109 1110/1110/1110
f 1106/1106/1106 1110/1110/1110 976/976/976
f 1109/1109/1109 1001/1001/1001 1110/1110/1110
f 976/976/976 1110/1110/1110 980/980/980
f 1001/1001/1001 980/980/980 1110/1110/1110
f 1111/1111/1111 1083/1083/1083 1085/1085/1085
f 1112/1112/1112 1111/1111/1111 1085/1085/1085
f 1083/1083/1083 1111/1111/1111 1113/1113/1113
f 1113/1113/1113 1086/1086/1086 1083/1083/1083
f 1114/1114/1114 1111/1111/1111 1112/1112/1112
f 1115/1115/1115 1114/1114/1114 1112/1112/1112
f 1111/1111/1111 1116/1116/1116 1113/1113/1113
f 1117/1117/1117 1114/1114/1114 1115/1115/1115
f 1118/1118/1118 1117/1117/1117 1115/1115/1115
f 1114/1114/1114 1119/1119/1119 1111/1111/1111
f 1114/1114/1114 1117/1117/1117 1119/1119/1119
f 1119/1119/1119 1116/1116/1116 1111/1111/1111
f 1113/1113/1113 1116/1116/1116 1119/1119/1119
f 1117/1117/1117 1120/1120/1120 1119/1119/1119
f 1113/1113/1113 1121/1121/1121 1086/1086/1086
f 1121/1121/1121 1113/1113/1113 1119/1119/1119
f 1119/1119/1119 1120/1120/1120 1121/1121/1121
f 1121/1121/1121 1122/1122/1122 1086/1086/1086
f 1120/1120/1120 1123/1123/1123 1121/1121/1121
f 1124/1124/1124 1122/1122/1122 1121/1121/1121
f 1123/1123/1123 1124/1124/1124 1121/1121/1121
f 1127/1127/1127 1126/1126/1126 1125/1125/1125
f 1128/1128/1128 1127/1127/1127 1125/1125/1125
f 1125/1125/1125 1126/1126/1126 1129/1129/1129
f 1126/1126/1126 1130/1130/1130 1129/1129/1129
f 1129/1129/1129 1130/1130/1130 1131/1131/1131
f 1130/1130/1130 1132/1132/1132 1131/1131/1131
f 1131/1131/1131 1132/1132/1132 1133/1133/1133
f 1132/1132/1132 1134/1134/1134 1133/1133/1133
f 1133/1133/1133 1134/1134/1134 1135/1135/1135
f 1134/1134/1134 1136/1136/1136 1135/1135/1135
f 1135/1135/1135 1136/1136/1136 1137/1137/1137
f 1136/1136/1136 1138/1138/1138 1137/1137/1137
f 1137/1137/1137 1138/1138/1138 1139/1139/1139
f 1138/1138/1138 1140/1140/1140 1139/1139/1139
f 1139/1139/1139 1140/1140/1140 1141/1141/1141
f 1140/1140/1140 1142/1142/1142 1141/1141/1141
f 1141/1141/1141 1142/1142/1142 1143/1143/1143
f 1142/1142/1142 1144/1144/1144 1143/1143/1143
f 1143/1143/1143 1144/1144/1144 1145/1145/1145
f 1144/1144/1144 1146/1146/1146 1145/1145/1145
f 1145/1145/1145 1146/1146/1146 1147/1147/1147
f 1146/1146/1146 1148/1148/1148 1147/1147/1147
f 1147/1147/1147 1148/1148/1148 1149/1149/1149
f 1148/1148/1148 1150/1150/1150 1149/1149/1149
f 1149/1149/1149 1150/1150/1150 1151/1151/1151
f 1150/1150/1150 1152/1152/1152 1151/1151/1151
f 1151/1151/1151 1152/1152/1152 1153/1153/1153
f 1152/1152/1152 1154/1154/1154 1153/1153/1153
f 1153/1153/1153 1154/1154/1154 1155/1155/1155
f 1154/1154/1154 1156/1156/1156 1155/1155/1155
f 1155/1155/1155 1156/1156/1156 1157/1157/1157
f 1156/1156/1156 1158/1158/1158 1157/1157/1157
f 1157/1157/1157 1158/1158/1158 1159/1159/1159
f 1158/1158/1158 1160/1160/1160 1159/1159/1159
f 1159/1159/1159 1160/1160/1160 1161/1161/1161
f 1160/1160/1160 1162/1162/1162 1161/1161/1161
f 1161/1161/1161 1162/1162/1162 1163/1163/1163
f 1162/1162/1162 1164/1164/1164 1163/1163/1163
f 1163/1163/1163 1164/1164/1164 1165/1165/1165
f 1164/1164/1164 1166/1166/1166 1165/1165/1165
f 1165/1165/1165 1166/1166/1166 1167/1167/1167
f 1166/1166/1166 1168/1168/1168 1167/1167/1167
f 1167/1167/1167 1168/1168/1168 1169/1169/1169
f 1168/1168/1168 1170/1170/1170 1169/1169/1169
f 1169/1169/1169 1170/1170/1170 1171/1171/1171
f 1170/1170/1170 1172/1172/1172 1171/1171/1171
f 1171/1171/1171 1172/1172/1172 1173/1173/1173
f 1172/1172/1172 1174/1174/1174 1173/1173/1173
f 1177/1177/1177 1176/1176/1176 1175/1175/1175
f 1176/1176/1176 1177/1177/1177 1178/1178/1178
f 1177/1177/1177 1179/1179/1179 1178/1178/1178
f 1180/1180/1180 1178/1178/1178 1179/1179/1179
f 1181/1181/1181 1177/1177/1177 1175/1175/1175
f 1182/1182/1182 1180/1180/1180 1179/1179/1179
f 1183/1183/1183 1180/1180/1180 1182/1182/1182
f 1184/1184/1184 1183/1183/1183 1182/1182/1182
f 1185/1185/1185 1181/1181/1181 1175/1175/1175
f 1185/1185/1185 1186/1186/1186 1181/1181/1181
f 1185/1185/1185 1187/1187/1187 1186/1186/1186
f 1185/1185/1185 1188/1188/1188 1187/1187/1187
f 1185/1185/1185 1175/1175/1175 1189/1189/1189
f 1185/1185/1185 1190/1190/1190 1188/1188/1188
f 1191/1191/1191 1185/1185/1185 1189/1189/1189
f 1185/1185/1185 1192/1192/1192 1190/1190/1190
f 1193/1193/1193 1191/1191/1191 1189/1189/1189
f 1192/1192/1192 1194/1194/1194 1190/1190/1190
f 1195/1195/1195 1193/1193/1193 1189/1189/1189
f 1194/1194/1194 1196/1196/1196 1190/1190/1190
f 1196/1196/1196 1197/1197/1197 1190/1190/1190
f 1198/1198/1198 1195/1195/1195 1189/1189/1189
f 1198/1198/1198 1189/1189/1189 1199/1199/1199
f 1198/1198/1198 1199/1199/1199 1200/1200/1200
f 1198/1198/1198 1200/1200/1200 1201/1201/1201
f 1201/1201/1201 1202/1202/1202 1198/1198/1198
f 1205/1205/1205 1204/1204/1204 1203/1203/1203
f 1206/1206/1206 1205/1205/1205 1203/1203/1203
f 1205/1205/1205 1207/1207/1207 1204/1204/1204
f 1206/1206/1206 1203/1203/1203 1208/1208/1208
f 1207/1207/1207 1209/1209/1209 1204/1204/1204
f 1203/1203/1203 1210/1210/1210 1208/1208/1208
f 1207/1207/1207 1211/1211/1211 1209/1209/1209
f 1211/1211/1211 1212/1212/1212 1209/1209/1209
f 1208/1208/1208 1210/1210/1210 1213/1213/1213
f 1210/1210/1210 1214/1214/1214 1213/1213/1213
f 1217/1217/1217 1216/1216/1216 1215/1215/1215
f 1216/1216/1216 1218/1218/1218 1215/1215/1215
f 1218/1218/1218 1219/1219/1219 1215/1215/1215
f 1219/1219/1219 1218/1218/1218 1220/1220/1220
f 1221/1221/1221 1217/1217/1217 1215/1215/1215
f 1222/1222/1222 1219/1219/1219 1220/1220/1220
f 1222/1222/1222 1220/1220/1220 1223/1223/1223
f 1224/1224/1224 1222/1222/1222 1223/1223/1223
f 1225/1225/1225 1217/1217/1217 1221/1221/1221
f 1225/1225/1225 1221/1221/1221 1226/1226/1226
f 1225/1225/1225 1226/1226/1226 1227/1227/1227
f 1225/1225/1225 1227/1227/1227 1228/1228/1228
f 1225/1225/1225 1229/1229/1229 1217/1217/1217
f 1225/1225/1225 1228/1228/1228 1230/1230/1230
f 1231/1231/1231 1229/1229/1229 1225/1225/1225
f 1225/1225/1225 1230/1230/1230 1232/1232/1232
f 1233/1233/1233 1229/1229/1229 1231/1231/1231
f 1232/1232/1232 1230/1230/1230 1234/1234/1234
f 1235/1235/1235 1229/1229/1229 1233/1233/1233
f 1234/1234/1234 1230/1230/1230 1236/1236/1236
f 1236/1236/1236 1230/1230/1230 1237/1237/1237
f 1238/1238/1238 1229/1229/1229 1235/1235/1235
f 1238/1238/1238 1239/1239/1239 1229/1229/1229
f 1238/1238/1238 1240/1240/1240 1239/1239/1239
f 1238/1238/1238 1241/1241/1241 1240/1240/1240
f 1241/1241/1241 1238/1238/1238 1242/1242/1242
f 1245/1245/1245 1244/1244/1244 1243/1243/1243
f 1247/1247/1247 1245/1245/1245 1243/1243/1243
f 1243/1243/1243 1244/1244/1244 1246/1246/1246
f 1247/1247/1247 1249/1249/1249 1245/1245/1245
f 1244/1244/1244 1248/1248/1248 1246/1246/1246
f 1249/1249/1249 1252/1252/1252 1245/1245/1245
f 1246/1246/1246 1248/1248/1248 1250/1250/1250
f 1248/1248/1248 1251/1251/1251 1250/1250/1250
f 1249/1249/1249 1253/1253/1253 1252/1252/1252
f 1253/1253/1253 1254/1254/1254 1252/1252/1252
