# VPXTOOL table OBJ file
# VPXTOOL OBJ file
# numVerts: 3886 numFaces: 6763
o PinCab_Coindoor
v -0.494769 -0.47704 -2.315729
v -0.493681 -0.477996 -2.314815
v -0.490844 -0.478793 -2.315926
v -0.497058 -0.473589 -2.31453
v -0.488351 -0.478862 -2.31487
v -0.488477 -0.463476 -2.314915
v -0.492747 -0.46403 -2.314919
v -0.492739 -0.465882 -2.316912
v -0.487152 -0.465572 -2.316964
v -0.494103 0.052834 -2.286052
v -0.496302 0.052549 -2.284226
v -0.49299 0.049564 -2.284448
v -0.49137 0.050982 -2.286201
v -0.49715 -0.473222 -2.315567
v -0.484674 -0.477114 -2.315764
v -0.487483 -0.478533 -2.315876
v -0.484412 -0.476943 -2.314747
v -0.781133 -0.191641 -2.298819
v -0.781915 -0.193055 -2.300782
v -0.779644 -0.196347 -2.300993
v -0.778652 -0.194087 -2.298981
v -0.497285 0.05548 -2.284032
v -0.495564 0.055871 -2.285885
v -0.494664 0.059909 -2.285591
v -0.497074 0.058903 -2.28379
v -0.484713 -0.465216 -2.313989
v -0.484471 -0.465362 -2.315059
v -0.482152 -0.469109 -2.315247
v -0.482251 -0.468832 -2.314223
v -0.495328 -0.472677 -2.317361
v -0.495372 -0.469357 -2.31713
v -0.497074 -0.468823 -2.315228
v -0.487994 -0.47228 -2.318542
v -0.489689 -0.476996 -2.317656
v -0.485757 -0.475537 -2.317536
v -0.491498 -0.471333 -2.31849
v -0.489428 -0.468683 -2.318216
v -0.482226 -0.473448 -2.315581
v -0.48398 -0.472707 -2.317353
v -0.49357 -0.475533 -2.317528
v -0.483194 0.052253 -2.28422
v -0.484648 0.053448 -2.286009
v -0.487333 0.051232 -2.286159
v -0.485487 0.050103 -2.284379
v -0.495481 -0.466114 -2.315074
v -0.496958 -0.468196 -2.314182
v -0.496087 0.052151 -2.283221
v -0.492701 0.049374 -2.283399
v -0.493065 -0.464234 -2.313925
v -0.786408 -0.205768 -2.299736
v -0.785321 -0.204054 -2.301474
v -0.789829 -0.201877 -2.301359
v -0.790414 -0.203998 -2.299622
v -0.782253 -0.191029 -2.297753
v -0.784044 -0.190454 -2.298722
v -0.781439 -0.202451 -2.301387
v -0.783481 -0.199231 -2.302338
v -0.787301 -0.199103 -2.302277
v -0.488549 0.064231 -2.283471
v -0.488822 0.062572 -2.28542
v -0.485009 0.060479 -2.285581
v -0.484543 0.062462 -2.283586
v -0.167233 -0.205252 -2.299702
v -0.1638 -0.202405 -2.299547
v -0.165213 -0.201297 -2.301348
v -0.169318 -0.203844 -2.301464
v -0.488351 0.048864 -2.283432
v -0.488693 0.048871 -2.284438
v -0.175934 -0.199781 -2.301202
v -0.177794 -0.200102 -2.29937
v -0.175392 -0.203999 -2.299621
v -0.173383 -0.203135 -2.301433
v -0.162503 -0.19797 -2.298201
v -0.162502 -0.198262 -2.299225
v -0.164122 -0.203115 -2.298533
v -0.483929 -0.469384 -2.317131
v -0.777882 -0.200442 -2.299367
v -0.779571 -0.199688 -2.301175
v -0.779475 -0.20315 -2.299562
v -0.787473 -0.205552 -2.29869
v -0.783997 -0.205823 -2.298707
v -0.171873 -0.196267 -2.302093
v -0.175998 -0.196453 -2.300987
v -0.171108 -0.200006 -2.302388
v -0.791239 -0.203308 -2.298546
v -0.17245 -0.19079 -2.297737
v -0.173498 -0.191076 -2.298786
v -0.171245 -0.192174 -2.300716
v -0.170279 -0.190419 -2.298739
v -0.782256 -0.205252 -2.299702
v -0.779144 -0.203115 -2.298533
v -0.777526 -0.19797 -2.298201
v -0.16847 -0.197313 -2.30227
v -0.777671 -0.197018 -2.299165
v -0.778869 -0.193806 -2.297931
v -0.163848 -0.193806 -2.297931
v -0.163631 -0.194086 -2.298981
v -0.787801 -0.190689 -2.297731
v -0.787473 -0.190731 -2.29876
v -0.787012 -0.192187 -2.300692
v -0.166866 -0.191139 -2.29879
v -0.166983 -0.19293 -2.300756
v -0.790282 -0.192152 -2.298831
v -0.174306 -0.204956 -2.298651
v -0.171384 -0.205768 -2.299736
v -0.79195 -0.194142 -2.297953
v -0.78548 -0.196033 -2.302187
v -0.79035 -0.194914 -2.300893
v -0.483718 0.061654 -2.282606
v -0.48214 0.058568 -2.283837
v -0.792703 -0.195735 -2.299088
v -0.793076 -0.198371 -2.298226
v -0.791239 -0.198146 -2.301085
v -0.492776 0.063686 -2.283536
v -0.492113 0.062048 -2.285461
v -0.792816 -0.200105 -2.29937
v -0.48188 0.056717 -2.282926
v -0.483759 0.056678 -2.285825
v -0.482025 0.05548 -2.284032
v -0.168975 -0.205823 -2.298707
v -0.175522 -0.192437 -2.297843
v -0.176708 -0.193746 -2.298959
v -0.177796 -0.19618 -2.298085
v -0.177909 -0.197018 -2.299165
v -0.496304 0.060544 -2.282678
v -0.495481 0.061612 -2.283636
v -0.177683 -0.200547 -2.298367
v -0.174272 -0.193617 -2.300792
v -0.491843 0.055994 -2.286975
v -0.489382 0.058649 -2.286916
v -0.168064 -0.190647 -2.297727
v -0.488747 -0.463501 -2.313878
v -0.164545 -0.196488 -2.300984
v -0.488179 0.055045 -2.287079
v -0.49743 0.056316 -2.282951
v -0.482138 -0.473204 -2.314505
v -0.492157 0.063997 -2.282455
v -0.487483 0.063897 -2.282461
v -0.483497 0.051573 -2.283258
v -0.48111 -0.339459 -2.33055
v -0.495269 -0.340662 -2.330222
v -0.466015 -0.340434 -2.330208
v -0.517641 -0.33944 -2.330551
v -0.5215 -0.335042 -2.330292
v -0.439514 -0.334953 -2.330286
v -0.51412 -0.340552 -2.330221
v -0.443939 -0.338983 -2.330522
v -0.513798 -0.342043 -2.326036
v -0.518579 -0.333903 -2.329837
v -0.44314 -0.333885 -2.329841
v -0.443528 -0.332789 -2.326581
v -0.518413 -0.332821 -2.326664
v -0.520659 -0.328558 -2.309312
v -0.441168 -0.328497 -2.309485
v -0.439092 -0.326835 -2.306551
v -0.432953 -0.328629 -2.309454
v -0.520877 -0.327272 -2.306578
v -0.523574 -0.332946 -2.326611
v -0.527678 -0.328799 -2.309464
v -0.522623 -0.333984 -2.329849
v -0.524464 -0.334422 -2.329876
v -0.525542 -0.333419 -2.326641
v -0.523689 -0.335634 -2.330328
v -0.530211 -0.329345 -2.309497
v -0.519675 -0.339993 -2.330584
v -0.530603 -0.332769 -2.3097
v -0.520153 -0.342658 -2.330743
v -0.531805 -0.327946 -2.306618
v -0.529088 -0.327489 -2.306591
v -0.533385 -0.315463 -2.305873
v -0.532219 -0.33148 -2.306828
v -0.532381 -0.341237 -2.307411
v -0.499255 -0.312609 -2.305702
v -0.519406 -0.303769 -2.305241
v -0.463608 -0.312629 -2.305704
v -0.539251 -0.296258 -2.304728
v -0.55814 -0.304914 -2.305287
v -0.424587 -0.316332 -2.305925
v -0.592611 -0.311823 -2.305655
v -0.431468 -0.32694 -2.306558
v -0.428441 -0.32746 -2.306589
v -0.628219 -0.309714 -2.305529
v -0.532555 -0.421031 -2.312173
v -0.644147 -0.426956 -2.312526
v -0.592691 -0.424611 -2.312386
v -0.548443 -0.422672 -2.312271
v -0.567228 -0.433045 -2.314281
v -0.548542 -0.432931 -2.314275
v -0.536038 -0.433687 -2.313819
v -0.548585 -0.437023 -2.318696
v -0.532444 -0.430461 -2.312735
v -0.530788 -0.389401 -2.313084
v -0.530842 -0.417524 -2.314732
v -0.530718 -0.341499 -2.310251
v -0.530703 -0.427892 -2.315377
v -0.52592 -0.343514 -2.327302
v -0.52615 -0.387414 -2.329844
v -0.525829 -0.336153 -2.326799
v -0.524722 -0.337232 -2.330041
v -0.524159 -0.419048 -2.335304
v -0.520261 -0.413757 -2.334984
v -0.525046 -0.400437 -2.333796
v -0.526246 -0.413874 -2.33164
v -0.526242 -0.421377 -2.331884
v -0.52522 -0.419729 -2.33497
v -0.524876 -0.422277 -2.335117
v -0.519045 -0.41409 -2.334609
v -0.519288 -0.408313 -2.334259
v -0.519278 -0.347585 -2.330637
v -0.518225 -0.38681 -2.328923
v -0.518313 -0.409027 -2.330598
v -0.518159 -0.347647 -2.326556
v -0.513366 -0.351723 -2.301024
v -0.513713 -0.388399 -2.303214
v -0.513916 -0.408896 -2.304436
v -0.513839 -0.410715 -2.304546
v -0.5181 -0.413412 -2.330505
v -0.518048 -0.343981 -2.326366
v -0.513239 -0.350055 -2.300925
v -0.512915 -0.349229 -2.300876
v -0.517773 -0.414796 -2.330589
v -0.513556 -0.411558 -2.304596
v -0.512819 -0.411819 -2.304611
v -0.518687 -0.415596 -2.334699
v -0.516514 -0.415046 -2.330602
v -0.513471 -0.415085 -2.330405
v -0.511379 -0.411916 -2.304617
v -0.519605 -0.416759 -2.335165
v -0.517309 -0.415862 -2.334714
v -0.523774 -0.42133 -2.335441
v -0.513285 -0.415989 -2.334717
v -0.494883 -0.41207 -2.304626
v -0.512806 -0.417089 -2.335183
v -0.467532 -0.414886 -2.330581
v -0.452497 -0.412462 -2.304651
v -0.450437 -0.414888 -2.330908
v -0.445254 -0.41552 -2.334695
v -0.450307 -0.412415 -2.304647
v -0.445696 -0.414775 -2.330585
v -0.449332 -0.4122 -2.304634
v -0.444383 -0.416578 -2.335152
v -0.43737 -0.420884 -2.335417
v -0.481263 -0.422459 -2.335115
v -0.522418 -0.422529 -2.335132
v -0.522984 -0.423914 -2.332396
v -0.525894 -0.423789 -2.332031
v -0.526876 -0.431183 -2.315557
v -0.53033 -0.430954 -2.31556
v -0.532028 -0.433774 -2.312933
v -0.527719 -0.433907 -2.312939
v -0.533026 -0.435795 -2.31445
v -0.53341 -0.437113 -2.318701
v -0.473733 -0.43412 -2.312956
v -0.495421 -0.431301 -2.315578
v -0.481209 -0.424141 -2.331905
v -0.461463 -0.431234 -2.315561
v -0.448349 -0.423896 -2.331882
v -0.439164 -0.422111 -2.335114
v -0.44295 -0.415135 -2.334672
v -0.441707 -0.416079 -2.335124
v -0.444055 -0.414493 -2.33057
v -0.443704 -0.413161 -2.330491
v -0.448994 -0.411327 -2.304582
v -0.448811 -0.40896 -2.304436
v -0.443564 -0.409821 -2.330317
v -0.442585 -0.413696 -2.334586
v -0.442377 -0.409067 -2.334301
v -0.443528 -0.392716 -2.329263
v -0.448541 -0.393684 -2.303529
v -0.443504 -0.379388 -2.328466
v -0.448289 -0.38046 -2.30274
v -0.443405 -0.348207 -2.326841
v -0.447746 -0.351154 -2.300993
v -0.442439 -0.346805 -2.330589
v -0.443568 -0.343817 -2.326351
v -0.447817 -0.349728 -2.300905
v -0.448144 -0.348819 -2.300851
v -0.441378 -0.342598 -2.330738
v -0.443843 -0.342164 -2.326256
v -0.448972 -0.348352 -2.300823
v -0.442586 -0.342634 -2.330344
v -0.445086 -0.341583 -2.326221
v -0.450581 -0.348206 -2.300813
v -0.442873 -0.34084 -2.330239
v -0.441237 -0.408831 -2.33469
v -0.436988 -0.338061 -2.330472
v -0.436909 -0.418608 -2.335279
v -0.435825 -0.400221 -2.333787
v -0.435853 -0.337271 -2.330047
v -0.434596 -0.342983 -2.327272
v -0.434643 -0.414055 -2.331692
v -0.435768 -0.41945 -2.334957
v -0.436162 -0.421855 -2.335101
v -0.434655 -0.421143 -2.331883
v -0.437762 -0.423665 -2.332033
v -0.435008 -0.423417 -2.332022
v -0.433572 -0.431115 -2.315593
v -0.432925 -0.434162 -2.312947
v -0.430159 -0.430936 -2.315561
v -0.467262 -0.436152 -2.314467
v -0.42982 -0.42795 -2.315382
v -0.428684 -0.434056 -2.31295
v -0.42964 -0.418057 -2.314747
v -0.427991 -0.436336 -2.314493
v -0.428116 -0.421617 -2.312208
v -0.42828 -0.430795 -2.312755
v -0.429548 -0.389087 -2.313059
v -0.425263 -0.434309 -2.313856
v -0.427841 -0.34449 -2.307605
v -0.429458 -0.34454 -2.310405
v -0.41408 -0.42358 -2.312325
v -0.369286 -0.311879 -2.305659
v -0.369486 -0.426325 -2.312488
v -0.428071 -0.331022 -2.306801
v -0.332788 -0.304345 -2.305227
v -0.429721 -0.332371 -2.309678
v -0.430108 -0.32909 -2.309482
v -0.434704 -0.335945 -2.326791
v -0.435055 -0.333347 -2.326641
v -0.437345 -0.332921 -2.326613
v -0.436221 -0.334359 -2.329875
v -0.438376 -0.333938 -2.329849
v -0.437336 -0.335419 -2.330316
v -0.441799 -0.339767 -2.33057
v -0.444221 -0.340238 -2.330203
v -0.447741 -0.340047 -2.330188
v -0.448069 -0.341489 -2.326085
v -0.466079 -0.341844 -2.326227
v -0.510788 -0.348769 -2.300847
v -0.495168 -0.342076 -2.326241
v -0.512194 -0.348904 -2.300857
v -0.516511 -0.342083 -2.326254
v -0.517416 -0.340706 -2.330233
v -0.517723 -0.342454 -2.326277
v -0.518736 -0.3411 -2.330257
v -0.519082 -0.342778 -2.330356
v -0.403939 -0.305048 -2.305297
v -0.424048 -0.296644 -2.30475
v -0.44469 -0.30409 -2.305254
v -0.456408 -0.305724 -2.305393
v -0.46378 -0.304711 -2.305402
v -0.454548 -0.302485 -2.305511
v -0.501343 -0.304234 -2.305386
v -0.479574 -0.302228 -2.305586
v -0.45521 -0.300926 -2.306612
v -0.508275 -0.305392 -2.305377
v -0.510857 -0.301998 -2.305496
v -0.51034 -0.300403 -2.306597
v -0.457122 -0.297695 -2.311703
v -0.508877 -0.297192 -2.311663
v -0.514512 -0.299071 -2.30647
v -0.458324 -0.294227 -2.312988
v -0.515598 -0.300384 -2.305384
v -0.517137 -0.295662 -2.305146
v -0.507721 -0.293768 -2.312961
v -0.512246 -0.296055 -2.311632
v -0.50975 -0.293451 -2.31287
v -0.515825 -0.294924 -2.306267
v -0.513429 -0.292991 -2.31137
v -0.507473 -0.291458 -2.312933
v -0.510116 -0.291769 -2.31283
v -0.505045 -0.157157 -2.304919
v -0.515261 -0.247528 -2.303503
v -0.516971 -0.272808 -2.303833
v -0.512099 -0.210277 -2.306438
v -0.523294 -0.295789 -2.304822
v -0.514624 -0.184433 -2.299701
v -0.508114 -0.18291 -2.306341
v -0.516047 -0.170129 -2.297639
v -0.52252 -0.165602 -2.297037
v -0.511628 -0.183018 -2.304835
v -0.514388 -0.165069 -2.298369
v -0.511143 -0.165091 -2.303636
v -0.507755 -0.165193 -2.305274
v -0.51413 -0.154919 -2.297329
v -0.510467 -0.156138 -2.30268
v -0.458455 -0.291731 -2.312949
v -0.453582 -0.296507 -2.311708
v -0.456241 -0.293859 -2.312911
v -0.450537 -0.299622 -2.306454
v -0.449151 -0.300874 -2.305374
v -0.455803 -0.291903 -2.312856
v -0.447447 -0.295981 -2.305122
v -0.449088 -0.295334 -2.306282
v -0.452272 -0.293219 -2.311443
v -0.440898 -0.296272 -2.304832
v -0.457038 -0.158943 -2.305025
v -0.454596 -0.158781 -2.30491
v -0.447929 -0.156284 -2.297961
v -0.451123 -0.157779 -2.303365
v -0.446331 -0.155706 -2.29676
v -0.439785 -0.155963 -2.296462
v -0.423118 -0.15397 -2.296235
v -0.406137 -0.149132 -2.296048
v -0.442425 -0.144463 -2.295729
v -0.407091 -0.295823 -2.304825
v -0.400633 -0.295594 -2.305169
v -0.399966 -0.155058 -2.296716
v -0.398672 -0.2108 -2.301278
v -0.398891 -0.247528 -2.303502
v -0.399268 -0.294948 -2.306273
v -0.398345 -0.155515 -2.297942
v -0.395635 -0.191257 -2.305314
v -0.396864 -0.292973 -2.311368
v -0.391672 -0.158173 -2.304872
v -0.393437 -0.291663 -2.312825
v -0.390359 -0.291416 -2.312931
v -0.412874 -0.125573 -2.294541
v -0.43991 -0.122013 -2.294329
v -0.45593 -0.120778 -2.294255
v -0.395097 -0.156954 -2.303342
v -0.454658 -0.140767 -2.295559
v -0.465531 -0.120001 -2.294209
v -0.473312 -0.117814 -2.294078
v -0.453153 -0.14835 -2.296335
v -0.396943 -0.150387 -2.297544
v -0.447894 -0.150219 -2.29639
v -0.398273 -0.149259 -2.296323
v -0.449271 -0.151403 -2.297617
v -0.393043 -0.147322 -2.296248
v -0.397534 -0.140853 -2.295558
v -0.388369 -0.12138 -2.294291
v -0.368447 -0.119944 -2.294205
v -0.392414 -0.148773 -2.29754
v -0.345274 -0.13942 -2.295484
v -0.393863 -0.152891 -2.303142
v -0.353486 -0.11924 -2.294163
v -0.343862 -0.11724 -2.294044
v -0.345221 -0.147249 -2.296286
v -0.390542 -0.151452 -2.303013
v -0.391228 -0.155567 -2.30466
v -0.38907 -0.158251 -2.304984
v -0.389245 -0.154964 -2.304682
v -0.376882 -0.151257 -2.302915
v -0.345888 -0.148675 -2.297532
v -0.348503 -0.154738 -2.304662
v -0.34748 -0.151192 -2.302956
v -0.332168 -0.14242 -2.29561
v -0.330028 -0.11532 -2.293929
v -0.340769 -0.150283 -2.297572
v -0.339427 -0.149051 -2.296338
v -0.343439 -0.152632 -2.303093
v -0.337665 -0.15468 -2.29673
v -0.3392 -0.155309 -2.297956
v -0.346114 -0.155321 -2.304634
v -0.345508 -0.15794 -2.304851
v -0.348504 -0.158142 -2.304978
v -0.341964 -0.156789 -2.303258
v -0.348413 -0.291437 -2.312932
v -0.392922 -0.293427 -2.312869
v -0.397795 -0.299111 -2.306471
v -0.39057 -0.29372 -2.31296
v -0.395519 -0.296045 -2.311633
v -0.391684 -0.297149 -2.311671
v -0.398924 -0.300541 -2.305392
v -0.39309 -0.300485 -2.30656
v -0.393743 -0.302095 -2.305499
v -0.382832 -0.304167 -2.305384
v -0.348246 -0.29374 -2.312965
v -0.369291 -0.302236 -2.305532
v -0.369289 -0.30547 -2.305388
v -0.352161 -0.304387 -2.30538
v -0.345399 -0.300853 -2.306543
v -0.344852 -0.302414 -2.305491
v -0.347108 -0.297251 -2.311694
v -0.345992 -0.293427 -2.312885
v -0.34336 -0.296107 -2.311682
v -0.3455 -0.291653 -2.312834
v -0.341985 -0.292975 -2.311399
v -0.339184 -0.295181 -2.306267
v -0.340662 -0.29948 -2.306448
v -0.339511 -0.30076 -2.305369
v -0.328024 -0.155196 -2.296423
v -0.337726 -0.295668 -2.305132
v -0.328268 -0.295265 -2.304778
v -0.27631 -0.147475 -2.296008
v -0.336804 -0.082437 -2.291967
v -0.277448 0.007947 -2.286731
v -0.335126 -0.008684 -2.287566
v -0.33522 0.003952 -2.286812
v -0.335454 0.006921 -2.286634
v -0.266957 -0.006925 -2.288095
v -0.266763 -0.080792 -2.292519
v -0.267803 0.006789 -2.287274
v -0.33589 0.01037 -2.286429
v -0.265657 -0.080467 -2.293375
v -0.282344 0.012219 -2.286494
v -0.265875 -0.006792 -2.288957
v -0.263669 -0.081332 -2.296066
v -0.266127 -0.413772 -2.313264
v -0.267227 -0.413784 -2.312393
v -0.276579 -0.309859 -2.3057
v -0.264146 -0.413656 -2.315896
v -0.262944 -0.350267 -2.312993
v -0.262564 -0.082392 -2.297006
v -0.258359 -0.013476 -2.293381
v -0.258857 -0.354491 -2.313732
v -0.248915 -0.40004 -2.316612
v -0.22422 -0.158835 -2.302218
v -0.223637 -0.354426 -2.31389
v -0.277212 -0.421193 -2.312342
v -0.336433 -0.428419 -2.312612
v -0.268735 -0.425382 -2.313014
v -0.267604 -0.425425 -2.313792
v -0.395368 -0.434103 -2.314341
v -0.414125 -0.433752 -2.314324
v -0.273254 -0.432847 -2.313251
v -0.282163 -0.432252 -2.312936
v -0.286325 -0.436809 -2.314544
v -0.338473 -0.435326 -2.314418
v -0.369543 -0.438078 -2.318759
v -0.338723 -0.438301 -2.318772
v -0.414156 -0.437815 -2.318743
v -0.421554 -0.440752 -2.325785
v -0.338913 -0.441162 -2.325808
v -0.279162 -0.438911 -2.318805
v -0.406753 -0.442242 -2.326057
v -0.279965 -0.44141 -2.325825
v -0.427737 -0.437718 -2.318711
v -0.277018 -0.43703 -2.314735
v -0.272021 -0.43287 -2.313733
v -0.270027 -0.432875 -2.315133
v -0.274373 -0.437042 -2.315352
v -0.265627 -0.425456 -2.316126
v -0.268997 -0.43295 -2.315654
v -0.26312 -0.414062 -2.316797
v -0.264574 -0.42561 -2.31692
v -0.275326 -0.438932 -2.319035
v -0.273271 -0.441512 -2.325828
v -0.278052 -0.442594 -2.326078
v -0.279037 -0.444292 -2.325437
v -0.228052 -0.45254 -2.280599
v -0.227732 -0.449663 -2.316247
v -0.641639 -0.449664 -2.316238
v -0.282672 -0.446986 -2.323347
v -0.684644 -0.452541 -2.280599
v -0.429529 -0.444198 -2.325426
v -0.500528 -0.446992 -2.32334
v -0.53081 -0.440187 -2.325751
v -0.522729 -0.441896 -2.326037
v -0.522138 -0.444132 -2.325422
v -0.635734 -0.447001 -2.323336
v -0.634394 -0.444077 -2.325408
v -0.677655 -0.449705 -2.316262
v -0.680204 -0.447152 -2.323361
v -0.689971 -0.449669 -2.316205
v -0.697847 -0.449651 -2.316491
v -0.721543 -0.45254 -2.280599
v -0.681436 -0.444254 -2.325427
v -0.682845 -0.44149 -2.326016
v -0.692269 -0.447006 -2.323331
v -0.689546 -0.444022 -2.325416
v -0.677409 -0.439349 -2.325698
v -0.684027 -0.439338 -2.325701
v -0.716413 -0.449433 -2.316074
v -0.740492 -0.451474 -2.280535
v -0.71413 -0.447001 -2.323341
v -0.741473 -0.448611 -2.316427
v -0.741792 -0.446037 -2.323283
v -0.752877 -0.445511 -2.315992
v -0.75316 -0.448275 -2.280344
v -0.760572 -0.442677 -2.28001
v -0.752054 -0.443175 -2.323112
v -0.760073 -0.439917 -2.315658
v -0.763751 -0.434411 -2.279517
v -0.741438 -0.443103 -2.325359
v -0.713869 -0.444006 -2.325413
v -0.713631 -0.441334 -2.326004
v -0.741055 -0.44041 -2.325948
v -0.688698 -0.439353 -2.325713
v -0.713423 -0.439203 -2.325702
v -0.749589 -0.437857 -2.325796
v -0.75089 -0.440487 -2.325203
v -0.740694 -0.438236 -2.325649
v -0.756518 -0.435805 -2.324923
v -0.758581 -0.43799 -2.322803
v -0.761182 -0.430061 -2.32233
v -0.763108 -0.431438 -2.315153
v -0.764812 -0.416832 -2.278468
v -0.758664 -0.428721 -2.324501
v -0.764065 -0.414009 -2.314118
v -0.761827 -0.413237 -2.321327
v -0.759069 -0.412786 -2.323555
v -0.761824 -0.269777 -2.312744
v -0.759022 -0.327065 -2.31843
v -0.764073 -0.239968 -2.303763
v -0.764814 -0.209097 -2.266071
v -0.758863 -0.283645 -2.315843
v -0.761885 -0.250566 -2.311618
v -0.75783 -0.260677 -2.314473
v -0.758474 -0.270311 -2.315047
v -0.754373 -0.270619 -2.315816
v -0.761886 -0.231059 -2.310456
v -0.757003 -0.241213 -2.31286
v -0.761816 -0.213305 -2.309398
v -0.756731 -0.220693 -2.312091
v -0.764076 -0.17124 -2.29966
v -0.761816 -0.196114 -2.308368
v -0.757011 -0.209084 -2.311397
v -0.761882 -0.178897 -2.307342
v -0.75674 -0.189564 -2.310225
v -0.76188 -0.159807 -2.306202
v -0.756731 -0.169398 -2.308656
v -0.756356 -0.179932 -2.309651
v -0.738207 -0.191207 -2.310594
v -0.740666 -0.205129 -2.31144
v -0.739986 -0.198021 -2.311009
v -0.736517 -0.198491 -2.309612
v -0.74018 -0.212183 -2.311854
v -0.756408 -0.229666 -2.312623
v -0.738532 -0.219049 -2.312256
v -0.736711 -0.212073 -2.310424
v -0.737291 -0.205263 -2.310042
v -0.735723 -0.225595 -2.312647
v -0.731393 -0.231437 -2.313
v -0.751087 -0.243598 -2.313473
v -0.731669 -0.22455 -2.311139
v -0.734822 -0.218607 -2.310781
v -0.734613 -0.205502 -2.306811
v -0.732224 -0.217858 -2.307467
v -0.734025 -0.211802 -2.307153
v -0.721327 -0.206496 -2.293522
v -0.720864 -0.210236 -2.293766
v -0.719684 -0.213858 -2.293999
v -0.717963 -0.217003 -2.294168
v -0.733885 -0.199296 -2.306402
v -0.720899 -0.202998 -2.293319
v -0.719759 -0.199747 -2.293145
v -0.72931 -0.223331 -2.307796
v -0.731995 -0.193465 -2.306005
v -0.718085 -0.196749 -2.292989
v -0.72539 -0.228092 -2.308101
v -0.715753 -0.219651 -2.294284
v -0.7345 -0.192116 -2.309197
v -0.729097 -0.188289 -2.305701
v -0.715816 -0.194008 -2.292837
v -0.73135 -0.186499 -2.308863
v -0.725262 -0.183732 -2.305455
v -0.712887 -0.191529 -2.292673
v -0.735393 -0.185037 -2.310226
v -0.727191 -0.18159 -2.308587
v -0.731184 -0.179602 -2.309906
v -0.751204 -0.167248 -2.30894
v -0.722149 -0.177338 -2.308344
v -0.72056 -0.179761 -2.305233
v -0.715153 -0.176711 -2.305058
v -0.709621 -0.189636 -2.292537
v -0.72522 -0.174996 -2.309633
v -0.709204 -0.174918 -2.304951
v -0.706337 -0.188653 -2.292469
v -0.716326 -0.174068 -2.308155
v -0.702956 -0.174377 -2.304906
v -0.70291 -0.188476 -2.292474
v -0.709824 -0.172107 -2.308039
v -0.699216 -0.189001 -2.292559
v -0.718156 -0.171534 -2.309429
v -0.728306 -0.158979 -2.309044
v -0.696651 -0.175084 -2.304918
v -0.710644 -0.169535 -2.309309
v -0.690629 -0.176918 -2.304999
v -0.695651 -0.190111 -2.29268
v -0.692611 -0.19169 -2.292792
v -0.714268 -0.158947 -2.30898
v -0.703026 -0.168953 -2.309272
v -0.702982 -0.171472 -2.307992
v -0.696136 -0.172184 -2.308009
v -0.685229 -0.17976 -2.305164
v -0.690037 -0.193759 -2.292908
v -0.689605 -0.174141 -2.308103
v -0.680538 -0.183582 -2.305402
v -0.687868 -0.196341 -2.29304
v -0.683706 -0.177245 -2.308283
v -0.688689 -0.171839 -2.309433
v -0.695642 -0.169741 -2.309313
v -0.676642 -0.188355 -2.305704
v -0.693491 -0.160269 -2.309057
v -0.673731 -0.19377 -2.306046
v -0.686212 -0.199336 -2.293188
v -0.685175 -0.202646 -2.293357
v -0.674313 -0.186699 -2.308868
v -0.678566 -0.181447 -2.308542
v -0.671999 -0.199518 -2.306406
v -0.676845 -0.179698 -2.309902
v -0.671497 -0.205592 -2.306779
v -0.684862 -0.206255 -2.293543
v -0.669297 -0.198865 -2.309623
v -0.671154 -0.192629 -2.309237
v -0.668955 -0.191637 -2.310622
v -0.672279 -0.211985 -2.30716
v -0.685375 -0.210147 -2.293744
v -0.686552 -0.213871 -2.293942
v -0.672307 -0.185308 -2.31024
v -0.67419 -0.218158 -2.30752
v -0.688229 -0.216977 -2.294116
v -0.669613 -0.212312 -2.310437
v -0.668773 -0.205421 -2.310024
v -0.677075 -0.223568 -2.307828
v -0.666433 -0.205327 -2.311444
v -0.66699 -0.198314 -2.311024
v -0.680823 -0.228174 -2.308097
v -0.69037 -0.219559 -2.294247
v -0.69294 -0.221713 -2.294312
v -0.674798 -0.224871 -2.311174
v -0.67167 -0.218981 -2.310832
v -0.685324 -0.231931 -2.308343
v -0.695935 -0.223366 -2.294344
v -0.669482 -0.219774 -2.312306
v -0.690605 -0.234769 -2.308544
v -0.667306 -0.212669 -2.311883
v -0.696697 -0.23662 -2.308678
v -0.699351 -0.224448 -2.294372
v -0.702978 -0.224846 -2.294393
v -0.683764 -0.233958 -2.311734
v -0.703083 -0.237329 -2.308724
v -0.678871 -0.229894 -2.311472
v -0.696169 -0.239005 -2.312081
v -0.689517 -0.237013 -2.311944
v -0.70925 -0.236745 -2.308665
v -0.706606 -0.224449 -2.294405
v -0.688568 -0.23901 -2.313463
v -0.715109 -0.234946 -2.308528
v -0.710045 -0.223384 -2.294398
v -0.709791 -0.23918 -2.312075
v -0.703125 -0.23978 -2.31213
v -0.720573 -0.232013 -2.308342
v -0.713103 -0.221782 -2.294359
v -0.703161 -0.242015 -2.313648
v -0.722097 -0.234045 -2.311732
v -0.716128 -0.237252 -2.311935
v -0.71796 -0.239636 -2.313495
v -0.71061 -0.241547 -2.313615
v -0.727383 -0.229748 -2.311466
v -0.72518 -0.236192 -2.313287
v -0.714498 -0.251946 -2.314529
v -0.72868 -0.252101 -2.314601
v -0.695646 -0.24113 -2.313594
v -0.751758 -0.253275 -2.31447
v -0.693317 -0.25029 -2.314429
v -0.756928 -0.251574 -2.313929
v -0.703164 -0.251713 -2.314515
v -0.684711 -0.247587 -2.314268
v -0.692048 -0.254915 -2.310719
v -0.702468 -0.256446 -2.310813
v -0.682432 -0.235773 -2.313263
v -0.714393 -0.256616 -2.310826
v -0.677198 -0.231452 -2.313
v -0.677095 -0.243513 -2.314025
v -0.67283 -0.226076 -2.31268
v -0.670481 -0.238083 -2.313702
v -0.664877 -0.231314 -2.313297
v -0.682825 -0.251955 -2.310543
v -0.674497 -0.247495 -2.310279
v -0.667206 -0.241537 -2.309926
v -0.660594 -0.223388 -2.312823
v -0.661095 -0.234083 -2.309477
v -0.665834 -0.243076 -2.307938
v -0.657943 -0.21449 -2.312292
v -0.656447 -0.225363 -2.308952
v -0.656981 -0.205218 -2.311739
v -0.653544 -0.215609 -2.30837
v -0.654714 -0.226281 -2.306934
v -0.65777 -0.196169 -2.311199
v -0.659516 -0.235336 -2.307476
v -0.660252 -0.187627 -2.31069
v -0.654089 -0.239419 -2.306865
v -0.664371 -0.179874 -2.310228
v -0.653481 -0.195216 -2.307157
v -0.660613 -0.177377 -2.306096
v -0.652514 -0.205375 -2.307761
v -0.656247 -0.185695 -2.30659
v -0.650595 -0.205488 -2.305694
v -0.651684 -0.216142 -2.306329
v -0.654502 -0.18497 -2.30447
v -0.651612 -0.194887 -2.305062
v -0.644798 -0.193765 -2.304148
v -0.643752 -0.20562 -2.304853
v -0.648594 -0.229213 -2.306256
v -0.645083 -0.217691 -2.30557
v -0.64324 -0.218137 -2.305117
v -0.642875 -0.19348 -2.303668
v -0.641834 -0.205674 -2.304384
v -0.64811 -0.182637 -2.303485
v -0.640694 -0.205738 -2.303518
v -0.646896 -0.230048 -2.30582
v -0.646297 -0.182015 -2.30299
v -0.652603 -0.240587 -2.306446
v -0.645922 -0.230566 -2.304978
v -0.642163 -0.218426 -2.304262
v -0.661258 -0.248135 -2.307384
v -0.641708 -0.193345 -2.302794
v -0.673413 -0.249268 -2.308308
v -0.645179 -0.18168 -2.302105
v -0.639436 -0.193105 -2.300054
v -0.681939 -0.253877 -2.308582
v -0.669795 -0.255189 -2.307805
v -0.691095 -0.256864 -2.30876
v -0.678663 -0.260293 -2.308111
v -0.668799 -0.256843 -2.307415
v -0.701071 -0.258586 -2.308863
v -0.68683 -0.26316 -2.308285
v -0.660019 -0.249577 -2.306982
v -0.693907 -0.265851 -2.308447
v -0.659341 -0.250467 -2.306161
v -0.685678 -0.264863 -2.30791
v -0.677751 -0.26205 -2.30773
v -0.677214 -0.263061 -2.306917
v -0.668232 -0.257824 -2.3066
v -0.651776 -0.241313 -2.305615
v -0.658207 -0.252203 -2.303623
v -0.667194 -0.259658 -2.304068
v -0.644244 -0.231644 -2.302392
v -0.650398 -0.242779 -2.30306
v -0.649768 -0.243676 -2.30224
v -0.666574 -0.260613 -2.303251
v -0.640215 -0.21906 -2.301632
v -0.657598 -0.253156 -2.302806
v -0.638538 -0.205917 -2.300834
v -0.6393 -0.219494 -2.300786
v -0.643522 -0.232386 -2.301563
v -0.649183 -0.256165 -2.302492
v -0.640583 -0.238793 -2.301459
v -0.637457 -0.205989 -2.299969
v -0.635981 -0.270503 -2.30319
v -0.638344 -0.192854 -2.299173
v -0.635103 -0.206612 -2.299535
v -0.636791 -0.223213 -2.300528
v -0.62966 -0.205785 -2.299342
v -0.64297 -0.18105 -2.299328
v -0.625563 -0.291419 -2.304569
v -0.625396 -0.157607 -2.296568
v -0.635886 -0.191573 -2.298634
v -0.639065 -0.178393 -2.297846
v -0.641945 -0.180569 -2.298434
v -0.648241 -0.16961 -2.297791
v -0.649202 -0.170175 -2.298692
v -0.651081 -0.171175 -2.301466
v -0.634822 -0.163067 -2.29678
v -0.652034 -0.171741 -2.302366
v -0.658894 -0.162008 -2.3009
v -0.653581 -0.172744 -2.302892
v -0.659034 -0.176364 -2.303957
v -0.660881 -0.164123 -2.302375
v -0.659648 -0.162773 -2.301816
v -0.665233 -0.168941 -2.303514
v -0.6666 -0.170184 -2.305667
v -0.668704 -0.155226 -2.301358
v -0.669986 -0.173086 -2.309823
v -0.674228 -0.164042 -2.305299
v -0.673126 -0.162569 -2.303133
v -0.676952 -0.167436 -2.309485
v -0.669682 -0.156813 -2.301936
v -0.682364 -0.175183 -2.309631
v -0.678609 -0.151486 -2.301619
v -0.684908 -0.163103 -2.309227
v -0.682944 -0.159247 -2.305011
v -0.681988 -0.157627 -2.302838
v -0.692193 -0.156095 -2.304823
v -0.691097 -0.15449 -2.302651
v -0.702422 -0.154584 -2.304735
v -0.692979 -0.14654 -2.301327
v -0.703134 -0.158896 -2.308976
v -0.700857 -0.152843 -2.302553
v -0.714081 -0.154714 -2.304746
v -0.725437 -0.154274 -2.304721
v -0.711669 -0.152369 -2.302526
v -0.721971 -0.150655 -2.302424
v -0.698839 -0.142591 -2.301091
v -0.734761 -0.151055 -2.304527
v -0.703193 -0.133161 -2.300525
v -0.739216 -0.153677 -2.308665
v -0.696098 -0.140504 -2.300495
v -0.75142 -0.157193 -2.308746
v -0.74596 -0.147242 -2.30828
v -0.756882 -0.158688 -2.308387
v -0.757801 -0.149286 -2.307825
v -0.751617 -0.148247 -2.308514
v -0.761821 -0.140568 -2.305052
v -0.754218 -0.139627 -2.307999
v -0.758429 -0.140004 -2.307271
v -0.764812 0.007631 -2.253138
v -0.758845 -0.126338 -2.306452
v -0.764063 0.009769 -2.288825
v -0.755975 -0.123848 -2.307067
v -0.753089 -0.126798 -2.307061
v -0.750505 -0.139302 -2.307807
v -0.763375 0.015389 -2.288489
v -0.764098 0.012855 -2.252826
v -0.746641 -0.138284 -2.303764
v -0.761311 0.023631 -2.287996
v -0.761953 0.021388 -2.252317
v -0.741885 -0.145558 -2.304197
v -0.756744 0.031431 -2.287531
v -0.757073 0.029693 -2.251822
v -0.737089 -0.138134 -2.301676
v -0.748551 0.035724 -2.287276
v -0.748149 0.034229 -2.251551
v -0.730204 -0.145286 -2.302103
v -0.739436 0.037629 -2.287163
v -0.73832 0.036218 -2.251432
v -0.705245 -0.114624 -2.299416
v -0.73072 0.036882 -2.251393
v -0.700455 -0.10854 -2.298559
v -0.73209 0.038265 -2.28713
v -0.699423 -0.129864 -2.299844
v -0.698521 -0.12932 -2.298939
v -0.732378 0.036453 -2.294488
v -0.739386 0.035905 -2.294525
v -0.747821 0.034253 -2.294623
v -0.64267 0.036462 -2.294484
v -0.732377 0.033595 -2.296896
v -0.739026 0.033096 -2.296942
v -0.735743 0.030465 -2.297851
v -0.642927 0.033668 -2.296906
v -0.608665 0.030988 -2.297818
v -0.744912 0.028661 -2.297957
v -0.738058 0.027434 -2.297857
v -0.746542 0.031676 -2.297027
v -0.753052 0.028376 -2.297224
v -0.755276 0.030422 -2.294851
v -0.759383 0.023335 -2.295274
v -0.750362 0.025759 -2.29813
v -0.761208 0.015688 -2.29573
v -0.756698 0.022264 -2.297588
v -0.761817 0.01018 -2.296059
v -0.758359 0.015509 -2.297992
v -0.753783 0.020777 -2.298427
v -0.758912 0.010283 -2.298304
v -0.756133 0.012614 -2.298915
v -0.753949 -0.07847 -2.304176
v -0.753283 0.014738 -2.298616
v -0.74932 -0.126269 -2.303048
v -0.75395 0.010237 -2.298883
v -0.75021 -0.078611 -2.300198
v -0.746809 -0.127843 -2.302111
v -0.74335 -0.131071 -2.301255
v -0.743969 -0.078974 -2.298144
v -0.750222 0.009572 -2.29495
v -0.732014 -0.079623 -2.297676
v -0.707627 -0.085516 -2.297739
v -0.724241 0.004134 -2.292488
v -0.743176 0.002354 -2.293296
v -0.705725 0.00512 -2.292276
v -0.742956 0.010438 -2.292706
v -0.742541 0.01295 -2.293045
v -0.726722 0.012534 -2.292
v -0.749629 0.013475 -2.294711
v -0.747873 0.017219 -2.294485
v -0.741792 0.015174 -2.292433
v -0.703971 0.012229 -2.291942
v -0.72999 0.01909 -2.291796
v -0.739958 0.018696 -2.292316
v -0.751281 0.019383 -2.298338
v -0.745115 0.02033 -2.294296
v -0.747987 0.023395 -2.298098
v -0.741526 0.022346 -2.294177
v -0.743442 0.025999 -2.297942
v -0.737465 0.020954 -2.292182
v -0.737115 0.023456 -2.294111
v -0.735571 0.022249 -2.292644
v -0.73189 0.023852 -2.294086
v -0.731067 0.022023 -2.292182
v -0.7323 0.027928 -2.297824
v -0.705101 0.022147 -2.29211
v -0.706842 0.02403 -2.294072
v -0.699876 0.019253 -2.291591
v -0.688123 0.022638 -2.29208
v -0.671562 0.024288 -2.294059
v -0.694494 0.01649 -2.2916
v -0.686838 0.020822 -2.291497
v -0.685488 0.019075 -2.291443
v -0.692281 0.014997 -2.291222
v -0.672709 0.021363 -2.29146
v -0.670588 0.022855 -2.292044
v -0.584536 0.028863 -2.297771
v -0.537232 0.025254 -2.294008
v -0.672517 0.01999 -2.291391
v -0.672659 0.018706 -2.290982
v -0.684878 0.017757 -2.291046
v -0.684593 0.016679 -2.29024
v -0.672626 0.017549 -2.290173
v -0.672438 0.015397 -2.287647
v -0.683792 0.014615 -2.28768
v -0.336385 0.016408 -2.287593
v -0.672301 0.014243 -2.286841
v -0.340418 0.019677 -2.290905
v -0.33762 0.01855 -2.29011
v -0.673344 0.012475 -2.286463
v -0.675011 0.009955 -2.286454
v -0.621195 0.00961 -2.286475
v -0.336304 0.015256 -2.286789
v -0.334732 0.013404 -2.286412
v -0.361775 0.010084 -2.286446
v -0.341887 0.021087 -2.291311
v -0.510121 0.022223 -2.291414
v -0.48039 0.024146 -2.29199
v -0.40301 0.030003 -2.297702
v -0.486137 0.031421 -2.297792
v -0.346217 0.023077 -2.291366
v -0.379093 0.026383 -2.293934
v -0.340808 0.025078 -2.291943
v -0.284068 0.015899 -2.28761
v -0.284477 0.014807 -2.286804
v -0.273558 0.013052 -2.286904
v -0.283245 0.017876 -2.290162
v -0.269815 0.010302 -2.287065
v -0.272891 0.013963 -2.28772
v -0.26892 0.010956 -2.287896
v -0.271673 0.015769 -2.290293
v -0.282573 0.018623 -2.290989
v -0.26678 0.007153 -2.288121
v -0.278313 0.019943 -2.29139
v -0.270853 0.01646 -2.291122
v -0.267359 0.012429 -2.290496
v -0.264973 0.008038 -2.290759
v -0.26392 -0.006445 -2.29162
v -0.263995 0.008412 -2.291606
v -0.266464 0.013041 -2.291329
v -0.262873 -0.006309 -2.292482
v -0.26002 0.013382 -2.291834
v -0.24887 0.003044 -2.292559
v -0.2657 0.018034 -2.291505
v -0.250843 0.021499 -2.29146
v -0.224517 -0.005782 -2.293085
v -0.216573 -0.010788 -2.294069
v -0.215469 -0.169431 -2.303542
v -0.211958 -0.143388 -2.304068
v -0.213057 -0.011039 -2.296167
v -0.23583 0.015825 -2.291795
v -0.209103 0.006418 -2.299108
v -0.207804 -0.170139 -2.309646
v -0.205047 -0.150823 -2.308667
v -0.205685 0.005925 -2.299315
v -0.201796 0.005889 -2.29855
v -0.201653 -0.171082 -2.309128
v -0.198551 -0.147864 -2.305494
v -0.198547 0.005782 -2.296321
v -0.196302 0.005388 -2.289089
v -0.21633 -0.003989 -2.29367
v -0.213196 0.00565 -2.295175
v -0.220448 0.008351 -2.292241
v -0.215616 0.00609 -2.29307
v -0.220602 0.020373 -2.292216
v -0.215223 0.013508 -2.293167
v -0.217099 0.017462 -2.292391
v -0.213782 0.015621 -2.294583
v -0.215343 0.021144 -2.294251
v -0.209847 0.016755 -2.298495
v -0.217878 0.023999 -2.294076
v -0.20659 0.016902 -2.298658
v -0.225276 0.022795 -2.292072
v -0.211961 0.023215 -2.298109
v -0.221383 0.025965 -2.29396
v -0.231239 0.024501 -2.291971
v -0.21529 0.026969 -2.297884
v -0.209167 0.024175 -2.298224
v -0.202866 0.016981 -2.297904
v -0.213225 0.028653 -2.297957
v -0.219699 0.02938 -2.29774
v -0.226526 0.027091 -2.293895
v -0.218563 0.031033 -2.297815
v -0.225646 0.030672 -2.297663
v -0.233913 0.027414 -2.293869
v -0.238607 0.025265 -2.291925
v -0.25606 0.025427 -2.291914
v -0.267096 0.022595 -2.291392
v -0.233716 0.031073 -2.297642
v -0.227813 0.032275 -2.297741
v -0.375131 0.031822 -2.297767
v -0.233564 0.034 -2.296904
v -0.399056 0.033861 -2.296902
v -0.224896 0.033779 -2.296902
v -0.233335 0.036455 -2.294494
v -0.428812 0.036452 -2.294494
v -0.233236 0.038264 -2.287131
v -0.233276 0.036881 -2.251393
v -0.224357 0.037876 -2.287148
v -0.225079 0.036463 -2.251417
v -0.543374 0.033735 -2.296906
v -0.215288 0.03671 -2.287217
v -0.21564 0.035209 -2.251492
v -0.207187 0.033325 -2.287418
v -0.206841 0.031626 -2.251706
v -0.200566 0.024219 -2.252148
v -0.216054 0.035254 -2.294563
v -0.224518 0.036157 -2.29451
v -0.201213 0.026282 -2.287838
v -0.217252 0.03303 -2.296946
v -0.208683 0.032349 -2.294735
v -0.21083 0.030572 -2.297092
v -0.203153 0.026043 -2.295112
v -0.20595 0.025202 -2.297413
v -0.197529 0.016621 -2.288415
v -0.196806 0.014474 -2.25273
v -0.199697 0.016969 -2.295654
v -0.195553 0.003874 -2.253362
v -0.196301 -0.282105 -2.306258
v -0.195553 -0.279717 -2.270285
v -0.198543 -0.294447 -2.314244
v -0.201501 -0.306984 -2.317236
v -0.20442 -0.302377 -2.317712
v -0.206509 -0.346919 -2.320199
v -0.211169 -0.239474 -2.309797
v -0.214186 -0.353144 -2.314507
v -0.210367 -0.337301 -2.315631
v -0.257322 -0.401516 -2.316596
v -0.23345 -0.400228 -2.316623
v -0.221049 -0.417611 -2.317661
v -0.213256 -0.402321 -2.316837
v -0.20988 -0.402489 -2.319386
v -0.206029 -0.415863 -2.324309
v -0.203932 -0.415835 -2.324482
v -0.195553 -0.41916 -2.278606
v -0.196296 -0.417014 -2.314306
v -0.201378 -0.416047 -2.323753
v -0.198521 -0.416361 -2.321514
v -0.196932 -0.427205 -2.314903
v -0.196206 -0.429546 -2.279226
v -0.198167 -0.438917 -2.279785
v -0.198863 -0.436367 -2.315448
v -0.203139 -0.443438 -2.315869
v -0.202531 -0.446157 -2.280217
v -0.20095 -0.434713 -2.322609
v -0.19911 -0.426114 -2.322096
v -0.201871 -0.425251 -2.324294
v -0.210813 -0.447349 -2.316102
v -0.210392 -0.450158 -2.280456
v -0.204958 -0.441246 -2.322997
v -0.219749 -0.449096 -2.316206
v -0.219612 -0.451945 -2.280563
v -0.212054 -0.44488 -2.323214
v -0.20717 -0.439015 -2.325115
v -0.203547 -0.433149 -2.324765
v -0.205771 -0.432066 -2.32545
v -0.227757 -0.447004 -2.323349
v -0.220354 -0.446509 -2.323311
v -0.221069 -0.443922 -2.325408
v -0.227975 -0.444366 -2.325444
v -0.255862 -0.441592 -2.325837
v -0.228326 -0.442786 -2.326091
v -0.228506 -0.441707 -2.325852
v -0.255971 -0.438767 -2.320307
v -0.236228 -0.438606 -2.321503
v -0.270296 -0.437176 -2.315911
v -0.256172 -0.437212 -2.317953
v -0.265431 -0.43361 -2.31615
v -0.239423 -0.436713 -2.319869
v -0.258071 -0.432555 -2.317028
v -0.260354 -0.427239 -2.317497
v -0.247522 -0.432829 -2.318434
v -0.258199 -0.417107 -2.317468
v -0.239291 -0.43064 -2.319159
v -0.228996 -0.438608 -2.321684
v -0.226535 -0.436176 -2.320591
v -0.232426 -0.429063 -2.319351
v -0.225608 -0.427606 -2.319338
v -0.223057 -0.438154 -2.321659
v -0.219868 -0.42508 -2.319043
v -0.221951 -0.441141 -2.325819
v -0.221573 -0.442271 -2.326059
v -0.214662 -0.440619 -2.325961
v -0.213532 -0.442367 -2.325315
v -0.215512 -0.439385 -2.325714
v -0.208957 -0.437372 -2.325767
v -0.210325 -0.436199 -2.325523
v -0.217374 -0.436714 -2.321571
v -0.212933 -0.434127 -2.321414
v -0.219083 -0.43481 -2.320651
v -0.214323 -0.432417 -2.320482
v -0.210719 -0.430228 -2.321181
v -0.207529 -0.431346 -2.325233
v -0.212432 -0.427648 -2.319466
v -0.209917 -0.424286 -2.320826
v -0.20635 -0.424541 -2.324827
v -0.212326 -0.424865 -2.318566
v -0.212707 -0.416043 -2.317567
v -0.209708 -0.415567 -2.320305
v -0.204344 -0.424776 -2.325015
v -0.515916 -0.154444 -2.296483
v -0.512712 -0.150658 -2.29657
v -0.520241 -0.143992 -2.29566
v -0.539013 -0.153479 -2.296204
v -0.514174 -0.149464 -2.296087
v -0.509125 -0.147847 -2.296133
v -0.554918 -0.295302 -2.304785
v -0.556561 -0.148642 -2.296021
v -0.561167 -0.29561 -2.305136
v -0.562734 -0.154821 -2.296741
v -0.564235 -0.155374 -2.297971
v -0.562604 -0.295253 -2.306278
v -0.5667 -0.169657 -2.304003
v -0.549273 -0.125273 -2.294523
v -0.564375 -0.14922 -2.296321
v -0.521881 -0.121497 -2.294298
v -0.50559 -0.120233 -2.294223
v -0.564945 -0.14067 -2.295539
v -0.499265 -0.13971 -2.295504
v -0.4957 -0.119563 -2.294183
v -0.487515 -0.117573 -2.294064
v -0.573942 -0.121306 -2.294286
v -0.569627 -0.147398 -2.296237
v -0.59409 -0.120045 -2.294211
v -0.565625 -0.150524 -2.297553
v -0.617271 -0.140072 -2.295506
v -0.608881 -0.119493 -2.294178
v -0.617479 -0.117653 -2.294069
v -0.570187 -0.148973 -2.297486
v -0.568255 -0.153489 -2.303177
v -0.566957 -0.157133 -2.303336
v -0.570307 -0.158415 -2.304879
v -0.571798 -0.152217 -2.303065
v -0.570796 -0.156249 -2.304701
v -0.573128 -0.158701 -2.305012
v -0.572968 -0.155813 -2.304738
v -0.5689 -0.292083 -2.312857
v -0.612793 -0.156196 -2.304767
v -0.614291 -0.152779 -2.303134
v -0.61647 -0.149471 -2.297503
v -0.617105 -0.147931 -2.296242
v -0.62493 -0.144747 -2.29574
v -0.62689 -0.12033 -2.294228
v -0.619915 -0.150922 -2.29754
v -0.621102 -0.149747 -2.296324
v -0.614129 -0.15654 -2.304731
v -0.622427 -0.155014 -2.296673
v -0.616629 -0.15395 -2.303241
v -0.621019 -0.155404 -2.297827
v -0.617578 -0.157253 -2.303357
v -0.612339 -0.158632 -2.305007
v -0.614274 -0.158298 -2.304882
v -0.571829 -0.291871 -2.312958
v -0.613913 -0.291608 -2.312942
v -0.565394 -0.29337 -2.311432
v -0.566689 -0.296745 -2.31169
v -0.56937 -0.294094 -2.312914
v -0.564072 -0.299615 -2.306486
v -0.562983 -0.300739 -2.305392
v -0.568789 -0.301002 -2.306587
v -0.568305 -0.302408 -2.305528
v -0.570406 -0.297953 -2.311686
v -0.571612 -0.294479 -2.312998
v -0.616999 -0.300465 -2.306617
v -0.614174 -0.294024 -2.312975
v -0.61539 -0.297428 -2.311668
v -0.615482 -0.291902 -2.312847
v -0.618259 -0.247221 -2.308648
v -0.617994 -0.210354 -2.306471
v -0.621 -0.191294 -2.300089
v -0.618507 -0.293037 -2.311414
v -0.62103 -0.247431 -2.303458
v -0.622566 -0.194012 -2.29906
v -0.621182 -0.294925 -2.30623
v -0.622374 -0.247204 -2.302266
v -0.622368 -0.295459 -2.305118
v -0.648582 -0.160767 -2.296792
v -0.650329 -0.118579 -2.294119
v -0.624603 -0.085907 -2.292174
v -0.656527 -0.16011 -2.297239
v -0.657411 -0.160715 -2.298146
v -0.666102 -0.152202 -2.296776
v -0.667063 -0.140166 -2.295573
v -0.666876 -0.152906 -2.29769
v -0.668097 -0.154354 -2.300433
v -0.676069 -0.147335 -2.297357
v -0.675418 -0.146504 -2.296434
v -0.677135 -0.14891 -2.300109
v -0.677677 -0.149818 -2.301036
v -0.690908 -0.145136 -2.300766
v -0.690327 -0.144228 -2.299854
v -0.69528 -0.1398 -2.299584
v -0.693912 -0.138395 -2.296804
v -0.689296 -0.142398 -2.297032
v -0.688773 -0.141424 -2.296105
v -0.693184 -0.13765 -2.295891
v -0.685973 -0.133327 -2.29516
v -0.696833 -0.128481 -2.296233
v -0.687642 -0.110369 -2.293635
v -0.621509 -0.009929 -2.287641
v -0.699492 -0.108858 -2.297706
v -0.699283 -0.079237 -2.29594
v -0.699566 -0.008362 -2.29262
v -0.698563 0.006113 -2.291763
v -0.691423 -0.130403 -2.294987
v -0.696361 0.010942 -2.291473
v -0.693749 -0.129019 -2.295166
v -0.695375 0.010359 -2.290643
v -0.695862 -0.128049 -2.295334
v -0.69842 -0.008444 -2.291758
v -0.696645 -0.107008 -2.294078
v -0.697679 -0.108476 -2.29505
v -0.697382 -0.079173 -2.2933
v -0.693583 -0.108713 -2.293689
v -0.697428 0.005801 -2.290917
v -0.696155 -0.00873 -2.289054
v -0.694986 -0.008841 -2.288194
v -0.695195 0.005046 -2.288223
v -0.694054 0.004731 -2.287377
v -0.689539 0.00309 -2.287022
v -0.68559 0.010513 -2.286563
v -0.692387 0.008462 -2.287157
v -0.693408 0.00905 -2.287987
v -0.69163 0.014133 -2.290406
v -0.6902 0.01237 -2.2878
v -0.689429 0.011503 -2.286984
v -0.68333 0.013536 -2.286874
v -0.684189 0.012061 -2.28674
v -0.463727 -0.149645 -2.297636
v -0.453775 -0.149739 -2.297563
v -0.498209 -0.147908 -2.296368
v -0.491339 -0.149273 -2.297651
v -0.501192 -0.149252 -2.29751
v -0.508438 -0.149296 -2.297047
v -0.508871 -0.153163 -2.302395
v -0.506261 -0.151671 -2.302359
v -0.50053 -0.151331 -2.30273
v -0.505022 -0.154429 -2.30461
v -0.50701 -0.154967 -2.304445
v -0.507534 -0.157036 -2.304748
v -0.491245 -0.151374 -2.302878
v -0.455556 -0.152278 -2.303001
v -0.456805 -0.155764 -2.304723
v -0.454931 -0.156359 -2.304703
v -0.452294 -0.153778 -2.303183
v -0.592796 -0.436762 -2.318681
v -0.619326 -0.433419 -2.314304
v -0.639004 -0.439623 -2.325714
v -0.638042 -0.43653 -2.318653
v -0.667127 -0.436435 -2.318598
v -0.664539 -0.433809 -2.314301
v -0.683975 -0.43639 -2.318882
v -0.681782 -0.433826 -2.314466
v -0.675584 -0.427634 -2.312566
v -0.68634 -0.427695 -2.312732
v -0.690833 -0.419235 -2.312231
v -0.691253 -0.427677 -2.313215
v -0.68623 -0.4338 -2.314875
v -0.687428 -0.433748 -2.315632
v -0.685399 -0.436358 -2.319404
v -0.688553 -0.436203 -2.320775
v -0.690274 -0.43615 -2.321233
v -0.689899 -0.433591 -2.317994
v -0.693999 -0.436092 -2.321481
v -0.71277 -0.43588 -2.321518
v -0.695006 -0.433747 -2.319185
v -0.739454 -0.434871 -2.321473
v -0.712282 -0.433059 -2.319197
v -0.73455 -0.432541 -2.319247
v -0.6912 -0.433558 -2.318758
v -0.695494 -0.427551 -2.317608
v -0.70007 -0.428506 -2.318149
v -0.694399 -0.427506 -2.316732
v -0.692366 -0.427628 -2.314085
v -0.699668 -0.419334 -2.316381
v -0.701859 -0.419738 -2.317338
v -0.697192 -0.419252 -2.313609
v -0.706564 -0.423086 -2.317839
v -0.72123 -0.427577 -2.318255
v -0.729198 -0.424514 -2.318072
v -0.70864 -0.409918 -2.317037
v -0.701871 -0.409163 -2.316494
v -0.70074 -0.409831 -2.315657
v -0.696132 -0.419285 -2.312733
v -0.698883 -0.409877 -2.313047
v -0.697854 -0.409667 -2.312158
v -0.698926 -0.39662 -2.312244
v -0.692729 -0.4088 -2.311613
v -0.700878 -0.396615 -2.314879
v -0.697397 -0.340728 -2.308028
v -0.690195 -0.302202 -2.305084
v -0.694167 -0.3351 -2.307213
v -0.698454 -0.332695 -2.308436
v -0.581025 -0.305201 -2.305426
v -0.646328 -0.293668 -2.304569
v -0.617565 -0.302032 -2.305524
v -0.604909 -0.304657 -2.305411
v -0.614337 -0.305891 -2.305326
v -0.61904 -0.304583 -2.30547
v -0.621363 -0.300348 -2.305374
v -0.61768 -0.296246 -2.311653
v -0.620209 -0.299128 -2.306464
v -0.615397 -0.29367 -2.312886
v -0.624389 -0.299766 -2.305001
v -0.666206 -0.272485 -2.30347
v -0.67554 -0.26589 -2.303562
v -0.687411 -0.279323 -2.303873
v -0.676158 -0.264929 -2.304378
v -0.683336 -0.268829 -2.303725
v -0.685053 -0.265853 -2.307098
v -0.683894 -0.267806 -2.304535
v -0.690093 -0.270472 -2.304684
v -0.689531 -0.271479 -2.303876
v -0.691416 -0.268568 -2.307271
v -0.692171 -0.267649 -2.308084
v -0.693691 -0.275889 -2.304148
v -0.694445 -0.275111 -2.304972
v -0.696816 -0.27278 -2.308381
v -0.695973 -0.273574 -2.307558
v -0.697083 -0.285258 -2.305593
v -0.698811 -0.284224 -2.308179
v -0.699509 -0.270428 -2.308718
v -0.712055 -0.259399 -2.308913
v -0.703502 -0.280041 -2.309289
v -0.699713 -0.283592 -2.309015
v -0.722417 -0.261273 -2.309025
v -0.700965 -0.303424 -2.310197
v -0.725897 -0.257213 -2.310863
v -0.730528 -0.266183 -2.309317
v -0.739461 -0.256875 -2.314823
v -0.735057 -0.260024 -2.311029
v -0.746084 -0.2629 -2.315182
v -0.705751 -0.297837 -2.310351
v -0.737321 -0.272839 -2.309714
v -0.74202 -0.265099 -2.31133
v -0.746936 -0.27249 -2.311772
v -0.750769 -0.270998 -2.315666
v -0.753579 -0.283765 -2.316428
v -0.708357 -0.324099 -2.311942
v -0.743727 -0.279955 -2.310139
v -0.755978 -0.283663 -2.316595
v -0.747249 -0.282477 -2.311403
v -0.756604 -0.32632 -2.319141
v -0.74988 -0.284734 -2.312505
v -0.754652 -0.324592 -2.318862
v -0.728619 -0.324027 -2.312076
v -0.744811 -0.324867 -2.312818
v -0.756795 -0.412679 -2.324294
v -0.751033 -0.329245 -2.315135
v -0.726273 -0.340157 -2.313039
v -0.744277 -0.34014 -2.31373
v -0.754997 -0.412535 -2.324112
v -0.751404 -0.412353 -2.320115
v -0.756252 -0.427369 -2.32517
v -0.744678 -0.42447 -2.318754
v -0.754309 -0.433541 -2.325538
v -0.754244 -0.426251 -2.324934
v -0.752402 -0.431643 -2.325258
v -0.750789 -0.424712 -2.320869
v -0.748435 -0.435688 -2.325499
v -0.74933 -0.429091 -2.321139
v -0.746253 -0.432566 -2.321344
v -0.744483 -0.427692 -2.319375
v -0.741512 -0.43008 -2.319103
v -0.726585 -0.411235 -2.31728
v -0.7016 -0.343814 -2.312609
v -0.70044 -0.333599 -2.311127
v -0.700016 -0.303874 -2.30935
v -0.698139 -0.304449 -2.306739
v -0.697061 -0.30468 -2.305879
v -0.696105 -0.285732 -2.304747
v -0.6948 -0.304229 -2.305365
v -0.694323 -0.284499 -2.304446
v -0.692463 -0.282918 -2.30409
v -0.511123 -0.350837 -2.28422
v -0.449286 -0.350837 -2.28422
v -0.449286 -0.349215 -2.311448
v -0.511123 -0.349215 -2.311448
v -0.511123 -0.411396 -2.287826
v -0.449286 -0.409775 -2.315055
v -0.449286 -0.411396 -2.287826
v -0.511123 -0.409775 -2.315055
v -0.513677 -0.412277 -2.315204
v -0.513677 -0.346713 -2.311299
v -0.446731 -0.346713 -2.311299
v -0.446731 -0.412277 -2.315204
v -0.513677 -0.348334 -2.28407
v -0.513677 -0.413898 -2.287975
v -0.446731 -0.348334 -2.28407
v -0.446731 -0.413898 -2.287975
v -0.73534 0.040032 -2.295199
v -0.724913 0.040058 -2.301836
v -0.724913 0.042822 -2.304264
v -0.697137 0.037449 -2.25148
v -0.741286 0.037423 -2.251481
v -0.747458 0.036525 -2.251535
v -0.23293 0.040058 -2.301836
v -0.21664 0.037437 -2.251481
v -0.23293 0.042822 -2.304264
v -0.23293 0.045277 -2.301525
v -0.724913 0.045277 -2.301525
v -0.223017 0.040032 -2.295199
v -0.223007 0.042802 -2.297626
v -0.210385 0.039134 -2.295253
v -0.210385 0.036525 -2.251535
v -0.209685 0.041827 -2.297684
v -0.222997 0.045263 -2.294887
v -0.204891 0.036823 -2.29539
v -0.204891 0.034215 -2.251673
v -0.203558 0.039248 -2.297838
v -0.208984 0.044211 -2.29495
v -0.20021 0.033214 -2.295606
v -0.20021 0.030606 -2.251888
v -0.198346 0.035229 -2.298078
v -0.202225 0.041363 -2.295119
v -0.196594 0.028541 -2.295885
v -0.196594 0.025932 -2.252167
v -0.19432 0.030026 -2.298388
v -0.196483 0.036935 -2.295384
v -0.194279 0.023056 -2.296212
v -0.194279 0.020448 -2.252494
v -0.191736 0.02391 -2.298753
v -0.192046 0.031202 -2.295726
v -0.193379 0.016896 -2.296579
v -0.193379 0.014287 -2.252862
v -0.193353 -0.023758 -2.255132
v -0.190759 0.01706 -2.299162
v -0.193353 0.015149 -2.286665
v -0.189193 0.024455 -2.296128
v -0.188139 0.016916 -2.296578
v -0.190739 0.015303 -2.289248
v -0.193353 -0.101853 -2.293332
v -0.188125 0.01515 -2.286666
v -0.190739 -0.101682 -2.295914
v -0.190739 -0.305924 -2.308103
v -0.188125 -0.101807 -2.293329
v -0.188139 0.016321 -2.2866
v -0.189193 0.023859 -2.28615
v -0.187037 0.016215 -2.285511
v -0.192046 0.030607 -2.285748
v -0.18813 0.024087 -2.285041
v -0.196483 0.036339 -2.285406
v -0.191094 0.031098 -2.284623
v -0.202225 0.040768 -2.285142
v -0.195703 0.037052 -2.284267
v -0.208985 0.043615 -2.284972
v -0.201668 0.041653 -2.283993
v -0.164298 0.057944 -2.283021
v -0.216536 0.044667 -2.284909
v -0.161428 0.051175 -2.283425
v -0.260706 0.044681 -2.284908
v -0.208692 0.044612 -2.283816
v -0.216594 0.045705 -2.283751
v -0.188718 0.071884 -2.282189
v -0.74125 0.044677 -2.284909
v -0.26071 0.071992 -2.282182
v -0.741264 0.045703 -2.283751
v -0.73535 0.042802 -2.297626
v -0.73536 0.045263 -2.294887
v -0.747458 0.039134 -2.295253
v -0.752952 0.034215 -2.251673
v -0.748158 0.041827 -2.297684
v -0.752952 0.036823 -2.29539
v -0.757634 0.030605 -2.251888
v -0.748859 0.04421 -2.29495
v -0.754285 0.039247 -2.297838
v -0.757634 0.033214 -2.295606
v -0.761249 0.025932 -2.252167
v -0.755618 0.041363 -2.295119
v -0.761249 0.02854 -2.295885
v -0.763564 0.020447 -2.252494
v -0.759497 0.035228 -2.298078
v -0.763564 0.023056 -2.296212
v -0.764482 0.014162 -2.252869
v -0.763523 0.030025 -2.298388
v -0.761361 0.036934 -2.295384
v -0.764483 0.016767 -2.296587
v -0.766107 0.023909 -2.298753
v -0.765797 0.031202 -2.295726
v -0.767096 0.016973 -2.299167
v -0.76865 0.024454 -2.296128
v -0.769714 0.016845 -2.296583
v -0.76448 -0.427263 -2.279211
v -0.764479 -0.424662 -2.322929
v -0.767098 -0.424527 -2.325515
v -0.763564 -0.433538 -2.279586
v -0.769713 -0.424731 -2.322932
v -0.763564 -0.430929 -2.323303
v -0.761249 -0.439022 -2.279913
v -0.761249 -0.436413 -2.323631
v -0.757634 -0.443695 -2.280192
v -0.766107 -0.431474 -2.325928
v -0.757634 -0.441086 -2.32391
v -0.752952 -0.447304 -2.280407
v -0.763523 -0.43759 -2.326293
v -0.76865 -0.432327 -2.323387
v -0.752952 -0.444696 -2.324125
v -0.747458 -0.449615 -2.280545
v -0.759497 -0.442792 -2.326604
v -0.765797 -0.439074 -2.323789
v -0.747458 -0.447007 -2.324263
v -0.741165 -0.450531 -2.2806
v -0.754285 -0.446812 -2.326844
v -0.761361 -0.444807 -2.324131
v -0.741175 -0.447921 -2.324318
v -0.748159 -0.449391 -2.326998
v -0.755618 -0.449236 -2.324396
v -0.741193 -0.45038 -2.327057
v -0.748859 -0.452083 -2.324566
v -0.741248 -0.453143 -2.324629
v -0.216678 -0.447922 -2.324317
v -0.216666 -0.450529 -2.2806
v -0.216628 -0.450377 -2.327057
v -0.216608 -0.453145 -2.324628
v -0.210385 -0.449615 -2.280545
v -0.210385 -0.447007 -2.324263
v -0.204891 -0.447305 -2.280407
v -0.204891 -0.444696 -2.324125
v -0.200209 -0.443695 -2.280192
v -0.209685 -0.449391 -2.326998
v -0.200209 -0.441087 -2.32391
v -0.196594 -0.439022 -2.279913
v -0.203558 -0.446812 -2.326844
v -0.208984 -0.452083 -2.324566
v -0.196594 -0.436414 -2.323631
v -0.194279 -0.433538 -2.279586
v -0.198346 -0.442793 -2.326604
v -0.202225 -0.449236 -2.324396
v -0.194279 -0.430929 -2.323303
v -0.193364 -0.427271 -2.279212
v -0.19432 -0.43759 -2.326293
v -0.196483 -0.444807 -2.324131
v -0.193379 -0.424769 -2.322936
v -0.191736 -0.431474 -2.325928
v -0.192046 -0.439075 -2.323789
v -0.193353 -0.420536 -2.312435
v -0.190759 -0.424625 -2.32552
v -0.189193 -0.432327 -2.323387
v -0.190739 -0.420394 -2.315047
v -0.188139 -0.424789 -2.322937
v -0.188137 -0.420556 -2.312671
v -0.188125 -0.306037 -2.305517
v -0.188137 -0.420556 -2.312673
v -0.187034 -0.42539 -2.311863
v -0.160701 -0.387493 -2.309602
v -0.160701 -0.02169 -2.287772
v -0.159763 -0.387507 -2.308663
v -0.159763 -0.021813 -2.28684
v -0.160484 0.043701 -2.283871
v -0.160009 0.043647 -2.282935
v -0.160967 0.051246 -2.282481
v -0.159763 -0.021983 -2.283417
v -0.160009 0.043442 -2.279512
v -0.160701 -0.021991 -2.282478
v -0.160701 -0.387893 -2.304313
v -0.160484 0.043385 -2.278576
v -0.160967 0.051042 -2.279059
v -0.161428 0.050859 -2.278131
v -0.159763 -0.387698 -2.305241
v -0.163885 0.057926 -2.278648
v -0.164298 0.057628 -2.277726
v -0.160897 -0.453987 -2.308257
v -0.163885 0.05813 -2.28207
v -0.160425 -0.453933 -2.309193
v -0.161833 -0.461397 -2.308699
v -0.161375 -0.461467 -2.309643
v -0.164678 -0.468108 -2.3091
v -0.160425 -0.453729 -2.312616
v -0.160897 -0.453671 -2.313551
v -0.161375 -0.461263 -2.313065
v -0.164269 -0.468292 -2.31005
v -0.169066 -0.473774 -2.309438
v -0.168731 -0.474053 -2.310394
v -0.174741 -0.478154 -2.309699
v -0.164268 -0.468088 -2.313472
v -0.161833 -0.461081 -2.313993
v -0.174501 -0.478507 -2.310659
v -0.181465 -0.480995 -2.309869
v -0.168731 -0.473849 -2.313816
v -0.164678 -0.467792 -2.314394
v -0.181339 -0.481396 -2.310832
v -0.188888 -0.481929 -2.309924
v -0.174501 -0.478303 -2.314082
v -0.169066 -0.473458 -2.314732
v -0.189084 -0.482369 -2.310888
v -0.260707 -0.481501 -2.309899
v -0.181339 -0.481192 -2.314254
v -0.174741 -0.477839 -2.314993
v -0.188886 -0.482139 -2.314311
v -0.181465 -0.480679 -2.315163
v -0.260717 -0.482177 -2.314313
v -0.188888 -0.481613 -2.315219
v -0.769073 -0.481505 -2.309899
v -0.26071 -0.481185 -2.315193
v -0.697131 -0.482381 -2.310891
v -0.697138 -0.482177 -2.314313
v -0.769031 -0.481934 -2.310864
v -0.776589 -0.48056 -2.309843
v -0.697164 -0.481185 -2.315193
v -0.776717 -0.480969 -2.310806
v -0.783435 -0.477668 -2.30967
v -0.769031 -0.48173 -2.314286
v -0.783679 -0.478028 -2.310631
v -0.789214 -0.473207 -2.309404
v -0.776717 -0.480765 -2.314229
v -0.789555 -0.473492 -2.31036
v -0.793682 -0.467439 -2.30906
v -0.783679 -0.477824 -2.314053
v -0.769029 -0.481195 -2.315194
v -0.794099 -0.467627 -2.31001
v -0.79658 -0.460604 -2.308652
v -0.789555 -0.473288 -2.313783
v -0.776589 -0.480244 -2.315137
v -0.797046 -0.460677 -2.309596
v -0.797533 -0.453059 -2.308202
v -0.783435 -0.477352 -2.314964
v -0.798058 -0.452642 -2.309112
v -0.797142 -0.387668 -2.304299
v -0.794099 -0.467422 -2.313433
v -0.797046 -0.460472 -2.313018
v -0.789214 -0.472891 -2.314698
v -0.798013 -0.452801 -2.31256
v -0.79808 -0.387543 -2.308666
v -0.797142 -0.022095 -2.282485
v -0.79808 -0.022075 -2.283422
v -0.798074 0.044082 -2.28291
v -0.797591 0.043921 -2.278544
v -0.798061 0.043979 -2.27948
v -0.796659 0.051304 -2.278104
v -0.797114 0.051486 -2.279032
v -0.793824 0.057991 -2.277705
v -0.794232 0.058285 -2.278627
v -0.789452 0.063635 -2.277368
v -0.797114 0.05169 -2.282455
v -0.789786 0.064025 -2.278284
v -0.783798 0.067999 -2.277107
v -0.794232 0.058489 -2.282049
v -0.784037 0.068462 -2.278019
v -0.777099 0.070829 -2.276939
v -0.789786 0.064229 -2.281707
v -0.777225 0.07134 -2.277848
v -0.769704 0.071759 -2.276883
v -0.784037 0.068666 -2.281441
v -0.769706 0.072284 -2.277791
v -0.697077 0.071676 -2.276888
v -0.777225 0.071544 -2.28127
v -0.697138 0.072668 -2.277768
v -0.769706 0.072488 -2.281214
v -0.697138 0.072872 -2.281191
v -0.260704 0.071676 -2.276888
v -0.260701 0.072668 -2.277768
v -0.260706 0.072872 -2.281191
v -0.188718 0.071568 -2.276895
v -0.188716 0.072098 -2.277802
v -0.181229 0.070625 -2.276951
v -0.770096 0.072028 -2.282178
v -0.188716 0.072303 -2.281225
v -0.181102 0.071142 -2.277859
v -0.174448 0.067761 -2.277122
v -0.777099 0.071145 -2.282233
v -0.749152 0.044612 -2.283816
v -0.748859 0.043615 -2.284972
v -0.755618 0.040768 -2.285142
v -0.756176 0.041653 -2.283993
v -0.783798 0.068315 -2.282402
v -0.761361 0.036339 -2.285406
v -0.76214 0.037052 -2.284267
v -0.789452 0.063951 -2.282662
v -0.765797 0.030607 -2.285748
v -0.766749 0.031098 -2.284623
v -0.793824 0.058307 -2.282999
v -0.76865 0.023859 -2.28615
v -0.769713 0.024087 -2.285041
v -0.796659 0.05162 -2.283398
v -0.769713 0.01626 -2.286603
v -0.770807 0.016208 -2.285511
v -0.797591 0.044237 -2.283839
v -0.797142 -0.021744 -2.287776
v -0.769714 -0.425313 -2.312955
v -0.770808 -0.425393 -2.311864
v -0.797142 -0.387408 -2.309597
v -0.797533 -0.452743 -2.313496
v -0.76865 -0.432923 -2.313409
v -0.769713 -0.43328 -2.312335
v -0.79658 -0.460288 -2.313946
v -0.765797 -0.43967 -2.313812
v -0.766749 -0.440292 -2.312753
v -0.793682 -0.467123 -2.314354
v -0.761361 -0.445402 -2.314154
v -0.76214 -0.446246 -2.313108
v -0.755618 -0.449831 -2.314418
v -0.756176 -0.450846 -2.313383
v -0.748859 -0.452678 -2.314588
v -0.749152 -0.453806 -2.313559
v -0.741248 -0.453739 -2.314651
v -0.741255 -0.454897 -2.313625
v -0.216607 -0.45374 -2.314651
v -0.216595 -0.454898 -2.313625
v -0.208984 -0.452678 -2.314588
v -0.208691 -0.453806 -2.313559
v -0.202225 -0.449831 -2.314418
v -0.201667 -0.450846 -2.313383
v -0.196483 -0.445402 -2.314154
v -0.195702 -0.446246 -2.313108
v -0.192046 -0.43967 -2.313812
v -0.191094 -0.440292 -2.312753
v -0.189193 -0.432923 -2.313409
v -0.18813 -0.43328 -2.312335
v -0.188139 -0.425384 -2.312959
v -0.685723 -0.193467 -2.296956
v -0.682308 -0.199767 -2.297334
v -0.682308 -0.199829 -2.296293
v -0.685723 -0.193529 -2.295916
v -0.691003 -0.188678 -2.295625
v -0.681127 -0.206832 -2.297757
v -0.681127 -0.206895 -2.296717
v -0.682308 -0.21396 -2.29714
v -0.682308 -0.213898 -2.298181
v -0.685723 -0.220198 -2.298558
v -0.685723 -0.22026 -2.297518
v -0.691003 -0.225049 -2.298849
v -0.691003 -0.225112 -2.297809
v -0.697575 -0.227989 -2.297982
v -0.697575 -0.227927 -2.299021
v -0.704726 -0.228518 -2.299057
v -0.704726 -0.228581 -2.298017
v -0.711683 -0.22676 -2.298952
v -0.711683 -0.226822 -2.297911
v -0.71769 -0.222904 -2.297676
v -0.71769 -0.222842 -2.298717
v -0.722098 -0.217189 -2.298378
v -0.722098 -0.217252 -2.297338
v -0.724428 -0.210414 -2.297972
v -0.724428 -0.210476 -2.296932
v -0.724428 -0.203251 -2.297543
v -0.724428 -0.203313 -2.296502
v -0.722098 -0.196475 -2.297137
v -0.722098 -0.196538 -2.296096
v -0.71769 -0.190885 -2.295757
v -0.717691 -0.190823 -2.296798
v -0.711683 -0.186905 -2.296563
v -0.711683 -0.186967 -2.295522
v -0.704726 -0.185209 -2.295417
v -0.704726 -0.185146 -2.296457
v -0.697575 -0.185738 -2.296493
v -0.697575 -0.1858 -2.295452
v -0.691003 -0.188615 -2.296665
v -0.181229 0.070941 -2.282245
v -0.174448 0.068077 -2.282416
v -0.174206 0.068433 -2.281456
v -0.168724 0.063658 -2.28268
v -0.181102 0.071346 -2.281282
v -0.168385 0.06394 -2.281724
v -0.174206 0.068229 -2.278033
v -0.168724 0.063342 -2.277385
v -0.168385 0.063736 -2.278301
v -0.450944 -0.350836 -2.296892
v -0.450308 -0.351471 -2.29693
v -0.450308 -0.351584 -2.295025
v -0.450944 -0.351433 -2.297565
v -0.450944 -0.408895 -2.300987
v -0.509463 -0.351433 -2.297565
v -0.450308 -0.408933 -2.300352
v -0.509462 -0.350836 -2.296892
v -0.450308 -0.409047 -2.298447
v -0.450944 -0.409568 -2.30039
v -0.450944 -0.351622 -2.29439
v -0.450944 -0.409682 -2.298485
v -0.509462 -0.409568 -2.30039
v -0.509463 -0.408895 -2.300987
v -0.450944 -0.409084 -2.297812
v -0.509463 -0.409682 -2.298485
v -0.509462 -0.409084 -2.297812
v -0.450944 -0.350949 -2.294987
v -0.509463 -0.351622 -2.29439
v -0.510099 -0.409047 -2.298447
v -0.509463 -0.350949 -2.294987
v -0.510099 -0.351584 -2.295025
v -0.510099 -0.408933 -2.300352
v -0.510099 -0.351471 -2.29693
v -0.450944 -0.408895 -2.300987
v -0.450944 -0.351433 -2.297565
v -0.509463 -0.351433 -2.297565
v -0.509463 -0.408895 -2.300987
v -0.410571 -0.08242 -2.311759
v -0.351845 -0.082682 -2.311836
v -0.351864 -0.085286 -2.304397
v -0.351783 -0.082737 -2.312675
v -0.410571 -0.085008 -2.304301
v -0.410571 -0.026594 -2.284028
v -0.351244 -0.082116 -2.311657
v -0.351223 -0.084659 -2.30418
v -0.410572 -0.024006 -2.291485
v -0.351875 -0.023793 -2.291431
v -0.351835 -0.026405 -2.283962
v -0.351228 -0.024399 -2.291616
v -0.351243 -0.026978 -2.284161
v -0.350924 -0.081955 -2.312404
v -0.352229 -0.083409 -2.313247
v -0.351291 -0.083204 -2.313175
v -0.411129 -0.08307 -2.313129
v -0.350313 -0.08228 -2.312855
v -0.350096 -0.081394 -2.312547
v -0.350096 -0.024392 -2.292763
v -0.410888 -0.082469 -2.312585
v -0.411451 -0.082896 -2.313069
v -0.411635 -0.082592 -2.312963
v -0.411635 -0.023125 -2.292323
v -0.350944 -0.024031 -2.292301
v -0.350313 -0.023506 -2.292456
v -0.410888 -0.023456 -2.292103
v -0.411451 -0.022821 -2.292218
v -0.411129 -0.022647 -2.292158
v -0.352229 -0.022376 -2.292064
v -0.351743 -0.023258 -2.292038
v -0.351291 -0.022581 -2.292135
v -0.422686 -0.016173 -2.280411
v -0.422686 -0.013585 -2.287868
v -0.33992 -0.013585 -2.287868
v -0.422686 -0.093356 -2.307199
v -0.33992 -0.016173 -2.280411
v -0.422686 -0.090767 -2.314656
v -0.33992 -0.093356 -2.307199
v -0.33992 -0.090767 -2.314656
v -0.422369 -0.013633 -2.288694
v -0.340237 -0.090217 -2.315274
v -0.340237 -0.013633 -2.288694
v -0.422369 -0.090217 -2.315274
v -0.341002 -0.089391 -2.315323
v -0.341001 -0.014252 -2.289244
v -0.421605 -0.089391 -2.315323
v -0.421605 -0.014252 -2.289244
v -0.341002 -0.089391 -2.315323
v -0.350313 -0.08228 -2.312855
v -0.351291 -0.083204 -2.313175
v -0.411635 -0.023125 -2.292323
v -0.421605 -0.014252 -2.289244
v -0.421605 -0.089391 -2.315323
v -0.411635 -0.082592 -2.312963
v -0.411129 -0.022647 -2.292158
v -0.352229 -0.022376 -2.292064
v -0.341001 -0.014252 -2.289244
v -0.411129 -0.08307 -2.313129
v -0.341002 -0.089391 -2.315323
v -0.352229 -0.083409 -2.313247
v -0.341002 -0.089391 -2.315323
v -0.350096 -0.024392 -2.292763
v -0.350096 -0.081394 -2.312547
v -0.411451 -0.082896 -2.313069
v -0.411635 -0.082592 -2.312963
v -0.421605 -0.089391 -2.315323
v -0.411451 -0.022821 -2.292218
v -0.411129 -0.022647 -2.292158
v -0.421605 -0.014252 -2.289244
v -0.421605 -0.014252 -2.289244
v -0.411635 -0.023125 -2.292323
v -0.411451 -0.022821 -2.292218
v -0.421605 -0.089391 -2.315323
v -0.411129 -0.08307 -2.313129
v -0.411451 -0.082896 -2.313069
v -0.350096 -0.081394 -2.312547
v -0.350313 -0.08228 -2.312855
v -0.341002 -0.089391 -2.315323
v -0.351291 -0.083204 -2.313175
v -0.352229 -0.083409 -2.313247
v -0.341002 -0.089391 -2.315323
v -0.351291 -0.022581 -2.292135
v -0.341001 -0.014252 -2.289244
v -0.352229 -0.022376 -2.292064
v -0.350313 -0.023506 -2.292456
v -0.341001 -0.014252 -2.289244
v -0.351291 -0.022581 -2.292135
v -0.350096 -0.024392 -2.292763
v -0.341001 -0.014252 -2.289244
v -0.350313 -0.023506 -2.292456
v -0.506422 -0.08242 -2.311759
v -0.447715 -0.082695 -2.311813
v -0.447715 -0.085286 -2.304397
v -0.506422 -0.085008 -2.304301
v -0.506422 -0.026594 -2.284028
v -0.447095 -0.082116 -2.311657
v -0.447074 -0.084659 -2.30418
v -0.50674 -0.082469 -2.312585
v -0.447599 -0.082716 -2.312661
v -0.506423 -0.024006 -2.291485
v -0.447726 -0.023793 -2.291431
v -0.447686 -0.026405 -2.283962
v -0.447079 -0.024399 -2.291616
v -0.447094 -0.026978 -2.284161
v -0.446776 -0.081956 -2.312404
v -0.44808 -0.083409 -2.313247
v -0.447143 -0.083204 -2.313175
v -0.50698 -0.08307 -2.313129
v -0.446164 -0.08228 -2.312855
v -0.445947 -0.081394 -2.312547
v -0.507302 -0.082896 -2.313069
v -0.445947 -0.024392 -2.292763
v -0.507486 -0.082592 -2.312963
v -0.507486 -0.023125 -2.292323
v -0.446795 -0.024031 -2.292301
v -0.446164 -0.023506 -2.292456
v -0.50674 -0.023456 -2.292103
v -0.507302 -0.022821 -2.292218
v -0.50698 -0.022647 -2.292158
v -0.44808 -0.022376 -2.292064
v -0.447594 -0.023258 -2.292038
v -0.447143 -0.022581 -2.292135
v -0.518537 -0.016173 -2.280411
v -0.518537 -0.013585 -2.287868
v -0.435771 -0.013585 -2.287868
v -0.518537 -0.093356 -2.307199
v -0.435771 -0.016173 -2.280411
v -0.518537 -0.090767 -2.314656
v -0.435771 -0.093356 -2.307199
v -0.435771 -0.090767 -2.314656
v -0.51822 -0.013633 -2.288694
v -0.436088 -0.090217 -2.315274
v -0.436088 -0.013633 -2.288694
v -0.51822 -0.090217 -2.315274
v -0.436853 -0.089391 -2.315323
v -0.436853 -0.014252 -2.289244
v -0.517456 -0.089391 -2.315323
v -0.517456 -0.014252 -2.289244
v -0.436853 -0.089391 -2.315323
v -0.446164 -0.08228 -2.312855
v -0.447143 -0.083204 -2.313175
v -0.507486 -0.023125 -2.292323
v -0.517456 -0.014252 -2.289244
v -0.517456 -0.089391 -2.315323
v -0.507486 -0.082592 -2.312963
v -0.50698 -0.022647 -2.292158
v -0.44808 -0.022376 -2.292064
v -0.436853 -0.014252 -2.289244
v -0.50698 -0.08307 -2.313129
v -0.436853 -0.089391 -2.315323
v -0.44808 -0.083409 -2.313247
v -0.436853 -0.089391 -2.315323
v -0.445947 -0.024392 -2.292763
v -0.445947 -0.081394 -2.312547
v -0.507302 -0.082896 -2.313069
v -0.507486 -0.082592 -2.312963
v -0.517456 -0.089391 -2.315323
v -0.507302 -0.022821 -2.292218
v -0.50698 -0.022647 -2.292158
v -0.517456 -0.014252 -2.289244
v -0.517456 -0.014252 -2.289244
v -0.507486 -0.023125 -2.292323
v -0.507302 -0.022821 -2.292218
v -0.517456 -0.089391 -2.315323
v -0.50698 -0.08307 -2.313129
v -0.507302 -0.082896 -2.313069
v -0.445947 -0.081394 -2.312547
v -0.446164 -0.08228 -2.312855
v -0.436853 -0.089391 -2.315323
v -0.447143 -0.083204 -2.313175
v -0.44808 -0.083409 -2.313247
v -0.436853 -0.089391 -2.315323
v -0.447143 -0.022581 -2.292135
v -0.436853 -0.014252 -2.289244
v -0.44808 -0.022376 -2.292064
v -0.446164 -0.023506 -2.292456
v -0.436853 -0.014252 -2.289244
v -0.447143 -0.022581 -2.292135
v -0.445947 -0.024392 -2.292763
v -0.436853 -0.014252 -2.289244
v -0.446164 -0.023506 -2.292456
v -0.541973 -0.085286 -2.304397
v -0.60068 -0.08242 -2.311759
v -0.541973 -0.082695 -2.311813
v -0.60068 -0.085008 -2.304301
v -0.60068 -0.026594 -2.284028
v -0.541353 -0.082116 -2.311657
v -0.541332 -0.084659 -2.30418
v -0.600998 -0.082469 -2.312585
v -0.541857 -0.082716 -2.312661
v -0.600681 -0.024006 -2.291485
v -0.541984 -0.023793 -2.291431
v -0.541944 -0.026405 -2.283962
v -0.541337 -0.024399 -2.291616
v -0.541352 -0.026978 -2.284161
v -0.541033 -0.081955 -2.312404
v -0.542338 -0.083409 -2.313247
v -0.5414 -0.083204 -2.313175
v -0.601238 -0.08307 -2.313129
v -0.540422 -0.08228 -2.312855
v -0.540205 -0.081394 -2.312547
v -0.60156 -0.082896 -2.313069
v -0.540205 -0.024392 -2.292763
v -0.601744 -0.082592 -2.312963
v -0.601744 -0.023125 -2.292323
v -0.541053 -0.024031 -2.292301
v -0.540422 -0.023506 -2.292456
v -0.600998 -0.023456 -2.292103
v -0.60156 -0.022821 -2.292218
v -0.601238 -0.022647 -2.292158
v -0.542338 -0.022376 -2.292064
v -0.541852 -0.023258 -2.292038
v -0.5414 -0.022581 -2.292135
v -0.612795 -0.016173 -2.280411
v -0.612795 -0.013585 -2.287868
v -0.530029 -0.013585 -2.287868
v -0.612795 -0.093356 -2.307199
v -0.530029 -0.016173 -2.280411
v -0.612795 -0.090767 -2.314656
v -0.530029 -0.093356 -2.307199
v -0.530029 -0.090767 -2.314656
v -0.612478 -0.013633 -2.288694
v -0.530346 -0.090217 -2.315274
v -0.530346 -0.013633 -2.288694
v -0.612478 -0.090217 -2.315274
v -0.531111 -0.089391 -2.315323
v -0.53111 -0.014252 -2.289244
v -0.611714 -0.089391 -2.315323
v -0.611714 -0.014252 -2.289244
v -0.531111 -0.089391 -2.315323
v -0.540422 -0.08228 -2.312855
v -0.5414 -0.083204 -2.313175
v -0.601744 -0.023125 -2.292323
v -0.611714 -0.014252 -2.289244
v -0.611714 -0.089391 -2.315323
v -0.601744 -0.082592 -2.312963
v -0.601238 -0.022647 -2.292158
v -0.542338 -0.022376 -2.292064
v -0.53111 -0.014252 -2.289244
v -0.601238 -0.08307 -2.313129
v -0.531111 -0.089391 -2.315323
v -0.542338 -0.083409 -2.313247
v -0.531111 -0.089391 -2.315323
v -0.540205 -0.024392 -2.292763
v -0.540205 -0.081394 -2.312547
v -0.60156 -0.082896 -2.313069
v -0.601744 -0.082592 -2.312963
v -0.611714 -0.089391 -2.315323
v -0.60156 -0.022821 -2.292218
v -0.601238 -0.022647 -2.292158
v -0.611714 -0.014252 -2.289244
v -0.611714 -0.014252 -2.289244
v -0.601744 -0.023125 -2.292323
v -0.60156 -0.022821 -2.292218
v -0.611714 -0.089391 -2.315323
v -0.601238 -0.08307 -2.313129
v -0.60156 -0.082896 -2.313069
v -0.540205 -0.081394 -2.312547
v -0.540422 -0.08228 -2.312855
v -0.531111 -0.089391 -2.315323
v -0.5414 -0.083204 -2.313175
v -0.542338 -0.083409 -2.313247
v -0.531111 -0.089391 -2.315323
v -0.5414 -0.022581 -2.292135
v -0.53111 -0.014252 -2.289244
v -0.542338 -0.022376 -2.292064
v -0.540422 -0.023506 -2.292456
v -0.53111 -0.014252 -2.289244
v -0.5414 -0.022581 -2.292135
v -0.540205 -0.024392 -2.292763
v -0.53111 -0.014252 -2.289244
v -0.540422 -0.023506 -2.292456
v -0.61264 -0.094664 -2.327303
v -0.613885 -0.09502 -2.327752
v -0.613885 -0.114366 -2.334449
v -0.613623 -0.093963 -2.327385
v -0.612671 -0.114941 -2.334319
v -0.611827 -0.093868 -2.327031
v -0.612427 -0.092833 -2.326993
v -0.611815 -0.095127 -2.326938
v -0.611307 -0.092585 -2.326906
v -0.476312 -0.092624 -2.326793
v -0.611468 -0.094794 -2.326832
v -0.47835 -0.093754 -2.327003
v -0.341865 -0.092663 -2.326682
v -0.341727 -0.094775 -2.326826
v -0.341406 -0.093818 -2.327023
v -0.340746 -0.092911 -2.326766
v -0.341893 -0.095692 -2.325932
v -0.340492 -0.094653 -2.327312
v -0.339549 -0.094042 -2.327157
v -0.339287 -0.0951 -2.327523
v -0.341335 -0.09513 -2.326956
v -0.341895 -0.128735 -2.294102
v -0.341899 -0.107539 -2.292745
v -0.61128 -0.095696 -2.325937
v -0.61128 -0.107545 -2.292746
v -0.611836 -0.114814 -2.333672
v -0.61128 -0.115078 -2.332365
v -0.611277 -0.12873 -2.294102
v -0.613623 -0.115423 -2.334815
v -0.612427 -0.116554 -2.335206
v -0.611443 -0.115172 -2.333784
v -0.6118 -0.115736 -2.334587
v -0.611307 -0.116802 -2.33529
v -0.475391 -0.116841 -2.335178
v -0.477482 -0.115831 -2.33463
v -0.341894 -0.115084 -2.332365
v -0.341865 -0.11688 -2.335066
v -0.341369 -0.115762 -2.334604
v -0.341698 -0.115155 -2.333787
v -0.340746 -0.116632 -2.33498
v -0.339549 -0.115502 -2.334587
v -0.341349 -0.114827 -2.333667
v -0.34052 -0.114948 -2.334321
v -0.339287 -0.114445 -2.33422
v -0.627914 0.009479 -2.285253
v -0.628336 0.007659 -2.28537
v -0.628288 0.009175 -2.289512
v -0.628336 -0.13423 -2.294454
v -0.627913 0.010833 -2.288938
v -0.625956 0.011511 -2.285124
v -0.628271 -0.120058 -2.334254
v -0.627914 -0.13605 -2.29457
v -0.625955 0.012681 -2.288296
v -0.627856 -0.121692 -2.334819
v -0.625956 -0.138082 -2.294701
v -0.624203 0.013078 -2.288157
v -0.624201 0.011948 -2.285095
v -0.625928 -0.123515 -2.335448
v -0.624201 -0.138519 -2.294729
v -0.327142 0.011948 -2.285095
v -0.624199 -0.123908 -2.335582
v -0.327142 -0.138519 -2.294729
v -0.327147 -0.123999 -2.335337
v -0.325388 -0.138082 -2.294701
v -0.327142 0.012987 -2.287911
v -0.325388 0.011511 -2.285123
v -0.325418 -0.123607 -2.3352
v -0.323429 -0.13605 -2.29457
v -0.327692 -0.12327 -2.336627
v -0.32349 -0.121785 -2.334567
v -0.323008 -0.13423 -2.294454
v -0.325951 -0.122899 -2.336497
v -0.324025 -0.121111 -2.335875
v -0.323075 -0.120151 -2.334001
v -0.325312 -0.12046 -2.33629
v -0.327237 -0.122169 -2.336884
v -0.324827 -0.118919 -2.335756
v -0.329007 -0.122493 -2.336998
v -0.323589 -0.119504 -2.335319
v -0.324706 0.007757 -2.291899
v -0.623709 -0.123174 -2.336869
v -0.622527 -0.122383 -2.337233
v -0.323547 0.008987 -2.290834
v -0.324937 0.009376 -2.291339
v -0.625435 -0.122796 -2.33674
v -0.624246 -0.122041 -2.337116
v -0.627356 -0.121007 -2.336122
v -0.626151 -0.120333 -2.336526
v -0.627789 -0.119402 -2.335567
v -0.62663 -0.118797 -2.335995
v -0.627828 0.009067 -2.29109
v -0.626751 0.007807 -2.292164
v -0.627507 0.01072 -2.290518
v -0.626526 0.009443 -2.291597
v -0.625612 0.012538 -2.289887
v -0.624784 0.011185 -2.290992
v -0.623908 0.012934 -2.289748
v -0.623202 0.011577 -2.290855
v -0.327469 0.012845 -2.289502
v -0.32827 0.011493 -2.290609
v -0.325387 0.012589 -2.288048
v -0.325766 0.012451 -2.289637
v -0.326683 0.011111 -2.29074
v -0.323428 0.01074 -2.288686
v -0.323429 0.009479 -2.285253
v -0.32387 0.010634 -2.290264
v -0.323053 0.009082 -2.28926
v -0.323008 0.007659 -2.28537
v -0.329007 -0.122493 -2.336998
v -0.327237 -0.122169 -2.336884
v -0.340746 -0.116632 -2.33498
v -0.341865 -0.11688 -2.335066
v -0.439342 -0.017373 -2.287599
v -0.439343 -0.013737 -2.297243
v -0.514474 -0.013737 -2.297243
v -0.437886 -0.017999 -2.287648
v -0.514474 -0.017372 -2.287599
v -0.437886 -0.014311 -2.29743
v -0.437282 -0.019511 -2.287766
v -0.437333 -0.012653 -2.298408
v -0.515931 -0.014311 -2.29743
v -0.515931 -0.017999 -2.287648
v -0.437283 -0.015684 -2.297918
v -0.437283 -0.096155 -2.293727
v -0.516534 -0.015684 -2.297918
v -0.516534 -0.019511 -2.287766
v -0.437283 -0.085555 -2.322168
v -0.437886 -0.097665 -2.293844
v -0.516534 -0.085554 -2.322168
v -0.516534 -0.096155 -2.293727
v -0.437886 -0.086927 -2.322655
v -0.439343 -0.098291 -2.293893
v -0.43671 -0.08709 -2.324244
v -0.436708 -0.013191 -2.298595
v -0.437301 -0.013273 -2.298455
v -0.43731 -0.087073 -2.324075
v -0.435324 -0.011057 -2.298516
v -0.437376 -0.087588 -2.324415
v -0.435328 -0.088832 -2.325443
v -0.518594 -0.088804 -2.325511
v -0.516583 -0.012683 -2.29842
v -0.518594 -0.01114 -2.298623
v -0.516544 -0.013301 -2.298466
v -0.517138 -0.013288 -2.298629
v -0.517138 -0.087045 -2.324228
v -0.515931 -0.086927 -2.322655
v -0.515931 -0.097665 -2.293844
v -0.516495 -0.087587 -2.324415
v -0.516526 -0.087064 -2.324071
v -0.514474 -0.087501 -2.322845
v -0.514474 -0.098291 -2.293893
v -0.439343 -0.087501 -2.322845
v -0.529305 -0.011137 -2.298631
v -0.623202 0.011577 -2.290854
v -0.613024 -0.011006 -2.298664
v -0.518594 -0.01114 -2.298623
v -0.529292 -0.088151 -2.325294
v -0.435324 -0.011057 -2.298516
v -0.521493 -0.092611 -2.326831
v -0.518594 -0.088804 -2.325511
v -0.613024 -0.088149 -2.325372
v -0.611307 -0.092585 -2.326906
v -0.423552 -0.01106 -2.298506
v -0.435328 -0.088832 -2.325443
v -0.62663 -0.118797 -2.335995
v -0.613024 -0.088149 -2.325372
v -0.626751 0.007807 -2.292164
v -0.612427 -0.092833 -2.326993
v -0.613623 -0.093963 -2.327385
v -0.613885 -0.09502 -2.327752
v -0.613885 -0.114366 -2.334449
v -0.423566 -0.088145 -2.325194
v -0.431679 -0.092637 -2.326756
v -0.341865 -0.092663 -2.326682
v -0.339825 -0.088192 -2.325132
v -0.339823 -0.011084 -2.298437
v -0.32827 0.011493 -2.290609
v -0.339825 -0.088192 -2.325132
v -0.339549 -0.094042 -2.327157
v -0.339287 -0.0951 -2.327523
v -0.339287 -0.114445 -2.33422
v -0.324827 -0.118919 -2.335756
v -0.324706 0.007757 -2.291899
v -0.325312 -0.12046 -2.33629
v -0.339549 -0.115502 -2.334587
v -0.327237 -0.122169 -2.336884
v -0.340746 -0.116632 -2.33498
v -0.624246 -0.122041 -2.337116
v -0.622527 -0.122383 -2.337233
v -0.611307 -0.116802 -2.33529
v -0.612427 -0.116554 -2.335206
v -0.533772 -0.098291 -2.293893
v -0.608904 -0.098291 -2.293893
v -0.608904 -0.087501 -2.322845
v -0.61036 -0.097665 -2.293844
v -0.533772 -0.087501 -2.322845
v -0.61036 -0.086927 -2.322655
v -0.610964 -0.096155 -2.293727
v -0.611245 -0.087406 -2.324356
v -0.532315 -0.086927 -2.322655
v -0.532315 -0.097665 -2.293844
v -0.610964 -0.085555 -2.322168
v -0.610964 -0.019511 -2.287766
v -0.531712 -0.085555 -2.322168
v -0.531712 -0.096155 -2.293727
v -0.610964 -0.015684 -2.297918
v -0.61036 -0.017999 -2.287648
v -0.531712 -0.015684 -2.297918
v -0.531712 -0.019511 -2.287766
v -0.61036 -0.014311 -2.29743
v -0.608904 -0.017372 -2.287599
v -0.611567 -0.086731 -2.324118
v -0.608904 -0.013737 -2.297243
v -0.533772 -0.017372 -2.287599
v -0.611021 -0.086948 -2.324031
v -0.533772 -0.013737 -2.297243
v -0.532315 -0.017999 -2.287648
v -0.613024 -0.088149 -2.325372
v -0.532315 -0.014311 -2.29743
v -0.531213 -0.087399 -2.324354
v -0.613024 -0.011006 -2.298664
v -0.529292 -0.088151 -2.325294
v -0.611567 -0.013234 -2.29861
v -0.531581 -0.086922 -2.324022
v -0.610964 -0.013281 -2.298459
v -0.531006 -0.086608 -2.324073
v -0.610964 -0.012653 -2.298408
v -0.529305 -0.011137 -2.298631
v -0.531486 -0.012684 -2.29842
v -0.531009 -0.013415 -2.29867
v -0.531637 -0.013327 -2.298475
v -0.435328 -0.088832 -2.325443
v -0.518594 -0.088804 -2.325511
v -0.521493 -0.092611 -2.326831
v -0.431679 -0.092637 -2.326756
v -0.421134 -0.019511 -2.287766
v -0.421134 -0.015684 -2.297918
v -0.421134 -0.085555 -2.322168
v -0.420531 -0.017999 -2.287648
v -0.421134 -0.096155 -2.293727
v -0.420531 -0.014311 -2.29743
v -0.419074 -0.017372 -2.287599
v -0.42184 -0.013369 -2.298654
v -0.420531 -0.086927 -2.322655
v -0.420531 -0.097665 -2.293844
v -0.421843 -0.086587 -2.324065
v -0.4212 -0.013308 -2.298468
v -0.419074 -0.087501 -2.322845
v -0.419074 -0.098291 -2.293893
v -0.421313 -0.012653 -2.298408
v -0.343942 -0.087501 -2.322845
v -0.343942 -0.098291 -2.293893
v -0.423552 -0.01106 -2.298506
v -0.419074 -0.013737 -2.297243
v -0.339823 -0.011084 -2.298437
v -0.423566 -0.088145 -2.325194
v -0.341882 -0.012653 -2.298408
v -0.343942 -0.013737 -2.297243
v -0.343942 -0.017372 -2.287599
v -0.342486 -0.017999 -2.287648
v -0.342486 -0.014311 -2.29743
v -0.341882 -0.019511 -2.287766
v -0.341279 -0.013234 -2.29861
v -0.341882 -0.013281 -2.298459
v -0.339825 -0.088192 -2.325132
v -0.341882 -0.015684 -2.297918
v -0.341882 -0.096155 -2.293727
v -0.34128 -0.086714 -2.324112
v -0.341882 -0.085555 -2.322168
v -0.342486 -0.097665 -2.293844
v -0.341581 -0.087396 -2.324353
v -0.342486 -0.086927 -2.322655
v -0.341822 -0.086942 -2.324028
v -0.421663 -0.087389 -2.324351
v -0.421272 -0.086914 -2.324019
v -0.624784 0.011185 -2.290992
v -0.613024 -0.011006 -2.298664
v -0.623202 0.011577 -2.290855
v -0.626751 0.007807 -2.292164
v -0.613024 -0.011006 -2.298664
v -0.626526 0.009443 -2.291597
v -0.326683 0.011111 -2.29074
v -0.32827 0.011493 -2.290609
v -0.339823 -0.011084 -2.298437
v -0.611309 -0.116802 -2.33529
v -0.622527 -0.122383 -2.337233
v -0.329007 -0.122493 -2.336998
v -0.341012 -0.117293 -2.32791
v -0.341012 -0.096564 -2.320717
v -0.612534 -0.096564 -2.320717
v -0.612534 -0.117293 -2.32791
v -0.612427 -0.116554 -2.335206
v -0.613623 -0.115423 -2.334815
v -0.626151 -0.120333 -2.336526
v -0.624246 -0.122041 -2.337116
v -0.613623 -0.115423 -2.334815
v -0.613885 -0.114366 -2.334449
v -0.62663 -0.118797 -2.335995
v -0.626151 -0.120333 -2.336526
v -0.626526 0.009443 -2.291597
v -0.613024 -0.011006 -2.298664
v -0.624784 0.011185 -2.290992
v -0.339823 -0.011084 -2.298437
v -0.324937 0.009376 -2.291339
v -0.326683 0.011111 -2.29074
v -0.324706 0.007757 -2.291899
v -0.324937 0.009376 -2.291339
v -0.339823 -0.011084 -2.298437
v -0.611307 -0.092585 -2.326906
v -0.613024 -0.088149 -2.325372
v -0.341865 -0.092663 -2.326682
v -0.340746 -0.092911 -2.326766
v -0.339549 -0.094042 -2.327157
v -0.339825 -0.088192 -2.325132
v -0.188056 -0.114883 -2.298085
v -0.188056 -0.086466 -2.296771
v -0.192213 -0.08638 -2.298491
v -0.192213 -0.114797 -2.299805
v -0.186334 -0.115089 -2.293933
v -0.19637 -0.086466 -2.296771
v -0.188287 -0.115622 -2.297888
v -0.192213 -0.115541 -2.299513
v -0.188287 -0.08575 -2.296506
v -0.192213 -0.115881 -2.298739
v -0.188845 -0.115951 -2.297345
v -0.195582 -0.115951 -2.297345
v -0.186661 -0.115817 -2.293967
v -0.187449 -0.116118 -2.293981
v -0.196139 -0.115622 -2.297888
v -0.196977 -0.116118 -2.293981
v -0.188287 -0.116012 -2.290045
v -0.188845 -0.116286 -2.290616
v -0.197766 -0.115817 -2.293967
v -0.195582 -0.116286 -2.290616
v -0.19637 -0.114883 -2.298085
v -0.196139 -0.116012 -2.290045
v -0.192213 -0.116355 -2.289222
v -0.198092 -0.115089 -2.293933
v -0.192213 -0.116093 -2.288421
v -0.19637 -0.115296 -2.289781
v -0.198092 -0.086673 -2.292619
v -0.192213 -0.115382 -2.288061
v -0.188056 -0.115296 -2.289781
v -0.19637 -0.086879 -2.288466
v -0.186334 -0.086673 -2.292619
v -0.188056 -0.086879 -2.288466
v -0.192213 -0.086965 -2.286747
v -0.186661 -0.085945 -2.292585
v -0.188287 -0.08614 -2.288663
v -0.192213 -0.086221 -2.287039
v -0.196139 -0.08614 -2.288663
v -0.188845 -0.085811 -2.289206
v -0.187449 -0.085644 -2.292571
v -0.192213 -0.08588 -2.287812
v -0.188845 -0.085476 -2.295936
v -0.195582 -0.085811 -2.289206
v -0.196977 -0.085644 -2.292571
v -0.192213 -0.085669 -2.298131
v -0.192213 -0.085407 -2.29733
v -0.197766 -0.085945 -2.292585
v -0.195582 -0.085476 -2.295936
v -0.196139 -0.08575 -2.296506
v -0.198105 -0.082553 -2.291862
v -0.198469 -0.054168 -2.290069
v -0.196747 -0.054426 -2.28592
v -0.196383 -0.082812 -2.287712
v -0.196383 -0.082248 -2.296008
v -0.19259 -0.054485 -2.284198
v -0.197769 -0.083276 -2.291907
v -0.196143 -0.08352 -2.287988
v -0.198152 -0.053436 -2.290023
v -0.195582 -0.083775 -2.288563
v -0.196977 -0.083566 -2.291925
v -0.192213 -0.083824 -2.287167
v -0.196143 -0.082987 -2.295823
v -0.195582 -0.083319 -2.295286
v -0.192217 -0.083576 -2.286362
v -0.188845 -0.083683 -2.288557
v -0.192217 -0.082823 -2.297443
v -0.192213 -0.083178 -2.296675
v -0.188291 -0.083412 -2.287981
v -0.187449 -0.083435 -2.291917
v -0.192226 -0.082871 -2.28599
v -0.186665 -0.083123 -2.291898
v -0.188845 -0.083226 -2.29528
v -0.18807 -0.082697 -2.287704
v -0.188291 -0.08288 -2.295816
v -0.186348 -0.082392 -2.291852
v -0.188434 -0.054311 -2.285913
v -0.18807 -0.082134 -2.296001
v -0.192226 -0.082074 -2.297723
v -0.186712 -0.054006 -2.290059
v -0.196747 -0.053862 -2.294216
v -0.19259 -0.053688 -2.29593
v -0.188434 -0.053748 -2.294209
v -0.196525 -0.053148 -2.29394
v -0.1926 -0.052984 -2.295559
v -0.188674 -0.05304 -2.293933
v -0.187048 -0.053284 -2.290014
v -0.192603 -0.052736 -2.294753
v -0.195972 -0.052877 -2.293364
v -0.189235 -0.052784 -2.293358
v -0.197367 -0.053124 -2.290004
v -0.18784 -0.052993 -2.289995
v -0.189235 -0.053241 -2.286635
v -0.196525 -0.05368 -2.286104
v -0.195972 -0.053334 -2.286641
v -0.188674 -0.053572 -2.286097
v -0.192603 -0.053382 -2.285246
v -0.1926 -0.053736 -2.284478
v -0.196344 -0.016849 -2.291879
v -0.195661 0.011531 -2.290088
v -0.197383 0.011293 -2.285937
v -0.198065 -0.017086 -2.287728
v -0.192188 -0.016839 -2.293604
v -0.195661 0.010967 -2.281791
v -0.196131 -0.017597 -2.291695
v -0.197757 -0.017821 -2.287775
v -0.195413 0.012236 -2.289812
v -0.196976 -0.018143 -2.287795
v -0.195581 -0.01795 -2.291159
v -0.195581 -0.018407 -2.284436
v -0.192206 -0.017588 -2.293324
v -0.192213 -0.017942 -2.292557
v -0.196131 -0.018129 -2.28386
v -0.192213 -0.018588 -2.283049
v -0.188281 -0.0178 -2.291708
v -0.188845 -0.018124 -2.29117
v -0.196344 -0.017412 -2.283583
v -0.192206 -0.018341 -2.282243
v -0.188845 -0.018581 -2.284447
v -0.192188 -0.017636 -2.281872
v -0.188281 -0.018332 -2.283872
v -0.18745 -0.018388 -2.287811
v -0.186655 -0.018107 -2.287793
v -0.188033 -0.017627 -2.283597
v -0.186311 -0.017389 -2.287748
v -0.188033 -0.017063 -2.291893
v -0.185629 0.01099 -2.285956
v -0.191506 0.01154 -2.291812
v -0.18735 0.011317 -2.290101
v -0.191488 0.012245 -2.291441
v -0.187563 0.012034 -2.289824
v -0.185938 0.011726 -2.28591
v -0.191481 0.012493 -2.290635
v -0.188113 0.012311 -2.289248
v -0.194849 0.012485 -2.289237
v -0.186718 0.012047 -2.285889
v -0.188113 0.011854 -2.282525
v -0.197039 0.012012 -2.285892
v -0.196243 0.012292 -2.285874
v -0.187563 0.011501 -2.281989
v -0.191481 0.011847 -2.281128
v -0.195413 0.011704 -2.281976
v -0.194849 0.012028 -2.282514
v -0.191488 0.011492 -2.28036
v -0.191506 0.010743 -2.28008
v -0.18735 0.010753 -2.281805
v -0.198092 -0.049855 -2.289797
v -0.198092 -0.021467 -2.288005
v -0.19637 -0.021748 -2.283857
v -0.19637 -0.050137 -2.285649
v -0.19637 -0.049573 -2.293945
v -0.192213 -0.021865 -2.282139
v -0.197766 -0.050582 -2.289843
v -0.196139 -0.050848 -2.285925
v -0.197766 -0.02074 -2.287959
v -0.195582 -0.051111 -2.2865
v -0.196977 -0.050883 -2.289862
v -0.192213 -0.051206 -2.285108
v -0.196139 -0.050316 -2.293761
v -0.195582 -0.050655 -2.293224
v -0.192213 -0.050958 -2.284302
v -0.188845 -0.051111 -2.2865
v -0.192213 -0.050206 -2.295383
v -0.192213 -0.05056 -2.294616
v -0.188287 -0.050848 -2.285925
v -0.187449 -0.050883 -2.289862
v -0.192213 -0.050254 -2.283931
v -0.186661 -0.050582 -2.289843
v -0.188845 -0.050655 -2.293224
v -0.188056 -0.050137 -2.285649
v -0.188287 -0.050316 -2.293761
v -0.186334 -0.049855 -2.289797
v -0.188056 -0.021748 -2.283857
v -0.188056 -0.049573 -2.293945
v -0.192213 -0.049457 -2.295663
v -0.186334 -0.021467 -2.288005
v -0.19637 -0.021185 -2.292153
v -0.192213 -0.021068 -2.293871
v -0.188056 -0.021185 -2.292153
v -0.196139 -0.020474 -2.291877
v -0.192213 -0.020363 -2.293499
v -0.188287 -0.020474 -2.291877
v -0.186661 -0.02074 -2.287959
v -0.192213 -0.020116 -2.292694
v -0.188845 -0.02021 -2.291301
v -0.195582 -0.02021 -2.291301
v -0.187449 -0.020439 -2.28794
v -0.196977 -0.020439 -2.28794
v -0.188845 -0.020667 -2.284578
v -0.196139 -0.021006 -2.284041
v -0.195582 -0.020667 -2.284578
v -0.188287 -0.021006 -2.284041
v -0.192213 -0.020762 -2.283186
v -0.192213 -0.021116 -2.282418
v -0.19637 -0.147279 -2.300076
v -0.19637 -0.118973 -2.29733
v -0.198092 -0.119405 -2.293194
v -0.198092 -0.147711 -2.29594
v -0.192213 -0.1471 -2.30179
v -0.19637 -0.119837 -2.289058
v -0.196139 -0.148028 -2.299917
v -0.197766 -0.148436 -2.29601
v -0.196139 -0.118272 -2.29703
v -0.196977 -0.148736 -2.29604
v -0.195582 -0.148386 -2.299392
v -0.195582 -0.149086 -2.292688
v -0.192213 -0.147859 -2.301535
v -0.192213 -0.148241 -2.30078
v -0.196139 -0.148843 -2.292104
v -0.192213 -0.149231 -2.2913
v -0.188287 -0.148028 -2.299917
v -0.188845 -0.148386 -2.299392
v -0.192213 -0.149012 -2.290486
v -0.188845 -0.149086 -2.292688
v -0.19637 -0.148142 -2.291804
v -0.188287 -0.148843 -2.292104
v -0.187449 -0.148736 -2.29604
v -0.192213 -0.148321 -2.290091
v -0.186661 -0.148436 -2.29601
v -0.188056 -0.148142 -2.291804
v -0.192213 -0.120015 -2.287345
v -0.186334 -0.147711 -2.29594
v -0.188056 -0.147279 -2.300076
v -0.188056 -0.119836 -2.289058
v -0.192213 -0.118794 -2.299044
v -0.188056 -0.118973 -2.29733
v -0.186334 -0.119405 -2.293194
v -0.192213 -0.118103 -2.298649
v -0.188287 -0.118272 -2.29703
v -0.186661 -0.11868 -2.293124
v -0.188287 -0.119088 -2.289217
v -0.188845 -0.11803 -2.296447
v -0.187449 -0.11838 -2.293095
v -0.192213 -0.117885 -2.297835
v -0.188845 -0.118729 -2.289743
v -0.195582 -0.11803 -2.296447
v -0.192213 -0.118874 -2.288354
v -0.197766 -0.11868 -2.293124
v -0.196977 -0.11838 -2.293095
v -0.192213 -0.119257 -2.287599
v -0.195582 -0.118729 -2.289743
v -0.196139 -0.119088 -2.289217
v -0.198092 -0.180325 -2.298034
v -0.198092 -0.151937 -2.296242
v -0.19637 -0.152219 -2.292094
v -0.19637 -0.180607 -2.293886
v -0.19637 -0.180044 -2.302182
v -0.192213 -0.152335 -2.290375
v -0.197766 -0.181052 -2.29808
v -0.196139 -0.181319 -2.294163
v -0.197766 -0.15121 -2.296196
v -0.195582 -0.181582 -2.294738
v -0.196977 -0.181353 -2.298099
v -0.192213 -0.181676 -2.293345
v -0.196139 -0.180786 -2.301998
v -0.195582 -0.181125 -2.301461
v -0.192213 -0.181429 -2.29254
v -0.188845 -0.181582 -2.294738
v -0.192213 -0.180676 -2.303621
v -0.192213 -0.181031 -2.302853
v -0.188287 -0.181318 -2.294163
v -0.187449 -0.181353 -2.298099
v -0.192213 -0.180724 -2.292168
v -0.186661 -0.181052 -2.29808
v -0.188845 -0.181125 -2.301461
v -0.188056 -0.180607 -2.293886
v -0.188287 -0.180786 -2.301998
v -0.186334 -0.180325 -2.298034
v -0.188056 -0.152219 -2.292094
v -0.188056 -0.180044 -2.302182
v -0.192213 -0.179927 -2.3039
v -0.186334 -0.151937 -2.296242
v -0.19637 -0.151655 -2.30039
v -0.192213 -0.151539 -2.302108
v -0.188056 -0.151655 -2.30039
v -0.196139 -0.150944 -2.300114
v -0.192213 -0.150834 -2.301737
v -0.188287 -0.150944 -2.300114
v -0.186661 -0.15121 -2.296196
v -0.192213 -0.150586 -2.300931
v -0.188845 -0.150681 -2.299538
v -0.195582 -0.150681 -2.299538
v -0.187449 -0.150909 -2.296177
v -0.196977 -0.150909 -2.296177
v -0.188845 -0.151137 -2.292815
v -0.196139 -0.151476 -2.292278
v -0.195582 -0.151137 -2.292815
v -0.188287 -0.151476 -2.292278
v -0.192213 -0.151232 -2.291423
v -0.192213 -0.151586 -2.290655
v -0.198075 -0.212842 -2.300075
v -0.197613 -0.184475 -2.298044
v -0.19589 -0.184824 -2.293901
v -0.196351 -0.213191 -2.295933
v -0.196355 -0.212552 -2.304223
v -0.191733 -0.185028 -2.292191
v -0.19776 -0.213574 -2.300128
v -0.196132 -0.213904 -2.296215
v -0.197275 -0.183754 -2.297993
v -0.19558 -0.214171 -2.296793
v -0.196977 -0.213888 -2.30015
v -0.192211 -0.214337 -2.295407
v -0.196136 -0.2133 -2.304045
v -0.195583 -0.213654 -2.303512
v -0.192206 -0.214097 -2.294599
v -0.188843 -0.214288 -2.296804
v -0.192211 -0.213244 -2.305674
v -0.192215 -0.213605 -2.304909
v -0.188281 -0.21404 -2.296228
v -0.18745 -0.214054 -2.300166
v -0.192194 -0.213395 -2.294222
v -0.186657 -0.213767 -2.300146
v -0.188846 -0.213771 -2.303524
v -0.188038 -0.213335 -2.295946
v -0.188285 -0.213437 -2.304059
v -0.186318 -0.213046 -2.300095
v -0.187577 -0.184968 -2.293916
v -0.188042 -0.212697 -2.304237
v -0.192199 -0.212492 -2.305948
v -0.185857 -0.184679 -2.298064
v -0.195893 -0.184185 -2.302192
v -0.191738 -0.184125 -2.303917
v -0.187581 -0.18433 -2.302207
v -0.195651 -0.183481 -2.301911
v -0.191726 -0.183424 -2.303539
v -0.1878 -0.183617 -2.301924
v -0.186172 -0.183947 -2.298011
v -0.191721 -0.183184 -2.302732
v -0.188352 -0.183349 -2.301346
v -0.195088 -0.183232 -2.301334
v -0.186955 -0.183632 -2.297989
v -0.196482 -0.183467 -2.297973
v -0.188349 -0.183867 -2.294627
v -0.195648 -0.184084 -2.29408
v -0.195085 -0.18375 -2.294615
v -0.187797 -0.18422 -2.294094
v -0.191717 -0.183915 -2.29323
v -0.191721 -0.184277 -2.292465
v -0.192213 -0.245959 -2.296286
v -0.192213 -0.217571 -2.294494
v -0.188056 -0.217454 -2.296212
v -0.188056 -0.245842 -2.298005
v -0.19637 -0.245842 -2.298005
v -0.186334 -0.217172 -2.30036
v -0.192213 -0.246664 -2.296658
v -0.188287 -0.246554 -2.298281
v -0.192213 -0.216822 -2.294774
v -0.188845 -0.246817 -2.298856
v -0.192213 -0.246912 -2.297464
v -0.187449 -0.246589 -2.302217
v -0.196139 -0.246554 -2.298281
v -0.195582 -0.246817 -2.298856
v -0.186661 -0.246288 -2.302198
v -0.188845 -0.24636 -2.305579
v -0.197766 -0.246288 -2.302198
v -0.196977 -0.246589 -2.302217
v -0.188287 -0.246022 -2.306116
v -0.192213 -0.246266 -2.306971
v -0.186334 -0.245561 -2.302153
v -0.192213 -0.245911 -2.307739
v -0.195582 -0.24636 -2.305579
v -0.188056 -0.245279 -2.306301
v -0.196139 -0.246021 -2.306116
v -0.192213 -0.245162 -2.308019
v -0.188056 -0.21689 -2.304508
v -0.19637 -0.245279 -2.306301
v -0.198092 -0.245561 -2.302153
v -0.192213 -0.216774 -2.306227
v -0.19637 -0.217454 -2.296212
v -0.198092 -0.217172 -2.30036
v -0.19637 -0.21689 -2.304508
v -0.196139 -0.216711 -2.296397
v -0.197766 -0.216445 -2.300314
v -0.196139 -0.216179 -2.304232
v -0.192213 -0.216069 -2.305855
v -0.196977 -0.216144 -2.300295
v -0.195582 -0.216373 -2.296934
v -0.195582 -0.215916 -2.303657
v -0.192213 -0.216467 -2.295542
v -0.192213 -0.215821 -2.305049
v -0.188845 -0.215916 -2.303657
v -0.188287 -0.216711 -2.296397
v -0.188845 -0.216373 -2.296934
v -0.188287 -0.216179 -2.304232
v -0.187449 -0.216144 -2.300295
v -0.186661 -0.216445 -2.300314
v -0.198092 -0.278178 -2.304212
v -0.198092 -0.24979 -2.30242
v -0.19637 -0.250072 -2.298272
v -0.19637 -0.27846 -2.300064
v -0.19637 -0.277897 -2.30836
v -0.192213 -0.250188 -2.296553
v -0.197766 -0.278905 -2.304257
v -0.196139 -0.279171 -2.30034
v -0.197766 -0.249063 -2.302374
v -0.195582 -0.279435 -2.300915
v -0.196977 -0.279206 -2.304276
v -0.192213 -0.279529 -2.299523
v -0.196139 -0.278639 -2.308175
v -0.195582 -0.278978 -2.307638
v -0.192213 -0.279281 -2.298717
v -0.188845 -0.279435 -2.300915
v -0.192213 -0.278529 -2.309798
v -0.192213 -0.278883 -2.309031
v -0.192213 -0.278577 -2.298346
v -0.188287 -0.279171 -2.30034
v -0.187449 -0.279206 -2.304276
v -0.188056 -0.27846 -2.300064
v -0.186661 -0.278905 -2.304257
v -0.188845 -0.278978 -2.307638
v -0.188287 -0.278639 -2.308175
v -0.186334 -0.278178 -2.304212
v -0.188056 -0.277897 -2.30836
v -0.192213 -0.27778 -2.310078
v -0.188056 -0.249508 -2.306568
v -0.19637 -0.249508 -2.306568
v -0.192213 -0.249391 -2.308286
v -0.196139 -0.248797 -2.306291
v -0.192213 -0.248687 -2.307914
v -0.188287 -0.248797 -2.306291
v -0.186334 -0.24979 -2.30242
v -0.192213 -0.248439 -2.307109
v -0.195582 -0.248534 -2.305716
v -0.188845 -0.248533 -2.305716
v -0.196977 -0.248762 -2.302355
v -0.187449 -0.248762 -2.302355
v -0.196139 -0.249329 -2.298456
v -0.195582 -0.24899 -2.298993
v -0.186661 -0.249063 -2.302374
v -0.188845 -0.24899 -2.298993
v -0.192213 -0.249439 -2.296833
v -0.192213 -0.249085 -2.297601
v -0.188287 -0.249329 -2.298456
v -0.188056 -0.250072 -2.298272
v -0.198118 -0.310974 -2.306282
v -0.198919 -0.282598 -2.304491
v -0.197198 -0.282827 -2.30034
v -0.196398 -0.311204 -2.302131
v -0.196398 -0.31064 -2.310427
v -0.193043 -0.282818 -2.298613
v -0.197772 -0.311691 -2.306328
v -0.196146 -0.311908 -2.302407
v -0.198613 -0.281861 -2.304444
v -0.195581 -0.312154 -2.302981
v -0.196975 -0.311968 -2.306345
v -0.192213 -0.312147 -2.301582
v -0.196146 -0.311375 -2.310242
v -0.195581 -0.311697 -2.309704
v -0.192222 -0.311899 -2.300776
v -0.188846 -0.31195 -2.302968
v -0.192222 -0.311147 -2.311858
v -0.192213 -0.311501 -2.31109
v -0.188297 -0.31167 -2.302392
v -0.187451 -0.31168 -2.306327
v -0.192242 -0.311195 -2.300405
v -0.186672 -0.311355 -2.306306
v -0.188846 -0.311494 -2.309691
v -0.188087 -0.310953 -2.302115
v -0.188297 -0.311138 -2.310227
v -0.186366 -0.310619 -2.30626
v -0.188888 -0.282576 -2.300323
v -0.188087 -0.310389 -2.310411
v -0.192242 -0.310398 -2.312137
v -0.187166 -0.282242 -2.304468
v -0.197198 -0.282264 -2.308635
v -0.193043 -0.282022 -2.310346
v -0.188888 -0.282013 -2.30862
v -0.196988 -0.281546 -2.308359
v -0.193063 -0.281317 -2.309974
v -0.189139 -0.281309 -2.308344
v -0.187513 -0.281526 -2.304423
v -0.193072 -0.28107 -2.309169
v -0.189705 -0.281062 -2.30777
v -0.196439 -0.281266 -2.307782
v -0.18831 -0.281249 -2.304406
v -0.197834 -0.281536 -2.304424
v -0.189705 -0.281519 -2.301047
v -0.196988 -0.282078 -2.300524
v -0.196439 -0.281723 -2.30106
v -0.189139 -0.281841 -2.300508
v -0.193072 -0.281715 -2.299661
v -0.193063 -0.28207 -2.298893
v -0.19637 -0.342984 -2.312432
v -0.19637 -0.314679 -2.309685
v -0.198092 -0.31511 -2.305549
v -0.198092 -0.343416 -2.308295
v -0.192213 -0.342806 -2.314145
v -0.19637 -0.315542 -2.301413
v -0.196139 -0.343733 -2.312272
v -0.197766 -0.344141 -2.308366
v -0.196139 -0.313978 -2.309385
v -0.196977 -0.344441 -2.308395
v -0.195582 -0.344092 -2.311747
v -0.195582 -0.344791 -2.305043
v -0.192213 -0.343564 -2.31389
v -0.192213 -0.343947 -2.313136
v -0.196139 -0.344549 -2.30446
v -0.192213 -0.344936 -2.303655
v -0.188287 -0.343733 -2.312272
v -0.188845 -0.344092 -2.311747
v -0.192213 -0.344718 -2.302841
v -0.188845 -0.344791 -2.305043
v -0.19637 -0.343848 -2.304159
v -0.188287 -0.344549 -2.30446
v -0.187449 -0.344441 -2.308395
v -0.192213 -0.344027 -2.302446
v -0.186661 -0.344141 -2.308366
v -0.188056 -0.343848 -2.304159
v -0.192213 -0.315721 -2.2997
v -0.186334 -0.343416 -2.308295
v -0.188056 -0.342984 -2.312432
v -0.188056 -0.315542 -2.301413
v -0.192213 -0.3145 -2.311399
v -0.188056 -0.314679 -2.309685
v -0.186334 -0.31511 -2.305549
v -0.192213 -0.313809 -2.311003
v -0.188287 -0.313978 -2.309385
v -0.186661 -0.314385 -2.305479
v -0.188287 -0.314793 -2.301573
v -0.188845 -0.313735 -2.308802
v -0.192213 -0.31359 -2.31019
v -0.187449 -0.314085 -2.30545
v -0.195582 -0.313735 -2.308802
v -0.188845 -0.314435 -2.302098
v -0.192213 -0.31458 -2.30071
v -0.197766 -0.314385 -2.305479
v -0.196977 -0.314085 -2.30545
v -0.192213 -0.314962 -2.299955
v -0.195582 -0.314435 -2.302098
v -0.196139 -0.314793 -2.301573
v -0.196353 -0.376244 -2.306237
v -0.195913 -0.347859 -2.304445
v -0.191757 -0.348045 -2.302731
v -0.192197 -0.37643 -2.304523
v -0.198075 -0.375934 -2.310383
v -0.187601 -0.347997 -2.304454
v -0.196134 -0.376959 -2.306513
v -0.192208 -0.377134 -2.304895
v -0.195671 -0.34712 -2.30463
v -0.192213 -0.377382 -2.305701
v -0.195581 -0.377231 -2.307089
v -0.188845 -0.377343 -2.307096
v -0.19776 -0.376666 -2.31043
v -0.196977 -0.37698 -2.31045
v -0.188283 -0.377089 -2.306522
v -0.18745 -0.377138 -2.310459
v -0.196134 -0.376427 -2.314349
v -0.195582 -0.376775 -2.313812
v -0.186657 -0.37685 -2.310441
v -0.188845 -0.376887 -2.31382
v -0.188041 -0.376382 -2.306246
v -0.188283 -0.376557 -2.314357
v -0.192213 -0.376736 -2.315208
v -0.186319 -0.376129 -2.310396
v -0.192208 -0.376382 -2.315976
v -0.188041 -0.375819 -2.314542
v -0.185879 -0.347744 -2.308604
v -0.192197 -0.375633 -2.316256
v -0.196354 -0.37568 -2.314533
v -0.187601 -0.347434 -2.31275
v -0.197635 -0.347549 -2.308591
v -0.195913 -0.347296 -2.312741
v -0.191757 -0.347248 -2.314464
v -0.197298 -0.346827 -2.308546
v -0.195671 -0.346588 -2.312465
v -0.191746 -0.346543 -2.314092
v -0.18782 -0.346719 -2.312474
v -0.195109 -0.346334 -2.311891
v -0.196505 -0.346539 -2.308528
v -0.191741 -0.346296 -2.313287
v -0.195109 -0.346791 -2.305167
v -0.188373 -0.346446 -2.311898
v -0.186978 -0.346698 -2.308538
v -0.191746 -0.347296 -2.303011
v -0.191741 -0.346941 -2.303779
v -0.186194 -0.347012 -2.308558
v -0.188373 -0.346903 -2.305175
v -0.18782 -0.347251 -2.304638
v -0.188056 -0.409007 -2.308289
v -0.188056 -0.380655 -2.306019
v -0.186334 -0.380298 -2.310162
v -0.186334 -0.40865 -2.312431
v -0.192213 -0.409155 -2.306573
v -0.188056 -0.379942 -2.314305
v -0.188287 -0.409713 -2.308577
v -0.186661 -0.409376 -2.31249
v -0.188287 -0.379909 -2.306191
v -0.187449 -0.409677 -2.312514
v -0.188845 -0.409966 -2.309156
v -0.188845 -0.409387 -2.315871
v -0.192213 -0.409853 -2.306957
v -0.192213 -0.410086 -2.307766
v -0.188287 -0.409039 -2.316402
v -0.192213 -0.409268 -2.317261
v -0.196139 -0.409713 -2.308577
v -0.195582 -0.409966 -2.309156
v -0.192213 -0.408899 -2.318023
v -0.195582 -0.409387 -2.315871
v -0.188056 -0.408293 -2.316574
v -0.196139 -0.409039 -2.316402
v -0.196977 -0.409677 -2.312514
v -0.192213 -0.408145 -2.31829
v -0.197766 -0.409376 -2.31249
v -0.19637 -0.408293 -2.316574
v -0.192213 -0.379794 -2.316021
v -0.198092 -0.40865 -2.312431
v -0.19637 -0.409007 -2.308289
v -0.19637 -0.379942 -2.314305
v -0.192213 -0.380803 -2.304303
v -0.19637 -0.380655 -2.306019
v -0.198092 -0.380298 -2.310162
v -0.192213 -0.380049 -2.304571
v -0.196139 -0.379909 -2.306191
v -0.197766 -0.379572 -2.310104
v -0.196139 -0.379235 -2.314017
v -0.195582 -0.379561 -2.306723
v -0.192213 -0.379681 -2.305332
v -0.196977 -0.379272 -2.31008
v -0.188845 -0.379561 -2.306723
v -0.195582 -0.378982 -2.313437
v -0.192213 -0.378863 -2.314827
v -0.186661 -0.379572 -2.310104
v -0.187449 -0.379272 -2.31008
v -0.192213 -0.379096 -2.315637
v -0.188845 -0.378983 -2.313437
v -0.188287 -0.379235 -2.314017
v -1.035814 0.190821 -0.292219
v -1.035814 0.184694 -0.29083
v -1.034384 0.183292 -0.293975
v -1.034384 0.186927 -0.295184
v -1.034384 0.190729 -0.295662
v -1.026806 0.114763 -0.289231
v -1.007678 0.114763 -0.289231
v -1.007678 0.11879 -0.303901
v -1.026806 0.11879 -0.303901
v -1.026806 0.120371 -0.244529
v -1.027776 0.120608 -0.244635
v -1.027776 0.315191 0.191221
v -1.026806 0.315113 0.191593
v -1.006707 0.18919 -0.353439
v -1.005997 0.189209 -0.352728
v -1.005997 0.204193 -0.351655
v -1.006707 0.204314 -0.352354
v -1.005997 0.21868 -0.347678
v -1.006707 0.218934 -0.348341
v -1.027776 0.115019 -0.289188
v -1.027776 0.119032 -0.303809
v -1.026806 0.115569 -0.258964
v -1.007678 0.115569 -0.258964
v -1.007678 0.113676 -0.274057
v -1.026806 0.113676 -0.274058
v -1.032365 0.169257 -0.275538
v -1.032367 0.169565 -0.27984
v -1.034384 0.171986 -0.279426
v -1.034384 0.171712 -0.275604
v -1.029711 0.186107 -0.298803
v -1.027549 0.186145 -0.298633
v -1.027549 0.190635 -0.299195
v -1.029711 0.19063 -0.299371
v -1.026806 0.23263 -0.341772
v -1.007678 0.23263 -0.341772
v -1.007678 0.244642 -0.332439
v -1.026806 0.244642 -0.332439
v -1.028486 0.315406 0.190205
v -1.028486 0.116515 -0.259178
v -1.028681 0.117227 -0.259339
v -1.028681 0.315627 0.189161
v -1.005997 0.116515 -0.259178
v -1.006707 0.115822 -0.259022
v -1.006707 0.120608 -0.244635
v -1.006707 0.315192 0.191221
v -1.005997 0.315406 0.190205
v -1.02829 0.165224 -0.264523
v -1.027175 0.166938 -0.265287
v -1.027175 0.169518 -0.260752
v -1.02829 0.167987 -0.259669
v -1.026806 0.204357 -0.352611
v -1.007678 0.204357 -0.352611
v -1.007678 0.219027 -0.348583
v -1.026806 0.219027 -0.348583
v -1.032365 0.179518 -0.257513
v -1.034384 0.180828 -0.25959
v -1.034384 0.184254 -0.257875
v -1.032365 0.183375 -0.255582
v -1.027549 0.195147 -0.298873
v -1.029711 0.195177 -0.299045
v -1.027175 0.21298 -0.291497
v -1.027175 0.209563 -0.29544
v -1.02829 0.210854 -0.296802
v -1.02829 0.214512 -0.292579
v -1.032365 0.207215 -0.260988
v -1.029711 0.208125 -0.260124
v -1.029711 0.204679 -0.257139
v -1.032365 0.203955 -0.258164
v -1.027776 0.135124 -0.329337
v -1.027776 0.146584 -0.339264
v -1.028486 0.146994 -0.338685
v -1.028486 0.135639 -0.328848
v -1.026806 0.159655 -0.347002
v -1.007678 0.159655 -0.347002
v -1.007678 0.174089 -0.351804
v -1.026806 0.174089 -0.351804
v -1.02829 0.215354 -0.26093
v -1.02829 0.217855 -0.265925
v -1.028667 0.21887 -0.265537
v -1.028667 0.212715 -0.255772
v -1.02829 0.211927 -0.25652
v -1.005737 0.116674 -0.288904
v -1.005997 0.115719 -0.289068
v -1.005997 0.114645 -0.274084
v -1.005737 0.11746 -0.259393
v -1.026806 0.146434 -0.339477
v -1.027776 0.15976 -0.346765
v -1.006707 0.146583 -0.339264
v -1.005997 0.146994 -0.338685
v -1.005997 0.160049 -0.346117
v -1.006707 0.15976 -0.346765
v -1.006707 0.244463 -0.33225
v -1.006707 0.25439 -0.32079
v -1.007678 0.254603 -0.32094
v -1.035814 0.207119 -0.273405
v -1.034384 0.210513 -0.272823
v -1.034384 0.209499 -0.269128
v -1.034384 0.207783 -0.265703
v -1.035814 0.20487 -0.267539
v 0.068376 0.176113 -0.26016
v 0.065722 0.175249 -0.259249
v 0.065722 0.178849 -0.256452
v 0.068376 0.179518 -0.257513
v -1.028681 0.370285 -0.064882
v -1.028681 0.253214 -0.319958
v -1.028486 0.253811 -0.32038
v -1.028486 0.370742 -0.065451
v -1.035814 0.185486 -0.26109
v -1.035814 0.180171 -0.26444
v -1.036761 0.183348 -0.26779
v -1.03676 0.187138 -0.2654
v -1.026806 0.371349 -0.066205
v -1.027776 0.371185 -0.066003
v -1.027776 0.261891 -0.307614
v -1.026806 0.262128 -0.307719
v -1.028486 0.114645 -0.274084
v -1.028486 0.115719 -0.289068
v -1.028681 0.116439 -0.288945
v -1.034384 0.177803 -0.261942
v -1.034384 0.175294 -0.264837
v -1.035814 0.178105 -0.266825
v -1.034384 0.17219 -0.271802
v -1.032365 0.169794 -0.27126
v -1.035814 0.181951 -0.289268
v -1.034384 0.179962 -0.29208
v -1.029711 0.169535 -0.284449
v -1.029711 0.171576 -0.288524
v -1.032367 0.172638 -0.287856
v -1.032367 0.170707 -0.283999
v -1.034384 0.207205 -0.287412
v -1.032367 0.20921 -0.28883
v -1.032367 0.211344 -0.285082
v -1.034384 0.2091 -0.284081
v -1.028667 0.16168 -0.275337
v -1.02829 0.162765 -0.275365
v -1.02829 0.163461 -0.269823
v -1.028667 0.164231 -0.26408
v -1.02829 0.207705 -0.252862
v -1.02829 0.20285 -0.250099
v -1.027175 0.202086 -0.251813
v -1.027175 0.206622 -0.254393
v -1.034384 0.210309 -0.280446
v -1.032367 0.212705 -0.280989
v -1.032365 0.213242 -0.27671
v -1.034384 0.210787 -0.276645
v -1.029711 0.191868 -0.252877
v -1.029711 0.187322 -0.253203
v -1.032365 0.187534 -0.25444
v -1.032365 0.191836 -0.254132
v -1.029711 0.214497 -0.276744
v -1.027549 0.214321 -0.276739
v -1.027549 0.213999 -0.272226
v -1.029711 0.21417 -0.272196
v -1.027776 0.113935 -0.274065
v -1.02829 0.170572 -0.295728
v -1.028667 0.169784 -0.296476
v -1.028668 0.174167 -0.300273
v -1.02829 0.174794 -0.299386
v -1.006707 0.115019 -0.289188
v -1.006707 0.119032 -0.303809
v -1.007678 0.125601 -0.317504
v -1.026806 0.125601 -0.317504
v -1.005997 0.119695 -0.303554
v -1.027549 0.207998 -0.260245
v -1.027549 0.204578 -0.257282
v -1.027175 0.215561 -0.286962
v -1.027175 0.217209 -0.28201
v -1.027175 0.217858 -0.276833
v -1.027175 0.217486 -0.271628
v -1.027549 0.213758 -0.281229
v -1.027549 0.21233 -0.285521
v -1.027549 0.210091 -0.289454
v -1.027549 0.207129 -0.292873
v -1.027549 0.203557 -0.29565
v -1.027549 0.199511 -0.297674
v -1.027175 0.195746 -0.30236
v -1.027175 0.200778 -0.300979
v -1.027175 0.205443 -0.298643
v -1.005737 0.253018 -0.31982
v -1.005997 0.253811 -0.32038
v -1.005997 0.243974 -0.331735
v -1.005997 0.232112 -0.340952
v -1.005737 0.231595 -0.340131
v -1.027776 0.232491 -0.341551
v -1.027776 0.244463 -0.33225
v -1.006707 0.232491 -0.341551
v -1.006707 0.174147 -0.351551
v -1.005997 0.174304 -0.350858
v -1.027776 0.25439 -0.32079
v -1.026806 0.254603 -0.32094
v -1.006707 0.261891 -0.307614
v -1.007678 0.262128 -0.307719
v -1.027175 0.197135 -0.250165
v -1.027549 0.196353 -0.253615
v -1.027549 0.200646 -0.255044
v -1.027549 0.210775 -0.263817
v -1.027549 0.2128 -0.267862
v -1.027175 0.216104 -0.266596
v -1.027175 0.213768 -0.26193
v -1.027175 0.210565 -0.257811
v -1.027175 0.16529 -0.270238
v -1.035814 0.193969 -0.291993
v -1.034384 0.194551 -0.295387
v -1.034384 0.198246 -0.294373
v -1.035814 0.197013 -0.291159
v -1.035814 0.206952 -0.279685
v -1.02829 0.192008 -0.24764
v -1.02829 0.186436 -0.24804
v -1.027175 0.186753 -0.249888
v -1.027175 0.191958 -0.249515
v -1.035814 0.199835 -0.289745
v -1.034384 0.201671 -0.292658
v -1.034384 0.204696 -0.290307
v -1.035814 0.202327 -0.287809
v -1.034384 0.173399 -0.268167
v -1.035814 0.175547 -0.272564
v -1.02829 0.171645 -0.255447
v -1.027175 0.172936 -0.256808
v -1.036761 0.193189 -0.287444
v -1.036761 0.186574 -0.286614
v -1.035814 0.175155 -0.275696
v -1.032365 0.186385 -0.29758
v -1.032365 0.190663 -0.298117
v -1.035814 0.177629 -0.28471
v -1.036761 0.181534 -0.282248
v -1.035814 0.197805 -0.261418
v -1.035814 0.191678 -0.26003
v -1.036761 0.195925 -0.265635
v -1.029711 0.168002 -0.275506
v -1.029711 0.168329 -0.280052
v -1.034384 0.173 -0.28312
v -1.034384 0.174716 -0.286546
v -1.035814 0.176215 -0.281888
v -1.027549 0.172408 -0.262796
v -1.029711 0.172264 -0.262694
v -1.029711 0.175249 -0.259249
v -1.027549 0.17537 -0.259375
v -1.032367 0.182292 -0.296218
v -1.032367 0.194965 -0.297808
v -1.032365 0.199124 -0.296667
v -1.032367 0.202981 -0.294735
v -1.028486 0.119695 -0.303555
v -1.028668 0.218266 -0.288168
v -1.028667 0.211601 -0.29759
v -1.028854 0.212283 -0.298308
v -1.028854 0.216207 -0.293779
v -1.028854 0.221063 -0.282884
v -1.028854 0.221808 -0.276939
v -1.028667 0.220819 -0.276912
v -1.02829 0.217274 -0.287725
v -1.029711 0.212964 -0.2678
v -1.029711 0.210922 -0.263724
v -1.032367 0.209861 -0.264393
v -1.034384 0.205432 -0.262677
v -1.005997 0.126421 -0.316987
v -1.006707 0.125821 -0.317365
v -1.005997 0.370741 -0.06545
v -1.006707 0.371185 -0.066003
v -1.006707 0.113935 -0.274064
v -1.028854 0.213434 -0.255092
v -1.028854 0.203696 -0.248202
v -1.028854 0.19801 -0.246311
v -1.028667 0.197791 -0.247277
v -1.028667 0.208332 -0.251976
v -1.026806 0.134935 -0.329517
v -1.027776 0.125821 -0.317365
v -1.02829 0.197551 -0.248336
v -1.005997 0.135639 -0.328848
v -1.006707 0.135124 -0.329337
v -1.007678 0.134935 -0.329517
v -1.007678 0.146434 -0.339477
v -1.027776 0.174147 -0.351551
v -1.026806 0.189183 -0.353698
v -1.027776 0.18919 -0.353439
v -1.027776 0.204314 -0.352354
v -1.02829 0.219038 -0.282426
v -1.028854 0.186086 -0.245993
v -1.028667 0.186253 -0.246969
v -1.028667 0.192037 -0.246555
v -1.02829 0.219334 -0.271311
v -1.02829 0.219734 -0.276883
v -1.028667 0.201837 -0.303744
v -1.02829 0.201449 -0.30273
v -1.02829 0.196063 -0.304208
v -1.02829 0.190491 -0.304608
v -1.028667 0.190462 -0.305694
v -1.007678 0.354497 0.193555
v -1.026806 0.354497 0.193555
v -1.007678 0.371349 -0.066205
v -1.007678 0.37035 -0.024325
v -1.027776 0.218934 -0.348341
v -1.005737 0.315699 0.188819
v -1.005997 0.353227 0.192142
v -1.005737 0.351956 0.19073
v -1.005737 0.127242 -0.316469
v -1.005737 0.160445 -0.345231
v -1.005997 0.368849 -0.023638
v -1.005737 0.370135 -0.064696
v -1.006707 0.354157 0.193176
v -1.006707 0.369947 -0.024141
v -1.027776 0.354157 0.193176
v -1.03676 0.180049 -0.273584
v -1.028486 0.368849 -0.023638
v -1.036761 0.200965 -0.270001
v -1.035814 0.200548 -0.26298
v -1.027175 0.171934 -0.294438
v -1.027175 0.168731 -0.290318
v -1.02829 0.167145 -0.291318
v -1.036761 0.197373 -0.28584
v -1.035814 0.204394 -0.285423
v -1.036761 0.202449 -0.278664
v -1.028486 0.353227 0.192142
v -1.028486 0.364327 0.060307
v -1.027776 0.369947 -0.024141
v -1.027776 0.365489 0.060446
v -1.028667 0.167101 -0.259042
v -1.028854 0.166292 -0.25847
v -1.028854 0.161436 -0.269364
v -1.028854 0.160691 -0.27531
v -1.027175 0.190541 -0.302733
v -1.028486 0.204193 -0.351655
v -1.028486 0.189209 -0.352727
v -1.032365 0.173289 -0.263419
v -1.032367 0.176113 -0.260159
v -1.027175 0.177056 -0.253606
v -1.027175 0.181721 -0.25127
v -1.02829 0.18105 -0.249519
v -1.02829 0.176055 -0.25202
v -1.027549 0.170169 -0.266728
v -1.029711 0.170009 -0.266656
v -1.027776 0.115822 -0.259022
v -1.027549 0.168178 -0.27551
v -1.027549 0.168501 -0.280022
v -1.032365 0.175284 -0.291261
v -1.034384 0.177067 -0.289571
v -1.027549 0.169699 -0.284385
v -1.027549 0.171724 -0.288432
v -1.027549 0.181853 -0.297204
v -1.029711 0.181781 -0.297365
v -1.032367 0.178544 -0.294085
v -1.029711 0.199574 -0.297838
v -1.027175 0.185364 -0.302083
v -1.02829 0.184948 -0.303912
v -1.02829 0.164644 -0.286323
v -1.027175 0.166395 -0.285652
v -1.027175 0.165013 -0.28062
v -1.02829 0.163165 -0.280937
v -1.027175 0.164641 -0.275416
v -1.029711 0.20725 -0.292999
v -1.029711 0.210235 -0.289554
v -1.032365 0.206386 -0.29209
v -1.028667 0.180661 -0.248504
v -1.028667 0.175476 -0.251101
v -1.029711 0.21249 -0.285593
v -1.029711 0.213929 -0.281266
v -1.032365 0.211791 -0.26825
v -1.034384 0.202537 -0.260168
v -1.027549 0.191864 -0.253053
v -1.029711 0.196392 -0.253445
v -1.027549 0.168741 -0.271021
v -1.027549 0.1745 -0.292004
v -1.029711 0.182925 -0.25441
v -1.028681 0.12704 -0.316597
v -1.028681 0.147416 -0.338088
v -1.028681 0.160347 -0.34545
v -1.028854 0.178803 -0.304046
v -1.028854 0.169065 -0.297158
v -1.028854 0.165388 -0.292426
v -1.028854 0.161119 -0.281287
v -1.028854 0.174948 -0.250263
v -1.007678 0.120371 -0.244529
v -1.028854 0.184489 -0.305937
v -1.028667 0.184708 -0.304972
v -1.028668 0.163629 -0.286712
v -1.028854 0.202192 -0.304668
v -1.027549 0.187351 -0.253375
v -1.027549 0.178942 -0.256599
v -1.027549 0.182988 -0.254574
v -1.007678 0.189183 -0.353698
v -1.005738 0.20403 -0.350699
v -1.029711 0.16857 -0.270982
v -1.02829 0.206443 -0.300229
v -1.028854 0.217111 -0.259824
v -1.028854 0.22138 -0.270961
v -1.028486 0.232112 -0.340952
v -1.028681 0.231722 -0.340334
v -1.028682 0.204069 -0.350935
v -1.028486 0.21868 -0.347678
v -1.007678 0.315113 0.191593
v -1.028854 0.190435 -0.306683
v -1.028681 0.174465 -0.350146
v -1.028681 0.35227 0.191079
v -1.027175 0.180412 -0.300436
v -1.02829 0.179649 -0.30215
v -1.034384 0.199207 -0.258274
v -1.034384 0.195572 -0.257064
v -1.034384 0.19177 -0.256588
v -1.028486 0.243974 -0.331735
v -1.028486 0.174304 -0.350858
v -1.027175 0.175878 -0.297855
v -1.034384 0.187948 -0.256861
v -1.028486 0.126421 -0.316987
v -1.032365 0.171155 -0.267167
v -1.028486 0.160049 -0.346116
v -1.027549 0.177921 -0.294966
v -1.029711 0.178849 -0.256451
v -1.029711 0.17782 -0.295109
v -1.029711 0.174374 -0.292124
v -1.029711 0.20365 -0.295797
v -1.032367 0.200207 -0.25603
v -1.032365 0.196114 -0.254668
v -1.032367 0.212934 -0.272408
v -1.029711 0.200718 -0.254883
v 0.070395 0.177067 -0.289572
v 0.068376 0.175284 -0.291261
v 0.068376 0.172639 -0.287856
v 0.070395 0.174716 -0.286546
v 0.071824 0.193969 -0.291994
v 0.071824 0.199835 -0.289745
v 0.070395 0.201671 -0.292659
v 0.070395 0.198246 -0.294374
v 0.070395 0.194551 -0.295388
v 0.064678 0.180661 -0.248504
v 0.064678 0.192037 -0.246555
v 0.0643 0.192008 -0.247641
v 0.0643 0.186436 -0.248041
v 0.0643 0.18105 -0.249519
v 0.0643 0.165224 -0.264524
v 0.0643 0.167987 -0.259669
v 0.063186 0.169518 -0.260753
v 0.063186 0.166938 -0.265288
v 0.0643 0.217274 -0.287726
v 0.0643 0.214512 -0.29258
v 0.063186 0.21298 -0.291497
v 0.063186 0.215561 -0.286963
v 0.071824 0.180171 -0.264441
v 0.071824 0.185486 -0.26109
v 0.07277 0.187138 -0.265401
v 0.07277 0.18076 -0.271449
v 0.071824 0.176543 -0.269569
v 0.071824 0.178105 -0.266826
v 0.071824 0.177629 -0.284711
v 0.070395 0.173 -0.283121
v 0.070395 0.171986 -0.279426
v 0.071824 0.17538 -0.278845
v 0.043688 0.120371 -0.24453
v 0.043688 0.315113 0.191593
v 0.062816 0.315113 0.191593
v 0.062816 0.120371 -0.24453
v 0.072771 0.202449 -0.278665
v 0.072771 0.200965 -0.270002
v 0.071824 0.20487 -0.26754
v 0.071824 0.207119 -0.273405
v 0.071824 0.206952 -0.279686
v 0.068376 0.199124 -0.296668
v 0.068376 0.202981 -0.294736
v 0.065722 0.20365 -0.295798
v 0.065722 0.199574 -0.297839
v 0.063786 0.113935 -0.274065
v 0.064496 0.114645 -0.274084
v 0.064496 0.115719 -0.289068
v 0.063786 0.115019 -0.289188
v 0.042008 0.232113 -0.340953
v 0.041748 0.231595 -0.340132
v 0.041748 0.20403 -0.350699
v 0.042008 0.204193 -0.351656
v 0.042008 0.21868 -0.347679
v 0.064496 0.116515 -0.259179
v 0.063786 0.115822 -0.259022
v 0.063786 0.120608 -0.244636
v 0.063786 0.315191 0.19122
v 0.064496 0.315406 0.190205
v 0.063786 0.354157 0.193176
v 0.064496 0.353227 0.192141
v 0.042009 0.315406 0.190205
v 0.042009 0.353227 0.192141
v 0.042718 0.354157 0.193176
v 0.042718 0.315192 0.19122
v 0.063186 0.164641 -0.275416
v 0.063186 0.165014 -0.280621
v 0.0643 0.163165 -0.280938
v 0.0643 0.162765 -0.275366
v 0.063786 0.365489 0.060445
v 0.062816 0.354497 0.193554
v 0.062816 0.371349 -0.066206
v 0.063786 0.369947 -0.024141
v 0.063786 0.371185 -0.066004
v 0.063786 0.261891 -0.307615
v 0.063786 0.25439 -0.320791
v 0.064496 0.253811 -0.32038
v 0.064496 0.370742 -0.065451
v 0.064679 0.163629 -0.286712
v 0.064865 0.162705 -0.287067
v 0.064865 0.161119 -0.281288
v 0.064865 0.161436 -0.269365
v 0.064678 0.162402 -0.269583
v 0.064678 0.16168 -0.275337
v 0.064692 0.12704 -0.316597
v 0.064692 0.120378 -0.303294
v 0.064865 0.169065 -0.297158
v 0.064865 0.173595 -0.301082
v 0.064865 0.184489 -0.305937
v 0.064865 0.190435 -0.306684
v 0.064865 0.202192 -0.304669
v 0.064865 0.212283 -0.298309
v 0.064865 0.216207 -0.29378
v 0.064865 0.221063 -0.282885
v 0.064865 0.221808 -0.276939
v 0.064865 0.22138 -0.270962
v 0.064865 0.217111 -0.259824
v 0.064865 0.213434 -0.255092
v 0.064865 0.203696 -0.248203
v 0.064865 0.19801 -0.246312
v 0.064865 0.186086 -0.245994
v 0.064692 0.315627 0.18916
v 0.064692 0.35227 0.191078
v 0.064692 0.370285 -0.064883
v 0.064692 0.253214 -0.319958
v 0.064692 0.231723 -0.340334
v 0.064692 0.204069 -0.350936
v 0.064692 0.160347 -0.34545
v 0.042008 0.370742 -0.065451
v 0.042718 0.369947 -0.024142
v 0.042008 0.368849 -0.023638
v 0.041748 0.370135 -0.064697
v 0.0643 0.190491 -0.304609
v 0.0643 0.196063 -0.304209
v 0.0643 0.201449 -0.30273
v 0.064678 0.201837 -0.303745
v 0.064678 0.190462 -0.305694
v 0.042718 0.371185 -0.066003
v 0.064496 0.368849 -0.023638
v 0.064496 0.364327 0.060306
v 0.070395 0.171712 -0.275604
v 0.068376 0.169257 -0.275539
v 0.068376 0.169794 -0.27126
v 0.070395 0.17219 -0.271802
v 0.043688 0.371349 -0.066206
v 0.043688 0.37035 -0.024325
v 0.0643 0.170572 -0.295729
v 0.0643 0.167145 -0.291319
v 0.063186 0.168731 -0.290318
v 0.063186 0.171934 -0.294439
v 0.043688 0.354497 0.193554
v 0.065722 0.20725 -0.293
v 0.065722 0.210235 -0.289555
v 0.063559 0.210091 -0.289454
v 0.063559 0.207129 -0.292874
v 0.062816 0.159655 -0.347003
v 0.063786 0.15976 -0.346765
v 0.063786 0.174147 -0.351551
v 0.062816 0.174089 -0.351805
v 0.041748 0.160445 -0.345231
v 0.041748 0.127242 -0.31647
v 0.042008 0.126421 -0.316987
v 0.042008 0.135639 -0.328849
v 0.042008 0.146994 -0.338686
v 0.042008 0.160049 -0.346117
v 0.041748 0.116674 -0.288905
v 0.042008 0.115719 -0.289068
v 0.042008 0.119695 -0.303555
v 0.062816 0.219027 -0.348584
v 0.063786 0.218934 -0.348341
v 0.063786 0.232491 -0.341552
v 0.062816 0.23263 -0.341773
v 0.064496 0.174304 -0.350859
v 0.064496 0.189209 -0.352728
v 0.063786 0.18919 -0.353439
v 0.064692 0.117227 -0.25934
v 0.041748 0.253018 -0.319821
v 0.041749 0.351956 0.190729
v 0.041749 0.315699 0.188819
v 0.041748 0.11746 -0.259393
v 0.063786 0.244463 -0.332251
v 0.062816 0.244642 -0.332439
v 0.0643 0.184948 -0.303913
v 0.064678 0.184708 -0.304973
v 0.042718 0.218934 -0.348341
v 0.042718 0.204314 -0.352355
v 0.043688 0.204357 -0.352611
v 0.043688 0.219027 -0.348584
v 0.064678 0.197791 -0.247277
v 0.0643 0.197551 -0.248337
v 0.072771 0.193189 -0.287444
v 0.071824 0.190821 -0.29222
v 0.071824 0.184694 -0.29083
v 0.072771 0.186574 -0.286614
v 0.072771 0.197373 -0.28584
v 0.042718 0.125821 -0.317365
v 0.042718 0.119032 -0.30381
v 0.043688 0.11879 -0.303902
v 0.043688 0.125601 -0.317505
v 0.068376 0.206386 -0.29209
v 0.070395 0.204696 -0.290308
v 0.063559 0.210775 -0.263817
v 0.065722 0.210923 -0.263725
v 0.065722 0.208125 -0.260125
v 0.063559 0.207998 -0.260245
v 0.068376 0.20921 -0.28883
v 0.043688 0.115569 -0.258964
v 0.062816 0.115569 -0.258964
v 0.065722 0.174374 -0.292125
v 0.065722 0.171577 -0.288525
v 0.068376 0.170707 -0.284
v 0.065722 0.186107 -0.298804
v 0.063559 0.186145 -0.298634
v 0.063559 0.181853 -0.297205
v 0.065722 0.181781 -0.297365
v 0.070395 0.207205 -0.287412
v 0.063559 0.17537 -0.259376
v 0.063559 0.178942 -0.256599
v 0.068376 0.171156 -0.267168
v 0.065722 0.170009 -0.266657
v 0.065722 0.172264 -0.262695
v 0.068376 0.173289 -0.263419
v 0.064678 0.169784 -0.296476
v 0.063559 0.168741 -0.271022
v 0.063559 0.168178 -0.27551
v 0.063186 0.16529 -0.270239
v 0.063186 0.172936 -0.256809
v 0.063186 0.177056 -0.253606
v 0.063186 0.181721 -0.25127
v 0.063186 0.186753 -0.249889
v 0.063559 0.187351 -0.253376
v 0.063559 0.182988 -0.254574
v 0.063559 0.172408 -0.262796
v 0.063559 0.170169 -0.266728
v 0.068376 0.187534 -0.25444
v 0.065722 0.187322 -0.253204
v 0.065722 0.191868 -0.252878
v 0.068376 0.191836 -0.254132
v 0.068376 0.207215 -0.260988
v 0.068376 0.203955 -0.258164
v 0.065722 0.204679 -0.25714
v 0.070395 0.19177 -0.256588
v 0.068376 0.196114 -0.254669
v 0.070395 0.195572 -0.257065
v 0.064865 0.174948 -0.250264
v 0.064678 0.175476 -0.251101
v 0.064496 0.126421 -0.316987
v 0.064496 0.160049 -0.346117
v 0.064496 0.146994 -0.338686
v 0.064496 0.135639 -0.328849
v 0.0643 0.219038 -0.282426
v 0.063186 0.217209 -0.282011
v 0.042718 0.232491 -0.341552
v 0.063186 0.191958 -0.249516
v 0.064678 0.211601 -0.297591
v 0.064679 0.218266 -0.288169
v 0.064678 0.220819 -0.276912
v 0.0643 0.211927 -0.25652
v 0.0643 0.215354 -0.260931
v 0.063186 0.213768 -0.261931
v 0.063186 0.210565 -0.257811
v 0.064496 0.119695 -0.303555
v 0.063786 0.119032 -0.303809
v 0.064679 0.174167 -0.300273
v 0.063786 0.125821 -0.317365
v 0.062816 0.113676 -0.274058
v 0.062816 0.114763 -0.289232
v 0.062816 0.189183 -0.353698
v 0.0643 0.217855 -0.265926
v 0.063186 0.216104 -0.266597
v 0.063186 0.206622 -0.254394
v 0.0643 0.207705 -0.252863
v 0.0643 0.210854 -0.296803
v 0.063786 0.146584 -0.339264
v 0.0643 0.206444 -0.300229
v 0.064678 0.208332 -0.251976
v 0.064678 0.212715 -0.255773
v 0.064496 0.243974 -0.331735
v 0.064496 0.232113 -0.340953
v 0.042718 0.135124 -0.329338
v 0.042718 0.261891 -0.307615
v 0.042718 0.25439 -0.320791
v 0.043688 0.254603 -0.320941
v 0.043688 0.262128 -0.30772
v 0.0643 0.219734 -0.276884
v 0.0643 0.174794 -0.299387
v 0.043688 0.244642 -0.332439
v 0.062816 0.254603 -0.320941
v 0.064865 0.166292 -0.25847
v 0.064692 0.116439 -0.288945
v 0.042718 0.244463 -0.332251
v 0.042718 0.174147 -0.351551
v 0.042718 0.15976 -0.346765
v 0.043688 0.159655 -0.347003
v 0.043688 0.174089 -0.351805
v 0.043688 0.146434 -0.339477
v 0.062816 0.146434 -0.339477
v 0.042718 0.18919 -0.353439
v 0.043688 0.189183 -0.353698
v 0.071824 0.200548 -0.262981
v 0.071824 0.197805 -0.261419
v 0.070395 0.199207 -0.258274
v 0.070395 0.202537 -0.260169
v 0.070395 0.175294 -0.264837
v 0.071824 0.175547 -0.272565
v 0.070395 0.173399 -0.268168
v 0.070395 0.210513 -0.272823
v 0.070395 0.209499 -0.269129
v 0.068376 0.211791 -0.26825
v 0.068376 0.212934 -0.272409
v 0.042718 0.115019 -0.289189
v 0.043688 0.114763 -0.289232
v 0.062816 0.11879 -0.303902
v 0.062816 0.125601 -0.317505
v 0.072771 0.17993 -0.278064
v 0.071824 0.204394 -0.285424
v 0.070395 0.210309 -0.280447
v 0.070395 0.2091 -0.284082
v 0.042718 0.113935 -0.274065
v 0.043688 0.113676 -0.274058
v 0.068376 0.194965 -0.297809
v 0.042008 0.174304 -0.350859
v 0.068376 0.211344 -0.285082
v 0.070395 0.179962 -0.292081
v 0.068376 0.178544 -0.294085
v 0.063559 0.214321 -0.27674
v 0.065722 0.214497 -0.276745
v 0.065722 0.21417 -0.272197
v 0.063559 0.213999 -0.272227
v 0.062816 0.262128 -0.30772
v 0.065722 0.195177 -0.299046
v 0.063559 0.199511 -0.297675
v 0.063559 0.195147 -0.298874
v 0.064496 0.21868 -0.347679
v 0.064496 0.204193 -0.351656
v 0.065722 0.21249 -0.285593
v 0.065722 0.213929 -0.281267
v 0.063559 0.213758 -0.281229
v 0.063559 0.21233 -0.285522
v 0.042718 0.115822 -0.259022
v 0.042718 0.120608 -0.244636
v 0.068376 0.190663 -0.298117
v 0.065722 0.19063 -0.299372
v 0.070395 0.186927 -0.295184
v 0.070395 0.190729 -0.295662
v 0.068376 0.186385 -0.29758
v 0.063559 0.190635 -0.299196
v 0.068376 0.182292 -0.296219
v 0.063186 0.205443 -0.298643
v 0.063186 0.209563 -0.295441
v 0.063559 0.1745 -0.292004
v 0.063559 0.171724 -0.288432
v 0.070395 0.177803 -0.261942
v 0.070395 0.180828 -0.259591
v 0.065722 0.168329 -0.280053
v 0.063559 0.168501 -0.280023
v 0.065722 0.168002 -0.275506
v 0.065722 0.16857 -0.270983
v 0.0643 0.219334 -0.271312
v 0.063186 0.217486 -0.271629
v 0.063786 0.204314 -0.352355
v 0.062816 0.204357 -0.352611
v 0.068376 0.183375 -0.255582
v 0.070395 0.184254 -0.257875
v 0.065722 0.182925 -0.25441
v 0.065722 0.196392 -0.253445
v 0.065722 0.200718 -0.254884
v 0.063559 0.196353 -0.253616
v 0.063559 0.200646 -0.255045
v 0.068376 0.200207 -0.256031
v 0.063186 0.190541 -0.302734
v 0.063186 0.195746 -0.302361
v 0.072771 0.181534 -0.282248
v 0.072771 0.195925 -0.265635
v 0.0643 0.179649 -0.30215
v 0.063186 0.180412 -0.300436
v 0.063186 0.185364 -0.302084
v 0.0643 0.163461 -0.269823
v 0.042008 0.189209 -0.352728
v 0.062816 0.134935 -0.329517
v 0.063786 0.135124 -0.329338
v 0.063186 0.217858 -0.276834
v 0.0643 0.20285 -0.2501
v 0.063186 0.202086 -0.251813
v 0.063186 0.197135 -0.250165
v 0.042008 0.114645 -0.274084
v 0.063186 0.175878 -0.297856
v 0.0643 0.171645 -0.255447
v 0.0643 0.176055 -0.25202
v 0.042008 0.253811 -0.32038
v 0.042008 0.116515 -0.259179
v 0.063186 0.166395 -0.285653
v 0.063559 0.169699 -0.284386
v 0.064678 0.21887 -0.265537
v 0.063186 0.200778 -0.300979
v 0.0643 0.164644 -0.286324
v 0.064678 0.167101 -0.259042
v 0.043688 0.23263 -0.341773
v 0.042008 0.243974 -0.331736
v 0.064678 0.164231 -0.264081
v 0.071824 0.181951 -0.289269
v 0.063559 0.203557 -0.29565
v 0.063559 0.177921 -0.294967
v 0.070395 0.183292 -0.293975
v 0.042718 0.146583 -0.339264
v 0.071824 0.191678 -0.26003
v 0.070395 0.187948 -0.256861
v 0.070395 0.210787 -0.276645
v 0.070395 0.205432 -0.262678
v 0.070395 0.207783 -0.265703
v 0.063559 0.204578 -0.257283
v 0.063559 0.191864 -0.253053
v 0.063559 0.2128 -0.267863
v 0.043688 0.134935 -0.329517
v 0.068376 0.213242 -0.276711
v 0.068376 0.212705 -0.280989
v 0.065722 0.212964 -0.2678
v 0.068376 0.209861 -0.264393
v 0.065722 0.17782 -0.29511
v 0.065722 0.169535 -0.284449
v 0.068376 0.169565 -0.279841
vt 0.418915 0.66644502
vt 0.419516 0.66764897
vt 0.422038 0.667499
vt 0.416156 0.66432297
vt 0.424248 0.668096
vt 0.422353 0.655945
vt 0.419383 0.65670902
vt 0.41987 0.65860403
vt 0.423346 0.658036
vt 0.639295 0.677397
vt 0.637377 0.67794502
vt 0.640099 0.67995203
vt 0.641337 0.678276
vt 0.416848 0.66377598
vt 0.426572 0.66555297
vt 0.424663 0.667049
vt 0.427423 0.665874
vt 0.658392 0.66917998
vt 0.657723 0.670977
vt 0.659587 0.67281502
vt 0.660413 0.67077
vt 0.636336 0.67585403
vt 0.638232 0.675408
vt 0.638463 0.67269403
vt 0.636359 0.67328298
vt 0.425612 0.65605402
vt 0.425403 0.65688998
vt 0.427507 0.659343
vt 0.428131 0.658718
vt 0.418581 0.66319197
vt 0.418346 0.66098797
vt 0.416595 0.660515
vt 0.423174 0.66221702
vt 0.422709 0.66553497
vt 0.425216 0.66429102
vt 0.421221 0.66196102
vt 0.422204 0.66038197
vt 0.42796 0.66254002
vt 0.426154 0.66224802
vt 0.419999 0.66494697
vt 0.647247 0.67692298
vt 0.645593 0.676117
vt 0.644021 0.67785698
vt 0.645863 0.67888302
vt 0.417478 0.658359
vt 0.416034 0.659836
vt 0.636904 0.67871898
vt 0.640067 0.680865
vt 0.418739 0.65614998
vt 0.655853 0.68027002
vt 0.65647 0.67829102
vt 0.653344 0.677306
vt 0.652666 0.679215
vt 0.657675 0.66812998
vt 0.656162 0.668716
vt 0.658968 0.67706
vt 0.65701 0.674976
vt 0.654962 0.675209
vt 0.642067 0.668714
vt 0.642047 0.670492
vt 0.644635 0.67159802
vt 0.645093 0.669613
vt 0.672986 0.67943603
vt 0.675229 0.67690098
vt 0.673425 0.676067
vt 0.671115 0.67823303
vt 0.644012 0.680866
vt 0.643472 0.680084
vt 0.666356 0.67605102
vt 0.664561 0.67648602
vt 0.666653 0.67921603
vt 0.66837 0.67798698
vt 0.676479 0.673258
vt 0.675699 0.67368603
vt 0.675636 0.67771202
vt 0.425841 0.66005403
vt 0.661707 0.67533398
vt 0.659904 0.675021
vt 0.660942 0.677588
vt 0.654814 0.681131
vt 0.657998 0.68086702
vt 0.66898 0.673613
vt 0.666068 0.67384398
vt 0.669683 0.67555702
vt 0.651512 0.679222
vt 0.667411 0.66837603
vt 0.667024 0.669536
vt 0.668853 0.670655
vt 0.669245 0.66869903
vt 0.658999 0.679438
vt 0.661648 0.67771298
vt 0.662492 0.67325902
vt 0.670872 0.673962
vt 0.661564 0.67275703
vt 0.660806 0.66996998
vt 0.674792 0.66996902
vt 0.674398 0.67076802
vt 0.653252 0.66863602
vt 0.65373 0.669124
vt 0.654445 0.67088902
vt 0.671747 0.66899502
vt 0.671619 0.67093903
vt 0.651863 0.67045897
vt 0.667251 0.680418
vt 0.669841 0.68027002
vt 0.650047 0.671619
vt 0.655729 0.673446
vt 0.652409 0.672778
vt 0.646191 0.669532
vt 0.647289 0.672149
vt 0.650352 0.67324698
vt 0.649425 0.675268
vt 0.652069 0.674982
vt 0.639127 0.66948998
vt 0.639944 0.671077
vt 0.650575 0.67648798
vt 0.648506 0.673258
vt 0.645918 0.673894
vt 0.64784 0.674394
vt 0.671986 0.680866
vt 0.665068 0.67009002
vt 0.664911 0.671722
vt 0.663461 0.673396
vt 0.664154 0.674204
vt 0.63606 0.671619
vt 0.637243 0.671129
vt 0.663892 0.67709
vt 0.666999 0.67185098
vt 0.640845 0.674999
vt 0.64205 0.67343998
vt 0.670922 0.668091
vt 0.422142 0.65515703
vt 0.673617 0.67290998
vt 0.642879 0.675219
vt 0.635438 0.67526698
vt 0.42883 0.66237098
vt 0.639281 0.66860998
vt 0.642968 0.66792703
vt 0.647662 0.67771202
vt 0.67824 0.24222803
vt 0.677706 0.234801
vt 0.677499 0.25012696
vt 0.675843 0.222354
vt 0.678365 0.22000003
vt 0.677516 0.265333
vt 0.675719 0.22466701
vt 0.675231 0.26251
vt 0.673505 0.22564
vt 0.679244 0.22143102
vt 0.678473 0.263479
vt 0.680502 0.26366603
vt 0.681199 0.22116399
vt 0.69148 0.21610099
vt 0.690898 0.26889503
vt 0.693054 0.270948
vt 0.689111 0.275173
vt 0.693721 0.21543002
vt 0.68045 0.21838301
vt 0.690043 0.21075201
vt 0.678911 0.219361
vt 0.678633 0.21853
vt 0.67989 0.21735501
vt 0.678023 0.21895999
vt 0.689157 0.20883799
vt 0.675449 0.22109699
vt 0.686565 0.20764399
vt 0.673805 0.220577
vt 0.691592 0.20652002
vt 0.692339 0.20893699
vt 0.702862 0.20539904
vt 0.688483 0.20543802
vt 0.680896 0.20346099
vt 0.705538 0.23024702
vt 0.711932 0.21537602
vt 0.705238 0.254417
vt 0.71723 0.20008802
vt 0.710755 0.18548
vt 0.700649 0.283733
vt 0.705317 0.15986401
vt 0.69154 0.277138
vt 0.69061 0.279805
vt 0.707622 0.13382602
vt 0.62737 0.20227802
vt 0.624622 0.12024599
vt 0.623916 0.15735
vt 0.624848 0.19037598
vt 0.616826 0.17611003
vt 0.616655 0.19062698
vt 0.616385 0.20108598
vt 0.611887 0.19047302
vt 0.619608 0.20392102
vt 0.64877 0.202308
vt 0.63006 0.20432198
vt 0.680027 0.20566499
vt 0.622201 0.20617199
vt 0.674412 0.215603
vt 0.649734 0.21278602
vt 0.678473 0.21664
vt 0.677311 0.21821702
vt 0.632104 0.21756697
vt 0.635326 0.21984601
vt 0.642504 0.21539497
vt 0.634695 0.214638
vt 0.630547 0.215428
vt 0.631718 0.21700102
vt 0.630513 0.21724498
vt 0.635337 0.22059399
vt 0.638744 0.21959102
vt 0.670762 0.22018301
vt 0.650348 0.219877
vt 0.639204 0.22185701
vt 0.670036 0.22236198
vt 0.662555 0.231399
vt 0.651465 0.231206
vt 0.644849 0.231026
vt 0.644169 0.23108
vt 0.636999 0.22274303
vt 0.671828 0.22323596
vt 0.663492 0.23149699
vt 0.663897 0.23171604
vt 0.636342 0.22314602
vt 0.643853 0.23116702
vt 0.643729 0.23141998
vt 0.634321 0.22107899
vt 0.63594 0.22371101
vt 0.635186 0.22515798
vt 0.64362 0.231956
vt 0.633525 0.220357
vt 0.63385 0.22197902
vt 0.631007 0.21780598
vt 0.632962 0.22434598
vt 0.642868 0.23700398
vt 0.632239 0.22438502
vt 0.632079 0.24841899
vt 0.642875 0.25125098
vt 0.633878 0.257024
vt 0.632588 0.26078296
vt 0.642959 0.25207698
vt 0.634828 0.259439
vt 0.643048 0.252447
vt 0.631999 0.261499
vt 0.629636 0.26575
vt 0.626583 0.24116004
vt 0.630201 0.21838999
vt 0.628532 0.21756601
vt 0.62925 0.21602601
vt 0.618772 0.20973599
vt 0.61979 0.207089
vt 0.61675 0.20469701
vt 0.615923 0.20827103
vt 0.614637 0.20366001
vt 0.61106 0.20285797
vt 0.61106 0.24567199
vt 0.614103 0.23145103
vt 0.624611 0.24111903
vt 0.613672 0.253735
vt 0.625917 0.26003098
vt 0.628812 0.264867
vt 0.633218 0.262308
vt 0.632475 0.26314402
vt 0.635295 0.26023102
vt 0.635904 0.260673
vt 0.643354 0.25259
vt 0.644217 0.25272298
vt 0.637538 0.261487
vt 0.634173 0.262837
vt 0.636937 0.26380396
vt 0.646267 0.26388502
vt 0.649269 0.253164
vt 0.652883 0.26445198
vt 0.653762 0.25347304
vt 0.668892 0.262317
vt 0.662732 0.25322497
vt 0.670229 0.26434398
vt 0.671105 0.26143396
vt 0.663294 0.253092
vt 0.663688 0.252881
vt 0.672903 0.26428998
vt 0.671893 0.26096702
vt 0.663947 0.252535
vt 0.672704 0.263547
vt 0.672351 0.260387
vt 0.66412 0.251957
vt 0.673895 0.26304197
vt 0.636849 0.26451302
vt 0.675806 0.26673102
vt 0.63075 0.26608598
vt 0.641055 0.26877403
vt 0.676311 0.26732302
vt 0.673658 0.26979804
vt 0.63286 0.26918602
vt 0.630234 0.26667
vt 0.629084 0.266343
vt 0.628935 0.268196
vt 0.627087 0.26604903
vt 0.627719 0.26756096
vt 0.616804 0.27354896
vt 0.613679 0.27470303
vt 0.6177 0.276268
vt 0.609681 0.250139
vt 0.620018 0.27724004
vt 0.614271 0.27832
vt 0.627492 0.27937102
vt 0.611894 0.27896798
vt 0.624669 0.28126204
vt 0.617083 0.279239
vt 0.646956 0.28236496
vt 0.613481 0.28139997
vt 0.677099 0.28270304
vt 0.676482 0.28055704
vt 0.621424 0.291722
vt 0.702711 0.32619298
vt 0.618244 0.32553196
vt 0.687419 0.280707
vt 0.708708 0.352943
vt 0.685533 0.27838802
vt 0.688098 0.27734303
vt 0.677573 0.268919
vt 0.678957 0.26825702
vt 0.679603 0.267057
vt 0.677714 0.26700103
vt 0.678031 0.26600802
vt 0.677195 0.26646197
vt 0.67467 0.263839
vt 0.674507 0.26216304
vt 0.675299 0.259982
vt 0.673083 0.258914
vt 0.67538 0.24983597
vt 0.664239 0.23252797
vt 0.675584 0.235057
vt 0.664065 0.23203802
vt 0.672905 0.224294
vt 0.675082 0.22264397
vt 0.672531 0.22371697
vt 0.674633 0.22176802
vt 0.673553 0.22121102
vt 0.708802 0.300152
vt 0.715624 0.28474903
vt 0.710936 0.268582
vt 0.709966 0.25961804
vt 0.710769 0.25438
vt 0.712374 0.26099396
vt 0.711406 0.228867
vt 0.712387 0.24367702
vt 0.713688 0.26042604
vt 0.710658 0.22389603
vt 0.713266 0.22204602
vt 0.714612 0.22256601
vt 0.717637 0.25856602
vt 0.718489 0.22438097
vt 0.715909 0.21937203
vt 0.719919 0.257784
vt 0.714653 0.218301
vt 0.718347 0.21676898
vt 0.720704 0.22522199
vt 0.719259 0.22234601
vt 0.720911 0.223961
vt 0.719029 0.21798503
vt 0.721096 0.22152197
vt 0.722165 0.22539198
vt 0.721947 0.22369999
vt 0.814321 0.22757196
vt 0.752209 0.217125
vt 0.734631 0.21586597
vt 0.777929 0.22167999
vt 0.717927 0.21207702
vt 0.796323 0.21807998
vt 0.796885 0.22497702
vt 0.806546 0.21719402
vt 0.810021 0.21258098
vt 0.796938 0.22232103
vt 0.809986 0.218768
vt 0.80933 0.22303402
vt 0.80906 0.22558796
vt 0.817504 0.219509
vt 0.815351 0.223741
vt 0.721526 0.25772
vt 0.718334 0.26076102
vt 0.720105 0.25909996
vt 0.714816 0.264017
vt 0.713591 0.26524603
vt 0.721324 0.259426
vt 0.717315 0.267029
vt 0.717969 0.265657
vt 0.720319 0.26173604
vt 0.716652 0.272021
vt 0.812929 0.260082
vt 0.813065 0.261688
vt 0.815912 0.26820302
vt 0.813892 0.264063
vt 0.816549 0.269621
vt 0.816586 0.27459598
vt 0.818108 0.287158
vt 0.821353 0.300808
vt 0.82534 0.27241004
vt 0.715996 0.29764497
vt 0.716312 0.302701
vt 0.816757 0.304415
vt 0.776875 0.30417597
vt 0.75089 0.30365396
vt 0.716925 0.30399704
vt 0.81619 0.305803
vt 0.790363 0.308717
vt 0.719033 0.307724
vt 0.813125 0.31234598
vt 0.719924 0.31007802
vt 0.720053 0.31210303
vt 0.839523 0.294926
vt 0.842378 0.27460504
vt 0.843509 0.262621
vt 0.814137 0.30994797
vt 0.828545 0.26321602
vt 0.844209 0.25548
vt 0.845911 0.24974298
vt 0.822612 0.263999
vt 0.820082 0.30736196
vt 0.820824 0.26806903
vt 0.82124 0.30611098
vt 0.819645 0.266769
vt 0.823005 0.310198
vt 0.827685 0.306592
vt 0.842697 0.31328797
vt 0.843827 0.32807398
vt 0.821665 0.31083596
vt 0.829427 0.34515798
vt 0.816696 0.31088996
vt 0.844297 0.33917296
vt 0.845752 0.346344
vt 0.823153 0.344966
vt 0.81767 0.312989
vt 0.814819 0.312648
vt 0.813033 0.31404102
vt 0.815197 0.31393397
vt 0.81813 0.322232
vt 0.821788 0.344311
vt 0.81531 0.341649
vt 0.817805 0.342426
vt 0.826716 0.35512304
vt 0.847159 0.35668504
vt 0.820173 0.348239
vt 0.821419 0.34948504
vt 0.816822 0.34497
vt 0.817058 0.35131502
vt 0.816345 0.34995103
vt 0.81494 0.34319198
vt 0.813248 0.34360003
vt 0.81307 0.34159398
vt 0.814222 0.34601903
vt 0.719459 0.34069598
vt 0.718783 0.31039798
vt 0.713649 0.30548203
vt 0.718545 0.31191397
vt 0.717093 0.308617
vt 0.716231 0.311019
vt 0.712305 0.30433702
vt 0.712168 0.30914402
vt 0.710742 0.308479
vt 0.708657 0.31650698
vt 0.717944 0.340792
vt 0.709698 0.32626998
vt 0.70739 0.326235
vt 0.707753 0.33849502
vt 0.711314 0.343486
vt 0.709921 0.34401
vt 0.715558 0.34159696
vt 0.718119 0.342259
vt 0.71631 0.343989
vt 0.719257 0.34261
vt 0.718262 0.344963
vt 0.715878 0.348772
vt 0.712602 0.34719002
vt 0.711352 0.348305
vt 0.817121 0.35868502
vt 0.715353 0.35006797
vt 0.715152 0.35733902
vt 0.823678 0.397295
vt 0.871628 0.35155702
vt 0.934463 0.392556
vt 0.925703 0.352301
vt 0.934773 0.35261297
vt 0.936896 0.352565
vt 0.924463 0.400245
vt 0.872796 0.40291798
vt 0.933715 0.39937496
vt 0.939381 0.352396
vt 0.873036 0.40391397
vt 0.937861 0.389903
vt 0.924564 0.401204
vt 0.872382 0.40629697
vt 0.629049 0.39951098
vt 0.629093 0.398569
vt 0.702818 0.39524102
vt 0.628957 0.401703
vt 0.672722 0.40500104
vt 0.871618 0.407331
vt 0.920006 0.40758502
vt 0.669471 0.407727
vt 0.637618 0.41483796
vt 0.815746 0.43756604
vt 0.667431 0.432822
vt 0.624064 0.39155102
vt 0.617069 0.34905803
vt 0.621398 0.39762604
vt 0.621316 0.398539
vt 0.612403 0.30576098
vt 0.61314 0.2909
vt 0.616324 0.394854
vt 0.616281 0.38891304
vt 0.612753 0.38634396
vt 0.611724 0.34876502
vt 0.60761 0.32550204
vt 0.607814 0.34867597
vt 0.608281 0.290744
vt 0.601699 0.28488302
vt 0.602135 0.348687
vt 0.609897 0.39157903
vt 0.600709 0.296359
vt 0.604724 0.391613
vt 0.608224 0.279459
vt 0.613102 0.392645
vt 0.61627 0.39573896
vt 0.616066 0.39738798
vt 0.613087 0.39448
vt 0.621075 0.40056396
vt 0.615971 0.398176
vt 0.628621 0.40259898
vt 0.62092 0.40144002
vt 0.61014 0.394224
vt 0.605299 0.39629
vt 0.604074 0.39305604
vt 0.602703 0.39252698
vt 0.579283 0.438267
vt 0.601923 0.42789602
vt 0.599288 0.11969501
vt 0.600001 0.390217
vt 0.578157 0.08333802
vt 0.598853 0.278763
vt 0.597881 0.225977
vt 0.604342 0.20383501
vt 0.602572 0.209867
vt 0.60079 0.21037102
vt 0.604213 0.12448698
vt 0.60685 0.125857
vt 0.602766 0.09375799
vt 0.608292 0.09295398
vt 0.604505 0.08525801
vt 0.60592 0.07996297
vt 0.585748 0.05523902
vt 0.610877 0.09255803
vt 0.613013 0.09199101
vt 0.609977 0.084802985
vt 0.612034 0.087104976
vt 0.613768 0.09586501
vt 0.614555 0.091426015
vt 0.608585 0.06824303
vt 0.593126 0.04196
vt 0.61293 0.07082403
vt 0.612866 0.054169
vt 0.61668 0.055387974
vt 0.615977 0.048528016
vt 0.598971 0.033900023
vt 0.603638 0.028847992
vt 0.619072 0.05055499
vt 0.619154 0.045076013
vt 0.608596 0.024452984
vt 0.618532 0.05600202
vt 0.615095 0.07144201
vt 0.616718 0.071895
vt 0.619964 0.05644703
vt 0.615154 0.08827901
vt 0.617988 0.07224202
vt 0.62185 0.05223298
vt 0.620576 0.05146599
vt 0.621108 0.056801975
vt 0.622866 0.048864007
vt 0.621639 0.04768598
vt 0.625144 0.045853972
vt 0.623155 0.042406976
vt 0.620777 0.016524017
vt 0.626128 0.047387004
vt 0.632482 0.038998008
vt 0.633957 0.04334098
vt 0.634604 0.045336008
vt 0.7343 0.033782005
vt 0.692065 0.038073003
vt 0.757141 0.027716994
vt 0.78227 0.0005810261
vt 0.723876 0.036790013
vt 0.748859 0.033518016
vt 0.741142 0.03713399
vt 0.733855 0.03683299
vt 0.733655 0.03996998
vt 0.763637 0.033325016
vt 0.756009 0.037337005
vt 0.777035 0.033273995
vt 0.771392 0.03747201
vt 0.809237 0.027960002
vt 0.789992 0.033348024
vt 0.780138 0.037285984
vt 0.802989 0.033536017
vt 0.794748 0.037607014
vt 0.81745 0.033858
vt 0.809936 0.037822008
vt 0.802111 0.03802401
vt 0.793283 0.051398993
vt 0.782995 0.049450994
vt 0.788254 0.050001025
vt 0.787894 0.052744985
vt 0.777773 0.04979402
vt 0.764399 0.03781098
vt 0.772696 0.05103302
vt 0.777954 0.052542984
vt 0.782939 0.052133024
vt 0.767868 0.053156972
vt 0.763585 0.056418
vt 0.754178 0.041888
vt 0.768836 0.056279004
vt 0.773175 0.05394399
vt 0.782868 0.055136025
vt 0.774266 0.05679798
vt 0.778475 0.05552697
vt 0.782594 0.06660402
vt 0.780484 0.06685501
vt 0.778445 0.067514
vt 0.776684 0.068485975
vt 0.787194 0.055685997
vt 0.784565 0.06685799
vt 0.786388 0.067515016
vt 0.770476 0.05884701
vt 0.791251 0.05706501
vt 0.788075 0.06847
vt 0.767206 0.061604977
vt 0.775217 0.06973398
vt 0.792551 0.05429697
vt 0.794829 0.059134007
vt 0.78961 0.06976199
vt 0.796633 0.056674004
vt 0.797945 0.061851025
vt 0.790978 0.07142699
vt 0.797815 0.053577006
vt 0.800152 0.059789002
vt 0.801762 0.056788027
vt 0.8115 0.04208201
vt 0.803102 0.06356901
vt 0.800591 0.06518501
vt 0.802515 0.068993986
vt 0.791988 0.07331002
vt 0.805021 0.061295986
vt 0.803565 0.07311398
vt 0.792493 0.07516897
vt 0.805279 0.067876995
vt 0.803755 0.077372015
vt 0.792556 0.077079
vt 0.806469 0.07260597
vt 0.792231 0.07911599
vt 0.807336 0.066562
vt 0.817064 0.059553027
vt 0.803103 0.08160001
vt 0.808536 0.072073996
vt 0.801701 0.085569024
vt 0.791579 0.081072986
vt 0.790685 0.08273202
vt 0.816353 0.06990498
vt 0.808685 0.07755798
vt 0.806684 0.07748699
vt 0.805952 0.08227897
vt 0.799649 0.08907199
vt 0.789526 0.08412701
vt 0.804365 0.08677
vt 0.797026 0.092091024
vt 0.788091 0.08529103
vt 0.802031 0.090774
vt 0.806143 0.08759999
vt 0.807866 0.082775
vt 0.793814 0.09456998
vt 0.814436 0.08465499
vt 0.790217 0.096391976
vt 0.786437 0.086166024
vt 0.784616 0.08669698
vt 0.795285 0.09702098
vt 0.798986 0.094211996
vt 0.786442 0.097455025
vt 0.800287 0.095646024
vt 0.782481 0.097757995
vt 0.782641 0.08682501
vt 0.786888 0.10025203
vt 0.791169 0.09907299
vt 0.791849 0.10084599
vt 0.778309 0.09722102
vt 0.780522 0.08651
vt 0.7785 0.08583498
vt 0.796289 0.09865898
vt 0.774283 0.095955014
vt 0.776808 0.08489698
vt 0.777745 0.099971
vt 0.782423 0.10055399
vt 0.770747 0.094069004
vt 0.782404 0.10241699
vt 0.787223 0.102100015
vt 0.76771 0.091636
vt 0.7754 0.08371103
vt 0.774232 0.08229101
vt 0.7692 0.096448004
vt 0.773219 0.098565996
vt 0.765192 0.08871901
vt 0.773339 0.080645025
vt 0.772518 0.10030198
vt 0.763228 0.08527601
vt 0.777381 0.10179502
vt 0.761877 0.081249
vt 0.772752 0.078779995
vt 0.772485 0.07681
vt 0.76287 0.09039599
vt 0.761262 0.07697499
vt 0.765734 0.09369898
vt 0.759076 0.08191502
vt 0.760635 0.08648801
vt 0.761517 0.072806
vt 0.772642 0.07482201
vt 0.758962 0.08730298
vt 0.762635 0.068789005
vt 0.773211 0.07292497
vt 0.758643 0.07233298
vt 0.758374 0.07705599
vt 0.764569 0.064996004
vt 0.774058 0.071220994
vt 0.756472 0.077106
vt 0.762018 0.06336701
vt 0.759849 0.067754984
vt 0.757804 0.066425025
vt 0.756619 0.07178199
vt 0.765073 0.05945599
vt 0.760155 0.06107098
vt 0.748967 0.06932801
vt 0.748234 0.058927
vt 0.757282 0.082398
vt 0.746844 0.041503012
vt 0.750936 0.084298015
vt 0.748046 0.037639976
vt 0.749578 0.07741797
vt 0.753101 0.09019697
vt 0.746855 0.08567101
vt 0.745323 0.07825601
vt 0.761355 0.091503024
vt 0.744662 0.06968999
vt 0.76443 0.095061004
vt 0.756108 0.09533203
vt 0.768176 0.098025024
vt 0.759948 0.099757016
vt 0.764632 0.103507996
vt 0.749326 0.09211898
vt 0.752734 0.097846985
vt 0.757074 0.10282397
vt 0.770062 0.10635799
vt 0.762366 0.10699099
vt 0.755668 0.104267
vt 0.776103 0.108145
vt 0.768471 0.110174
vt 0.782393 0.108862996
vt 0.775266 0.11220902
vt 0.76768 0.11197901
vt 0.788564 0.108434975
vt 0.761245 0.108639
vt 0.794439 0.106894016
vt 0.75845 0.11253899
vt 0.799857 0.10426599
vt 0.789513 0.11245501
vt 0.802197 0.10781002
vt 0.7824 0.112990975
vt 0.796236 0.11068499
vt 0.782376 0.11498499
vt 0.774844 0.11413199
vt 0.797021 0.11253202
vt 0.789908 0.11440402
vt 0.790639 0.11927199
vt 0.782254 0.11983198
vt 0.765667 0.11632401
vt 0.773766 0.11879599
vt 0.773455 0.12013197
vt 0.790833 0.120676994
vt 0.782212 0.121223986
vt 0.798591 0.11715001
vt 0.782182 0.12223899
vt 0.765088 0.117561996
vt 0.799023 0.11848998
vt 0.757639 0.11363602
vt 0.764677 0.11845398
vt 0.773237 0.121101975
vt 0.752194 0.107629
vt 0.790976 0.121711016
vt 0.7511 0.09901798
vt 0.799345 0.119485974
vt 0.79136 0.12422097
vt 0.747515 0.09309
vt 0.746998 0.101778984
vt 0.74497 0.08661401
vt 0.743087 0.095676005
vt 0.74584 0.10255802
vt 0.743318 0.07944298
vt 0.740612 0.08999503
vt 0.75119 0.10856497
vt 0.738252 0.084986985
vt 0.750457 0.10922301
vt 0.739437 0.090929985
vt 0.741863 0.09641701
vt 0.741018 0.09694201
vt 0.745022 0.10312098
vt 0.75705 0.11441499
vt 0.748691 0.110762
vt 0.743114 0.10447401
vt 0.763653 0.12054402
vt 0.755599 0.11622703
vt 0.754872 0.11688501
vt 0.742311 0.105075
vt 0.772685 0.12342703
vt 0.747903 0.111378014
vt 0.782115 0.12469697
vt 0.772357 0.12431198
vt 0.763066 0.12128997
vt 0.746184 0.11710298
vt 0.758493 0.12344301
vt 0.782082 0.125691
vt 0.735998 0.12687302
vt 0.79159 0.12522101
vt 0.781632 0.12739998
vt 0.7697 0.12612599
vt 0.782216 0.13064998
vt 0.800178 0.121948004
vt 0.721435 0.13456202
vt 0.816715 0.13534498
vt 0.792493 0.12704402
vt 0.802134 0.12507403
vt 0.800609 0.12290001
vt 0.808831 0.11865598
vt 0.808301 0.117757976
vt 0.80702 0.11557102
vt 0.813119 0.12852502
vt 0.806493 0.114690006
vt 0.813862 0.11027998
vt 0.805781 0.11352199
vt 0.803298 0.10950601
vt 0.812176 0.10858703
vt 0.813152 0.109548986
vt 0.808814 0.10527402
vt 0.807457 0.10379702
vt 0.81889 0.10335201
vt 0.80467 0.100568
vt 0.812075 0.098609984
vt 0.813685 0.099843025
vt 0.808791 0.09592801
vt 0.817735 0.102559984
vt 0.803596 0.09192699
vt 0.821927 0.096404016
vt 0.812095 0.090552986
vt 0.815844 0.092602015
vt 0.817617 0.09366
vt 0.818543 0.08611399
vt 0.820369 0.087194026
vt 0.820139 0.078788996
vt 0.826413 0.08626199
vt 0.815841 0.077894986
vt 0.822061 0.080121994
vt 0.820694 0.07036501
vt 0.821575 0.062152028
vt 0.822897 0.07229602
vt 0.824474 0.06490803
vt 0.829653 0.08209503
vt 0.824261 0.05549699
vt 0.836716 0.079135
vt 0.821398 0.05149603
vt 0.831155 0.084234
vt 0.819083 0.04218501
vt 0.826467 0.046558022
vt 0.818108 0.038011014
vt 0.825244 0.037552
vt 0.825846 0.042272985
vt 0.832016 0.03424102
vt 0.832419 0.040526986
vt 0.832264 0.03730899
vt 0.950697 0.018939972
vt 0.842471 0.037368
vt 0.938705 0.040009975
vt 0.844167 0.039775014
vt 0.841962 0.041619003
vt 0.832596 0.043321013
vt 0.941755 0.04141903
vt 0.954054 0.020932019
vt 0.833851 0.047281027
vt 0.945815 0.04368198
vt 0.959795 0.024731994
vt 0.828476 0.05053401
vt 0.949499 0.04657799
vt 0.96581 0.029604018
vt 0.833884 0.054331005
vt 0.952564 0.050328016
vt 0.971211 0.035633028
vt 0.828561 0.059099972
vt 0.955144 0.054875016
vt 0.975908 0.042156994
vt 0.850094 0.078005016
vt 0.979032 0.04718697
vt 0.854344 0.08154702
vt 0.957017 0.05904001
vt 0.839056 0.08193499
vt 0.839508 0.08282697
vt 0.952508 0.060315013
vt 0.951153 0.056490004
vt 0.949253 0.052405
vt 0.96183 0.12207997
vt 0.950316 0.060841024
vt 0.949213 0.05718702
vt 0.94796 0.059355974
vt 0.959524 0.12191802
vt 0.958751 0.14788002
vt 0.946211 0.054508984
vt 0.946124 0.058305025
vt 0.947697 0.05344498
vt 0.945777 0.050440013
vt 0.94703 0.049118996
vt 0.943828 0.046968997
vt 0.94447 0.051826
vt 0.940159 0.045273006
vt 0.942889 0.048530996
vt 0.937265 0.04420799
vt 0.939548 0.047137022
vt 0.941959 0.04997599
vt 0.936754 0.046256006
vt 0.937675 0.048222005
vt 0.877094 0.042567015
vt 0.938688 0.049883008
vt 0.842547 0.045642972
vt 0.936177 0.049124002
vt 0.876917 0.046450973
vt 0.841415 0.047573984
vt 0.839087 0.05008799
vt 0.876461 0.051090002
vt 0.935411 0.05216098
vt 0.875564 0.059531987
vt 0.870764 0.07690102
vt 0.9318 0.067470014
vt 0.930858 0.056070983
vt 0.933064 0.079481006
vt 0.935607 0.056482017
vt 0.937046 0.05672902
vt 0.936873 0.065892994
vt 0.937539 0.052707016
vt 0.939492 0.053777993
vt 0.938319 0.057219982
vt 0.937874 0.080362976
vt 0.940685 0.06371498
vt 0.940245 0.058192015
vt 0.941136 0.051256
vt 0.941147 0.055257976
vt 0.943263 0.053107977
vt 0.942342 0.057099998
vt 0.944888 0.05545497
vt 0.941508 0.059490025
vt 0.94323 0.059418023
vt 0.94234 0.060437977
vt 0.943852 0.062301993
vt 0.942384 0.06298101
vt 0.946972 0.061517
vt 0.944419 0.07906401
vt 0.946051 0.07768297
vt 0.942881 0.082736015
vt 0.946219 0.09057701
vt 0.94952 0.101936996
vt 0.941356 0.08663702
vt 0.945001 0.09163898
vt 0.943894 0.092729986
vt 0.94046 0.08830297
vt 0.94659 0.10145599
vt 0.947838 0.102872014
vt 0.957943 0.166129
vt 0.955066 0.20196497
vt 0.945596 0.10171002
vt 0.944658 0.101710975
vt 0.942995 0.09327698
vt 0.942101 0.093630016
vt 0.943682 0.101848006
vt 0.941382 0.10225701
vt 0.94 0.09463
vt 0.943927 0.35232198
vt 0.940423 0.10245502
vt 0.947425 0.349598
vt 0.946347 0.351578
vt 0.939206 0.101839006
vt 0.93465 0.10193902
vt 0.939693 0.13930398
vt 0.942922 0.352319
vt 0.941539 0.35337
vt 0.940105 0.333718
vt 0.948524 0.34858
vt 0.952427 0.22249997
vt 0.953911 0.245072
vt 0.958859 0.303509
vt 0.961495 0.240744
vt 0.950084 0.34546697
vt 0.954544 0.32141197
vt 0.951402 0.349522
vt 0.940614 0.388887
vt 0.939705 0.38851202
vt 0.937929 0.39575303
vt 0.942767 0.389731
vt 0.936033 0.398112
vt 0.938671 0.39633
vt 0.936549 0.39888597
vt 0.940585 0.39772797
vt 0.943487 0.39029002
vt 0.93399 0.40025496
vt 0.944189 0.393353
vt 0.941229 0.39846802
vt 0.937994 0.40070403
vt 0.934836 0.40239096
vt 0.924819 0.40349603
vt 0.935142 0.403287
vt 0.938517 0.401536
vt 0.924925 0.40443003
vt 0.938606 0.40605402
vt 0.931313 0.41401303
vt 0.94208 0.402277
vt 0.943626 0.412587
vt 0.926547 0.42995596
vt 0.923929 0.435297
vt 0.807721 0.44488502
vt 0.827691 0.447313
vt 0.924082 0.437948
vt 0.93966 0.42210996
vt 0.935217 0.43953097
vt 0.807065 0.45252
vt 0.822074 0.454194
vt 0.935292 0.44153202
vt 0.935821 0.443771
vt 0.806462 0.45738
vt 0.824673 0.45961
vt 0.93646 0.44602096
vt 0.938045 0.45021796
vt 0.928277 0.434848
vt 0.934304 0.436293
vt 0.935404 0.43143404
vt 0.934366 0.43439996
vt 0.94213 0.431
vt 0.938541 0.43417096
vt 0.94057 0.43289
vt 0.939821 0.43513
vt 0.94268 0.434004
vt 0.940884 0.438047
vt 0.944175 0.43264198
vt 0.941236 0.43979
vt 0.943538 0.428459
vt 0.944262 0.43649
vt 0.945314 0.430821
vt 0.944739 0.425112
vt 0.946296 0.43466604
vt 0.944866 0.437926
vt 0.941679 0.441773
vt 0.947138 0.43578196
vt 0.947832 0.43235898
vt 0.946239 0.428052
vt 0.948649 0.433088
vt 0.949092 0.42912
vt 0.947007 0.423779
vt 0.94555 0.420707
vt 0.946752 0.40935504
vt 0.945389 0.401532
vt 0.950169 0.42438698
vt 0.950167 0.427976
vt 0.959552 0.32457
vt 0.952093 0.424824
vt 0.961774 0.30659604
vt 0.950899 0.42989504
vt 0.954174 0.425403
vt 0.965131 0.284263
vt 0.958937 0.426727
vt 0.981583 0.43820298
vt 0.956982 0.43210196
vt 0.978592 0.44387603
vt 0.96305 0.19707102
vt 0.954691 0.43695104
vt 0.97464 0.450306
vt 0.952016 0.440866
vt 0.970093 0.45639002
vt 0.964587 0.46190798
vt 0.951201 0.43494797
vt 0.952752 0.43055797
vt 0.948609 0.44428396
vt 0.949688 0.433953
vt 0.949295 0.438349
vt 0.948111 0.437043
vt 0.946432 0.44116402
vt 0.945571 0.439534
vt 0.943965 0.447483
vt 0.958022 0.46712804
vt 0.942263 0.443753
vt 0.950869 0.472032
vt 0.719757 0.46420896
vt 0.721228 0.49209404
vt 0.71032 0.457655
vt 0.700768 0.45417202
vt 0.704408 0.45219696
vt 0.67108 0.44726896
vt 0.753387 0.44860697
vt 0.66757 0.43972802
vt 0.67866 0.444178
vt 0.636854 0.40673697
vt 0.636815 0.42250502
vt 0.6255 0.429465
vt 0.634154 0.43541002
vt 0.633544 0.438084
vt 0.624642 0.439883
vt 0.624369 0.441096
vt 0.607895 0.470708
vt 0.621408 0.44901204
vt 0.623875 0.442616
vt 0.623169 0.44466996
vt 0.615839 0.44636297
vt 0.600996 0.465787
vt 0.595246 0.46072304
vt 0.611443 0.443592
vt 0.608229 0.440683
vt 0.590734 0.455877
vt 0.613892 0.44056296
vt 0.617944 0.44266498
vt 0.618902 0.440924
vt 0.60574 0.436921
vt 0.586368 0.450468
vt 0.611009 0.438219
vt 0.603625 0.432374
vt 0.582277 0.44419897
vt 0.609076 0.434842
vt 0.612362 0.436952
vt 0.615058 0.439102
vt 0.615811 0.438012
vt 0.60634 0.42662597
vt 0.607514 0.430687
vt 0.609231 0.429918
vt 0.60826 0.426086
vt 0.607037 0.408153
vt 0.609237 0.42569196
vt 0.609867 0.42547798
vt 0.611192 0.407461
vt 0.61242 0.420322
vt 0.613036 0.39734
vt 0.613057 0.40707803
vt 0.615508 0.400665
vt 0.613762 0.418122
vt 0.616218 0.40570998
vt 0.619786 0.404257
vt 0.616132 0.41274703
vt 0.626495 0.40581703
vt 0.617658 0.41802
vt 0.612882 0.424716
vt 0.614629 0.425969
vt 0.618721 0.42228103
vt 0.619658 0.426381
vt 0.613502 0.428083
vt 0.621071 0.42978203
vt 0.610772 0.429187
vt 0.610162 0.429483
vt 0.61149 0.43311
vt 0.610583 0.433797
vt 0.612121 0.43261397
vt 0.613257 0.43604803
vt 0.613913 0.43535304
vt 0.614493 0.43110204
vt 0.615845 0.433407
vt 0.615572 0.43012297
vt 0.616855 0.43266404
vt 0.61776 0.434716
vt 0.616337 0.437154
vt 0.6194 0.433787
vt 0.62083 0.435768
vt 0.61986 0.438554
vt 0.621 0.43396604
vt 0.625842 0.43446898
vt 0.625604 0.436823
vt 0.619481 0.43960404
vt 0.818035 0.21807003
vt 0.820884 0.220756
vt 0.826019 0.21535301
vt 0.819156 0.200441
vt 0.821872 0.21958601
vt 0.823249 0.22352302
vt 0.718069 0.18807602
vt 0.822574 0.18668002
vt 0.718099 0.18336302
vt 0.817825 0.183025
vt 0.817201 0.18170899
vt 0.718519 0.18206799
vt 0.806578 0.178357
vt 0.840393 0.19312704
vt 0.822161 0.18142402
vt 0.843152 0.21365899
vt 0.84414 0.22583002
vt 0.828577 0.181149
vt 0.829485 0.23068202
vt 0.844664 0.233186
vt 0.846143 0.239245
vt 0.843576 0.17477202
vt 0.82387 0.17737699
vt 0.844729 0.159926
vt 0.820887 0.18023503
vt 0.830269 0.14277303
vt 0.845218 0.14906001
vt 0.84663 0.142744
vt 0.822442 0.176781
vt 0.817265 0.176983
vt 0.81499 0.17788303
vt 0.814007 0.17556298
vt 0.818179 0.17477602
vt 0.8154 0.175255
vt 0.813806 0.17372501
vt 0.815699 0.17386603
vt 0.721556 0.17585397
vt 0.815911 0.146976
vt 0.818288 0.145966
vt 0.82252 0.14359099
vt 0.823938 0.142977
vt 0.826461 0.13696504
vt 0.844732 0.13579899
vt 0.821246 0.140944
vt 0.822471 0.139831
vt 0.815716 0.14610702
vt 0.818415 0.138372
vt 0.817542 0.14447701
vt 0.817882 0.13966298
vt 0.81548 0.14374602
vt 0.814316 0.14717501
vt 0.814581 0.14598703
vt 0.72173 0.17395699
vt 0.722012 0.14586401
vt 0.720615 0.17821598
vt 0.718536 0.17727798
vt 0.72028 0.17553103
vt 0.715194 0.18047798
vt 0.714066 0.18156499
vt 0.713841 0.176831
vt 0.712557 0.17733097
vt 0.717734 0.17496699
vt 0.720043 0.17409998
vt 0.714574 0.14270604
vt 0.720494 0.14572597
vt 0.718315 0.14485198
vt 0.721814 0.14486897
vt 0.752388 0.14187002
vt 0.778472 0.14200497
vt 0.792312 0.13804299
vt 0.721015 0.14280099
vt 0.752419 0.13772202
vt 0.790468 0.13662499
vt 0.719061 0.13908803
vt 0.752613 0.13646
vt 0.718555 0.13790202
vt 0.815126 0.11837399
vt 0.84487 0.117066026
vt 0.86995 0.13778603
vt 0.816104 0.11293799
vt 0.815506 0.11210799
vt 0.822259 0.106233
vt 0.830812 0.10571098
vt 0.821562 0.10549998
vt 0.819702 0.10395998
vt 0.825999 0.099047005
vt 0.826801 0.09967303
vt 0.823978 0.097721994
vt 0.823129 0.09717798
vt 0.827435 0.08791602
vt 0.828271 0.08852303
vt 0.831804 0.08505398
vt 0.833407 0.086945
vt 0.830374 0.08991897
vt 0.831224 0.09046602
vt 0.834042 0.08767599
vt 0.836642 0.09276098
vt 0.840344 0.08504403
vt 0.853108 0.09206098
vt 0.92535 0.13971901
vt 0.85414 0.08244401
vt 0.875083 0.08310801
vt 0.924063 0.083637
vt 0.933907 0.08427602
vt 0.838993 0.08906102
vt 0.937354 0.08565098
vt 0.839998 0.08744401
vt 0.936918 0.08653402
vt 0.840701 0.08596301
vt 0.92403 0.084609985
vt 0.855544 0.08572501
vt 0.854487 0.084719
vt 0.875182 0.08538401
vt 0.854325 0.08770901
vt 0.933702 0.085244
vt 0.923913 0.087010026
vt 0.923865 0.087998986
vt 0.93312 0.087562025
vt 0.932918 0.08850098
vt 0.931925 0.09174299
vt 0.936925 0.09389502
vt 0.935361 0.08949202
vt 0.935777 0.088645995
vt 0.939759 0.088952005
vt 0.938066 0.09059399
vt 0.937417 0.09126103
vt 0.93915 0.095074
vt 0.938111 0.094613016
vt 0.822011 0.25611198
vt 0.821271 0.26334
vt 0.823732 0.23163599
vt 0.822591 0.23659402
vt 0.822365 0.22958702
vt 0.821993 0.224168
vt 0.817313 0.22487801
vt 0.818278 0.22662103
vt 0.818544 0.23041499
vt 0.816073 0.227606
vt 0.815749 0.22633302
vt 0.814423 0.22597003
vt 0.818643 0.236741
vt 0.817399 0.26119196
vt 0.815011 0.26025796
vt 0.814627 0.26145697
vt 0.816408 0.26322496
vt 0.613258 0.15677297
vt 0.618462 0.13755798
vt 0.610206 0.12260103
vt 0.615652 0.12382001
vt 0.617834 0.10359001
vt 0.621072 0.105782986
vt 0.619386 0.09242898
vt 0.622402 0.09445703
vt 0.626354 0.09986901
vt 0.626689 0.09204799
vt 0.632208 0.08947402
vt 0.626857 0.08894503
vt 0.622679 0.091703
vt 0.62252 0.090834975
vt 0.619345 0.09143603
vt 0.619075 0.089127004
vt 0.619074 0.08789998
vt 0.621815 0.08869898
vt 0.619399 0.085356
vt 0.621211 0.073154986
vt 0.621701 0.08500302
vt 0.623837 0.057964027
vt 0.623442 0.073742986
vt 0.625248 0.06077099
vt 0.621662 0.08768302
vt 0.626057 0.08504498
vt 0.625628 0.081930995
vt 0.626214 0.08595699
vt 0.626736 0.088054
vt 0.63185 0.082726
vt 0.63157 0.08114499
vt 0.632211 0.085165024
vt 0.629657 0.07803702
vt 0.627421 0.06860399
vt 0.629619 0.06396997
vt 0.638114 0.07687801
vt 0.638583 0.08126497
vt 0.638184 0.08216798
vt 0.632273 0.086053014
vt 0.638299 0.08422899
vt 0.638475 0.085123
vt 0.64697 0.08423799
vt 0.639 0.08855903
vt 0.646858 0.08206898
vt 0.684984 0.08487201
vt 0.712076 0.08935398
vt 0.689025 0.08706498
vt 0.690565 0.083814025
vt 0.71025 0.168118
vt 0.720602 0.11912298
vt 0.71322 0.14209801
vt 0.71079 0.15125501
vt 0.710136 0.14441198
vt 0.71129 0.14089
vt 0.714723 0.13907802
vt 0.719065 0.14345801
vt 0.715879 0.140235
vt 0.72071 0.14495802
vt 0.715158 0.136639
vt 0.734129 0.105464995
vt 0.738201 0.09880698
vt 0.728293 0.09100801
vt 0.739018 0.09821999
vt 0.73571 0.093409
vt 0.738606 0.091528
vt 0.736558 0.09287
vt 0.73435 0.08869201
vt 0.733551 0.08925998
vt 0.736233 0.087090015
vt 0.737 0.08635998
vt 0.730391 0.086631
vt 0.730975 0.08588499
vt 0.733014 0.08307499
vt 0.732386 0.083905995
vt 0.723921 0.084137976
vt 0.724667 0.08192998
vt 0.734681 0.08101201
vt 0.742343 0.07154298
vt 0.727588 0.07827699
vt 0.725107 0.081047
vt 0.740722 0.064135015
vt 0.710981 0.080392
vt 0.74376 0.061402977
vt 0.737023 0.058408022
vt 0.744377 0.050957024
vt 0.741428 0.054871976
vt 0.739657 0.046064973
vt 0.714841 0.07691598
vt 0.732103 0.053692997
vt 0.737573 0.05000502
vt 0.732144 0.046607018
vt 0.733435 0.04267901
vt 0.723879 0.040769994
vt 0.696215 0.07538402
vt 0.726888 0.049338996
vt 0.723896 0.038994014
vt 0.724982 0.046746016
vt 0.692667 0.039852023
vt 0.723282 0.04475802
vt 0.693991 0.041161
vt 0.695721 0.061227977
vt 0.694509 0.04972899
vt 0.634907 0.04670298
vt 0.691055 0.04523498
vt 0.684459 0.06339598
vt 0.683724 0.05070603
vt 0.63518 0.04771799
vt 0.635915 0.050796986
vt 0.627008 0.048555017
vt 0.629713 0.055395007
vt 0.624014 0.04989302
vt 0.62775 0.049507976
vt 0.625029 0.05079502
vt 0.629206 0.052049994
vt 0.622937 0.052891016
vt 0.627019 0.052982986
vt 0.625277 0.054558992
vt 0.62796 0.055584013
vt 0.6267 0.05716598
vt 0.637477 0.065602005
vt 0.682601 0.08068597
vt 0.689785 0.08151901
vt 0.710709 0.081304014
vt 0.710425 0.08359599
vt 0.71031 0.084575
vt 0.723604 0.08505398
vt 0.710677 0.086198986
vt 0.724491 0.086300015
vt 0.725626 0.08759099
vt 0.371702 0.55487698
vt 0.385485 0.55816698
vt 0.39523 0.547992
vt 0.364016 0.54609197
vt 0.372125 0.567774
vt 0.395434 0.582146
vt 0.383828 0.57102
vt 0.358729 0.578332
vt 0.357427 0.57933903
vt 0.362638 0.54471898
vt 0.396587 0.54653502
vt 0.397393 0.584337
vt 0.332134 0.517196
vt 0.332134 0.609321
vt 0.437905 0.50832802
vt 0.421084 0.60942
vt 0.438667 0.44556403
vt 0.429686 0.448017
vt 0.429665 0.450199
vt 0.407942 0.422018
vt 0.430393 0.420362
vt 0.433713 0.41996598
vt 0.105836 0.45658004
vt 0.10423 0.422139
vt 0.105855 0.45860696
vt 0.105048 0.46054196
vt 0.430468 0.452227
vt 0.098289 0.452698
vt 0.097422 0.45610404
vt 0.087263 0.448474
vt 0.100488 0.421557
vt 0.085881 0.45126402
vt 0.095649 0.459212
vt 0.082903 0.44590902
vt 0.097229 0.42061698
vt 0.081185 0.44842696
vt 0.084382 0.45403504
vt 0.07905 0.44295704
vt 0.094352 0.419286
vt 0.077072 0.44514
vt 0.079384 0.45088804
vt 0.075642 0.43979704
vt 0.091891 0.41751802
vt 0.073662 0.441589
vt 0.075093 0.44721
vt 0.072655 0.43676
vt 0.089939 0.41514003
vt 0.071011 0.438183
vt 0.07165 0.443197
vt 0.069986 0.433958
vt 0.088116 0.411107
vt 0.080643 0.383201
vt 0.069058 0.435794
vt 0.065957 0.42776704
vt 0.069118 0.439326
vt 0.067867 0.435982
vt 0.064461 0.430663
vt 0.047417 0.34439003
vt 0.060975 0.431925
vt 0.044633 0.34481597
vt 0.036133 0.19525999
vt 0.042134 0.345186
vt 0.061291 0.43337703
vt 0.061913 0.44104803
vt 0.059788 0.433496
vt 0.064486 0.44756198
vt 0.060471 0.44138098
vt 0.068707 0.45315003
vt 0.063198 0.44828498
vt 0.073981 0.457933
vt 0.067609 0.45415604
vt 0.080046 0.461792
vt 0.073077 0.459127
vt 0.039485 0.47020102
vt 0.08642 0.46461403
vt 0.03725 0.46484804
vt 0.118892 0.47425604
vt 0.07937 0.46307302
vt 0.086081 0.465836
vt 0.057703 0.484015
vt 0.448649 0.45617497
vt 0.115172 0.495072
vt 0.449007 0.457282
vt 0.438891 0.44879603
vt 0.440155 0.451824
vt 0.447542 0.44219
vt 0.436321 0.41909802
vt 0.448793 0.44460297
vt 0.451298 0.439785
vt 0.438437 0.417799
vt 0.450152 0.44701004
vt 0.452905 0.44199896
vt 0.454661 0.436953
vt 0.440131 0.416008
vt 0.454529 0.444157
vt 0.457626 0.43377
vt 0.441387 0.413719
vt 0.456562 0.43892002
vt 0.460163 0.430382
vt 0.442519 0.41070402
vt 0.459695 0.43541598
vt 0.458445 0.44082904
vt 0.462176 0.426605
vt 0.462331 0.431679
vt 0.461759 0.437015
vt 0.46441 0.42744
vt 0.46451 0.432927
vt 0.466719 0.42824697
vt 0.477236 0.14999998
vt 0.507448 0.133694
vt 0.510642 0.13342798
vt 0.476838 0.14463699
vt 0.513935 0.13318896
vt 0.506103 0.12802899
vt 0.474995 0.14029402
vt 0.504053 0.12264097
vt 0.472216 0.13664502
vt 0.509405 0.12711203
vt 0.501246 0.11755198
vt 0.468861 0.13349903
vt 0.507331 0.12122798
vt 0.512678 0.12626898
vt 0.497947 0.112681985
vt 0.464941 0.13054097
vt 0.504385 0.11565101
vt 0.510575 0.119831026
vt 0.494045 0.10823798
vt 0.460437 0.12771499
vt 0.500758 0.11040902
vt 0.507413 0.11381602
vt 0.489546 0.104300976
vt 0.496477 0.10568899
vt 0.503561 0.10815799
vt 0.491353 0.10149801
vt 0.498842 0.10313302
vt 0.493206 0.09860402
vt 0.073066 0.06699002
vt 0.099902 0.095099986
vt 0.071675 0.06386399
vt 0.0703 0.060612977
vt 0.094355 0.09762901
vt 0.067864 0.07021898
vt 0.08995 0.100709975
vt 0.063239 0.07400501
vt 0.086177 0.10419297
vt 0.065838 0.067261994
vt 0.059135 0.07825303
vt 0.082812 0.108107984
vt 0.060807 0.07129699
vt 0.063861 0.064319015
vt 0.055543 0.082793
vt 0.07987 0.112592995
vt 0.056328 0.07587898
vt 0.058382 0.06864202
vt 0.052597 0.08748102
vt 0.077432 0.11822903
vt 0.052582 0.08090603
vt 0.053618 0.073614
vt 0.050391 0.091645
vt 0.049816 0.086155
vt 0.049566 0.079092026
vt 0.053627 0.10149503
vt 0.048147 0.09075403
vt 0.046634 0.085105
vt 0.05041 0.100537
vt 0.045548 0.09187502
vt 0.047884 0.101732016
vt 0.032662 0.19499803
vt 0.039398 0.109622
vt 0.035186 0.09047198
vt 0.013769 0.12693202
vt 0.030844 0.404859
vt 0.012542 0.12701398
vt 0.029757 0.40495896
vt 0.036099 0.45878398
vt 0.035188 0.458893
vt 0.036431 0.46509898
vt 0.027066 0.40535402
vt 0.032289 0.459378
vt 0.026002 0.40553296
vt 0.008262 0.12708402
vt 0.031361 0.45955098
vt 0.033718 0.465944
vt 0.032803 0.466227
vt 0.00948 0.12714499
vt 0.036186 0.471959
vt 0.03535 0.472409
vt 0.000318 0.06292701
vt 0.038737 0.470603
vt 0.001471 0.06292701
vt 0.000774 0.054419994
vt 0.001967 0.054614007
vt 0.002998 0.046279013
vt 0.005025 0.062925994
vt 0.006132 0.06286597
vt 0.00551 0.055239975
vt 0.004116 0.04672402
vt 0.006895 0.038933992
vt 0.007878 0.039600015
vt 0.012302 0.03255099
vt 0.007488 0.048114
vt 0.006553 0.055415988
vt 0.013139 0.03343898
vt 0.019191 0.02737099
vt 0.01089 0.041691005
vt 0.008477 0.048503995
vt 0.019827 0.028458
vt 0.027424 0.023642004
vt 0.015647 0.03614801
vt 0.011773 0.042294025
vt 0.028068 0.02480501
vt 0.101948 0.006878972
vt 0.021687 0.031641006
vt 0.016377 0.036935985
vt 0.029133 0.028425992
vt 0.022233 0.032592
vt 0.10269 0.011673987
vt 0.029471 0.029597998
vt 0.539472 0.068850994
vt 0.102901 0.013127983
vt 0.47134 0.042743027
vt 0.470287 0.04584098
vt 0.538846 0.06991202
vt 0.54685 0.073424995
vt 0.469865 0.047191978
vt 0.546117 0.074377
vt 0.552851 0.079229
vt 0.537183 0.073113024
vt 0.551964 0.07997602
vt 0.557352 0.085877
vt 0.543928 0.077241
vt 0.556361 0.086409986
vt 0.560403 0.093279004
vt 0.549311 0.082223
vt 0.536694 0.07418102
vt 0.559305 0.093603015
vt 0.56187 0.10130501
vt 0.553315 0.088084996
vt 0.543296 0.078078985
vt 0.560722 0.10139698
vt 0.561676 0.109514
vt 0.548532 0.082901
vt 0.560515 0.10978103
vt 0.550971 0.17103201
vt 0.555981 0.09461999
vt 0.557263 0.10169101
vt 0.552414 0.08857
vt 0.557192 0.109173
vt 0.546887 0.170124
vt 0.5024 0.410087
vt 0.501511 0.409926
vt 0.492688 0.453642
vt 0.495769 0.454395
vt 0.495015 0.454216
vt 0.494327 0.45974803
vt 0.493587 0.45947802
vt 0.492014 0.464705
vt 0.491339 0.46430504
vt 0.488833 0.46908796
vt 0.491354 0.458682
vt 0.488253 0.46857202
vt 0.48483 0.47278702
vt 0.489267 0.463089
vt 0.484346 0.47214997
vt 0.480028 0.47577202
vt 0.486428 0.46694398
vt 0.479662 0.47502196
vt 0.474411 0.47793496
vt 0.482882 0.470223
vt 0.474134 0.47710204
vt 0.422227 0.49001396
vt 0.478558 0.472781
vt 0.422065 0.48896003
vt 0.473368 0.47460604
vt 0.421591 0.48652804
vt 0.114431 0.500027
vt 0.114598 0.498873
vt 0.115005 0.49621904
vt 0.056318 0.488752
vt 0.056617 0.487796
vt 0.049651 0.486251
vt 0.473448 0.473724
vt 0.057479 0.48495
vt 0.050088 0.48536098
vt 0.043817 0.48259997
vt 0.478247 0.472111
vt 0.454741 0.45492196
vt 0.454159 0.45382
vt 0.459353 0.450441
vt 0.460147 0.45148504
vt 0.482456 0.46964502
vt 0.464004 0.44629097
vt 0.464943 0.44719803
vt 0.485902 0.46647203
vt 0.468008 0.441612
vt 0.469055 0.44234097
vt 0.488663 0.462731
vt 0.471035 0.43637204
vt 0.472131 0.43688703
vt 0.490693 0.458439
vt 0.473088 0.43093503
vt 0.474147 0.431234
vt 0.491936 0.453578
vt 0.498357 0.40947497
vt 0.523205 0.13200301
vt 0.524707 0.132016
vt 0.545695 0.169963
vt 0.556134 0.10905099
vt 0.522496 0.12402499
vt 0.524131 0.123730004
vt 0.556254 0.10177803
vt 0.520218 0.11604899
vt 0.521873 0.11544901
vt 0.555002 0.09490198
vt 0.516684 0.10834199
vt 0.518233 0.10745597
vt 0.511736 0.10139698
vt 0.513105 0.10023302
vt 0.505692 0.095424
vt 0.506773 0.094093025
vt 0.49881 0.09078801
vt 0.499543 0.08940303
vt 0.065833 0.05186498
vt 0.06531 0.050333977
vt 0.058066 0.055522025
vt 0.057168 0.054001987
vt 0.051024 0.06065297
vt 0.04981 0.059297025
vt 0.045196 0.067101
vt 0.043743 0.066003025
vt 0.040683 0.074450016
vt 0.03907 0.07365203
vt 0.037621 0.082261026
vt 0.035977 0.08185798
vt 0.036766 0.09032297
vt 0.749964 0.60716897
vt 0.751373 0.615525
vt 0.752663 0.61553198
vt 0.751168 0.60677302
vt 0.747169 0.59881502
vt 0.749794 0.62392002
vt 0.75102 0.624366
vt 0.746628 0.632024
vt 0.745642 0.63124102
vt 0.739459 0.63697702
vt 0.740159 0.638054
vt 0.731609 0.64026397
vt 0.731916 0.64152497
vt 0.723154 0.642168
vt 0.723242 0.64091402
vt 0.714986 0.639076
vt 0.71449 0.640298
vt 0.707547 0.63455898
vt 0.706666 0.63554198
vt 0.701063 0.628349
vt 0.702198 0.627716
vt 0.699186 0.61955702
vt 0.697885 0.61979502
vt 0.699204 0.610808
vt 0.697885 0.6106
vt 0.701956 0.602413
vt 0.700758 0.60175103
vt 0.707598 0.595578
vt 0.706734 0.594567
vt 0.714541 0.58994597
vt 0.715027 0.59115398
vt 0.723361 0.58915198
vt 0.72327 0.58786702
vt 0.732371 0.58866298
vt 0.732017 0.58995402
vt 0.739865 0.5937
vt 0.740608 0.59262103
vt 0.746129 0.599586
vt 0.051763 0.481955
vt 0.04679 0.478822
vt 0.046265 0.4795
vt 0.042669 0.47488904
vt 0.05138 0.482741
vt 0.042017 0.47544098
vt 0.044418 0.48184
vt 0.03904 0.47790003
vt 0.039764 0.47729802
vt 0.742759 0.68659103
vt 0.742196 0.68719298
vt 0.743458 0.688684
vt 0.742017 0.686445
vt 0.701735 0.686256
vt 0.741433 0.64594
vt 0.70156 0.68699998
vt 0.742175 0.645783
vt 0.700321 0.688488
vt 0.700997 0.686413
vt 0.745114 0.68958497
vt 0.699547 0.687724
vt 0.700294 0.645741
vt 0.701039 0.64588398
vt 0.698746 0.68930602
vt 0.698808 0.64444298
vt 0.697885 0.64280498
vt 0.744257 0.68790197
vt 0.744504 0.64280498
vt 0.699579 0.643638
vt 0.743627 0.64447498
vt 0.742843 0.64370197
vt 0.700856 0.64513803
vt 0.741607 0.645191
vt 0.701735 0.686256
vt 0.742017 0.686445
vt 0.741433 0.64594
vt 0.701039 0.64588398
vt 0.50481 0.60465997
vt 0.458318 0.60608
vt 0.460688 0.61127502
vt 0.458065 0.60522902
vt 0.501008 0.609093
vt 0.501851 0.63897502
vt 0.457669 0.606471
vt 0.460321 0.61154097
vt 0.507515 0.643394
vt 0.458991 0.644848
vt 0.461642 0.638421
vt 0.458175 0.644427
vt 0.461104 0.63798398
vt 0.457042 0.605996
vt 0.458528 0.604181
vt 0.457532 0.60441
vt 0.505572 0.60348803
vt 0.456387 0.605407
vt 0.456088 0.60628003
vt 0.456518 0.64476103
vt 0.505368 0.604083
vt 0.505802 0.603608
vt 0.505948 0.60382497
vt 0.508786 0.64414197
vt 0.45755 0.645029
vt 0.456888 0.64568597
vt 0.508151 0.643946
vt 0.508653 0.644383
vt 0.508424 0.64452899
vt 0.459287 0.64686698
vt 0.458688 0.645768
vt 0.458191 0.64668798
vt 0.526553 0.66101098
vt 0.518462 0.653103
vt 0.44628 0.65873998
vt 0.5204 0.58945
vt 0.438542 0.66676903
vt 0.514574 0.59613597
vt 0.438542 0.58786702
vt 0.445503 0.59587598
vt 0.517229 0.651861
vt 0.446749 0.59718
vt 0.447515 0.65728903
vt 0.513506 0.597417
vt 0.447958 0.59843802
vt 0.448581 0.656048
vt 0.512499 0.59854198
vt 0.516101 0.650733
vt 0.447958 0.59843802
vt 0.456387 0.605407
vt 0.457532 0.60441
vt 0.508786 0.64414197
vt 0.516101 0.650733
vt 0.512499 0.59854198
vt 0.505948 0.60382497
vt 0.508424 0.64452899
vt 0.459287 0.64686698
vt 0.448581 0.656048
vt 0.505572 0.60348803
vt 0.447958 0.59843802
vt 0.458528 0.604181
vt 0.447958 0.59843802
vt 0.456518 0.64476103
vt 0.456088 0.60628003
vt 0.505802 0.603608
vt 0.505948 0.60382497
vt 0.512499 0.59854198
vt 0.508653 0.644383
vt 0.508424 0.64452899
vt 0.516101 0.650733
vt 0.516101 0.650733
vt 0.508786 0.64414197
vt 0.508653 0.644383
vt 0.512499 0.59854198
vt 0.505572 0.60348803
vt 0.505802 0.603608
vt 0.456088 0.60628003
vt 0.456387 0.605407
vt 0.447958 0.59843802
vt 0.457532 0.60441
vt 0.458528 0.604181
vt 0.447958 0.59843802
vt 0.458191 0.64668798
vt 0.448581 0.656048
vt 0.459287 0.64686698
vt 0.456888 0.64568597
vt 0.448581 0.656048
vt 0.458191 0.64668798
vt 0.456518 0.64476103
vt 0.448581 0.656048
vt 0.456888 0.64568597
vt 0.593458 0.52512097
vt 0.546983 0.526536
vt 0.549336 0.53173602
vt 0.589656 0.529554
vt 0.590499 0.559435
vt 0.546317 0.526931
vt 0.548969 0.53200102
vt 0.594016 0.524544
vt 0.54667 0.525701
vt 0.596163 0.563855
vt 0.547639 0.565309
vt 0.55029 0.55888098
vt 0.546823 0.564888
vt 0.549751 0.55844498
vt 0.545691 0.526455
vt 0.547176 0.524642
vt 0.54618 0.524871
vt 0.59422 0.52394903
vt 0.545035 0.525868
vt 0.544736 0.52674103
vt 0.59445 0.524069
vt 0.545166 0.56522202
vt 0.594596 0.52428597
vt 0.597434 0.56460297
vt 0.546198 0.56549
vt 0.545536 0.56614703
vt 0.596799 0.56440598
vt 0.597301 0.564843
vt 0.597072 0.56498897
vt 0.547935 0.56732798
vt 0.547336 0.56622797
vt 0.546839 0.56714898
vt 0.615201 0.58147198
vt 0.60711 0.57356298
vt 0.534928 0.57920098
vt 0.609048 0.509911
vt 0.52719 0.58723003
vt 0.603222 0.51659602
vt 0.52719 0.50832802
vt 0.534151 0.51633698
vt 0.605877 0.572321
vt 0.535397 0.517641
vt 0.536163 0.57775003
vt 0.602154 0.517878
vt 0.536606 0.51889902
vt 0.537229 0.576509
vt 0.601147 0.51900297
vt 0.604749 0.571194
vt 0.536606 0.51889902
vt 0.545035 0.525868
vt 0.54618 0.524871
vt 0.597434 0.56460297
vt 0.604749 0.571194
vt 0.601147 0.51900297
vt 0.594596 0.52428597
vt 0.597072 0.56498897
vt 0.547935 0.56732798
vt 0.537229 0.576509
vt 0.59422 0.52394903
vt 0.536606 0.51889902
vt 0.547176 0.524642
vt 0.536606 0.51889902
vt 0.545166 0.56522202
vt 0.544736 0.52674103
vt 0.59445 0.524069
vt 0.594596 0.52428597
vt 0.601147 0.51900297
vt 0.597301 0.564843
vt 0.597072 0.56498897
vt 0.604749 0.571194
vt 0.604749 0.571194
vt 0.597434 0.56460297
vt 0.597301 0.564843
vt 0.601147 0.51900297
vt 0.59422 0.52394903
vt 0.59445 0.524069
vt 0.544736 0.52674103
vt 0.545035 0.525868
vt 0.536606 0.51889902
vt 0.54618 0.524871
vt 0.547176 0.524642
vt 0.536606 0.51889902
vt 0.546839 0.56714898
vt 0.537229 0.576509
vt 0.547935 0.56732798
vt 0.545536 0.56614703
vt 0.537229 0.576509
vt 0.546839 0.56714898
vt 0.545166 0.56522202
vt 0.537229 0.576509
vt 0.545536 0.56614703
vt 0.460688 0.53173602
vt 0.50481 0.52512002
vt 0.458335 0.526536
vt 0.501008 0.529553
vt 0.501851 0.559435
vt 0.457669 0.526931
vt 0.460321 0.53200197
vt 0.505368 0.524543
vt 0.458022 0.525701
vt 0.507515 0.563855
vt 0.458991 0.565309
vt 0.461642 0.55888098
vt 0.458175 0.564888
vt 0.461104 0.55844498
vt 0.457042 0.526456
vt 0.458528 0.524642
vt 0.457532 0.524871
vt 0.505572 0.52394903
vt 0.456387 0.525868
vt 0.456088 0.52674103
vt 0.505802 0.524069
vt 0.456518 0.56522202
vt 0.505949 0.52428597
vt 0.508786 0.56460202
vt 0.45755 0.56549
vt 0.456888 0.56614703
vt 0.508151 0.56440598
vt 0.508653 0.564843
vt 0.508424 0.56498897
vt 0.459287 0.56732798
vt 0.458688 0.56622797
vt 0.458191 0.56714898
vt 0.526553 0.58147198
vt 0.518462 0.57356298
vt 0.44628 0.57920098
vt 0.5204 0.509911
vt 0.438542 0.58723003
vt 0.514574 0.51659602
vt 0.438542 0.50832802
vt 0.445503 0.51633698
vt 0.517229 0.572321
vt 0.446749 0.517641
vt 0.447515 0.57775003
vt 0.513506 0.517878
vt 0.447958 0.51889902
vt 0.448581 0.576509
vt 0.512499 0.51900297
vt 0.516102 0.571194
vt 0.447958 0.51889902
vt 0.456387 0.525868
vt 0.457532 0.524871
vt 0.508786 0.56460202
vt 0.516102 0.571194
vt 0.512499 0.51900297
vt 0.505949 0.52428597
vt 0.508424 0.56498897
vt 0.459287 0.56732798
vt 0.448581 0.576509
vt 0.505572 0.52394903
vt 0.447958 0.51889902
vt 0.458528 0.524642
vt 0.447958 0.51889902
vt 0.456518 0.56522202
vt 0.456088 0.52674103
vt 0.505802 0.524069
vt 0.505949 0.52428597
vt 0.512499 0.51900297
vt 0.508653 0.564843
vt 0.508424 0.56498897
vt 0.516102 0.571194
vt 0.516102 0.571194
vt 0.508786 0.56460202
vt 0.508653 0.564843
vt 0.512499 0.51900297
vt 0.505572 0.52394903
vt 0.505802 0.524069
vt 0.456088 0.52674103
vt 0.456387 0.525868
vt 0.447958 0.51889902
vt 0.457532 0.524871
vt 0.458528 0.524642
vt 0.447958 0.51889902
vt 0.458191 0.56714898
vt 0.448581 0.576509
vt 0.459287 0.56732798
vt 0.456888 0.56614703
vt 0.448581 0.576509
vt 0.458191 0.56714898
vt 0.456518 0.56522202
vt 0.448581 0.576509
vt 0.456888 0.56614703
vt 0.247499 0.60777003
vt 0.247678 0.606445
vt 0.233855 0.585132
vt 0.248435 0.607082
vt 0.232191 0.585554
vt 0.248262 0.60909802
vt 0.250366 0.60845703
vt 0.246481 0.608599
vt 0.249924 0.61027902
vt 0.178052 0.680434
vt 0.246713 0.60927302
vt 0.178687 0.678779
vt 0.081913 0.70783198
vt 0.081708 0.705105
vt 0.081416 0.70629698
vt 0.08092 0.70717102
vt 0.082421 0.703434
vt 0.080115 0.70562297
vt 0.079223 0.706901
vt 0.078396 0.70555198
vt 0.081098 0.704749
vt 0.095625 0.68133903
vt 0.096774 0.688977
vt 0.244688 0.60948598
vt 0.221055 0.616637
vt 0.231423 0.586675
vt 0.230307 0.58841503
vt 0.215388 0.612916
vt 0.232833 0.58421302
vt 0.230849 0.58374602
vt 0.230756 0.58644098
vt 0.230779 0.58514
vt 0.229662 0.58411402
vt 0.149839 0.631446
vt 0.151422 0.63164598
vt 0.075282 0.68173498
vt 0.072106 0.67893797
vt 0.072414 0.68036097
vt 0.073469 0.681054
vt 0.071258 0.679761
vt 0.07072 0.68155903
vt 0.073326 0.681656
vt 0.072048 0.681687
vt 0.07098 0.68275398
vt 0.331324 0.672377
vt 0.331497 0.66980398
vt 0.326366 0.67087698
vt 0.260708 0.512415
vt 0.326776 0.67290503
vt 0.33037 0.67637098
vt 0.245353 0.570369
vt 0.258294 0.51100302
vt 0.326542 0.675583
vt 0.243075 0.569224
vt 0.254451 0.509139
vt 0.325841 0.67729598
vt 0.329395 0.678667
vt 0.239581 0.568412
vt 0.251925 0.50832802
vt 0.096999 0.80979103
vt 0.236699 0.56836402
vt 0.00114 0.663665
vt 0.054606 0.67894298
vt 0.000621 0.666008
vt 0.09757 0.806422
vt 0.094575 0.80944902
vt 0.053379 0.68124402
vt 0.000318 0.66985297
vt 0.056837 0.680268
vt 0.052427 0.68440598
vt 0.000318 0.672383
vt 0.055261 0.6818
vt 0.054237 0.684577
vt 0.052275 0.68673402
vt 0.055943 0.684533
vt 0.057062 0.681871
vt 0.056255 0.68635398
vt 0.059067 0.68053102
vt 0.054418 0.68658298
vt 0.094256 0.80013901
vt 0.236925 0.57116997
vt 0.236265 0.573314
vt 0.09328 0.802068
vt 0.094818 0.80180597
vt 0.239167 0.570485
vt 0.238433 0.572155
vt 0.242286 0.571002
vt 0.241419 0.57252097
vt 0.244046 0.57226098
vt 0.242906 0.57378697
vt 0.324357 0.671207
vt 0.322151 0.670929
vt 0.325158 0.67277902
vt 0.323345 0.67234802
vt 0.325091 0.67518097
vt 0.323435 0.674654
vt 0.324326 0.676571
vt 0.322708 0.675911
vt 0.097768 0.80477297
vt 0.098117 0.80305803
vt 0.09577 0.80612898
vt 0.09621 0.804708
vt 0.096691 0.803042
vt 0.093415 0.80493498
vt 0.090798 0.80814898
vt 0.09417 0.803532
vt 0.09196 0.80354702
vt 0.088623 0.806916
vt 0.059067 0.68053102
vt 0.057062 0.681871
vt 0.071258 0.679761
vt 0.072106 0.67893797
vt 0.184454 0.74165702
vt 0.1826 0.75039601
vt 0.235289 0.720024
vt 0.18344 0.741507
vt 0.227102 0.717398
vt 0.181041 0.75032502
vt 0.182571 0.74086702
vt 0.18086 0.75283599
vt 0.236007 0.718697
vt 0.227644 0.716483
vt 0.179705 0.749479
vt 0.174792 0.70365
vt 0.235973 0.717171
vt 0.227414 0.715446
vt 0.158135 0.699251
vt 0.174818 0.70291197
vt 0.204843 0.67234802
vt 0.199844 0.69140399
vt 0.15817 0.69821
vt 0.175335 0.702376
vt 0.156494 0.697977
vt 0.179839 0.75254601
vt 0.180485 0.75222099
vt 0.156948 0.697762
vt 0.179557 0.75523299
vt 0.15678 0.69730002
vt 0.154885 0.697056
vt 0.204647 0.668095
vt 0.238238 0.71969002
vt 0.240869 0.71980602
vt 0.237866 0.719095
vt 0.238423 0.71867698
vt 0.204572 0.67016703
vt 0.203822 0.67180997
vt 0.199094 0.691113
vt 0.203791 0.67001998
vt 0.204113 0.670447
vt 0.202614 0.67183602
vt 0.198118 0.691083
vt 0.158759 0.697281
vt 0.248516 0.714307
vt 0.322708 0.675911
vt 0.300987 0.66641802
vt 0.240869 0.71980602
vt 0.210161 0.663607
vt 0.179557 0.75523299
vt 0.204603 0.665012
vt 0.204647 0.668095
vt 0.254873 0.61235702
vt 0.249924 0.61027902
vt 0.169995 0.75923401
vt 0.154885 0.697056
vt 0.242906 0.57378697
vt 0.254873 0.61235702
vt 0.322151 0.670929
vt 0.250366 0.60845703
vt 0.248435 0.607082
vt 0.247678 0.606445
vt 0.233855 0.585132
vt 0.147731 0.69966298
vt 0.151824 0.69566798
vt 0.081913 0.70783198
vt 0.081205 0.71241498
vt 0.102521 0.77996999
vt 0.098117 0.80305803
vt 0.081205 0.71241498
vt 0.079223 0.706901
vt 0.078396 0.70555198
vt 0.07098 0.68275398
vt 0.056255 0.68635398
vt 0.094256 0.80013901
vt 0.055943 0.684533
vt 0.07072 0.68155903
vt 0.057062 0.681871
vt 0.071258 0.679761
vt 0.238433 0.572155
vt 0.236265 0.573314
vt 0.229662 0.58411402
vt 0.230849 0.58374602
vt 0.233149 0.66238302
vt 0.254391 0.643422
vt 0.253064 0.61801398
vt 0.255264 0.64295
vt 0.214219 0.66215402
vt 0.254532 0.61747903
vt 0.256243 0.64318502
vt 0.254283 0.61490202
vt 0.213828 0.663274
vt 0.232827 0.663337
vt 0.255971 0.617827
vt 0.286623 0.66412097
vt 0.214043 0.664397
vt 0.232892 0.664145
vt 0.29579 0.664562
vt 0.287068 0.665165
vt 0.247694 0.708624
vt 0.248637 0.699628
vt 0.296069 0.666126
vt 0.28669 0.66620302
vt 0.25532 0.61516398
vt 0.295597 0.667611
vt 0.250748 0.700041
vt 0.254731 0.615538
vt 0.25069 0.70877898
vt 0.249671 0.700099
vt 0.254873 0.61235702
vt 0.249187 0.70909
vt 0.211997 0.66318798
vt 0.300987 0.66641802
vt 0.210161 0.663607
vt 0.29843 0.66576898
vt 0.212518 0.663486
vt 0.297944 0.666247
vt 0.212283 0.663939
vt 0.298383 0.66678
vt 0.248516 0.714307
vt 0.24934 0.711613
vt 0.248268 0.71133798
vt 0.248906 0.71098298
vt 0.154885 0.697056
vt 0.204647 0.668095
vt 0.204603 0.665012
vt 0.151824 0.69566798
vt 0.157743 0.75186002
vt 0.165702 0.75561303
vt 0.146351 0.70354098
vt 0.157726 0.75293499
vt 0.136045 0.721241
vt 0.165335 0.757101
vt 0.156983 0.753703
vt 0.16767 0.75751299
vt 0.145436 0.70273697
vt 0.135352 0.720703
vt 0.146893 0.70172298
vt 0.167036 0.75784898
vt 0.1442 0.702487
vt 0.134353 0.72038
vt 0.167314 0.75853598
vt 0.08657 0.713695
vt 0.105913 0.72571498
vt 0.169995 0.75923401
vt 0.164317 0.75821102
vt 0.102521 0.77996999
vt 0.147731 0.69966298
vt 0.10415 0.77800101
vt 0.10629 0.77603298
vt 0.109656 0.76786399
vt 0.108675 0.76751
vt 0.104793 0.77567601
vt 0.107938 0.766702
vt 0.103257 0.77751303
vt 0.103922 0.777345
vt 0.081205 0.71241498
vt 0.103621 0.77463102
vt 0.104849 0.727005
vt 0.083221 0.714144
vt 0.085064 0.71591002
vt 0.105126 0.726166
vt 0.083499 0.71316302
vt 0.085454 0.71460402
vt 0.083809 0.71384197
vt 0.146384 0.70104098
vt 0.146356 0.70168
vt 0.323435 0.674654
vt 0.300987 0.66641802
vt 0.322708 0.675911
vt 0.322151 0.670929
vt 0.300987 0.66641802
vt 0.323345 0.67234802
vt 0.096691 0.803042
vt 0.098117 0.80305803
vt 0.102521 0.77996999
vt 0.229663 0.584113
vt 0.236265 0.573314
vt 0.059067 0.68053102
vt 0.415574 0.675389
vt 0.415574 0.691082
vt 0.609771 0.691082
vt 0.609771 0.675389
vt 0.230849 0.58374602
vt 0.232833 0.58421302
vt 0.241419 0.57252097
vt 0.238433 0.572155
vt 0.232833 0.58421302
vt 0.233855 0.585132
vt 0.242906 0.57378697
vt 0.241419 0.57252097
vt 0.323345 0.67234802
vt 0.300987 0.66641802
vt 0.323435 0.674654
vt 0.102521 0.77996999
vt 0.094818 0.80180597
vt 0.096691 0.803042
vt 0.094256 0.80013901
vt 0.094818 0.80180597
vt 0.102521 0.77996999
vt 0.249924 0.61027902
vt 0.254873 0.61235702
vt 0.081913 0.70783198
vt 0.08092 0.70717102
vt 0.079223 0.706901
vt 0.081205 0.71241498
vt 0.750106 0.55318302
vt 0.757953 0.51697397
vt 0.758933 0.51480597
vt 0.752497 0.552297
vt 0.748031 0.556585
vt 0.759128 0.517201
vt 0.749699 0.55278403
vt 0.752559 0.55193
vt 0.758015 0.51594102
vt 0.752638 0.551472
vt 0.749239 0.55229598
vt 0.755567 0.553383
vt 0.747018 0.556332
vt 0.745874 0.55599803
vt 0.75497 0.553689
vt 0.757504 0.55799502
vt 0.745315 0.56316298
vt 0.743037 0.56401598
vt 0.756315 0.55792803
vt 0.757504 0.5665
vt 0.754455 0.55392998
vt 0.755642 0.56493598
vt 0.747176 0.583283
vt 0.755276 0.55782902
vt 0.748522 0.57544
vt 0.75406 0.56346202
vt 0.758924 0.51963502
vt 0.749727 0.568426
vt 0.747298 0.56230003
vt 0.758347 0.52137202
vt 0.757326 0.519392
vt 0.757292 0.521163
vt 0.75772 0.52192903
vt 0.757298 0.51878202
vt 0.757333 0.52062
vt 0.757825 0.52141
vt 0.75846 0.520885
vt 0.757384 0.52006203
vt 0.757283 0.518157
vt 0.757934 0.52087897
vt 0.758112 0.51488698
vt 0.758567 0.520387
vt 0.759413 0.518362
vt 0.759505 0.51147503
vt 0.760137 0.507796
vt 0.75917 0.51901102
vt 0.759656 0.51526898
vt 0.759407 0.516248
vt 0.790721 0.557818
vt 0.794336 0.51964003
vt 0.793758 0.521379
vt 0.789508 0.56345397
vt 0.789901 0.55391198
vt 0.793134 0.521935
vt 0.791762 0.557917
vt 0.791089 0.56492603
vt 0.794581 0.519015
vt 0.792951 0.56648803
vt 0.792951 0.557984
vt 0.782637 0.583268
vt 0.790419 0.55367202
vt 0.791017 0.553366
vt 0.783978 0.575428
vt 0.778485 0.56400198
vt 0.788007 0.551906
vt 0.788087 0.551448
vt 0.780762 0.563147
vt 0.781317 0.555977
vt 0.785179 0.568415
vt 0.782461 0.55631
vt 0.784683 0.55226898
vt 0.782744 0.562284
vt 0.785143 0.55275702
vt 0.783475 0.556562
vt 0.792706 0.521164
vt 0.78555 0.55315602
vt 0.787944 0.55227298
vt 0.792738 0.51938802
vt 0.794541 0.51720202
vt 0.794345 0.51480198
vt 0.793365 0.516967
vt 0.794818 0.516249
vt 0.794915 0.511472
vt 0.793426 0.51593602
vt 0.792711 0.51877803
vt 0.795543 0.507796
vt 0.795066 0.51527
vt 0.793522 0.514884
vt 0.794824 0.51836503
vt 0.792695 0.51815498
vt 0.792796 0.52006298
vt 0.793873 0.520891
vt 0.793978 0.520392
vt 0.792746 0.52062
vt 0.793346 0.520882
vt 0.793238 0.52141398
vt 0.807459 0.552419
vt 0.8121 0.516227
vt 0.812015 0.518593
vt 0.808279 0.55626798
vt 0.805512 0.550815
vt 0.811436 0.52023602
vt 0.807968 0.55218
vt 0.809306 0.55636603
vt 0.81236 0.51520902
vt 0.810481 0.556431
vt 0.808557 0.551875
vt 0.810481 0.564838
vt 0.805573 0.55045098
vt 0.805649 0.54999697
vt 0.808642 0.56329203
vt 0.800271 0.58142
vt 0.802745 0.551301
vt 0.802291 0.55081898
vt 0.807079 0.561835
vt 0.8016 0.57367498
vt 0.79618 0.562401
vt 0.802789 0.56674802
vt 0.798428 0.561558
vt 0.798973 0.554483
vt 0.800102 0.554811
vt 0.800384 0.56070602
vt 0.801103 0.55506003
vt 0.803149 0.55169398
vt 0.810217 0.518211
vt 0.811819 0.514064
vt 0.810805 0.51591402
vt 0.812364 0.51104403
vt 0.810819 0.514789
vt 0.810173 0.517511
vt 0.812924 0.507796
vt 0.810859 0.51362997
vt 0.812628 0.51414502
vt 0.810137 0.51678598
vt 0.810355 0.51903403
vt 0.812325 0.517999
vt 0.812638 0.517388
vt 0.810295 0.519543
vt 0.810871 0.519746
vt 0.8116 0.519715
vt 0.811764 0.51917702
vt 0.810793 0.520276
vt 0.810714 0.52079397
vt 0.810245 0.520042
vt 0.783266 0.63787
vt 0.786893 0.599715
vt 0.786329 0.60142702
vt 0.782051 0.643507
vt 0.782444 0.63396603
vt 0.785672 0.602009
vt 0.784306 0.63796997
vt 0.783634 0.64498
vt 0.787128 0.59912997
vt 0.785496 0.64654303
vt 0.785496 0.638036
vt 0.775176 0.66332603
vt 0.782961 0.633726
vt 0.783558 0.63341898
vt 0.776518 0.655486
vt 0.771028 0.64406598
vt 0.780546 0.63196498
vt 0.780625 0.63150698
vt 0.773305 0.643211
vt 0.773859 0.63604403
vt 0.777719 0.64847398
vt 0.775003 0.63637698
vt 0.777223 0.632335
vt 0.775287 0.642348
vt 0.777683 0.632823
vt 0.776018 0.636629
vt 0.785255 0.601211
vt 0.778092 0.63322198
vt 0.780484 0.63233203
vt 0.785298 0.599438
vt 0.787105 0.597228
vt 0.7869 0.59486997
vt 0.785915 0.597076
vt 0.787391 0.59622902
vt 0.787469 0.591541
vt 0.785969 0.59609503
vt 0.785277 0.59879798
vt 0.788098 0.58786702
vt 0.786059 0.59509897
vt 0.787651 0.5952
vt 0.785269 0.59814
vt 0.787357 0.59852803
vt 0.785349 0.60007203
vt 0.786466 0.600915
vt 0.786599 0.60038698
vt 0.785298 0.60065
vt 0.78584 0.601013
vt 0.785755 0.601515
vt 0.429699 0.62126797
vt 0.419676 0.61624098
vt 0.418766 0.62222898
vt 0.429904 0.61852998
vt 0.427628 0.623061
vt 0.422634 0.62732202
vt 0.429243 0.621022
vt 0.429406 0.61868203
vt 0.418554 0.615556
vt 0.42895 0.61883497
vt 0.428813 0.62080503
vt 0.427652 0.617369
vt 0.42747 0.62257302
vt 0.427317 0.62209898
vt 0.427862 0.616942
vt 0.425736 0.61724102
vt 0.425124 0.622356
vt 0.425345 0.62192798
vt 0.425602 0.61682302
vt 0.424258 0.61846
vt 0.428099 0.616486
vt 0.423838 0.61823797
vt 0.424074 0.62041098
vt 0.42545 0.61635202
vt 0.423615 0.620556
vt 0.423378 0.61800802
vt 0.429273 0.62814802
vt 0.423123 0.620726
vt 0.424899 0.622824
vt 0.43417 0.62358302
vt 0.424317 0.61284602
vt 0.430068 0.612871
vt 0.434317 0.617186
vt 0.423937 0.61167502
vt 0.430574 0.61165798
vt 0.435622 0.61665702
vt 0.435543 0.624183
vt 0.431271 0.610057
vt 0.437383 0.615977
vt 0.423481 0.610269
vt 0.437383 0.62502402
vt 0.417051 0.61466902
vt 0.430512 0.63197201
vt 0.417399 0.62256497
vt 0.415574 0.623047
vt 0.429777 0.629704
vt 0.420877 0.630372
vt 0.421874 0.628613
vt 0.429911 0.64105898
vt 0.418766 0.64474398
vt 0.422619 0.649849
vt 0.428109 0.63900697
vt 0.429697 0.643799
vt 0.429267 0.65069097
vt 0.429412 0.64121002
vt 0.42787 0.63946402
vt 0.417399 0.64507902
vt 0.42766 0.63989198
vt 0.428956 0.641362
vt 0.425741 0.63976198
vt 0.429241 0.643552
vt 0.428812 0.64333397
vt 0.425606 0.639342
vt 0.424259 0.64098197
vt 0.427466 0.6451
vt 0.427313 0.64462602
vt 0.423838 0.64075798
vt 0.424073 0.64293498
vt 0.425454 0.638869
vt 0.423614 0.64307898
vt 0.425342 0.644453
vt 0.423377 0.640527
vt 0.425121 0.64488
vt 0.423121 0.64324802
vt 0.434173 0.64612198
vt 0.424895 0.645347
vt 0.427623 0.64558703
vt 0.434318 0.639728
vt 0.419692 0.638766
vt 0.424333 0.635386
vt 0.430074 0.63541698
vt 0.418573 0.638081
vt 0.423956 0.634216
vt 0.430583 0.634207
vt 0.435623 0.639202
vt 0.423502 0.63281
vt 0.431282 0.632609
vt 0.417071 0.637192
vt 0.437385 0.638524
vt 0.415574 0.645559
vt 0.437385 0.647569
vt 0.421858 0.65113997
vt 0.420858 0.65289998
vt 0.435545 0.646725
vt 0.430502 0.654521
vt 0.429769 0.65224802
vt 0.627236 0.67637998
vt 0.616083 0.68006802
vt 0.619944 0.685174
vt 0.625432 0.67432898
vt 0.627024 0.679119
vt 0.626594 0.68600702
vt 0.626738 0.67653102
vt 0.625194 0.67478597
vt 0.614716 0.680403
vt 0.624983 0.67521298
vt 0.626281 0.67668402
vt 0.623064 0.675084
vt 0.626568 0.678872
vt 0.626139 0.67865503
vt 0.62293 0.67466497
vt 0.621584 0.67630398
vt 0.624792 0.68041998
vt 0.624639 0.679946
vt 0.621163 0.676081
vt 0.621399 0.67825502
vt 0.622778 0.67419302
vt 0.62094 0.67839903
vt 0.622668 0.67977202
vt 0.620703 0.67584997
vt 0.622447 0.68019998
vt 0.620448 0.678568
vt 0.631491 0.68143702
vt 0.622222 0.68066603
vt 0.62495 0.68090802
vt 0.631637 0.675049
vt 0.617008 0.67408502
vt 0.621651 0.670704
vt 0.627396 0.67073703
vt 0.615888 0.67339998
vt 0.621272 0.66953403
vt 0.627903 0.66952598
vt 0.632941 0.67452198
vt 0.620818 0.668128
vt 0.628601 0.66792703
vt 0.614385 0.672512
vt 0.634702 0.67384398
vt 0.61289 0.680883
vt 0.634702 0.68288302
vt 0.619182 0.68646502
vt 0.618182 0.68822598
vt 0.632863 0.68203998
vt 0.62783 0.689835
vt 0.627096 0.68756402
vt 0.777719 0.72456998
vt 0.78568 0.678106
vt 0.785254 0.67733902
vt 0.775286 0.718445
vt 0.782051 0.719602
vt 0.785292 0.67553598
vt 0.776518 0.73158097
vt 0.773304 0.719307
vt 0.785765 0.67761302
vt 0.771028 0.72016197
vt 0.775176 0.739421
vt 0.773859 0.712139
vt 0.783634 0.721075
vt 0.785495 0.722638
vt 0.775002 0.71247202
vt 0.777222 0.70843
vt 0.784306 0.71406603
vt 0.785495 0.714132
vt 0.777683 0.70891798
vt 0.780625 0.70760298
vt 0.776017 0.71272397
vt 0.780546 0.70806098
vt 0.783557 0.70951498
vt 0.778091 0.70931602
vt 0.782961 0.709822
vt 0.780483 0.70842803
vt 0.785919 0.67312002
vt 0.782443 0.71006298
vt 0.783266 0.713966
vt 0.786897 0.67096603
vt 0.786339 0.67749298
vt 0.786888 0.675808
vt 0.787093 0.673374
vt 0.786484 0.67694998
vt 0.78712 0.67521
vt 0.787367 0.672431
vt 0.787468 0.667638
vt 0.787347 0.67459202
vt 0.786628 0.67638803
vt 0.787615 0.671462
vt 0.785853 0.67711103
vt 0.788098 0.66396302
vt 0.78608 0.671027
vt 0.785295 0.67681003
vt 0.785346 0.67626798
vt 0.785982 0.67208397
vt 0.785249 0.674263
vt 0.785264 0.67490798
vt 0.76198 0.57142502
vt 0.765611 0.53325403
vt 0.766432 0.537157
vt 0.761777 0.57385802
vt 0.76254 0.56971198
vt 0.768392 0.538792
vt 0.761742 0.57203698
vt 0.761502 0.57480597
vt 0.76457 0.533154
vt 0.761255 0.57577997
vt 0.761509 0.572672
vt 0.760774 0.583261
vt 0.762399 0.57023197
vt 0.762263 0.570767
vt 0.761403 0.57958603
vt 0.762794 0.57617903
vt 0.763112 0.56961
vt 0.763027 0.570112
vt 0.761974 0.576258
vt 0.762891 0.575126
vt 0.76362 0.57291597
vt 0.762952 0.57409298
vt 0.763606 0.572289
vt 0.76352 0.57102197
vt 0.763573 0.570453
vt 0.76358 0.57167602
vt 0.763617 0.569901
vt 0.763197 0.569116
vt 0.77359 0.52877498
vt 0.766825 0.52761602
vt 0.771158 0.522649
vt 0.765243 0.526143
vt 0.772359 0.51563698
vt 0.775572 0.52791202
vt 0.772859 0.534495
vt 0.773703 0.507796
vt 0.763381 0.52458
vt 0.777848 0.527058
vt 0.763381 0.53308702
vt 0.775017 0.53508002
vt 0.765914 0.53739703
vt 0.765318 0.537704
vt 0.773874 0.534747
vt 0.771654 0.53879
vt 0.768329 0.539159
vt 0.76825 0.539617
vt 0.771192 0.538302
vt 0.770785 0.537903
vt 0.799629 0.79408002
vt 0.803988 0.75249702
vt 0.803264 0.75305599
vt 0.795341 0.79899102
vt 0.800828 0.78851497
vt 0.802793 0.75230199
vt 0.801191 0.795537
vt 0.794152 0.805915
vt 0.804152 0.75197601
vt 0.792824 0.81365699
vt 0.80303 0.797082
vt 0.788735 0.79464602
vt 0.801855 0.78861302
vt 0.80303 0.78867799
vt 0.790981 0.79380298
vt 0.791526 0.786731
vt 0.800518 0.784428
vt 0.801107 0.784123
vt 0.792654 0.78705901
vt 0.794842 0.78306901
vt 0.792937 0.792952
vt 0.795297 0.78355002
vt 0.7982 0.782247
vt 0.793655 0.78730798
vt 0.798123 0.7827
vt 0.7957 0.783943
vt 0.802764 0.75047201
vt 0.798062 0.78306401
vt 0.800009 0.78466702
vt 0.803349 0.748178
vt 0.804569 0.75085598
vt 0.804657 0.74849302
vt 0.804357 0.74634302
vt 0.804878 0.75026202
vt 0.804928 0.74747097
vt 0.80489 0.74333698
vt 0.803365 0.74704802
vt 0.805175 0.74641198
vt 0.805478 0.74002898
vt 0.805191 0.74965
vt 0.803406 0.745883
vt 0.804315 0.75143802
vt 0.802685 0.749044
vt 0.803343 0.75253898
vt 0.803421 0.75200403
vt 0.80272 0.74977
vt 0.802905 0.75129801
vt 0.802842 0.7518
vt 0.800149 0.710014
vt 0.804757 0.67336
vt 0.804555 0.675799
vt 0.800972 0.71392602
vt 0.798184 0.708376
vt 0.803996 0.67751902
vt 0.800666 0.70977402
vt 0.802012 0.714027
vt 0.805032 0.672414
vt 0.803203 0.71409303
vt 0.801265 0.70946598
vt 0.803204 0.722606
vt 0.798247 0.708008
vt 0.798325 0.70754898
vt 0.801341 0.72104502
vt 0.792899 0.73939198
vt 0.795378 0.70887202
vt 0.794915 0.70838398
vt 0.794234 0.731557
vt 0.788735 0.720141
vt 0.799758 0.71957302
vt 0.791009 0.719285
vt 0.791554 0.71210903
vt 0.795428 0.72454798
vt 0.792699 0.71244
vt 0.79299 0.71842098
vt 0.803339 0.67812002
vt 0.793716 0.71269
vt 0.795787 0.70927
vt 0.802919 0.67733198
vt 0.804559 0.67095798
vt 0.80358 0.67312598
vt 0.802955 0.67554998
vt 0.805125 0.667633
vt 0.80364 0.672095
vt 0.802928 0.674937
vt 0.802962 0.67677802
vt 0.803736 0.671044
vt 0.805751 0.66396302
vt 0.802912 0.67431098
vt 0.805278 0.67144197
vt 0.803014 0.67620802
vt 0.803509 0.67712098
vt 0.804793 0.675187
vt 0.805027 0.67455298
vt 0.803423 0.677624
vt 0.804272 0.676462
vt 0.804136 0.67699802
vt 0.764324 0.643498
vt 0.768624 0.60140598
vt 0.767965 0.60201
vt 0.759989 0.648471
vt 0.765539 0.637859
vt 0.767543 0.60123402
vt 0.765907 0.64497203
vt 0.758787 0.655483
vt 0.768767 0.60087103
vt 0.757442 0.663323
vt 0.76777 0.646536
vt 0.7533 0.644068
vt 0.76658 0.637959
vt 0.76777 0.638025
vt 0.755576 0.643214
vt 0.75613 0.63604897
vt 0.765231 0.633716
vt 0.765828 0.633408
vt 0.757274 0.63638198
vt 0.75949 0.632338
vt 0.757558 0.64235198
vt 0.759952 0.63282502
vt 0.762891 0.631503
vt 0.758288 0.636634
vt 0.762814 0.631961
vt 0.760361 0.633224
vt 0.767586 0.59943402
vt 0.762752 0.63232797
vt 0.764715 0.63395703
vt 0.768206 0.597072
vt 0.769181 0.599719
vt 0.769394 0.59723198
vt 0.769188 0.59486902
vt 0.76941 0.59915
vt 0.769679 0.59623802
vt 0.76976 0.591541
vt 0.768261 0.596085
vt 0.769938 0.595214
vt 0.769632 0.59856498
vt 0.770391 0.58786702
vt 0.768906 0.600318
vt 0.768352 0.595084
vt 0.767559 0.5981
vt 0.76805 0.60151702
vt 0.768137 0.60101497
vt 0.767567 0.598777
vt 0.767636 0.600146
vt 0.767585 0.60069698
vt 0.792993 0.64233798
vt 0.802945 0.60123098
vt 0.802982 0.59945297
vt 0.793721 0.636613
vt 0.795427 0.64846498
vt 0.803608 0.597032
vt 0.791011 0.643202
vt 0.792705 0.63636202
vt 0.80299 0.60067803
vt 0.791561 0.63603002
vt 0.788735 0.64405602
vt 0.794924 0.632313
vt 0.794228 0.65547597
vt 0.792889 0.66331297
vt 0.795386 0.632801
vt 0.79833 0.631482
vt 0.80134 0.64496702
vt 0.803204 0.64652902
vt 0.798252 0.63194
vt 0.801266 0.63339698
vt 0.795794 0.63319898
vt 0.800668 0.633704
vt 0.803204 0.63801903
vt 0.798189 0.632308
vt 0.802014 0.63795298
vt 0.800151 0.63394397
vt 0.804586 0.59486598
vt 0.800972 0.637852
vt 0.799759 0.643494
vt 0.804784 0.59726697
vt 0.803365 0.602017
vt 0.804023 0.60141897
vt 0.804582 0.599703
vt 0.80345 0.60152298
vt 0.804163 0.60089898
vt 0.80482 0.59908998
vt 0.80506 0.59631902
vt 0.804299 0.60036302
vt 0.803535 0.60101998
vt 0.805053 0.59845603
vt 0.803042 0.60010803
vt 0.805307 0.595347
vt 0.805784 0.58786702
vt 0.802955 0.59884
vt 0.802941 0.59821302
vt 0.805156 0.59153903
vt 0.803766 0.594948
vt 0.80367 0.59600002
vt 0 1
vt 0 1
vt 0 1
vt 0 1
vt 0 1
vt 0 1
vt 0 1
vt 0 1
vt 0 1
vt 0 1
vt 0 1
vt 0 1
vt 0 1
vt 0 1
vt 0 1
vt 0 1
vt 0 1
vt 0 1
vt 0 1
vt 0 1
vt 0 1
vt 0 1
vt 0 1
vt 0 1
vt 0 1
vt 0 1
vt 0 1
vt 0 1
vt 0 1
vt 0 1
vt 0 1
vt 0 1
vt 0 1
vt 0 1
vt 0 1
vt 0 1
vt 0 1
vt 0 1
vt 0 1
vt 0 1
vt 0 1
vt 0 1
vt 0 1
vt 0 1
vt 0 1
vt 0 1
vt 0 1
vt 0 1
vt 0 1
vt 0 1
vt 0 1
vt 0 1
vt 0 1
vt 0 1
vt 0 1
vt 0 1
vt 0 1
vt 0 1
vt 0 1
vt 0 1
vt 0 1
vt 0 1
vt 0 1
vt 0 1
vt 0 1
vt 0 1
vt 0 1
vt 0 1
vt 0 1
vt 0 1
vt 0 1
vt 0 1
vt 0 1
vt 0 1
vt 0 1
vt 0 1
vt 0 1
vt 0 1
vt 0 1
vt 0 1
vt 0 1
vt 0 1
vt 0 1
vt 0 1
vt 0 1
vt 0 1
vt 0 1
vt 0 1
vt 0 1
vt 0 1
vt 0 1
vt 0 1
vt 0 1
vt 0 1
vt 0 1
vt 0 1
vt 0 1
vt 0 1
vt 0 1
vt 0 1
vt 0 1
vt 0 1
vt 0 1
vt 0 1
vt 0 1
vt 0 1
vt 0 1
vt 0 1
vt 0 1
vt 0 1
vt 0 1
vt 0 1
vt 0 1
vt 0 1
vt 0 1
vt 0 1
vt 0 1
vt 0 1
vt 0 1
vt 0 1
vt 0 1
vt 0 1
vt 0 1
vt 0 1
vt 0 1
vt 0 1
vt 0 1
vt 0 1
vt 0 1
vt 0 1
vt 0 1
vt 0 1
vt 0 1
vt 0 1
vt 0 1
vt 0 1
vt 0 1
vt 0 1
vt 0 1
vt 0 1
vt 0 1
vt 0 1
vt 0 1
vt 0 1
vt 0 1
vt 0 1
vt 0 1
vt 0 1
vt 0 1
vt 0 1
vt 0 1
vt 0 1
vt 0 1
vt 0 1
vt 0 1
vt 0 1
vt 0 1
vt 0 1
vt 0 1
vt 0 1
vt 0 1
vt 0 1
vt 0 1
vt 0 1
vt 0 1
vt 0 1
vt 0 1
vt 0 1
vt 0 1
vt 0 1
vt 0 1
vt 0 1
vt 0 1
vt 0 1
vt 0 1
vt 0 1
vt 0 1
vt 0 1
vt 0 1
vt 0 1
vt 0 1
vt 0 1
vt 0 1
vt 0 1
vt 0 1
vt 0 1
vt 0 1
vt 0 1
vt 0 1
vt 0 1
vt 0 1
vt 0 1
vt 0 1
vt 0 1
vt 0 1
vt 0 1
vt 0 1
vt 0 1
vt 0 1
vt 0 1
vt 0 1
vt 0 1
vt 0 1
vt 0 1
vt 0 1
vt 0 1
vt 0 1
vt 0 1
vt 0 1
vt 0 1
vt 0 1
vt 0 1
vt 0 1
vt 0 1
vt 0 1
vt 0 1
vt 0 1
vt 0 1
vt 0 1
vt 0 1
vt 0 1
vt 0 1
vt 0 1
vt 0 1
vt 0 1
vt 0 1
vt 0 1
vt 0 1
vt 0 1
vt 0 1
vt 0 1
vt 0 1
vt 0 1
vt 0 1
vt 0 1
vt 0 1
vt 0 1
vt 0 1
vt 0 1
vt 0 1
vt 0 1
vt 0 1
vt 0 1
vt 0 1
vt 0 1
vt 0 1
vt 0 1
vt 0 1
vt 0 1
vt 0 1
vt 0 1
vt 0 1
vt 0 1
vt 0 1
vt 0 1
vt 0 1
vt 0 1
vt 0 1
vt 0 1
vt 0 1
vt 0 1
vt 0 1
vt 0 1
vt 0 1
vt 0 1
vt 0 1
vt 0 1
vt 0 1
vt 0 1
vt 0 1
vt 0 1
vt 0 1
vt 0 1
vt 0 1
vt 0 1
vt 0 1
vt 0 1
vt 0 1
vt 0 1
vt 0 1
vt 0 1
vt 0 1
vt 0 1
vt 0 1
vt 0 1
vt 0 1
vt 0 1
vt 0 1
vt 0 1
vt 0 1
vt 0 1
vt 0 1
vt 0 1
vt 0 1
vt 0 1
vt 0 1
vt 0 1
vt 0 1
vt 0 1
vt 0 1
vt 0 1
vt 0 1
vt 0 1
vt 0 1
vt 0 1
vt 0 1
vt 0 1
vt 0 1
vt 0 1
vt 0 1
vt 0 1
vt 0 1
vt 0 1
vt 0 1
vt 0 1
vt 0 1
vt 0 1
vt 0 1
vt 0 1
vt 0 1
vt 0 1
vt 0 1
vt 0 1
vt 0 1
vt 0 1
vt 0 1
vt 0 1
vt 0 1
vt 0 1
vt 0 1
vt 0 1
vt 0 1
vt 0 1
vt 0 1
vt 0 1
vt 0 1
vt 0 1
vt 0 1
vt 0 1
vt 0 1
vt 0 1
vt 0 1
vt 0 1
vt 0 1
vt 0 1
vt 0 1
vt 0 1
vt 0 1
vt 0 1
vt 0 1
vt 0 1
vt 0 1
vt 0 1
vt 0 1
vt 0 1
vt 0 1
vt 0 1
vt 0 1
vt 0 1
vt 0 1
vt 0 1
vt 0 1
vt 0 1
vt 0 1
vt 0 1
vt 0 1
vt 0 1
vt 0 1
vt 0 1
vt 0 1
vt 0 1
vt 0 1
vt 0 1
vt 0 1
vt 0 1
vt 0 1
vt 0 1
vt 0 1
vt 0 1
vt 0 1
vt 0 1
vt 0 1
vt 0 1
vt 0 1
vt 0 1
vt 0 1
vt 0 1
vt 0 1
vt 0 1
vt 0 1
vt 0 1
vt 0 1
vt 0 1
vt 0 1
vt 0 1
vt 0 1
vt 0 1
vt 0 1
vt 0 1
vt 0 1
vt 0 1
vt 0 1
vt 0 1
vt 0 1
vt 0 1
vt 0 1
vt 0 1
vt 0 1
vt 0 1
vt 0 1
vt 0 1
vt 0 1
vt 0 1
vt 0 1
vt 0 1
vt 0 1
vt 0 1
vt 0 1
vt 0 1
vt 0 1
vt 0 1
vt 0 1
vt 0 1
vt 0 1
vt 0 1
vt 0 1
vt 0 1
vt 0 1
vt 0 1
vt 0 1
vt 0 1
vt 0 1
vt 0 1
vt 0 1
vt 0 1
vt 0 1
vt 0 1
vt 0 1
vt 0 1
vt 0 1
vt 0 1
vt 0 1
vt 0 1
vt 0 1
vt 0 1
vt 0 1
vt 0 1
vt 0 1
vt 0 1
vt 0 1
vt 0 1
vt 0 1
vt 0 1
vt 0 1
vt 0 1
vt 0 1
vt 0 1
vt 0 1
vt 0 1
vt 0 1
vt 0 1
vt 0 1
vt 0 1
vt 0 1
vt 0 1
vt 0 1
vt 0 1
vt 0 1
vt 0 1
vt 0 1
vt 0 1
vt 0 1
vt 0 1
vt 0 1
vt 0 1
vt 0 1
vt 0 1
vt 0 1
vt 0 1
vt 0 1
vt 0 1
vt 0 1
vt 0 1
vt 0 1
vt 0 1
vt 0 1
vt 0 1
vt 0 1
vt 0 1
vt 0 1
vt 0 1
vt 0 1
vt 0 1
vt 0 1
vt 0 1
vt 0 1
vt 0 1
vt 0 1
vt 0 1
vt 0 1
vt 0 1
vt 0 1
vt 0 1
vt 0 1
vt 0 1
vt 0 1
vt 0 1
vt 0 1
vt 0 1
vt 0 1
vt 0 1
vt 0 1
vt 0 1
vt 0 1
vt 0 1
vt 0 1
vt 0 1
vt 0 1
vt 0 1
vt 0 1
vt 0 1
vt 0 1
vt 0 1
vt 0 1
vt 0 1
vt 0 1
vt 0 1
vt 0 1
vt 0 1
vt 0 1
vt 0 1
vt 0 1
vt 0 1
vt 0 1
vt 0 1
vt 0 1
vt 0 1
vt 0 1
vt 0 1
vt 0 1
vt 0 1
vt 0 1
vt 0 1
vt 0 1
vt 0 1
vt 0 1
vt 0 1
vt 0 1
vt 0 1
vt 0 1
vt 0 1
vt 0 1
vt 0 1
vt 0 1
vt 0 1
vt 0 1
vt 0 1
vt 0 1
vt 0 1
vt 0 1
vt 0 1
vt 0 1
vt 0 1
vt 0 1
vt 0 1
vt 0 1
vt 0 1
vt 0 1
vt 0 1
vt 0 1
vt 0 1
vt 0 1
vt 0 1
vt 0 1
vt 0 1
vt 0 1
vt 0 1
vt 0 1
vt 0 1
vt 0 1
vt 0 1
vt 0 1
vt 0 1
vt 0 1
vt 0 1
vt 0 1
vt 0 1
vt 0 1
vt 0 1
vt 0 1
vt 0 1
vt 0 1
vt 0 1
vt 0 1
vt 0 1
vt 0 1
vt 0 1
vt 0 1
vt 0 1
vt 0 1
vt 0 1
vt 0 1
vt 0 1
vt 0 1
vt 0 1
vt 0 1
vt 0 1
vt 0 1
vt 0 1
vt 0 1
vt 0 1
vt 0 1
vt 0 1
vt 0 1
vt 0 1
vt 0 1
vt 0 1
vt 0 1
vt 0 1
vt 0 1
vt 0 1
vt 0 1
vt 0 1
vt 0 1
vt 0 1
vt 0 1
vt 0 1
vt 0 1
vt 0 1
vt 0 1
vt 0 1
vt 0 1
vt 0 1
vt 0 1
vt 0 1
vt 0 1
vt 0 1
vt 0 1
vt 0 1
vt 0 1
vt 0 1
vt 0 1
vt 0 1
vt 0 1
vt 0 1
vt 0 1
vt 0 1
vt 0 1
vt 0 1
vt 0 1
vt 0 1
vt 0 1
vt 0 1
vt 0 1
vt 0 1
vt 0 1
vt 0 1
vt 0 1
vt 0 1
vt 0 1
vt 0 1
vt 0 1
vt 0 1
vt 0 1
vt 0 1
vt 0 1
vt 0 1
vt 0 1
vt 0 1
vt 0 1
vt 0 1
vt 0 1
vt 0 1
vt 0 1
vt 0 1
vt 0 1
vt 0 1
vt 0 1
vt 0 1
vt 0 1
vt 0 1
vt 0 1
vt 0 1
vt 0 1
vt 0 1
vt 0 1
vt 0 1
vt 0 1
vt 0 1
vt 0 1
vt 0 1
vt 0 1
vt 0 1
vt 0 1
vt 0 1
vt 0 1
vt 0 1
vt 0 1
vt 0 1
vt 0 1
vt 0 1
vt 0 1
vt 0 1
vt 0 1
vt 0 1
vt 0 1
vt 0 1
vt 0 1
vt 0 1
vt 0 1
vt 0 1
vt 0 1
vt 0 1
vt 0 1
vt 0 1
vt 0 1
vt 0 1
vt 0 1
vt 0 1
vt 0 1
vt 0 1
vt 0 1
vt 0 1
vt 0 1
vt 0 1
vt 0 1
vt 0 1
vt 0 1
vt 0 1
vt 0 1
vt 0 1
vt 0 1
vt 0 1
vt 0 1
vt 0 1
vt 0 1
vt 0 1
vt 0 1
vt 0 1
vt 0 1
vt 0 1
vt 0 1
vt 0 1
vt 0 1
vt 0 1
vt 0 1
vt 0 1
vt 0 1
vt 0 1
vt 0 1
vt 0 1
vt 0 1
vt 0 1
vt 0 1
vt 0 1
vt 0 1
vt 0 1
vt 0 1
vt 0 1
vt 0 1
vt 0 1
vt 0 1
vt 0 1
vt 0 1
vt 0 1
vt 0 1
vt 0 1
vt 0 1
vt 0 1
vt 0 1
vt 0 1
vt 0 1
vt 0 1
vt 0 1
vt 0 1
vt 0 1
vt 0 1
vt 0 1
vt 0 1
vt 0 1
vt 0 1
vt 0 1
vt 0 1
vt 0 1
vt 0 1
vt 0 1
vt 0 1
vt 0 1
vt 0 1
vt 0 1
vt 0 1
vt 0 1
vt 0 1
vt 0 1
vt 0 1
vt 0 1
vt 0 1
vt 0 1
vt 0 1
vt 0 1
vt 0 1
vt 0 1
vt 0 1
vt 0 1
vt 0 1
vt 0 1
vt 0 1
vt 0 1
vt 0 1
vt 0 1
vt 0 1
vt 0 1
vt 0 1
vt 0 1
vn -0.6743 -0.6609 -0.3295
vn -0.4723 -0.8592 -0.1967
vn -0.1713 -0.9344 -0.3125
vn -0.9459 -0.3245 0.005
vn 0.1566 -0.938 -0.3093
vn 0.1353 0.9403 -0.3122
vn -0.2898 0.8757 -0.3862
vn -0.2861 0.5351 -0.7949
vn 0.2282 0.543 -0.8082
vn -0.3938 -0.299 -0.8692
vn -0.8058 -0.4643 -0.3676
vn -0.4164 -0.8067 -0.4194
vn -0.1448 -0.4536 -0.8794
vn -0.9104 -0.1989 -0.3628
vn 0.5924 -0.7075 -0.3853
vn 0.3147 -0.8485 -0.4255
vn 0.7082 -0.706 -0.0059
vn 0.5524 0.7833 -0.2851
vn 0.3025 0.4951 -0.8145
vn 0.501 0.2124 -0.839
vn 0.8108 0.4888 -0.3221
vn -0.9187 -0.1459 -0.3671
vn -0.5269 -0.0045 -0.8499
vn -0.4732 0.3434 -0.8113
vn -0.9187 0.2802 -0.2785
vn 0.6095 0.7918 0.0405
vn 0.6479 0.6894 -0.324
vn 0.8992 0.2537 -0.3566
vn 0.9391 0.3432 0.0186
vn -0.5218 -0.0983 -0.8474
vn -0.5026 0.2137 -0.8377
vn -0.9026 0.231 -0.3634
vn 0.1165 -0.0263 -0.9928
vn -0.0062 -0.5043 -0.8635
vn 0.3512 -0.3575 -0.8653
vn -0.1473 0.0302 -0.9886
vn 0.0159 0.2378 -0.9712
vn 0.8844 -0.2714 -0.3798
vn 0.5232 -0.0972 -0.8466
vn -0.3395 -0.3538 -0.8715
vn 0.7983 -0.4403 -0.4109
vn 0.4551 -0.2363 -0.8585
vn 0.2086 -0.486 -0.8487
vn 0.5071 -0.8107 -0.2926
vn -0.7165 0.6618 -0.2206
vn -0.9191 0.3922 -0.0391
vn -0.7962 -0.605 -0.0029
vn -0.3646 -0.9295 -0.0562
vn -0.4256 0.8881 -0.1734
vn -0.1492 -0.9077 -0.3921
vn -0.0161 -0.5113 -0.8593
vn -0.4269 -0.327 -0.8431
vn -0.5673 -0.7226 -0.395
vn 0.3743 0.9029 -0.2115
vn 0.1133 0.9593 -0.2586
vn 0.3359 -0.3495 -0.8746
vn 0.1353 -0.0237 -0.9905
vn -0.1663 -0.0412 -0.9852
vn 0.1173 0.9567 -0.2663
vn 0.0852 0.586 -0.8058
vn 0.4345 0.4083 -0.8028
vn 0.5687 0.7668 -0.2978
vn 0.4231 -0.8486 -0.3175
vn 0.7977 -0.4316 -0.4212
vn 0.4317 -0.2274 -0.8729
vn 0.1199 -0.4861 -0.8656
vn 0.1609 -0.9433 -0.2904
vn 0.053 -0.8717 -0.4873
vn -0.4953 -0.115 -0.8611
vn -0.9028 -0.2074 -0.3767
vn -0.6849 -0.6468 -0.3356
vn -0.3049 -0.4337 -0.8479
vn 0.9973 0.0526 0.0507
vn 0.9441 -0.0385 -0.3273
vn 0.7539 -0.6426 -0.1367
vn 0.4986 0.2163 -0.8394
vn 0.9263 -0.2689 -0.2639
vn 0.5203 -0.0938 -0.8488
vn 0.6652 -0.5758 -0.4754
vn -0.3396 -0.935 -0.1025
vn 0.1578 -0.9218 -0.354
vn -0.1173 0.189 -0.9749
vn -0.5079 0.1815 -0.8421
vn -0.0654 -0.1133 -0.9914
vn -0.7545 -0.5648 -0.3343
vn -0.2401 0.948 -0.2088
vn -0.4049 0.8598 -0.3111
vn -0.0684 0.6003 -0.7969
vn 0.0002 0.9669 -0.2551
vn 0.406 -0.8561 -0.3197
vn 0.7759 -0.6216 -0.1079
vn 0.9994 0.0152 -0.0311
vn 0.1576 0.1181 -0.9804
vn 0.9263 0.1867 -0.3273
vn 0.8151 0.5775 0.0454
vn 0.7884 0.5744 -0.2201
vn 0.7683 0.4498 -0.4554
vn -0.3136 0.9494 -0.0162
vn -0.2419 0.8879 -0.3913
vn -0.1493 0.5672 -0.81
vn 0.465 0.8536 -0.2348
vn 0.306 0.53 -0.7908
vn -0.6286 0.7512 -0.2012
vn -0.4588 -0.817 -0.3493
vn -0.1401 -0.9218 -0.3615
vn -0.7983 0.5333 -0.2797
vn -0.0079 0.2373 -0.9714
vn -0.4609 0.3634 -0.8097
vn 0.7551 0.6041 -0.2545
vn 0.9167 0.3072 -0.2555
vn -0.9114 0.296 -0.2858
vn -0.9503 0.0077 -0.3112
vn -0.5453 0.0514 -0.8367
vn -0.4065 0.8501 -0.3349
vn -0.2216 0.528 -0.8198
vn -0.9104 -0.2523 -0.3278
vn 0.9687 0.0304 -0.2465
vn 0.5434 0.0525 -0.8378
vn 0.9301 -0.1793 -0.3207
vn 0.1472 -0.9271 -0.3448
vn -0.6266 0.7247 -0.2866
vn -0.7968 0.5434 -0.2643
vn -0.9626 0.2688 -0.0332
vn -0.9307 0.1209 -0.3452
vn -0.8167 0.5308 -0.2264
vn -0.6753 0.6872 -0.2678
vn -0.937 -0.3491 -0.0145
vn -0.393 0.4679 -0.7916
vn -0.1632 0.0161 -0.9865
vn 0.0255 0.2076 -0.9779
vn 0.2645 0.9638 -0.0338
vn 0.0905 0.994 0.0621
vn 0.5292 0.1681 -0.8317
vn 0.1033 -0.0548 -0.9931
vn -0.9988 -0.0143 -0.0471
vn 0.9742 -0.2255 -0.0118
vn -0.2793 0.959 -0.0478
vn 0.3264 0.945 0.0204
vn 0.7676 -0.6344 -0.0908
vn 0.0014 -0.1192 -0.9929
vn 0.0006 -0.6811 -0.7322
vn 0.0105 -0.6855 -0.728
vn 0.0219 -0.0781 -0.9967
vn -0.0126 0.2253 -0.9742
vn 0.0094 0.2312 -0.9729
vn 0.0114 -0.684 -0.7294
vn -0.0284 -0.0717 -0.997
vn 0.0134 -0.9552 -0.2957
vn -0.0083 0.7282 -0.6853
vn 0.0047 0.7347 -0.6784
vn 0.0082 0.9596 -0.2813
vn -0.0124 0.9595 -0.2814
vn -0.0139 0.9408 -0.3386
vn 0.0052 0.9284 -0.3715
vn 0.0043 0.5245 -0.8514
vn 0.0797 0.9126 -0.4009
vn -0.0075 0.5574 -0.8302
vn -0.1197 0.9469 -0.2983
vn -0.1024 0.9273 -0.3601
vn -0.0853 0.721 -0.6877
vn -0.5404 0.4995 -0.6771
vn -0.6861 0.625 -0.3724
vn -0.1801 0.146 -0.9728
vn -0.6279 0.6029 -0.4921
vn 0.0622 -0.0005 -0.9981
vn -0.9114 0.0798 -0.4037
vn 0.1655 0.0398 -0.9854
vn -0.1988 0.2438 -0.9492
vn -0.0597 0.5229 -0.8503
vn -0.0009 0.0579 -0.9983
vn -0.4734 0.0896 -0.8763
vn -0.4939 0.0562 -0.8677
vn -0.001 0.0494 -0.9988
vn -0.0169 0.0366 -0.9992
vn 0.0011 0.0498 -0.9988
vn -0.0001 0.0581 -0.9983
vn 0.0139 0.04 -0.9991
vn 0.0001 0.0588 -0.9983
vn -0.0001 0.0471 -0.9989
vn 0.047 0.4894 -0.8708
vn 0.183 0.2342 -0.9548
vn -0.0033 0.0555 -0.9985
vn -0.4687 0.0668 -0.8808
vn -0.0009 0.1592 -0.9872
vn -0.0006 0.1377 -0.9905
vn 0.0048 0.12 -0.9928
vn 0.0004 0.5033 -0.8641
vn 0.015 0.494 -0.8693
vn 0.1229 0.492 -0.8619
vn 0.0188 0.8462 -0.5326
vn -0.3914 0.0381 -0.9194
vn -0.9184 0.0259 -0.3948
vn -0.9171 0.0211 -0.3982
vn -0.9189 0.0314 -0.3933
vn -0.9044 -0.0333 -0.4253
vn -0.9504 0.0255 -0.3101
vn -0.9518 0.0221 -0.3059
vn -0.9471 0.0756 -0.312
vn -0.7172 0.0687 -0.6935
vn -0.1724 0.0515 -0.9837
vn 0.1518 0.076 -0.9855
vn -0.7172 0.0452 -0.6954
vn -0.9538 0.0185 -0.3
vn -0.9493 -0.053 -0.31
vn -0.7091 -0.0031 -0.7051
vn -0.5047 -0.4517 -0.7357
vn 0.7088 0.1498 -0.6894
vn 0.75 0.0487 -0.6597
vn 0.7571 0.0292 -0.6527
vn 0.9769 0.0097 -0.2135
vn 0.9768 0.0262 -0.2127
vn 0.974 -0.0001 -0.2267
vn 0.9815 -0.0315 -0.1889
vn 0.985 0.0059 -0.1724
vn 0.9857 0.0218 -0.1668
vn 0.9728 0.1505 -0.1759
vn 0.966 0.1514 -0.2095
vn 0.961 -0.1197 -0.2493
vn 0.9674 -0.1332 -0.2154
vn 0.7127 -0.6338 -0.3006
vn 0.6698 0.7017 -0.2428
vn 0.6857 0.701 -0.196
vn 0.1353 0.9807 -0.1411
vn 0.4052 0.4498 -0.7959
vn 0.1232 0.976 -0.1798
vn 0.0155 0.9868 -0.1612
vn 0.0481 0.9909 -0.1255
vn 0.0515 0.1193 -0.9915
vn 0.0731 0.7609 -0.6447
vn -0.1083 -0.0883 -0.9902
vn 0.0126 0.7721 -0.6353
vn 0.0014 0.9938 -0.1114
vn 0.0024 0.2267 -0.974
vn -0.0016 0.9895 -0.1443
vn -0.0032 0.9955 -0.0943
vn -0.0076 0.9908 -0.1352
vn -0.0598 0.7627 -0.644
vn -0.0922 0.99 -0.107
vn -0.0973 0.9841 -0.1487
vn -0.6313 0.7512 -0.1929
vn -0.018 0.2111 -0.9773
vn 0.0943 -0.0871 -0.9917
vn 0.0034 -0.6126 -0.7904
vn -0.028 -0.6341 -0.7727
vn -0.0483 -0.9008 -0.4316
vn -0.6302 -0.6208 -0.4663
vn -0.0289 -0.8156 -0.5778
vn -0.5612 -0.505 -0.6558
vn -0.0469 0.1821 -0.9822
vn -0.0044 -0.0399 -0.9992
vn 0.1901 0.8215 -0.5375
vn 0.0698 0.9091 -0.4108
vn 0.0026 -0.0462 -0.9989
vn -0.001 -0.8191 -0.5737
vn 0.0032 -0.9013 -0.4331
vn 0.0034 -0.8096 -0.587
vn 0.0073 -0.8996 -0.4367
vn 0.0249 -0.6252 -0.7801
vn -0.3717 0.4695 -0.8009
vn -0.0565 0.1102 -0.9923
vn -0.6413 0.7277 -0.2432
vn -0.9542 0.1703 -0.2458
vn -0.961 0.181 -0.2093
vn -0.9792 0.0436 -0.1984
vn -0.9701 0.0411 -0.2394
vn -0.7075 0.1363 -0.6935
vn -0.7255 0.0593 -0.6857
vn -0.9719 0.0198 -0.2345
vn -0.9816 0.0208 -0.1899
vn -0.974 0.0189 -0.2258
vn -0.9835 0.0202 -0.1799
vn -0.9772 0.0043 -0.2124
vn -0.9853 0.0004 -0.1707
vn -0.7416 0.0295 -0.6702
vn -0.9686 -0.0982 -0.2284
vn -0.9759 -0.1082 -0.1895
vn -0.7709 -0.5734 -0.2774
vn -0.152 0.0451 -0.9874
vn -0.7602 -0.563 -0.3242
vn -0.2461 -0.9265 -0.2845
vn -0.7146 -0.0333 -0.6987
vn -0.2369 -0.9162 -0.3232
vn -0.0417 -0.9652 -0.2583
vn -0.4659 -0.3084 -0.8294
vn -0.1667 0.0633 -0.984
vn 0.1616 0.0649 -0.9847
vn 0.1597 0.0509 -0.9859
vn 0.6922 0.0436 -0.7204
vn 0.6895 0.0872 -0.719
vn 0.9438 0.0274 -0.3293
vn 0.9472 0.0163 -0.3203
vn 0.6917 -0.0082 -0.7221
vn 0.4779 -0.4531 -0.7526
vn 0.939 -0.0569 -0.3392
vn 0.0447 -0.8946 -0.4447
vn 0.618 -0.614 -0.491
vn 0.0254 -0.7943 -0.607
vn 0.0042 -0.0461 -0.9989
vn 0.5761 -0.4818 -0.6603
vn 0.0033 0.8155 -0.5788
vn 0.91 -0.0353 -0.4132
vn 0.0272 0.1583 -0.987
vn 0.9214 0.0154 -0.3882
vn -0.1979 0.822 -0.534
vn 0.4831 0.0653 -0.8731
vn 0.408 0.0374 -0.9122
vn 0.9233 0.02 -0.3837
vn -0.1273 0.4927 -0.8608
vn 0.4963 0.0566 -0.8663
vn 0.9167 0.0329 -0.3981
vn -0.0035 0.1208 -0.9927
vn 0.0001 0.0502 -0.9987
vn 0.0023 0.1407 -0.9901
vn 0.472 0.085 -0.8775
vn 0.0094 0.0431 -0.999
vn 0.9063 0.0855 -0.414
vn 0.6079 0.5948 -0.526
vn 0.9393 0.0917 -0.3306
vn 0.6591 0.646 -0.3851
vn 0.0932 0.9504 -0.2968
vn 0.5112 0.5148 -0.6882
vn 0.0685 0.7264 -0.6839
vn 0.122 0.1696 -0.9779
vn -0.0663 0.0039 -0.9978
vn -0.1668 -0.6083 -0.776
vn -0.0071 -0.6958 -0.7182
vn -0.0144 -0.9562 -0.2923
vn 0.013 -0.9562 -0.2925
vn 0.0376 -0.9644 -0.2616
vn 0.0032 -0.9559 -0.2938
vn 0.1874 -0.9401 -0.2848
vn 0.1759 -0.9305 -0.3214
vn 0.1217 -0.6304 -0.7667
vn 0.7027 -0.6219 -0.3456
vn 0.4334 -0.3328 -0.8375
vn 0.7148 -0.0517 -0.6975
vn -0.0122 0.0409 -0.9991
vn 0.0002 0.0575 -0.9983
vn 0.0145 0.0402 -0.9991
vn 0.0064 -0.0022 -1
vn -0.0044 -0.0098 -0.9999
vn 0.0538 -0.2855 -0.9569
vn -0.0103 -0.0137 -0.9999
vn -0.0033 -0.3305 -0.9438
vn 0.1049 -0.6846 -0.7214
vn -0.0066 -0.0022 -1
vn -0.0642 -0.2781 -0.9584
vn -0.1235 -0.685 -0.718
vn 0.0905 -0.6241 -0.7761
vn -0.1026 -0.628 -0.7714
vn -0.4893 -0.4386 -0.7538
vn 0.0294 -0.1739 -0.9843
vn -0.1762 -0.1287 -0.9759
vn -0.3294 -0.0099 -0.9441
vn -0.0319 -0.1759 -0.9839
vn -0.4792 -0.4289 -0.7658
vn -0.1863 -0.135 -0.9732
vn -0.7656 -0.0803 -0.6382
vn -0.7067 -0.0635 -0.7046
vn -0.0219 0.0376 -0.9991
vn -0.2411 0.0229 -0.9702
vn -0.0364 0.0932 -0.995
vn -0.7811 0.0463 -0.6226
vn -0.363 0.059 -0.9299
vn -0.6792 0.0536 -0.732
vn -0.0274 0.0499 -0.9984
vn -0.7523 0.0544 -0.6566
vn -0.2279 0.0628 -0.9717
vn -0.3196 0.0737 -0.9447
vn -0.0235 0.0647 -0.9976
vn -0.6697 0.0581 -0.7403
vn -0.709 0.0773 -0.7009
vn -0.6739 0.0822 -0.7343
vn -0.2586 0.0748 -0.9631
vn -0.5865 0.2061 -0.7833
vn -0.6678 0.2274 -0.7087
vn 0.0181 0.0386 -0.9991
vn 0.4349 -0.4231 -0.7949
vn 0.1679 -0.128 -0.9775
vn 0.4379 -0.4281 -0.7906
vn 0.1601 -0.1114 -0.9808
vn 0.2202 0.0207 -0.9752
vn 0.2899 -0.0027 -0.957
vn 0.6947 -0.0838 -0.7144
vn 0.6464 -0.0666 -0.7601
vn 0.0227 0.0519 -0.9984
vn 0.0209 0.0756 -0.9969
vn 0.2256 0.0843 -0.9706
vn 0.705 0.1377 -0.6957
vn 0.6536 0.1259 -0.7463
vn 0.2946 0.1046 -0.9499
vn 0.0255 0.064 -0.9976
vn -0.0001 0.0602 -0.9982
vn -0.0179 0.0669 -0.9976
vn 0.0124 0.0713 -0.9974
vn -0.029 0.0517 -0.9982
vn -0.3174 -0.0081 -0.9483
vn -0.2994 0.1047 -0.9484
vn -0.7589 0.0437 -0.6497
vn -0.7865 0.0452 -0.616
vn -0.7472 -0.0929 -0.6581
vn -0.7069 0.1501 -0.6912
vn -0.6684 0.0501 -0.7421
vn -0.6943 -0.0763 -0.7156
vn -0.2222 0.0868 -0.9711
vn -0.2322 0.0163 -0.9725
vn -0.0185 0.0374 -0.9991
vn -0.0014 0.0624 -0.998
vn 0.0018 0.062 -0.9981
vn 0.0012 0.0643 -0.9979
vn -0.6444 0.1312 -0.7533
vn 0.0054 0.0826 -0.9966
vn 0.0013 0.0656 -0.9978
vn 0.0005 0.0649 -0.9979
vn 0.0635 0.3531 -0.9334
vn -0.4743 0.4846 -0.735
vn 0.1618 0.207 -0.9649
vn -0.1683 0.2177 -0.9614
vn 0.4751 0.4809 -0.7369
vn -0.0614 0.353 -0.9336
vn -0.0079 0.0758 -0.9971
vn -0.0006 0.0652 -0.9979
vn -0.0004 0.0651 -0.9979
vn -0.1336 0.7512 -0.6464
vn 0.0039 0.0819 -0.9966
vn -0.4687 0.4729 -0.7461
vn -0.0006 0.0651 -0.9979
vn 0.0007 0.0637 -0.998
vn 0.054 0.3547 -0.9334
vn -0.1167 0.6931 -0.7113
vn -0.1853 0.211 -0.9598
vn -0.0197 0.0748 -0.997
vn -0.0397 0.2689 -0.9624
vn -0.0019 0.7111 -0.7031
vn 0.1145 0.7635 -0.6356
vn 0.0345 0.2737 -0.9612
vn 0.0984 0.711 -0.6963
vn 0.0082 0.0698 -0.9975
vn -0.0021 0.0605 -0.9982
vn 0.4608 0.508 -0.7278
vn 0.1514 0.2104 -0.9658
vn 0.4637 0.5061 -0.7272
vn 0.2937 0.1125 -0.9492
vn 0.7239 0.1575 -0.6717
vn 0.1734 0.2259 -0.9586
vn 0.2243 0.0907 -0.9703
vn 0.0184 0.0754 -0.997
vn 0.6735 0.144 -0.725
vn 0.0176 0.0382 -0.9991
vn -0.1666 -0.1426 -0.9757
vn -0.4632 -0.4437 -0.7672
vn -0.0303 -0.175 -0.9841
vn -0.4564 -0.4444 -0.7709
vn -0.0865 -0.6216 -0.7786
vn -0.1582 -0.12 -0.9801
vn -0.1044 -0.676 -0.7295
vn -0.0475 -0.2768 -0.9597
vn -0.0029 -0.0192 -0.9998
vn 0.0252 -0.1661 -0.9858
vn -0.0023 -0.3075 -0.9515
vn 0.0001 0.0011 -1
vn 0.0043 -0.0208 -0.9998
vn 0.1034 -0.6683 -0.7367
vn 0.051 -0.2941 -0.9544
vn 0.0817 -0.6101 -0.7881
vn 0.1619 -0.1342 -0.9776
vn 0.4371 -0.423 -0.7937
vn 0.2242 0.0182 -0.9744
vn 0.6713 -0.0714 -0.7378
vn 0.7243 -0.0972 -0.6826
vn 0.4535 -0.4384 -0.776
vn 0.1611 -0.1232 -0.9792
vn 0.0153 0.0635 -0.9979
vn 0.3052 -0.0042 -0.9523
vn 0.0138 0.0524 -0.9985
vn -0.0267 0.0599 -0.9978
vn -0.0028 0.0594 -0.9982
vn -0.031 0.0365 -0.9989
vn -0.0027 0.0596 -0.9982
vn -0.0027 0.0596 -0.9982
vn -0.0027 0.0582 -0.9983
vn -0.3598 0.0443 -0.932
vn -0.3528 0.0557 -0.9341
vn -0.3775 -0.0535 -0.9245
vn -0.0014 0.0062 -1
vn -0.714 0.0404 -0.699
vn -0.0394 -0.0383 -0.9985
vn -0.7253 0.0159 -0.6883
vn -0.7148 0.0411 -0.6981
vn -0.715 0.0871 -0.6937
vn -0.358 0.0766 -0.9306
vn -0.0266 0.0594 -0.9979
vn -0.7187 0.0684 -0.6919
vn -0.3833 0.0553 -0.922
vn -0.3846 0.0539 -0.9215
vn -0.0609 0.0582 -0.9964
vn -0.0684 0.0608 -0.9958
vn -0.0091 0.0734 -0.9973
vn -0.0397 0.0593 -0.9975
vn -0.036 0.0572 -0.9977
vn -0.0268 0.06 -0.9978
vn 0.0036 0.1555 -0.9878
vn -0.3272 0.142 -0.9342
vn -0.6352 0.2163 -0.7415
vn 0.01 0.5055 -0.8628
vn -0.0105 0.4958 -0.8684
vn -0.1748 0.3001 -0.9377
vn -0.0079 0.1905 -0.9817
vn 0.0095 0.6423 -0.7664
vn 0.0123 0.5843 -0.8114
vn 0.0069 0.8629 -0.5054
vn 0.0098 0.8868 -0.462
vn -0.0027 0.85 -0.5268
vn 0.0032 0.6267 -0.7793
vn 0.0037 0.6391 -0.7691
vn 0.0059 0.9244 -0.3814
vn 0.0002 -0.0611 -0.9981
vn 0.0033 0.6541 -0.7564
vn -0.0562 0.9174 -0.3939
vn -0.0943 0.7023 -0.7056
vn -0.4216 0.4023 -0.8126
vn -0.4695 0.3379 -0.8157
vn -0.1898 0.7261 -0.6609
vn -0.638 0.1703 -0.751
vn -0.2874 0.1257 -0.9495
vn -0.3749 0.0671 -0.9246
vn -0.3361 0.042 -0.9409
vn -0.029 0.9204 -0.3898
vn -0.005 0.6452 -0.764
vn 0.0007 -0.0724 -0.9974
vn -0.0002 -0.4879 -0.8729
vn 0.0351 -0.9962 -0.0801
vn 0.0351 -0.9755 -0.217
vn 0.0013 -0.9763 -0.2166
vn -0.0002 -0.8045 -0.594
vn -0.0019 -0.9967 -0.0806
vn -0.0005 -0.4536 -0.8912
vn -0.0002 -0.7966 -0.6045
vn 0.0031 0.6165 -0.7874
vn 0.0001 -0.05 -0.9987
vn -0.001 -0.435 -0.9004
vn 0.0013 -0.7924 -0.61
vn 0.0001 -0.4171 -0.9089
vn -0.0006 -0.9773 -0.2119
vn -0.0042 -0.7966 -0.6045
vn -0.0012 -0.977 -0.2132
vn -0.0044 -0.9747 -0.2236
vn -0.0261 -0.996 -0.0853
vn -0.0076 -0.4058 -0.9139
vn -0.0013 -0.0349 -0.9994
vn -0.0019 -0.7909 -0.6119
vn -0.0042 -0.4051 -0.9143
vn 0.0047 0.6106 -0.7919
vn 0.0349 0.6222 -0.7821
vn -0.0222 -0.977 -0.2122
vn -0.147 -0.9859 -0.0802
vn -0.0148 -0.794 -0.6077
vn -0.1463 -0.9668 -0.2095
vn -0.1301 -0.7926 -0.5957
vn -0.4405 -0.8754 -0.199
vn -0.4401 -0.895 -0.0721
vn -0.804 -0.5918 -0.0576
vn -0.382 -0.7152 -0.5853
vn -0.7989 -0.5727 -0.1839
vn -0.9782 -0.2047 -0.0339
vn -0.072 -0.4056 -0.9112
vn -0.0079 -0.402 -0.9156
vn -0.0017 -0.0405 -0.9992
vn -0.0168 -0.0497 -0.9986
vn 0.0283 0.5537 -0.8322
vn 0.0105 0.4935 -0.8697
vn -0.0536 -0.0409 -0.9977
vn -0.2158 -0.3577 -0.9086
vn 0.0742 0.4474 -0.8913
vn -0.395 -0.2037 -0.8958
vn -0.6902 -0.4532 -0.5641
vn -0.8308 -0.1227 -0.5429
vn -0.9692 -0.1873 -0.1598
vn -0.9993 -0.0284 -0.0222
vn -0.4764 -0.0245 -0.8789
vn -0.987 -0.0188 -0.1598
vn -0.8321 0.019 -0.5542
vn -0.4803 0.0477 -0.8758
vn -0.7979 0.0474 -0.6009
vn -0.4715 0.0568 -0.88
vn -0.9876 0.0094 -0.1568
vn -0.9998 0.0012 -0.0206
vn -0.4268 0.0623 -0.9022
vn -0.747 0.0513 -0.6628
vn -0.3093 0.077 -0.9478
vn -0.3736 0.0713 -0.9248
vn -0.0701 0.0677 -0.9952
vn -0.7418 0.0402 -0.6694
vn -0.214 0.0749 -0.974
vn -0.7487 0.0367 -0.6619
vn -0.2122 0.056 -0.9756
vn -0.9875 0.0093 -0.1572
vn -0.7471 0.0418 -0.6634
vn -0.2253 0.0567 -0.9726
vn -0.7357 0.0487 -0.6756
vn -0.2136 0.0607 -0.975
vn -0.75 0.03 -0.6607
vn -0.2063 0.0568 -0.9768
vn -0.1919 0.0745 -0.9786
vn 0.1538 -0.0001 -0.9881
vn 0.1762 0.056 -0.9828
vn 0.1697 0.0283 -0.9851
vn 0.5672 -0.0668 -0.8209
vn 0.1717 0.0856 -0.9814
vn -0.1909 0.0419 -0.9807
vn 0.1572 0.1143 -0.9809
vn 0.5696 0.1496 -0.8082
vn 0.5819 0.0407 -0.8123
vn 0.1312 0.1316 -0.9826
vn 0.1031 0.1677 -0.9804
vn -0.0373 0.098 -0.9945
vn 0.4677 0.357 -0.8086
vn 0.5293 0.2564 -0.8087
vn 0.7401 0.0326 -0.6717
vn 0.6804 0.3184 -0.66
vn 0.7243 0.1791 -0.6658
vn 0.7065 0.0382 -0.7067
vn 0.6905 0.1822 -0.7
vn 0.6483 0.3121 -0.6944
vn 0.5838 0.4338 -0.6863
vn 0.7228 -0.1146 -0.6815
vn 0.6891 -0.1092 -0.7163
vn 0.643 -0.2403 -0.7272
vn 0.6113 0.4494 -0.6515
vn 0.6747 -0.2528 -0.6935
vn 0.5765 -0.3559 -0.7355
vn 0.5201 0.5638 -0.6416
vn 0.4974 0.5416 -0.6777
vn 0.5227 -0.1699 -0.8354
vn 0.6034 -0.3771 -0.7026
vn 0.4972 -0.4522 -0.7405
vn 0.4592 -0.2654 -0.8477
vn 0.5195 -0.4785 -0.7079
vn 0.4036 -0.5321 -0.7443
vn 0.1273 -0.0165 -0.9917
vn 0.393 -0.3513 -0.8498
vn 0.1028 -0.0506 -0.9934
vn -0.0465 0.0217 -0.9987
vn 0.3215 -0.4332 -0.842
vn 0.4205 -0.5624 -0.7119
vn 0.29 -0.637 -0.7142
vn 0.2779 -0.6037 -0.7472
vn 0.0913 -0.099 -0.9909
vn 0.1382 -0.6853 -0.715
vn 0.1274 -0.651 -0.7483
vn 0.2282 -0.5119 -0.8282
vn -0.011 -0.6966 -0.7174
vn -0.0191 -0.6609 -0.7502
vn 0.1151 -0.5695 -0.8139
vn -0.1487 -0.6419 -0.7522
vn 0.0772 -0.1445 -0.9865
vn 0.064 0.3216 -0.9447
vn -0.1491 -0.6777 -0.72
vn 0.0442 -0.1836 -0.982
vn -0.2774 -0.6361 -0.72
vn -0.2676 -0.6021 -0.7522
vn -0.3848 -0.5394 -0.749
vn 0.0039 0.391 -0.9204
vn -0.0025 -0.2033 -0.9791
vn -0.0048 -0.5913 -0.8064
vn -0.125 -0.5829 -0.8029
vn -0.4043 -0.5687 -0.7163
vn -0.4928 -0.453 -0.7429
vn -0.2428 -0.549 -0.7997
vn -0.5187 -0.4769 -0.7096
vn -0.5808 -0.3494 -0.7352
vn -0.3562 -0.4906 -0.7953
vn -0.1025 -0.1932 -0.9758
vn -0.0524 -0.2051 -0.9773
vn -0.611 -0.3667 -0.7016
vn 0.0816 0.3981 -0.9137
vn -0.6792 -0.2406 -0.6934
vn -0.6467 -0.2297 -0.7273
vn -0.6894 -0.0915 -0.7185
vn -0.5379 -0.3084 -0.7846
vn -0.4575 -0.4067 -0.7908
vn -0.7227 -0.0966 -0.6844
vn -0.1928 -0.1328 -0.9722
vn -0.7367 0.0548 -0.6739
vn -0.7035 0.0558 -0.7085
vn -0.6335 -0.071 -0.7705
vn -0.5965 -0.1963 -0.7782
vn -0.2498 -0.0435 -0.9673
vn -0.7218 0.1946 -0.6641
vn -0.6894 0.1901 -0.699
vn -0.6511 0.3128 -0.6916
vn -0.226 -0.0908 -0.9699
vn -0.6822 0.3224 -0.6563
vn -0.5872 0.4313 -0.6849
vn -0.6322 0.1794 -0.7537
vn -0.645 0.0592 -0.7619
vn -0.6157 0.4466 -0.6492
vn -0.2702 0.0628 -0.9608
vn -0.2653 0.0086 -0.9641
vn -0.5257 0.5574 -0.6426
vn -0.5029 0.5356 -0.6783
vn -0.3994 0.6246 -0.671
vn -0.5394 0.4008 -0.7405
vn -0.5971 0.2919 -0.7472
vn -0.4148 0.6519 -0.6347
vn -0.2769 0.6956 -0.6629
vn -0.2491 0.1599 -0.9552
vn -0.2859 0.7256 -0.6258
vn -0.2649 0.1128 -0.9577
vn -0.1504 0.7702 -0.6198
vn -0.1457 0.7393 -0.6574
vn -0.0038 0.7533 -0.6576
vn -0.3596 0.583 -0.7285
vn -0.006 0.7843 -0.6203
vn -0.4596 0.4995 -0.7344
vn -0.1298 0.6827 -0.7191
vn -0.2458 0.6461 -0.7225
vn 0.1447 0.7675 -0.6245
vn 0.1418 0.7367 -0.6612
vn -0.1019 0.3079 -0.9459
vn 0.2851 0.7233 -0.629
vn 0.2742 0.6942 -0.6655
vn 0.112 0.6642 -0.7391
vn -0.01 0.689 -0.7247
vn 0.4109 0.6555 -0.6337
vn 0.393 0.6293 -0.6705
vn -0.006 0.3205 -0.9472
vn 0.3157 0.5392 -0.7808
vn 0.223 0.6116 -0.7591
vn 0.075 0.2616 -0.9623
vn 0.0416 0.2985 -0.9535
vn 0.3945 0.452 -0.8
vn 0.0898 0.2183 -0.9717
vn 0.0104 -0.282 -0.9594
vn 0.0617 -0.2168 -0.9743
vn -0.0552 0.3229 -0.9448
vn -0.047 0.0868 -0.9951
vn 0.0788 -0.2879 -0.9544
vn -0.2446 0.086 -0.9658
vn 0.028 -0.2939 -0.9554
vn 0.1384 -0.2714 -0.9525
vn 0.1551 -0.6225 -0.7671
vn 0.0574 -0.6178 -0.7842
vn -0.1496 0.2818 -0.9477
vn 0.0319 -0.5545 -0.8316
vn -0.1923 0.2479 -0.9495
vn 0.1973 -0.2392 -0.9507
vn -0.2258 0.2062 -0.9521
vn 0.2504 -0.1946 -0.9484
vn 0.2955 -0.1422 -0.9447
vn 0.2696 -0.5906 -0.7606
vn 0.385 -0.5304 -0.7552
vn 0.4904 -0.4458 -0.7488
vn 0.3333 -0.0808 -0.9393
vn 0.58 -0.3421 -0.7393
vn 0.3068 -0.2525 -0.9177
vn 0.3528 -0.0139 -0.9356
vn 0.6484 -0.2222 -0.7281
vn 0.361 0.0535 -0.931
vn 0.689 -0.0935 -0.7187
vn 0.4076 -0.1137 -0.906
vn 0.3556 0.1211 -0.9268
vn 0.3644 -0.1878 -0.9121
vn 0.3331 0.1873 -0.9241
vn 0.1602 -0.0483 -0.9859
vn 0.2929 0.2501 -0.9228
vn 0.6897 0.1735 -0.703
vn 0.5766 0.4272 -0.6964
vn 0.7027 0.0397 -0.7104
vn 0.6468 0.3034 -0.6997
vn 0.4385 0.0521 -0.8972
vn 0.4329 -0.0329 -0.9008
vn 0.4045 0.2181 -0.8881
vn 0.4305 0.1366 -0.8922
vn 0.1779 0.0921 -0.9797
vn 0.1844 0.0559 -0.9813
vn 0.1769 -0.0151 -0.9841
vn 0.1851 0.0205 -0.9825
vn 0.4418 -0.0397 -0.8962
vn 0.4245 0.1332 -0.8956
vn 0.4409 0.0458 -0.8964
vn 0.1684 0.1295 -0.9772
vn 0.7018 0.0275 -0.7118
vn 0.4239 -0.1247 -0.8971
vn 0.3991 0.2231 -0.8894
vn 0.3843 -0.2044 -0.9003
vn 0.6717 -0.243 -0.6999
vn 0.7021 -0.1086 -0.7037
vn 0.1363 -0.0767 -0.9877
vn 0.6771 0.1674 -0.7166
vn 0.2408 -0.3038 -0.9218
vn 0.6331 0.3112 -0.7087
vn 0.678 0.1637 -0.7166
vn 0.1698 -0.3388 -0.9254
vn 0.1074 -0.0954 -0.9896
vn 0.105 -0.3551 -0.9289
vn 0.0767 -0.1073 -0.9913
vn 0.261 -0.3185 -0.9113
vn 0.0539 -0.3376 -0.9397
vn 0.0569 -0.0997 -0.9934
vn 0.3273 -0.271 -0.9052
vn 0.0569 -0.0563 -0.9968
vn 0.5165 -0.4719 -0.7145
vn 0.1575 -0.3472 -0.9245
vn 0.19 -0.3557 -0.9151
vn 0.3043 -0.6074 -0.7338
vn 0.414 -0.5484 -0.7265
vn 0.6076 -0.3684 -0.7036
vn 0.5126 -0.4675 -0.7202
vn 0.4098 -0.5421 -0.7336
vn 0.6844 -0.2488 -0.6853
vn 0.612 -0.3704 -0.6987
vn 0.3047 -0.1528 -0.9401
vn 0.1978 -0.2213 -0.9549
vn 0.7142 -0.115 -0.6904
vn 0.2458 -0.1915 -0.9502
vn 0.7075 0.0225 -0.7063
vn 0.4063 -0.0335 -0.9131
vn 0.3627 -0.1014 -0.9264
vn 0.0251 0.0396 -0.9989
vn 0.0486 0.0412 -0.998
vn 0.4077 0.0435 -0.9121
vn 0.0001 0.0567 -0.9984
vn 0.3835 0.1205 -0.9156
vn 0.0991 0.0558 -0.9935
vn 0.0885 0.0399 -0.9953
vn -0.0005 0.059 -0.9983
vn 0.6288 0.3075 -0.7141
vn -0.0684 0.0482 -0.9965
vn -0.0522 0.0637 -0.9966
vn 0.1018 0.0778 -0.9918
vn 0.0674 0.0847 -0.9941
vn 0.3358 0.1947 -0.9216
vn 0.2947 0.2576 -0.9202
vn 0.565 0.4412 -0.6972
vn 0.5722 0.4436 -0.6898
vn 0 0.0631 -0.998
vn 0.3633 0.3065 -0.8798
vn 0.4977 0.5474 -0.6728
vn 0.1554 0.1653 -0.9739
vn 0.3626 0.2968 -0.8834
vn 0.1348 0.1945 -0.9716
vn 0.316 0.3724 -0.8726
vn 0.3084 0.3654 -0.8783
vn 0.4879 0.536 -0.6889
vn 0.2607 0.419 -0.8698
vn 0.2472 0.3068 -0.9191
vn 0.3885 0.6182 -0.6833
vn 0.2463 0.4155 -0.8756
vn 0.1966 0.3498 -0.9159
vn 0.1085 0.2125 -0.9711
vn -0.151 -0.1692 -0.974
vn 0.0786 0.2267 -0.9708
vn 0.1417 0.3796 -0.9142
vn 0.2793 0.6756 -0.6823
vn 0.1776 0.4479 -0.8763
vn 0.1601 0.7134 -0.6822
vn 0.1104 0.4696 -0.8759
vn 0.0471 0.7195 -0.6929
vn 0.0582 0.1828 -0.9814
vn 0.0232 0.406 -0.9136
vn 0.0515 0.4635 -0.8846
vn 0.0214 0.6599 -0.751
vn 0.1121 0.5589 -0.8216
vn 0.0254 0.4224 -0.906
vn 0.0626 0.313 -0.9477
vn 0.0567 0.1267 -0.9903
vn 0.2463 0.463 -0.8514
vn 0.0627 0.084 -0.9945
vn 0.1697 0.2991 -0.939
vn 0.2854 0.2549 -0.9239
vn -0.0437 0.0328 -0.9985
vn 0.2638 0.2593 -0.9291
vn -0.2445 0.0317 -0.9691
vn -0.306 0.0355 -0.9514
vn -0.0431 0.0482 -0.9979
vn -0.7995 0.0271 -0.6
vn -0.0676 0.0544 -0.9962
vn -0.3667 0.0389 -0.9295
vn -0.9975 0.0683 -0.0173
vn -0.4217 0.0453 -0.9056
vn -0.9855 0.0691 -0.1552
vn -0.0956 0.0569 -0.9938
vn 0.398 0.1008 -0.9118
vn 0.3393 0.1853 -0.9222
vn -0.9721 0.1868 -0.1415
vn -0.9825 0.186 -0.0072
vn 0.4786 0.2622 -0.838
vn -0.9167 0.3803 -0.1224
vn -0.9261 0.3773 0.0071
vn 0.3645 0.3776 -0.8512
vn -0.6827 0.7238 -0.1002
vn -0.688 0.7251 0.0297
vn 0.1058 0.1475 -0.9834
vn -0.3311 0.9396 -0.0866
vn -0.3321 0.9423 0.0428
vn 0.095 0.1896 -0.9773
vn -0.1408 0.9859 -0.0909
vn -0.1432 0.9888 0.0431
vn 0.061 0.0659 -0.996
vn -0.0425 0.9983 0.0403
vn 0.3955 0.0646 -0.9162
vn -0.0426 0.9942 -0.0989
vn 0.373 0.1298 -0.9187
vn 0.7349 0.1635 -0.6582
vn -0.0329 0.8524 -0.5219
vn -0.1143 0.8506 -0.5133
vn -0.2777 0.8173 -0.5049
vn -0.0003 0.8534 -0.5212
vn -0.0137 0.4837 -0.8751
vn -0.06 0.4803 -0.8751
vn -0.0078 0.1568 -0.9876
vn -0.0005 0.496 -0.8683
vn 0.0001 0.1537 -0.9881
vn -0.0271 0.1464 -0.9889
vn 0.0703 -0.3417 -0.9372
vn -0.14 0.4622 -0.8756
vn -0.2961 0.3701 -0.8805
vn -0.5766 0.6371 -0.5115
vn -0.7734 0.3461 -0.5312
vn -0.0628 0.1285 -0.9897
vn -0.8173 0.178 -0.5481
vn -0.407 0.2199 -0.8866
vn -0.8249 0.0796 -0.5597
vn -0.4407 0.1356 -0.8873
vn -0.089 0.0946 -0.9915
vn -0.4523 0.0741 -0.8888
vn -0.1129 0.0735 -0.9909
vn 0.4342 0.0553 -0.8991
vn 0.3841 -0.0563 -0.9216
vn 0.5589 0.1061 -0.8224
vn 0.4155 0.0247 -0.9093
vn 0.5399 0.0542 -0.84
vn 0.2894 0.1028 -0.9517
vn 0.1692 0.1194 -0.9783
vn 0.193 0.059 -0.9794
vn 0.5207 0.0083 -0.8537
vn 0.0385 0.0617 -0.9974
vn 0.045 0.0621 -0.9971
vn 0.0196 0.0608 -0.998
vn 0.1633 0.0607 -0.9847
vn 0.037 0.0501 -0.9981
vn 0.165 -0.0133 -0.9862
vn 0.177 0.0021 -0.9842
vn 0.0208 0.048 -0.9986
vn 0.5125 -0.1009 -0.8527
vn 0.4675 -0.2126 -0.858
vn 0.1782 0.0363 -0.9833
vn 0.029 0.0335 -0.999
vn 0.0264 -0.0598 -0.9979
vn 0.1813 -0.141 -0.9733
vn 0.3292 -0.1474 -0.9327
vn 0.38 -0.378 -0.8442
vn 0.2398 -0.2285 -0.9436
vn 0.2628 -0.5262 -0.8087
vn 0.1474 -0.3039 -0.9412
vn 0.1401 -0.2931 -0.9458
vn 0.1307 -0.6596 -0.7401
vn 0.0774 -0.5178 -0.852
vn 0.0304 -0.6996 -0.7139
vn 0.0246 -0.4657 -0.8846
vn 0.0183 -0.3578 -0.9336
vn 0.01 -0.4756 -0.8796
vn 0.0068 -0.7035 -0.7106
vn 0.0122 -0.0742 -0.9972
vn 0.014 -0.5428 -0.8397
vn 0.0044 -0.7467 -0.6651
vn 0.0411 -0.0338 -0.9986
vn 0.011 -0.1552 -0.9878
vn 0.0314 -0.121 -0.9922
vn 0.2018 -0.2943 -0.9342
vn 0.001 -0.2045 -0.9789
vn 0.0082 -0.6112 -0.7915
vn 0.0029 -0.3792 -0.9253
vn 0.0052 -0.7493 -0.6622
vn 0.0089 -0.1737 -0.9848
vn 0.0193 -0.4407 -0.8974
vn 0.0929 -0.4035 -0.9102
vn 0.1529 -0.6561 -0.739
vn 0.027 -0.6691 -0.7427
vn 0.029 -0.6722 -0.7398
vn 0.1456 -0.6644 -0.733
vn -0.0028 -0.6714 -0.7411
vn 0.0193 -0.4065 -0.9134
vn 0.0042 -0.4283 -0.9036
vn -0.012 -0.6718 -0.7406
vn 0.0133 -0.1219 -0.9925
vn 0.0134 0.018 -0.9997
vn 0.0001 0.0241 -0.9997
vn -0.0046 -0.3912 -0.9203
vn -0.0033 -0.099 -0.9951
vn 0.0001 0.0094 -1
vn -0.0014 -0.1549 -0.9879
vn 0.0014 -0.1811 -0.9835
vn 0.0041 -0.5811 -0.8138
vn 0.0037 -0.3994 -0.9168
vn 0 0.1635 -0.9865
vn -0.0038 -0.1559 -0.9878
vn 0.0079 -0.7447 -0.6673
vn 0.015 -0.5493 -0.8355
vn -0.0663 -0.6901 -0.7206
vn -0.0303 -0.3985 -0.9167
vn -0.1561 -0.325 -0.9327
vn -0.0692 -0.7229 -0.6875
vn -0.2958 -0.2087 -0.9322
vn -0.2903 -0.6267 -0.7232
vn -0.5494 -0.4299 -0.7164
vn -0.2863 -0.6466 -0.707
vn -0.0511 -0.4719 -0.8802
vn -0.6996 -0.1622 -0.6959
vn -0.0162 -0.0814 -0.9965
vn -0.1651 -0.3213 -0.9325
vn -0.542 -0.4257 -0.7246
vn -0.6882 -0.1612 -0.7073
vn -0.7275 0.0134 -0.686
vn -0.3422 -0.0393 -0.9388
vn -0.2749 -0.1698 -0.9464
vn -0.3869 0.0375 -0.9214
vn -0.0365 0.0427 -0.9984
vn -0.007 0.0596 -0.9982
vn -0.03 -0.0007 -0.9995
vn -0.009 -0.0335 -0.9994
vn -0.0404 0.0639 -0.9971
vn -0.3033 0.0627 -0.9508
vn -0.2897 0.0547 -0.9556
vn -0.6053 0.043 -0.7948
vn -0.608 0.05 -0.7924
vn -0.0138 0.0265 -0.9996
vn -0.3928 0.038 -0.9188
vn -0.4132 0.051 -0.9092
vn 0.0791 0.0593 -0.9951
vn 0.0744 0.0631 -0.9952
vn 0.3917 0.0747 -0.9171
vn 0.4114 0.0548 -0.9098
vn 0.8112 0.0351 -0.5837
vn 0.8093 0.0766 -0.5824
vn 0.9858 0.0629 -0.1557
vn -0.3299 0.0755 -0.941
vn -0.6636 0.04 -0.747
vn -0.0877 0.041 -0.9953
vn -0.4046 0.0517 -0.913
vn -0.1531 -0.1594 -0.9753
vn -0.4793 -0.0054 -0.8776
vn -0.3177 -0.1003 -0.9429
vn -0.6608 -0.0835 -0.7459
vn -0.53 -0.2746 -0.8023
vn -0.3757 -0.0159 -0.9266
vn -0.3681 -0.4292 -0.8248
vn 0.0827 0.0805 -0.9933
vn -0.0934 -0.2073 -0.9738
vn -0.3249 -0.1284 -0.937
vn -0.2219 -0.5243 -0.8221
vn -0.0469 -0.2993 -0.953
vn -0.2467 -0.2536 -0.9353
vn 0.0823 0.1147 -0.99
vn 0.4046 0.1513 -0.9019
vn 0.0591 0.1588 -0.9855
vn -0.1468 -0.3404 -0.9287
vn -0.101 -0.5935 -0.7985
vn 0.0248 0.1911 -0.9813
vn -0.0613 -0.3976 -0.9155
vn -0.0312 -0.6666 -0.7448
vn -0.0145 -0.3929 -0.9195
vn -0.0018 -0.4612 -0.8873
vn -0.0022 -0.0962 -0.9954
vn -0.0065 -0.4217 -0.9067
vn 0.0047 0.2167 -0.9762
vn -0 0.1777 -0.9841
vn 0.0083 0.5763 -0.8172
vn -0.0018 0.5369 -0.8437
vn 0.0456 0.5711 -0.8196
vn 0.0149 0.8705 -0.4919
vn -0.0003 0.8607 -0.509
vn 0.0212 0.9946 -0.1013
vn 0.025 0.9989 0.0388
vn 0.0828 0.9923 -0.0923
vn 0.088 0.9953 0.041
vn -0.0005 0.5094 -0.8605
vn 0.2534 0.9637 -0.0846
vn 0.2564 0.9656 0.0422
vn 0.584 0.8064 -0.0925
vn 0.5893 0.8072 0.0333
vn 0.8611 0.5083 0.0134
vn 0.2109 0.8552 -0.4735
vn 0.0628 0.874 -0.4819
vn 0.8524 0.5105 -0.1135
vn 0.1177 0.541 -0.8327
vn 0.4939 0.7196 -0.4881
vn 0.2641 0.4457 -0.8553
vn 0.7193 0.4603 -0.5202
vn 0.3766 0.2869 -0.8808
vn 0.9613 0.2384 -0.1378
vn 0.9714 0.2373 -0.0058
vn 0.8015 0.2226 -0.555
vn 0.998 0.0605 -0.0184
vn 0.9871 0.0096 -0.1597
vn 0.9998 0.0012 -0.0209
vn 0.8181 0.0346 -0.5741
vn 0.4351 0.055 -0.8987
vn 0.0903 0.0593 -0.9942
vn -0.4277 0.05 -0.9025
vn -0.6041 0.0427 -0.7958
vn -0.2756 0.0471 -0.9601
vn -0.6068 0.0561 -0.7929
vn -0.0598 0.0639 -0.9962
vn 0.0027 0.0829 -0.9966
vn 0.1344 0.1878 -0.973
vn -0.3205 0.0606 -0.9453
vn -0.6644 0.0344 -0.7466
vn -0.434 0.0581 -0.899
vn 0.1028 0.056 -0.9931
vn 0.9993 -0.03 -0.0226
vn 0.9868 -0.0214 -0.1605
vn 0.4586 0.039 -0.8878
vn 0.8265 0.0091 -0.5628
vn 0.978 -0.124 -0.1676
vn 0.9908 -0.1325 -0.0289
vn 0.9305 -0.3637 -0.0441
vn 0.9162 -0.3533 -0.189
vn 0.6718 -0.7086 -0.2158
vn 0.6819 -0.7284 -0.0671
vn 0.7658 -0.2703 -0.5835
vn 0.8211 -0.078 -0.5654
vn 0.4648 -0.008 -0.8854
vn 0.3245 -0.9201 -0.2193
vn 0.3261 -0.9421 -0.0779
vn 0.5605 -0.5678 -0.6028
vn 0.1306 -0.9676 -0.216
vn 0.1315 -0.9881 -0.0795
vn 0.2762 -0.7523 -0.5982
vn 0.3245 -0.2981 -0.8977
vn 0.4386 -0.1184 -0.8908
vn 0.1147 0.0139 -0.9933
vn 0.0288 -0.8099 -0.5858
vn 0.1117 -0.8022 -0.5866
vn 0.0734 -0.4863 -0.8707
vn 0.0194 -0.505 -0.8629
vn -0.0086 0.6112 -0.7914
vn 0.0022 -0.0911 -0.9958
vn -0.0172 0.5421 -0.8402
vn -0.0398 0.8461 -0.5315
vn -0.0153 0.7192 -0.6946
vn -0.0851 0.5681 -0.8185
vn -0.103 0.5167 -0.8499
vn -0.1392 0.0273 -0.9899
vn -0.0846 0.4289 -0.8994
vn -0.1272 -0.0105 -0.9918
vn -0.1145 -0.0468 -0.9923
vn -0.1019 0.0645 -0.9927
vn -0.0829 0.0406 -0.9957
vn -0.0673 0.0826 -0.9943
vn -0.0399 0.6588 -0.7513
vn -0.0502 0.3035 -0.9515
vn -0.0348 0.1101 -0.9933
vn -0.0186 0.1258 -0.9919
vn -0.104 0.6194 -0.7782
vn -0.0003 0.1563 -0.9877
vn -0.0801 0.5131 -0.8546
vn 0.0184 -0.0911 -0.9957
vn 0.0439 -0.0795 -0.9959
vn 0.1691 -0.4297 -0.887
vn -0.1741 0.4623 -0.8695
vn 0.0918 -0.0441 -0.9948
vn -0.2901 0.3384 -0.8952
vn -0.2193 0.5819 -0.7832
vn -0.4186 0.4729 -0.7753
vn -0.0728 0.271 -0.9598
vn -0.1688 0.2655 -0.9492
vn -0.5955 0.278 -0.7537
vn -0.3934 0.1948 -0.8985
vn -0.3199 0.2077 -0.9244
vn -0.7053 0.108 -0.7006
vn -0.4323 0.0952 -0.8967
vn -0.3466 0.1493 -0.926
vn -0.346 0.0796 -0.9349
vn -0.7003 0.0465 -0.7124
vn 0.1097 0.0451 -0.9929
vn -0.1849 0.1103 -0.9765
vn -0.355 0.4066 -0.8418
vn -0.0062 0.0649 -0.9979
vn 0.001 0.0606 -0.9982
vn -0.0912 0.1462 -0.985
vn -0.0602 0.2579 -0.9643
vn 0.0278 0.052 -0.9983
vn 0.0174 0.0684 -0.9975
vn 0.3198 -0.0027 -0.9475
vn 0.3118 0.1122 -0.9435
vn 0.7303 0.1607 -0.664
vn 0.737 -0.0902 -0.6698
vn 0.688 0.051 -0.7239
vn 0.0017 0.0621 -0.9981
vn 0.1543 0.2179 -0.9637
vn -0.0011 0.0608 -0.9981
vn -0.0024 0.0634 -0.998
vn 0.0068 0.0746 -0.9972
vn -0.0052 0.0817 -0.9966
vn -0.0022 0.0654 -0.9979
vn -0.0004 0.0651 -0.9979
vn 0.0005 0.0648 -0.9979
vn 0.0502 0.3355 -0.9407
vn 0.0002 0.0644 -0.9979
vn 0.4605 0.4887 -0.741
vn -0.0078 0.0756 -0.9971
vn -0.0003 0.0639 -0.998
vn -0.0007 0.0631 -0.998
vn 0.1108 0.7207 -0.6843
vn 0.463 0.4808 -0.7446
vn 0.6746 0.1492 -0.7229
vn 0.2275 0.0911 -0.9695
vn 0.0945 0.674 -0.7327
vn 0.1769 0.2231 -0.9586
vn 0.019 0.0759 -0.9969
vn 0.0306 0.2666 -0.9633
vn 0.2245 0.0224 -0.9742
vn -0.0415 0.2658 -0.9631
vn -0.1309 0.6614 -0.7385
vn -0.1453 0.7118 -0.6872
vn -0.0693 0.3294 -0.9416
vn -0.0165 0.0703 -0.9974
vn -0.0014 0.0612 -0.9981
vn -0.4971 0.4491 -0.7424
vn -0.1873 0.2082 -0.96
vn -0.2077 0.2062 -0.9562
vn -0.3405 0.102 -0.9347
vn -0.4759 0.4314 -0.7664
vn -0.7147 0.1327 -0.6868
vn -0.6527 0.1164 -0.7486
vn -0.0244 0.0762 -0.9968
vn -0.2302 0.0795 -0.9699
vn 0.0184 0.0392 -0.9991
vn -0.0334 0.0394 -0.9987
vn 0.6728 -0.0601 -0.7374
vn 0.4551 -0.4372 -0.7757
vn 0.1691 -0.132 -0.9767
vn 0.4795 -0.461 -0.7467
vn 0.1761 -0.1441 -0.9738
vn 0.1107 -0.7109 -0.6946
vn 0.0483 -0.3023 -0.952
vn 0.0899 -0.6407 -0.7625
vn 0.0269 -0.1755 -0.9841
vn -0.1621 -0.6747 -0.72
vn -0.0555 -0.1761 -0.9828
vn -0.1507 -0.6332 -0.7592
vn -0.2633 0.0302 -0.9642
vn -0.6917 0.0471 -0.7207
vn -0.6703 0.0469 -0.7406
vn -0.7495 0.0432 -0.6606
vn -0.6999 -0.0391 -0.7132
vn -0.783 0.039 -0.6208
vn -0.3719 0.0558 -0.9266
vn -0.7756 -0.0504 -0.6292
vn -0.3971 0.0542 -0.9162
vn -0.3959 0.007 -0.9183
vn 0.0375 0.0876 -0.9955
vn 0.0012 0.0615 -0.9981
vn -0 0.0595 -0.9982
vn 0.2493 0.3115 -0.917
vn 0.4931 0.547 -0.6765
vn 0.2097 0.3381 -0.9175
vn 0.014 0.0818 -0.9965
vn 0.4127 0.6229 -0.6646
vn 0.4134 0.623 -0.6641
vn 0.3073 0.6803 -0.6654
vn 0.1514 0.3601 -0.9205
vn 0.3075 0.6848 -0.6606
vn 0.1928 0.4613 -0.866
vn 0.1954 0.3965 -0.897
vn 0.3511 0.6353 -0.6878
vn 0.5886 0.4191 -0.6913
vn 0.6135 0.4257 -0.6652
vn 0.3617 0.6388 -0.679
vn 0.1914 0.3761 -0.9066
vn 0.3527 0.2646 -0.8976
vn 0.0151 0.0893 -0.9959
vn 0.7388 0.1606 -0.6545
vn 0.0167 0.0639 -0.9978
vn 0 0.0596 -0.9982
vn 0.7509 0.0565 -0.658
vn 0.7447 0.0316 -0.6666
vn 0.3558 0.0423 -0.9336
vn 0.3086 -0.0228 -0.9509
vn 0.0566 0.0828 -0.995
vn 0.2769 -0.1488 -0.9493
vn 0.1036 0.0782 -0.9915
vn 0.5678 -0.3482 -0.7459
vn 0.4237 0.1125 -0.8988
vn 0.7011 0.0136 -0.7129
vn 0.4149 0.0545 -0.9082
vn 0.7386 0.0556 -0.6718
vn 0.7038 0.0329 -0.7096
vn 0.0902 0.0646 -0.9938
vn 0.6578 -0.1224 -0.7432
vn 0.6967 0.0135 -0.7172
vn 0.3664 0.0407 -0.9296
vn 0.6694 -0.1229 -0.7327
vn 0.3699 -0.0386 -0.9283
vn 0.0596 0.0448 -0.9972
vn 0.0422 -0.0523 -0.9977
vn 0.3201 -0.1616 -0.9335
vn 0.5762 -0.3482 -0.7394
vn 0.3799 -0.5476 -0.7455
vn 0.3808 -0.5561 -0.7387
vn 0.2242 -0.3068 -0.925
vn 0.0777 -0.3881 -0.9183
vn 0.0389 -0.1094 -0.9932
vn 0.0171 0.8053 -0.5926
vn 0.1435 0.7525 -0.6428
vn -0.0127 0.3927 -0.9196
vn 0.0169 0.8317 -0.555
vn -0.0151 0.8072 -0.5901
vn -0.1679 0.683 -0.7108
vn -0.4828 0.5417 -0.6881
vn -0.1821 0.7515 -0.6341
vn -0.0284 0.7677 -0.6402
vn -0.0966 0.3762 -0.9215
vn -0.2995 0.3468 -0.8888
vn -0.3066 0.1535 -0.9394
vn 0.0066 0.7417 -0.6707
vn 0.1373 0.7025 -0.6984
vn 0.0459 0.2761 -0.96
vn 0.1917 0.2127 -0.9581
vn 0.4775 0.4734 -0.7402
vn 0.002 0.8548 -0.5189
vn -0.0035 0.553 -0.8332
vn 0.0023 0.6085 -0.7936
vn -0.0006 0.874 -0.4859
vn 0.0048 0.8882 -0.4594
vn -0.0001 0.5983 -0.8013
vn 0.0835 0.8885 -0.4512
vn 0.0326 0.6143 -0.7884
vn 0.0069 0.1723 -0.985
vn 0.0552 0.2001 -0.9782
vn 0.0571 0.0812 -0.9951
vn 0.3319 0.3619 -0.8711
vn 0.2072 0.657 -0.7248
vn 0.4296 0.72 -0.5451
vn 0.193 0.8745 -0.4449
vn 0.2003 0.8266 -0.526
vn 0.1146 0.78 -0.6152
vn 0.4454 0.6875 -0.5736
vn 0.0425 0.7499 -0.6601
vn 0.0179 0.7243 -0.6893
vn 0.0467 0.4859 -0.8728
vn 0.1251 0.6561 -0.7443
vn 0.015 0.4186 -0.9081
vn 0.0414 0.4094 -0.9114
vn 0.2596 0.5996 -0.757
vn 0.2752 0.3125 -0.9092
vn 0.0399 0.1646 -0.9856
vn 0.5715 0.4809 -0.6649
vn 0.6033 0.4975 -0.6233
vn 0.591 0.2594 -0.7638
vn 0.2225 0.1372 -0.9652
vn 0.6827 0.29 -0.6707
vn 0.0304 0.0969 -0.9948
vn 0.0089 0.1216 -0.9925
vn 0.0286 0.0858 -0.9959
vn 0.0373 0.063 -0.9973
vn 0.3457 0.0989 -0.9331
vn 0.6795 0.0927 -0.7278
vn 0.3948 0.2079 -0.8949
vn 0.7202 0.1037 -0.686
vn 0.3966 0.0899 -0.9136
vn 0.7108 0.0402 -0.7023
vn 0.0573 0.0647 -0.9963
vn 0.7444 0.0383 -0.6667
vn 0.3978 0.0542 -0.9159
vn 0.0184 0.056 -0.9983
vn 0.0943 0.0609 -0.9937
vn 0.7144 0.0356 -0.6988
vn 0.0013 -0.0053 -1
vn 0.0003 0.0572 -0.9984
vn -0.0729 -0.2641 -0.9617
vn -0.0053 -0.0184 -0.9998
vn 0.0025 -0.0003 -1
vn -0.0115 -0.0102 -0.9999
vn -0.2276 -0.1246 -0.9658
vn -0.5274 -0.376 -0.7619
vn -0.5453 -0.3873 -0.7434
vn -0.2385 -0.1043 -0.9655
vn -0.0519 0.0437 -0.9977
vn 0.0127 0.0379 -0.9992
vn 0.1466 -0.2494 -0.9572
vn 0.0201 0.027 -0.9994
vn 0.3037 -0.5999 -0.7402
vn 0.131 -0.277 -0.9519
vn 0.2606 -0.6166 -0.7429
vn 0.2627 -0.6183 -0.7407
vn 0.4066 -0.539 -0.7377
vn 0.2231 -0.2617 -0.939
vn 0.3963 -0.5185 -0.7577
vn 0.2136 -0.2564 -0.9427
vn 0.3711 -0.1389 -0.9182
vn 0.6405 -0.3063 -0.7042
vn 0.3035 -0.1237 -0.9448
vn 0.6189 -0.2907 -0.7297
vn 0.7362 -0.0737 -0.6727
vn 0.7339 -0.0754 -0.675
vn 0.0598 -0.0019 -0.9982
vn 0.0327 -0.2871 -0.9573
vn 0.0637 0.0362 -0.9973
vn 0.3795 -0.0143 -0.9251
vn 0.0605 -0.1855 -0.9808
vn 0.3958 0.0368 -0.9176
vn 0.1073 -0.4568 -0.8831
vn 0.0896 -0.0737 -0.9932
vn 0.1617 -0.1913 -0.9681
vn 0.2337 -0.3682 -0.8999
vn 0.253 -0.1478 -0.9561
vn 0.0597 0.0517 -0.9969
vn 0.1036 -0.0327 -0.9941
vn 0.3595 -0.281 -0.8898
vn 0.4775 -0.1666 -0.8627
vn 0.3371 -0.0736 -0.9386
vn 0.4024 0.0042 -0.9155
vn 0.0424 0.0569 -0.9975
vn 0.1626 -0.0039 -0.9867
vn -0.0917 0.0615 -0.9939
vn 0.2903 0.0028 -0.9569
vn -0.1052 0.0604 -0.9926
vn 0.5569 -0.0121 -0.8305
vn 0.4376 0.0442 -0.8981
vn 0.0339 0.0561 -0.9979
vn 0.1916 0.0586 -0.9797
vn -0.1119 0.058 -0.992
vn 0.5421 0.047 -0.839
vn 0.0226 0.0605 -0.9979
vn 0.1662 0.0602 -0.9843
vn 0.4429 0.0646 -0.8942
vn 0.5416 0.0615 -0.8384
vn -0.1197 0.0458 -0.9918
vn 0.1826 0.1324 -0.9742
vn -0.1019 0.0012 -0.9948
vn 0.3979 0.1346 -0.9075
vn 0.3128 0.2478 -0.9169
vn 0.5436 0.146 -0.8266
vn 0.1945 0.3607 -0.9122
vn 0.4801 0.3203 -0.8166
vn 0.3216 0.5173 -0.7931
vn 0.2077 0.1893 -0.9597
vn 0.1419 0.2482 -0.9583
vn 0.0229 0.0578 -0.9981
vn 0.3679 0.0525 -0.9284
vn 0.7332 0.0323 -0.6792
vn 0.7459 0.0128 -0.666
vn 0.7304 0.0161 -0.6828
vn 0.4225 0.0413 -0.9054
vn 0.4355 -0.0046 -0.9002
vn 0.1137 0.055 -0.992
vn 0.128 0.0372 -0.9911
vn 0.0775 0.034 -0.9964
vn 0.7071 -0.7058 -0.042
vn -0.7071 -0.7058 -0.042
vn -0.3015 -0.2472 -0.9208
vn 0.3015 -0.2472 -0.9209
vn 0.7071 0.7059 0.042
vn -0.3014 0.3548 -0.885
vn -0.7071 0.7059 0.042
vn 0.3014 0.3548 -0.885
vn -0.5774 -0.542 -0.6106
vn -0.5773 0.6107 -0.542
vn 0.5773 0.6107 -0.542
vn 0.5774 -0.542 -0.6106
vn -0.7071 0.7059 0.042
vn -0.7071 -0.7059 -0.042
vn 0.7071 0.7059 0.042
vn 0.7071 -0.7059 -0.042
vn -0.0549 -0.9258 -0.3741
vn -0.1576 -0.8662 -0.4742
vn -0.2505 0.0537 -0.9666
vn -0.0014 -0.9986 -0.053
vn 0.0535 -0.997 -0.0558
vn 0.2459 -0.9678 -0.0544
vn 0.164 -0.8623 -0.4791
vn -0.0605 -0.9972 -0.0438
vn 0.2593 0.0535 -0.9643
vn 0.1418 0.9077 -0.3949
vn -0.1365 0.9122 -0.3863
vn 0.0694 -0.9236 -0.3769
vn 0.3354 0.081 -0.9386
vn -0.2187 -0.8643 -0.453
vn -0.2447 -0.9681 -0.0542
vn 0.0151 0.1298 -0.9914
vn 0.1082 0.9583 -0.2645
vn -0.4621 -0.7669 -0.4452
vn -0.5039 -0.8622 -0.0514
vn 0.029 0.1092 -0.9936
vn 0.2239 0.918 -0.3272
vn -0.6485 -0.6236 -0.4366
vn -0.7071 -0.7058 -0.0421
vn 0.0402 0.0996 -0.9942
vn 0.4673 0.8211 -0.3277
vn -0.792 -0.4376 -0.4257
vn -0.8637 -0.5031 -0.03
vn 0.0497 0.0884 -0.9948
vn 0.6552 0.6765 -0.3364
vn -0.8836 -0.2217 -0.4124
vn -0.9633 -0.268 -0.016
vn 0.0557 0.0744 -0.9957
vn 0.8001 0.4889 -0.3476
vn -0.7087 -0.6007 -0.3699
vn -0.9974 -0.0726 -0.0043
vn -1 -0.0003 -0.0001
vn 0.0501 -0.4915 -0.8694
vn 0.3204 -0.4719 -0.8213
vn 0.8933 0.2682 -0.3607
vn 0.7848 -0.492 -0.3768
vn 0.0009 -0.8262 -0.5634
vn -0.923 0.0224 -0.3841
vn 0.8133 -0.0881 -0.5752
vn 0.0001 0.0582 -0.9983
vn 0.0041 0.0583 -0.9983
vn -0.3893 0.0536 -0.9195
vn 0.9189 0.093 -0.3835
vn 0.8851 0.267 -0.3811
vn 0.3672 0.0803 -0.9267
vn 0.7928 0.4858 -0.368
vn 0.3403 0.1492 -0.9284
vn 0.6493 0.6718 -0.3565
vn 0.3051 0.2336 -0.9232
vn 0.4631 0.8151 -0.3482
vn 0.2503 0.3055 -0.9187
vn 0.2326 0.9072 -0.3505
vn 0.1783 0.3604 -0.9156
vn 0.4766 0.3278 -0.8157
vn 0.0635 0.9366 -0.3446
vn 0.5352 0.1931 -0.8224
vn -0.0005 0.9414 -0.3374
vn 0.0938 0.3955 -0.9137
vn 0.024 0.4212 -0.9067
vn 0.0345 0.5481 -0.8357
vn -0.0612 0.9374 -0.3429
vn 0.0016 0.4228 -0.9062
vn -0.0249 0.4226 -0.906
vn -0.3212 0.0816 -0.9435
vn -0.0839 0.9649 -0.2488
vn 0.22 -0.864 -0.4529
vn 0.504 -0.8622 -0.0514
vn -0.0152 0.1293 -0.9915
vn 0.4622 -0.7669 -0.4452
vn 0.7071 -0.7058 -0.0421
vn -0.2253 0.9178 -0.3269
vn -0.0289 0.109 -0.9936
vn 0.6486 -0.6236 -0.4364
vn 0.8637 -0.503 -0.03
vn -0.4673 0.8211 -0.3277
vn 0.7921 -0.4375 -0.4257
vn 0.9633 -0.268 -0.016
vn -0.0401 0.0995 -0.9942
vn 0.8838 -0.2218 -0.412
vn 0.9974 -0.0722 -0.0043
vn -0.0497 0.0883 -0.9948
vn -0.6552 0.6764 -0.3365
vn 0.9178 -0.0433 -0.3947
vn -0.055 0.0743 -0.9957
vn -0.8001 0.4888 -0.3477
vn -0.0309 0.063 -0.9975
vn -0.8933 0.2685 -0.3605
vn -0.9232 0.0859 -0.3747
vn 0.9974 0.0721 0.0043
vn 0.9178 0.0906 -0.3865
vn -0.0321 0.0558 -0.9979
vn 0.9633 0.2679 0.016
vn -0.9232 -0.0413 -0.3821
vn 0.8837 0.2691 -0.383
vn 0.8637 0.5031 0.03
vn 0.792 0.4851 -0.3706
vn 0.7071 0.7059 0.0421
vn -0.0555 0.0445 -0.9975
vn 0.6485 0.6711 -0.3593
vn 0.504 0.8622 0.0514
vn -0.0498 0.0305 -0.9983
vn -0.8934 -0.2236 -0.3897
vn 0.4622 0.8144 -0.3509
vn 0.2685 0.9616 0.0574
vn -0.0402 0.0195 -0.999
vn -0.8002 -0.4441 -0.4032
vn 0.2463 0.9056 -0.3453
vn 0.0723 0.9956 0.0594
vn -0.029 0.0098 -0.9995
vn -0.6552 -0.6316 -0.4145
vn 0.0669 0.9394 -0.3363
vn -0.0147 0.0042 -0.9999
vn -0.4673 -0.7763 -0.423
vn -0.0035 0.0282 -0.9996
vn -0.2465 -0.8694 -0.4283
vn -0.0636 -0.8991 -0.4332
vn -0.0672 0.9396 -0.3356
vn -0.0723 0.9956 0.0594
vn 0.0036 0.0279 -0.9996
vn 0.0637 -0.8989 -0.4335
vn -0.2684 0.9616 0.0574
vn -0.2458 0.9059 -0.345
vn -0.504 0.8622 0.0514
vn -0.4622 0.8144 -0.3509
vn -0.7071 0.7058 0.0421
vn 0.0149 0.004 -0.9999
vn -0.6485 0.6711 -0.3592
vn -0.8637 0.5031 0.03
vn 0.0289 0.0099 -0.9995
vn 0.2462 -0.8693 -0.4286
vn -0.7921 0.4851 -0.3705
vn -0.9633 0.268 0.016
vn 0.0403 0.0194 -0.999
vn 0.4673 -0.7763 -0.423
vn -0.8834 0.2696 -0.3833
vn -0.9974 0.0723 0.0042
vn 0.0498 0.0305 -0.9983
vn 0.6553 -0.6316 -0.4144
vn -0.7947 0.4724 -0.3812
vn 0.0553 0.0447 -0.9975
vn 0.8001 -0.4441 -0.4032
vn -0.9614 0.1392 -0.2372
vn 0.041 0.4967 -0.8669
vn 0.8932 -0.2238 -0.3899
vn -0.0073 0.7229 -0.6909
vn 0.8454 0.3523 -0.4014
vn -0.2282 0.6445 -0.7298
vn -0.4018 0.0512 -0.9143
vn 0.8513 0.1532 -0.5019
vn 0.3666 0.0314 -0.9298
vn 0.3684 0.0522 -0.9282
vn 0.3705 0.0587 -0.927
vn 0.9282 0.0278 -0.371
vn 0.9163 0.0305 -0.3993
vn 0.4979 0.0851 -0.8631
vn 0.96 0.079 -0.2688
vn 0.94 0.2661 -0.2135
vn 0.9187 -0.015 0.3947
vn 0.9601 0.0459 0.276
vn 0.7349 -0.0623 0.6753
vn 0.7217 -0.0542 0.6901
vn 0.8477 0.0255 0.5299
vn 0.9399 0.2389 0.2439
vn 0.8603 0.2037 0.4673
vn 0.9215 -0.0463 0.3856
vn 0.8401 0.4769 0.2585
vn 0.7688 0.4217 0.4807
vn 0.8485 -0.0909 0.5213
vn 0.8402 0.5042 -0.1998
vn 0.9601 -0.0813 0.2676
vn 0.8616 -0.2581 0.437
vn 0.9403 -0.2662 0.2123
vn 0.7701 -0.4766 0.424
vn 0.9601 -0.0489 -0.2754
vn 0.4983 0.0166 -0.8668
vn 0.9402 -0.239 -0.2426
vn 0.8404 -0.5044 0.1984
vn 0.6312 -0.6567 0.4127
vn 0.6886 -0.7008 0.1864
vn 0.4505 -0.7955 0.4052
vn 0.8404 -0.4771 -0.2569
vn 0.5361 -0.0943 -0.8389
vn 0.4917 -0.8525 0.1777
vn 0.2316 -0.8869 0.3996
vn 0.6885 -0.6737 -0.2685
vn 0.4776 -0.2292 -0.8482
vn 0.2531 -0.9522 0.1713
vn 0.0628 -0.8731 0.4834
vn 0.4917 -0.8254 -0.2776
vn 0.3911 -0.3408 -0.8549
vn 0.0598 -0.9778 0.2009
vn -0.0246 -0.7676 0.6405
vn 0.253 -0.925 -0.2834
vn 0.2795 -0.4273 -0.8598
vn 0.062 -0.9418 -0.3303
vn 0.1443 -0.4861 -0.8619
vn 0.0109 -0.9054 -0.4244
vn 0.0329 -0.4469 -0.894
vn -0.0896 -0.8973 0.4323
vn 0.0098 -0.3337 -0.9426
vn -0.0057 -0.9414 0.3372
vn 0.0096 -0.9048 -0.4257
vn -0.0627 -0.974 0.2179
vn -0.2306 -0.8842 0.4061
vn 0.0104 -0.3382 -0.941
vn -0.2528 -0.9516 0.1748
vn -0.4491 -0.7933 0.4112
vn -0.0634 -0.9415 -0.331
vn -0.4913 -0.852 0.1808
vn -0.6286 -0.6544 0.4202
vn -0.2528 -0.9241 -0.2867
vn -0.6879 -0.7005 0.1899
vn -0.7671 -0.4753 0.4308
vn -0.4912 -0.8245 -0.2809
vn -0.0341 -0.4438 -0.8955
vn -0.8397 -0.5042 0.2018
vn -0.8584 -0.2576 0.4436
vn -0.6879 -0.6729 -0.2719
vn -0.1434 -0.4825 -0.8641
vn -0.9395 -0.2662 0.2156
vn -0.8362 -0.1001 0.5392
vn -0.2779 -0.4245 -0.8617
vn -0.9631 -0.0743 0.2586
vn -0.7311 -0.0165 0.6821
vn -0.8397 -0.4766 -0.2603
vn -0.9395 -0.2386 -0.2459
vn -0.3889 -0.3384 -0.8569
vn -0.9719 -0.0051 -0.2354
vn -0.9208 0.0406 -0.388
vn -0.7149 -0.0235 0.6988
vn -0.9219 -0.0049 0.3874
vn -0.9744 0.0837 -0.2087
vn -0.8494 0.0244 0.5271
vn -0.9603 0.0449 0.2755
vn -0.8625 0.2045 0.463
vn -0.9405 0.2392 0.2415
vn -0.7709 0.4232 0.476
vn -0.8407 0.4773 0.256
vn -0.6313 0.6035 0.487
vn -0.9405 0.2662 -0.2113
vn -0.6886 0.6738 0.2679
vn -0.4508 0.7427 0.4952
vn -0.8406 0.5044 -0.1975
vn -0.4917 0.8256 0.2768
vn -0.2317 0.8342 0.5005
vn -0.6886 0.7009 -0.186
vn -0.2531 0.9253 0.2826
vn -0.058 0.8165 0.5744
vn -0.4918 0.8526 -0.1765
vn -0.0631 0.9426 0.328
vn 0.0218 0.6937 0.7199
vn -0.2531 0.9523 -0.1706
vn 0.004 0.8934 0.4492
vn -0.057 0.9727 -0.225
vn -0.0138 0.9519 -0.3061
vn 0.0208 0.6721 0.7402
vn 0.0224 0.8967 0.442
vn -0.0081 0.9481 -0.318
vn 0.0589 0.8145 0.5772
vn 0.0643 0.9419 0.3297
vn 0.2312 0.8317 0.5048
vn -0.0264 0.5659 -0.824
vn 0.0643 0.9744 -0.2153
vn 0.2529 0.9245 0.2852
vn 0.4496 0.7403 0.4998
vn -0.1442 0.5855 -0.7977
vn -0.0937 0.3955 -0.9137
vn -0.2334 0.9073 -0.3498
vn -0.463 0.815 -0.3484
vn -0.1782 0.3603 -0.9156
vn -0.2799 0.5272 -0.8023
vn -0.6494 0.6717 -0.3564
vn -0.2504 0.3056 -0.9187
vn -0.3915 0.4404 -0.808
vn -0.7928 0.4856 -0.3683
vn -0.3051 0.2336 -0.9232
vn -0.4783 0.329 -0.8143
vn -0.8851 0.2672 -0.3812
vn -0.3405 0.1494 -0.9283
vn -0.5371 0.1936 -0.821
vn -0.9191 0.0875 -0.3842
vn -0.3675 0.0801 -0.9266
vn -0.4972 0.0865 -0.8633
vn -0.3729 0.0515 -0.9265
vn -0.9192 -0.0413 -0.3916
vn -0.3676 0.0306 -0.9295
vn -0.3778 0.0437 -0.9248
vn -0.4972 0.0189 -0.8674
vn -0.8851 -0.2199 -0.4102
vn -0.3403 -0.0378 -0.9395
vn -0.5332 -0.0934 -0.8408
vn -0.7929 -0.4385 -0.4231
vn -0.3051 -0.1222 -0.9444
vn -0.475 -0.2277 -0.85
vn -0.6493 -0.6246 -0.4339
vn -0.2502 -0.1941 -0.9485
vn -0.463 -0.7678 -0.4428
vn -0.1782 -0.2488 -0.952
vn -0.244 -0.8598 -0.4485
vn -0.0938 -0.2839 -0.9543
vn -0.0645 -0.8943 -0.4429
vn -0.0247 -0.3114 -0.95
vn 0.0646 -0.8943 -0.4428
vn 0.0248 -0.3112 -0.95
vn 0.2438 -0.8599 -0.4484
vn 0.0936 -0.2838 -0.9543
vn 0.463 -0.7678 -0.4429
vn 0.1782 -0.2488 -0.952
vn 0.6492 -0.6245 -0.4342
vn 0.25 -0.1939 -0.9486
vn 0.7928 -0.4386 -0.4232
vn 0.305 -0.1222 -0.9445
vn 0.8851 -0.22 -0.4101
vn 0.3406 -0.0379 -0.9394
vn 0.9186 -0.0421 -0.3928
vn 0.7892 0.6131 0.0366
vn 0.9458 0.3241 0.0193
vn 0.9458 0.3242 0.0193
vn 0.7891 0.6131 0.0365
vn 0.5469 0.8357 0.0505
vn 1 0.0001 0
vn 1 -0 -0
vn 0.9458 -0.3241 -0.0193
vn 0.9458 -0.3241 -0.0193
vn 0.7892 -0.6131 -0.0365
vn 0.7891 -0.6132 -0.0369
vn 0.5469 -0.8357 -0.0506
vn 0.5469 -0.8357 -0.0497
vn 0.2454 -0.9677 -0.0578
vn 0.2454 -0.9677 -0.0577
vn -0.0825 -0.9948 -0.0602
vn -0.0826 -0.9948 -0.0596
vn -0.4017 -0.9141 -0.0545
vn -0.4017 -0.9141 -0.0551
vn -0.6772 -0.7345 -0.0438
vn -0.6772 -0.7345 -0.0438
vn -0.8794 -0.4752 -0.0288
vn -0.8795 -0.4751 -0.0285
vn -0.9864 -0.1642 -0.0098
vn -0.9864 -0.1641 -0.0098
vn -0.9864 0.1643 0.0098
vn -0.9863 0.1644 0.0098
vn -0.8795 0.475 0.0287
vn -0.8795 0.4749 0.0287
vn -0.6773 0.7344 0.044
vn -0.6773 0.7343 0.0444
vn -0.4017 0.9141 0.0545
vn -0.4017 0.9142 0.0544
vn -0.0826 0.9948 0.0595
vn -0.0825 0.9948 0.0603
vn 0.2456 0.9677 0.0577
vn 0.2454 0.9677 0.058
vn 0.5468 0.8357 0.0506
vn 0.1437 0.5838 -0.7991
vn 0.2788 0.5253 -0.8039
vn 0.4915 0.8523 -0.1791
vn 0.3898 0.4389 -0.8095
vn 0.253 0.9519 -0.1731
vn 0.6882 0.7007 -0.1885
vn 0.4914 0.8249 0.2793
vn 0.6299 0.6017 0.4912
vn 0.6882 0.6733 0.2704
vn 0.3416 0.8944 -0.2889
vn 0.8755 0.3613 -0.3208
vn 0.8755 0.3206 0.3614
vn 0.3416 0.3929 -0.8538
vn 0.3417 -0.2889 -0.8943
vn -0.3416 0.3929 -0.8538
vn 0.8758 -0.3206 -0.3607
vn -0.3415 0.8944 -0.289
vn 0.8755 -0.3615 0.3208
vn 0.3416 -0.8536 -0.3933
vn 0.4608 0.4144 0.7848
vn 0.3415 -0.8943 0.289
vn -0.3412 -0.8538 -0.3933
vn -0.3416 -0.2889 -0.8943
vn 0.4603 -0.5046 0.7304
vn -0.3416 -0.8943 0.289
vn -0.4603 -0.5049 0.7302
vn 0.3417 0.8537 0.3931
vn -0.4607 0.4144 0.7848
vn -0.8756 -0.3613 0.3207
vn -0.3417 0.8537 0.393
vn -0.8755 0.3207 0.3615
vn -0.8755 -0.3209 -0.3613
vn -0.8756 0.3612 -0.3207
vn 0 0.0594 -0.9982
vn 0 0.0594 -0.9982
vn 0 0.0594 -0.9982
vn 0 0.0594 -0.9982
vn 0.6769 0.7335 -0.0609
vn -0.3784 0.9204 0.0989
vn -0.387 0.8711 0.3024
vn -0.2352 0.8165 -0.5273
vn 0.7089 0.6663 0.2312
vn 0.7084 -0.6667 -0.2316
vn -0.8991 0.4306 -0.0786
vn -0.9277 0.3527 0.1224
vn 0.6767 -0.5386 -0.5019
vn -0.362 -0.7838 -0.5046
vn -0.3872 -0.8705 -0.3038
vn -0.904 -0.2892 -0.315
vn -0.926 -0.3563 -0.1251
vn -0.5885 0.4862 -0.646
vn -0.0063 0.4878 -0.8729
vn -0.087 0.4556 -0.8859
vn 0.0425 0.4692 -0.8821
vn -0.1436 0.4067 -0.9022
vn -0.1713 0.3285 -0.9288
vn -0.1658 0.3188 -0.9332
vn 0.351 0.6136 -0.7073
vn 0.1114 0.429 -0.8964
vn 0.1561 0.3636 -0.9184
vn 0.1529 0.2837 -0.9466
vn -0.5963 0.0123 -0.8027
vn -0.1395 0.2431 -0.9599
vn 0.3491 -0.043 -0.9361
vn 0.1108 0.2184 -0.9695
vn 0.0422 0.1781 -0.9831
vn -0.0049 0.1644 -0.9864
vn -0.2468 -0.3015 -0.921
vn -0.0867 0.1912 -0.9777
vn -0.7071 0.668 0.2318
vn -0.6872 0.7265 0.0022
vn 0.687 0.7266 0.0019
vn -0.7071 -0.668 -0.2319
vn 0.7071 0.668 0.2318
vn -0.6871 -0.5715 -0.4486
vn 0.7071 -0.668 -0.2319
vn 0.6871 -0.5715 -0.4487
vn -0.4974 0.7032 -0.5081
vn 0.4975 -0.2368 -0.8345
vn 0.4973 0.7029 -0.5085
vn -0.4974 -0.2369 -0.8346
vn 0.1481 0.1805 -0.9724
vn 0.1472 0.4606 -0.8753
vn -0.1482 0.1806 -0.9723
vn -0.1472 0.4606 -0.8753
vn -0.0002 0.3275 -0.9448
vn -0.0002 0.3275 -0.9448
vn -0.0002 0.3275 -0.9448
vn 0 0.3279 -0.9447
vn 0 0.3279 -0.9447
vn 0 0.3279 -0.9447
vn 0 0.3279 -0.9447
vn 0 0.3279 -0.9447
vn 0 0.3279 -0.9447
vn 0 0.3279 -0.9447
vn 0 0.3279 -0.9447
vn 0 0.3279 -0.9447
vn 0 0.3279 -0.9447
vn -0.0001 0.3279 -0.9447
vn 0 0.3279 -0.9447
vn -0.0002 0.3279 -0.9447
vn -0.0002 0.328 -0.9447
vn -0.0002 0.328 -0.9447
vn -0.0002 0.328 -0.9447
vn -0.0001 0.3278 -0.9448
vn -0.0001 0.3278 -0.9448
vn -0.0001 0.3278 -0.9448
vn -0.0008 0.3276 -0.9448
vn -0.0008 0.3276 -0.9448
vn -0.0008 0.3276 -0.9448
vn 0 0.3278 -0.9448
vn 0 0.3278 -0.9448
vn 0 0.3278 -0.9448
vn -0.0002 0.3278 -0.9448
vn -0.0002 0.3278 -0.9448
vn -0.0002 0.3278 -0.9448
vn 0.0003 0.3282 -0.9446
vn 0.0003 0.3282 -0.9446
vn 0.0003 0.3282 -0.9446
vn -0 0.3276 -0.9448
vn -0 0.3276 -0.9448
vn -0 0.3276 -0.9448
vn 0.0005 0.3279 -0.9447
vn 0.0005 0.3279 -0.9447
vn 0.0005 0.3279 -0.9447
vn -0.0022 0.3281 -0.9446
vn -0.0022 0.3281 -0.9446
vn -0.0022 0.3281 -0.9446
vn 0.6768 0.7336 -0.0609
vn -0.3684 0.9229 0.1118
vn -0.3867 0.8712 0.3024
vn 0.7089 0.6663 0.2312
vn 0.7084 -0.6667 -0.2316
vn -0.8975 0.4336 -0.0804
vn -0.9277 0.3527 0.1224
vn 0.3509 0.6137 -0.7073
vn -0.2503 0.8158 -0.5214
vn 0.6764 -0.5386 -0.5024
vn -0.3622 -0.7838 -0.5044
vn -0.3872 -0.8705 -0.3038
vn -0.9043 -0.2889 -0.3144
vn -0.926 -0.3562 -0.1251
vn -0.5898 0.4858 -0.6451
vn -0.0057 0.485 -0.8745
vn -0.0878 0.4584 -0.8844
vn 0.0425 0.4691 -0.8821
vn -0.1438 0.4067 -0.9022
vn -0.1711 0.3287 -0.9288
vn 0.1114 0.4291 -0.8964
vn -0.1651 0.319 -0.9333
vn 0.1562 0.3636 -0.9184
vn 0.1533 0.2837 -0.9466
vn -0.596 0.0119 -0.8029
vn -0.1396 0.2431 -0.9599
vn 0.3492 -0.0433 -0.936
vn 0.1107 0.2184 -0.9696
vn 0.042 0.1781 -0.9831
vn -0.005 0.1644 -0.9864
vn -0.2469 -0.3015 -0.9209
vn -0.0866 0.1912 -0.9777
vn -0.7071 0.668 0.2318
vn -0.6872 0.7265 0.0023
vn 0.687 0.7266 0.0019
vn -0.7071 -0.668 -0.2319
vn 0.7071 0.668 0.2318
vn -0.6871 -0.5715 -0.4486
vn 0.7071 -0.668 -0.2319
vn 0.6871 -0.5715 -0.4487
vn -0.4974 0.7032 -0.5081
vn 0.4975 -0.2368 -0.8345
vn 0.4972 0.7032 -0.5082
vn -0.4974 -0.2369 -0.8346
vn 0.1481 0.1806 -0.9723
vn 0.1471 0.4606 -0.8753
vn -0.1481 0.1806 -0.9723
vn -0.1471 0.4606 -0.8753
vn -0.0002 0.3275 -0.9448
vn -0.0002 0.3275 -0.9448
vn -0.0002 0.3275 -0.9448
vn 0 0.3279 -0.9447
vn 0 0.3279 -0.9447
vn 0 0.3279 -0.9447
vn 0 0.3279 -0.9447
vn 0 0.3279 -0.9447
vn 0 0.3279 -0.9447
vn 0 0.3279 -0.9447
vn 0 0.3279 -0.9447
vn 0 0.3279 -0.9447
vn 0 0.3279 -0.9447
vn -0.0001 0.3279 -0.9447
vn 0 0.3279 -0.9447
vn -0.0002 0.3279 -0.9447
vn -0.0002 0.328 -0.9447
vn -0.0002 0.328 -0.9447
vn -0.0002 0.328 -0.9447
vn -0.0006 0.3273 -0.9449
vn -0.0006 0.3273 -0.9449
vn -0.0006 0.3273 -0.9449
vn -0.0008 0.3272 -0.945
vn -0.0008 0.3272 -0.945
vn -0.0008 0.3272 -0.945
vn 0 0.3278 -0.9447
vn 0 0.3278 -0.9447
vn 0 0.3278 -0.9447
vn -0.0002 0.3278 -0.9448
vn -0.0002 0.3278 -0.9448
vn -0.0002 0.3278 -0.9448
vn 0.0004 0.3282 -0.9446
vn 0.0004 0.3282 -0.9446
vn 0.0004 0.3282 -0.9446
vn 0.0004 0.3278 -0.9447
vn 0.0004 0.3278 -0.9447
vn 0.0004 0.3278 -0.9447
vn 0 0.3278 -0.9447
vn 0 0.3278 -0.9447
vn 0 0.3278 -0.9447
vn -0.0024 0.3281 -0.9446
vn -0.0024 0.3281 -0.9446
vn -0.0024 0.3281 -0.9446
vn -0.3871 0.8711 0.3022
vn 0.6767 0.7337 -0.0613
vn -0.3677 0.9231 0.1124
vn 0.7089 0.6663 0.2312
vn 0.7084 -0.6667 -0.2316
vn -0.8976 0.4336 -0.0795
vn -0.9277 0.3527 0.1224
vn 0.3513 0.6132 -0.7075
vn -0.2496 0.816 -0.5213
vn 0.6764 -0.5386 -0.5024
vn -0.3621 -0.7834 -0.5051
vn -0.3872 -0.8705 -0.3038
vn -0.9043 -0.289 -0.3143
vn -0.926 -0.3563 -0.1251
vn -0.5893 0.4853 -0.6459
vn -0.0056 0.485 -0.8745
vn -0.0878 0.4583 -0.8845
vn 0.0425 0.4691 -0.8821
vn -0.1436 0.4068 -0.9022
vn -0.1714 0.3285 -0.9288
vn 0.1115 0.4291 -0.8964
vn -0.1652 0.3189 -0.9333
vn 0.1562 0.3636 -0.9184
vn 0.1532 0.2837 -0.9466
vn -0.5961 0.012 -0.8029
vn -0.1392 0.2432 -0.9599
vn 0.3492 -0.0432 -0.9361
vn 0.111 0.2184 -0.9695
vn 0.0422 0.1781 -0.9831
vn -0.0049 0.1644 -0.9864
vn -0.2467 -0.3017 -0.9209
vn -0.0868 0.1912 -0.9777
vn -0.7071 0.668 0.2318
vn -0.6872 0.7265 0.0023
vn 0.6872 0.7265 0.0023
vn -0.7071 -0.668 -0.2319
vn 0.7071 0.668 0.2318
vn -0.6871 -0.5715 -0.4486
vn 0.7071 -0.668 -0.2319
vn 0.6871 -0.5715 -0.4487
vn -0.4972 0.7031 -0.5084
vn 0.4975 -0.2368 -0.8345
vn 0.4973 0.7032 -0.5081
vn -0.4974 -0.2369 -0.8346
vn 0.1481 0.1805 -0.9724
vn 0.1472 0.4606 -0.8753
vn -0.1481 0.1806 -0.9723
vn -0.1471 0.4606 -0.8753
vn -0.0002 0.3275 -0.9448
vn -0.0002 0.3275 -0.9448
vn -0.0002 0.3275 -0.9448
vn 0 0.3279 -0.9447
vn 0 0.3279 -0.9447
vn 0 0.3279 -0.9447
vn 0 0.3279 -0.9447
vn 0 0.3279 -0.9447
vn 0 0.3279 -0.9447
vn 0 0.3279 -0.9447
vn 0 0.3279 -0.9447
vn 0 0.3279 -0.9447
vn 0 0.3279 -0.9447
vn -0.0001 0.3279 -0.9447
vn 0 0.3279 -0.9447
vn -0.0002 0.3279 -0.9447
vn -0.0002 0.3281 -0.9446
vn -0.0002 0.3281 -0.9446
vn -0.0002 0.3281 -0.9446
vn -0.0006 0.3273 -0.9449
vn -0.0006 0.3273 -0.9449
vn -0.0006 0.3273 -0.9449
vn -0.0008 0.3272 -0.9449
vn -0.0008 0.3272 -0.9449
vn -0.0008 0.3272 -0.9449
vn 0 0.3278 -0.9447
vn 0 0.3278 -0.9447
vn 0 0.3278 -0.9447
vn 0.0003 0.3283 -0.9446
vn 0.0003 0.3283 -0.9446
vn 0.0003 0.3283 -0.9446
vn 0.0004 0.3286 -0.9445
vn 0.0004 0.3286 -0.9445
vn 0.0004 0.3286 -0.9445
vn 0.0004 0.3278 -0.9447
vn 0.0004 0.3278 -0.9447
vn 0.0004 0.3278 -0.9447
vn 0 0.3278 -0.9447
vn 0 0.3278 -0.9447
vn 0 0.3278 -0.9447
vn -0.0021 0.3281 -0.9446
vn -0.0021 0.3281 -0.9446
vn -0.0021 0.3281 -0.9446
vn 0.3163 0.1866 -0.9301
vn 0.1246 0.3178 -0.9399
vn 0.1167 0.3304 -0.9366
vn 0.1135 0.2623 -0.9583
vn 0.3376 0.4408 -0.8317
vn 0.1315 0.0175 -0.9912
vn 0.0559 0.236 -0.9701
vn 0.6344 -0.0173 -0.7728
vn 0.0058 0.2277 -0.9737
vn 0.0009 0.2605 -0.9655
vn 0.2523 -0.3553 -0.9001
vn 0.0001 0.0078 -1
vn -0.0005 0.2985 -0.9544
vn -0.2555 -0.353 -0.9001
vn -0.078 0.1224 -0.9894
vn -0.0119 0.3072 -0.9516
vn -0.6614 -0.5199 -0.5406
vn -0.198 0.2366 -0.9512
vn -0.0162 0.3173 -0.9482
vn -0.0237 0.3256 -0.9452
vn -0.6178 0.0031 -0.7864
vn -0.6356 0.7274 0.2588
vn -0.7621 -0.6097 -0.2178
vn 0.6712 -0.5137 -0.5344
vn 0.7623 -0.6095 -0.2176
vn 0.6625 0.4852 -0.5707
vn 0.6772 0.7333 -0.0602
vn 0.6352 0.7275 0.2595
vn 0.0973 0.3794 -0.9201
vn 0.0577 0.416 -0.9075
vn 0.2706 0.8665 -0.4195
vn 0.1498 0.6282 -0.7635
vn 0.0068 0.4287 -0.9034
vn 0.0009 0.3984 -0.9172
vn -0 0.6337 -0.7735
vn -0.6789 0.7332 -0.039
vn -0.0006 0.3607 -0.9327
vn -0.0982 0.5358 -0.8386
vn -0.272 0.8611 -0.4296
vn -0.0127 0.3483 -0.9373
vn -0.0214 0.3397 -0.9403
vn -0.6685 0.4869 -0.5622
vn -0.2349 0.4121 -0.8803
vn -0.0247 0.328 -0.9444
vn -0.8957 0.4185 0.1501
vn -0.9959 0.0864 0.0276
vn -0.9789 0.1631 -0.1229
vn -0.9904 -0.1297 -0.0482
vn -0.8516 0.5231 -0.0338
vn -0.5085 0.808 0.2977
vn -0.9789 -0.0596 -0.1954
vn -0.8503 -0.4952 -0.1779
vn -0.4761 0.8763 0.0741
vn -0.8594 -0.3964 -0.3229
vn -0.4666 -0.8327 -0.298
vn -0.1192 0.9852 0.1229
vn -0.1197 0.9314 0.3438
vn -0.4942 -0.757 -0.4274
vn -0.1149 -0.9354 -0.3345
vn 0.1198 0.9314 0.3437
vn -0.1258 -0.8932 -0.4317
vn 0.115 -0.9354 -0.3345
vn 0.1266 -0.8928 -0.4323
vn 0.4666 -0.8328 -0.298
vn 0.1201 0.9853 0.1217
vn 0.5083 0.8081 0.2978
vn 0.4952 -0.7547 -0.4303
vn 0.8504 -0.4952 -0.1779
vn 0.0987 -0.6261 -0.7734
vn 0.8589 -0.3928 -0.3286
vn 0.9904 -0.1296 -0.0482
vn 0.3763 -0.4567 -0.8061
vn 0.6524 -0.139 -0.745
vn 0.9774 -0.0562 -0.2039
vn 0.205 0.1936 -0.9594
vn 0.11 0.0313 -0.9934
vn 0.2385 0.2912 -0.9264
vn 0.0158 -0.0548 -0.9984
vn 0.7456 0.128 -0.654
vn 0.2361 0.3262 -0.9153
vn -0.1005 -0.6257 -0.7736
vn -0.0162 -0.0541 -0.9984
vn 0.7424 0.2804 -0.6085
vn 0.2076 0.3894 -0.8974
vn -0.3806 -0.4606 -0.8019
vn -0.1136 0.0347 -0.9929
vn -0.6607 -0.1461 -0.7363
vn -0.2122 0.1907 -0.9584
vn -0.7589 0.1212 -0.6399
vn -0.2511 0.2897 -0.9236
vn -0.756 0.2763 -0.5933
vn -0.2484 0.3251 -0.9125
vn -0.6418 0.5331 -0.5512
vn -0.2179 0.3896 -0.8948
vn -0.3381 0.8018 -0.4928
vn -0.0938 0.4714 -0.8769
vn -0.0801 0.881 -0.4664
vn -0.0158 0.4862 -0.8737
vn 0.0792 0.8808 -0.4669
vn 0.018 0.4926 -0.8701
vn 0.4769 0.8761 0.0709
vn 0.3352 0.8004 -0.497
vn 0.0916 0.4704 -0.8777
vn 0.851 0.5236 -0.0404
vn 0.8957 0.4185 0.1502
vn 0.6335 0.5328 -0.5611
vn 0.9773 0.1659 -0.1318
vn 0.9959 0.0865 0.0277
vn 0.0009 0.3272 -0.945
vn 0.0009 0.3269 -0.9451
vn 0.001 0.3272 -0.945
vn 0.0009 0.3272 -0.9449
vn -0.2017 -0.9165 -0.3455
vn -0.1578 -0.8084 -0.5671
vn 0.1572 -0.8086 -0.5669
vn -0.7395 -0.6299 -0.2374
vn 0.2018 -0.9165 -0.3455
vn -0.6421 -0.4783 -0.5991
vn -0.9869 -0.1512 -0.0569
vn -0.1444 -0.1424 -0.9792
vn 0.6478 -0.4734 -0.5968
vn 0.7396 -0.6298 -0.2374
vn -0.9561 -0.0684 -0.285
vn -0.9735 0.2142 0.0798
vn 0.9541 -0.067 -0.2919
vn 0.9869 -0.1509 -0.0569
vn -0.9574 0.2283 -0.1767
vn -0.6702 0.6954 0.2592
vn 0.9553 0.2316 -0.1838
vn 0.9735 0.2142 0.0798
vn -0.6453 0.7478 -0.156
vn -0.1881 0.9203 0.343
vn -0.4175 0.4351 -0.7977
vn -0.4332 0.1486 -0.889
vn -0.4402 -0.171 -0.8815
vn -0.432 0.6866 -0.5847
vn -0.049 0.274 -0.9605
vn -0.1396 0.7079 -0.6924
vn -0.0471 0.3731 -0.9266
vn 0.0521 0.3728 -0.9265
vn 0.158 -0.1294 -0.9789
vn 0.0568 0.2751 -0.9597
vn 0.4563 -0.1635 -0.8747
vn 0.464 0.1444 -0.874
vn 0.4367 0.4337 -0.7882
vn 0.6476 0.7451 -0.1595
vn 0.6703 0.6954 0.2592
vn 0.1467 0.7031 -0.6958
vn 0.4388 0.6811 -0.5862
vn 0.1603 0.9831 0.0889
vn 0.1882 0.9203 0.343
vn -0.1605 0.9829 0.0897
vn 0.0008 0.327 -0.945
vn 0.0009 0.3272 -0.945
vn 0.0009 0.3272 -0.945
vn 0.0009 0.3272 -0.945
vn 0.0009 0.3272 -0.945
vn 0.0009 0.3272 -0.9449
vn 0.0008 0.3272 -0.945
vn 0.002 0.3272 -0.945
vn 0.0009 0.3271 -0.945
vn 0.0009 0.3271 -0.945
vn 0.0009 0.3271 -0.945
vn 0.0009 0.3271 -0.945
vn 0.0009 0.3271 -0.945
vn 0.0009 0.3272 -0.945
vn 0.0009 0.3272 -0.945
vn 0.001 0.3271 -0.945
vn 0.0007 0.3272 -0.9449
vn 0.0009 0.3272 -0.945
vn 0.0009 0.3271 -0.945
vn 0.0009 0.3271 -0.945
vn 0.0009 0.3274 -0.9449
vn 0.0009 0.3272 -0.9449
vn 0.0009 0.3272 -0.9449
vn 0.0009 0.3272 -0.945
vn 0.0009 0.3272 -0.945
vn -0.0057 0.3272 -0.9449
vn 0.0072 0.3272 -0.9449
vn 0.0312 0.3271 -0.9445
vn 0.001 0.3274 -0.9449
vn 0.0008 0.3271 -0.945
vn 0.001 0.3272 -0.945
vn 0.0009 0.3272 -0.9449
vn 0.0006 0.3267 -0.9451
vn 0.0009 0.3269 -0.945
vn 0.0008 0.327 -0.945
vn 0.0008 0.3273 -0.9449
vn 0.001 0.327 -0.945
vn 0.0013 0.3263 -0.9453
vn 0.0009 0.3271 -0.945
vn -0.1881 0.9203 0.343
vn 0.1883 0.9203 0.343
vn 0.1554 0.9773 0.1439
vn 0.6702 0.6955 0.2592
vn -0.1544 0.9779 0.1412
vn 0.671 0.7256 -0.1524
vn 0.9734 0.2145 0.0799
vn 0.1951 0.7229 -0.6628
vn -0.676 0.7161 -0.1739
vn -0.6702 0.6954 0.2592
vn 0.9565 0.2305 -0.1786
vn 0.9869 -0.1512 -0.057
vn -0.949 0.2415 -0.2025
vn -0.9735 0.2142 0.0798
vn 0.9539 -0.0666 -0.2927
vn 0.7394 -0.6299 -0.2375
vn -0.9464 -0.0609 -0.3172
vn -0.9869 -0.1509 -0.0569
vn 0.6439 -0.4743 -0.6003
vn 0.202 -0.9164 -0.3455
vn 0.5318 0.4032 -0.7447
vn 0.1576 -0.808 -0.5678
vn -0.2019 -0.9165 -0.3454
vn 0.5077 0.6451 -0.571
vn -0.1565 -0.8071 -0.5693
vn -0.7396 -0.6298 -0.2374
vn 0.0746 0.3865 -0.9193
vn -0.6524 -0.4588 -0.6032
vn -0.1845 0.6891 -0.7007
vn 0.0611 0.2681 -0.9614
vn -0.0602 0.3768 -0.9243
vn 0.4743 0.1344 -0.87
vn -0.5064 0.6146 -0.6048
vn 0.4498 -0.17 -0.8768
vn -0.4985 0.3919 -0.7732
vn 0.1585 -0.1618 -0.974
vn -0.053 0.2757 -0.9598
vn -0.161 -0.1116 -0.9806
vn -0.4577 0.1595 -0.8747
vn -0.4628 -0.1313 -0.8767
vn 0.0009 0.327 -0.945
vn 0.0009 0.327 -0.945
vn 0.0009 0.327 -0.945
vn 0.0009 0.3273 -0.9449
vn 0.9869 -0.1509 -0.0569
vn 0.9459 -0.0603 -0.3188
vn 0.9489 0.2417 -0.203
vn 0.7396 -0.6298 -0.2374
vn 0.9735 0.2142 0.0798
vn 0.649 -0.4599 -0.606
vn 0.2019 -0.9165 -0.3455
vn 0.4237 0.1679 -0.8901
vn 0.6774 0.7144 -0.1751
vn 0.6703 0.6954 0.2592
vn 0.4771 0.3924 -0.7864
vn 0.4492 -0.1293 -0.884
vn 0.1541 0.9775 0.1443
vn 0.1882 0.9203 0.343
vn 0.1478 -0.0698 -0.9865
vn -0.1551 0.9769 0.147
vn -0.1883 0.9203 0.343
vn 0.0461 0.2857 -0.9572
vn 0.1571 -0.8042 -0.5732
vn -0.0414 0.2825 -0.9584
vn 0.0538 0.3666 -0.9288
vn -0.1397 -0.1004 -0.9851
vn -0.1578 -0.8058 -0.5708
vn -0.2017 -0.9165 -0.3455
vn -0.7394 -0.6299 -0.2375
vn -0.644 -0.4743 -0.6003
vn -0.9869 -0.1512 -0.057
vn -0.4077 0.1632 -0.8984
vn -0.4396 -0.1567 -0.8844
vn -0.0502 0.3707 -0.9274
vn -0.9539 -0.0666 -0.2926
vn -0.9734 0.2145 0.0799
vn -0.4677 0.4055 -0.7854
vn -0.9566 0.2304 -0.1784
vn -0.6702 0.6955 0.2592
vn -0.1633 0.6805 -0.7143
vn -0.6722 0.7244 -0.1525
vn -0.4956 0.642 -0.5849
vn 0.1717 0.6496 -0.7407
vn 0.5029 0.6115 -0.6108
vn 0.0005 0.3271 -0.945
vn 0.0005 0.3271 -0.945
vn 0.0005 0.3271 -0.945
vn 0.0011 0.3274 -0.9449
vn 0.0011 0.3274 -0.9449
vn 0.0011 0.3274 -0.9449
vn 0.0028 0.3272 -0.945
vn 0.0028 0.3272 -0.945
vn 0.0028 0.3272 -0.945
vn 0.0009 0.3272 -0.9449
vn 0.0009 0.3272 -0.9449
vn 0.0009 0.3272 -0.9449
vn 0 0.3278 -0.9447
vn 0 0.3278 -0.9447
vn 0 0.3278 -0.9447
vn 0 0.3278 -0.9447
vn 0.0007 0.3274 -0.9449
vn 0.001 0.327 -0.945
vn 0.0007 0.3273 -0.9449
vn 0.0011 0.3271 -0.945
vn 0.0008 0.3273 -0.9449
vn 0.0008 0.3274 -0.9449
vn 0.0009 0.327 -0.945
vn 0.0008 0.3275 -0.9449
vn 0.0003 0.3271 -0.945
vn 0.0003 0.3271 -0.945
vn 0.0003 0.3271 -0.945
vn -0.0004 0.3271 -0.945
vn -0.0004 0.3271 -0.945
vn -0.0004 0.3271 -0.945
vn 0.0014 0.3271 -0.945
vn 0.0014 0.3271 -0.945
vn 0.0014 0.3271 -0.945
vn 0.001 0.3271 -0.945
vn 0.001 0.3271 -0.945
vn 0.0008 0.3268 -0.9451
vn 0.0007 0.3271 -0.945
vn 0.0007 0.3267 -0.9451
vn 0.0007 0.3271 -0.945
vn 0.6927 -0.1669 -0.7016
vn 0.693 0.2319 -0.6826
vn -0.0001 0.2451 -0.9695
vn 0 -0.1532 -0.9882
vn 0.9799 -0.1993 -0.0097
vn -0.6931 0.2319 -0.6825
vn 0.5165 -0.657 -0.5492
vn -0 -0.6465 -0.7629
vn 0.5172 0.7066 -0.4829
vn 0.0001 -0.9156 -0.4022
vn 0.2523 -0.9205 -0.2984
vn -0.2526 -0.9204 -0.2984
vn 0.7308 -0.6818 -0.0335
vn 0.3572 -0.9329 -0.0463
vn -0.5164 -0.6569 -0.5494
vn -0.3572 -0.9329 -0.0463
vn 0.5173 -0.7063 0.4832
vn 0.253 -0.9452 0.2063
vn -0.7311 -0.6814 -0.0335
vn -0.2531 -0.9451 0.2065
vn -0.6926 -0.1669 -0.7017
vn -0.5173 -0.7062 0.4834
vn -0 -0.9504 0.3109
vn -0.9799 -0.1992 -0.0097
vn -0.0001 -0.7169 0.6972
vn -0.6932 -0.2315 0.6826
vn -0.98 0.1988 0.0096
vn 0 -0.2451 0.9695
vn 0.6932 -0.2315 0.6825
vn -0.6926 0.1669 0.7017
vn 0.98 0.1988 0.0097
vn 0.6926 0.1669 0.7017
vn -0.0001 0.1533 0.9882
vn 0.7308 0.6818 0.0335
vn 0.5165 0.6569 0.5493
vn -0 0.6461 0.7632
vn -0.5164 0.6569 0.5494
vn 0.2524 0.9205 0.2983
vn 0.3572 0.9329 0.0462
vn -0.0001 0.9149 0.4036
vn 0.2531 0.9451 -0.2066
vn -0.2527 0.9204 0.2985
vn -0.3568 0.933 0.0464
vn 0 0.7169 -0.6972
vn 0.0001 0.9503 -0.3112
vn -0.7311 0.6814 0.0334
vn -0.2529 0.9452 -0.2063
vn -0.5173 0.7065 -0.483
vn -0.9773 -0.2115 -0.0142
vn -0.9824 0.1861 0.0125
vn -0.6952 0.146 0.7038
vn -0.6906 -0.2519 0.678
vn -0.6898 -0.164 -0.7052
vn -0.0026 0.1367 0.9906
vn -0.7218 -0.6906 -0.0462
vn -0.5081 -0.7216 0.4702
vn -0.7401 0.671 0.0449
vn -0.24 -0.9523 0.1887
vn -0.3448 -0.9365 -0.0634
vn 0.0128 -0.9557 0.294
vn -0.5074 -0.6537 -0.5615
vn -0.2398 -0.9182 -0.3153
vn 0.0092 -0.7286 0.6849
vn 0.2656 -0.9453 0.1894
vn 0.0091 -0.6331 -0.7741
vn 0.0128 -0.9078 -0.4193
vn 0.5263 -0.7079 0.4711
vn 0.3703 -0.9268 -0.0627
vn 0.0027 -0.2614 0.9652
vn 0.7401 -0.671 -0.0449
vn 0.2651 -0.9115 -0.3146
vn 0.6958 -0.234 0.6791
vn 0.5255 -0.6402 -0.5603
vn 0.9824 -0.1863 -0.0125
vn 0.69 0.1637 0.7051
vn 0.6952 -0.146 -0.7039
vn 0.0028 -0.1368 -0.9906
vn 0.9772 0.2118 0.0142
vn -0.6959 0.2341 -0.6789
vn -0.0028 0.2614 -0.9652
vn 0.6905 0.252 -0.678
vn -0.5264 0.7078 -0.4711
vn -0.0094 0.7285 -0.685
vn 0.5081 0.7216 -0.4703
vn 0.7219 0.6904 0.0461
vn -0.0127 0.9557 -0.2941
vn -0.2657 0.9452 -0.1895
vn 0.2401 0.9521 -0.1891
vn -0.3699 0.9269 0.0626
vn 0.3455 0.9362 0.0636
vn 0.2398 0.9183 0.3151
vn -0.5253 0.6404 0.5603
vn -0.2653 0.9113 0.3148
vn 0.5072 0.6538 0.5615
vn -0.0128 0.9078 0.4192
vn -0.009 0.6331 0.774
vn -0.6974 -0.138 -0.7033
vn -0.688 0.2597 -0.6776
vn -0.9748 0.2225 0.0149
vn -0.9844 -0.1753 -0.0118
vn -0.005 -0.1366 -0.9906
vn -0.6874 0.1714 0.7057
vn -0.5335 -0.6339 -0.5599
vn -0.7483 -0.6619 -0.0444
vn -0.4999 0.7275 -0.4699
vn -0.3817 -0.9222 -0.0623
vn -0.2763 -0.9082 -0.3145
vn -0.2771 -0.9419 0.19
vn -0.0175 -0.6329 -0.774
vn -0.024 -0.9076 -0.4191
vn -0.5344 -0.7018 0.4712
vn -0.024 -0.9555 0.2939
vn 0.4991 -0.6597 -0.5619
vn 0.2284 -0.9211 -0.3153
vn -0.6979 -0.2262 0.6795
vn -0.0176 -0.7284 0.6849
vn 0.229 -0.9549 0.1888
vn -0.005 -0.2608 0.9654
vn 0.5002 -0.727 0.4703
vn 0.3333 -0.9407 -0.0637
vn 0.7138 -0.6988 -0.0467
vn 0.6882 -0.2594 0.6775
vn 0.9748 -0.2227 -0.015
vn 0.6873 -0.1714 -0.7058
vn 0.9845 0.1751 0.0118
vn 0.005 0.2609 -0.9654
vn 0.6979 0.2263 -0.6795
vn 0.0174 0.7285 -0.6848
vn 0.5343 0.7018 -0.4711
vn 0.7479 0.6624 0.0443
vn 0.0239 0.9556 -0.2938
vn 0.2768 0.942 -0.1896
vn -0.229 0.9549 -0.1888
vn 0.3813 0.9223 0.0626
vn 0.2764 0.9081 0.3145
vn -0.7136 0.699 0.0468
vn -0.3334 0.9406 0.0637
vn 0.5335 0.634 0.5598
vn 0.024 0.9074 0.4196
vn -0.4992 0.6597 0.5618
vn -0.2285 0.9211 0.3153
vn 0.0175 0.6328 0.7741
vn 0.005 0.1366 0.9906
vn 0.6974 0.1381 0.7033
vn -0.98 -0.1987 -0.0133
vn -0.98 0.1987 0.0133
vn -0.6927 0.1549 0.7044
vn -0.6933 -0.243 0.6785
vn -0.6925 -0.1552 -0.7046
vn -0 0.1362 0.9907
vn -0.7311 -0.6807 -0.0456
vn -0.5173 -0.7147 0.4707
vn -0.7311 0.6807 0.0456
vn -0.2528 -0.9489 0.1891
vn -0.3571 -0.9319 -0.0631
vn 0.0001 -0.9558 0.294
vn -0.5165 -0.6468 -0.5611
vn -0.2528 -0.9147 -0.3152
vn -0 -0.7286 0.685
vn 0.2525 -0.949 0.1891
vn 0.0001 -0.6333 -0.7739
vn 0.0001 -0.9079 -0.4191
vn 0.5173 -0.7148 0.4706
vn 0.3574 -0.9318 -0.063
vn -0 -0.2612 0.9653
vn 0.7308 -0.6811 -0.0456
vn 0.2525 -0.9148 -0.3152
vn 0.6933 -0.2431 0.6784
vn 0.5164 -0.6469 -0.5611
vn 0.9799 -0.1992 -0.0133
vn 0.6927 0.1549 0.7044
vn 0.6926 -0.1548 -0.7045
vn -0 -0.1368 -0.9906
vn 0.9799 0.1992 0.0133
vn -0.6932 0.243 -0.6785
vn 0 0.2614 -0.9652
vn 0.6933 0.2431 -0.6784
vn -0.5174 0.7145 -0.4709
vn -0 0.729 -0.6845
vn 0.5175 0.7146 -0.4708
vn 0.7308 0.6811 0.0456
vn -0.0001 0.956 -0.2934
vn 0.2533 0.9487 -0.1894
vn -0.2534 0.9486 -0.1897
vn 0.3575 0.9318 0.063
vn -0.3574 0.9318 0.0631
vn 0.2525 0.9149 0.3151
vn -0.5164 0.647 0.561
vn -0.2528 0.9148 0.315
vn 0.5164 0.6471 0.5609
vn 0.0001 0.9081 0.4187
vn -0 0.6334 0.7738
vn -0.6926 -0.1308 -0.7094
vn -0.6935 0.266 -0.6696
vn -0.98 0.1981 0.0204
vn -0.9799 -0.1986 -0.0202
vn -0 -0.1029 -0.9947
vn -0.6925 0.1308 0.7095
vn -0.5162 -0.627 -0.5834
vn -0.7311 -0.6787 -0.0697
vn -0.5176 0.7308 -0.445
vn -0.3576 -0.9289 -0.0965
vn -0.2526 -0.9029 -0.3478
vn -0.2534 -0.9548 0.1555
vn 0 -0.606 -0.7954
vn -0 -0.8923 -0.4515
vn -0.5177 -0.7307 0.445
vn 0 -0.9657 0.2598
vn 0.5162 -0.6271 -0.5834
vn 0.2523 -0.903 -0.3477
vn -0 -0.7523 0.6588
vn 0.2531 -0.9549 0.155
vn -0.6935 -0.266 0.6696
vn 0.5177 -0.7306 0.4452
vn 0.3574 -0.929 -0.0964
vn 0 -0.294 0.9558
vn 0.7307 -0.6791 -0.0697
vn 0.6934 -0.266 0.6696
vn 0 0.103 0.9947
vn 0.9799 -0.1986 -0.0204
vn 0.6926 -0.1309 -0.7094
vn 0.6925 0.131 0.7094
vn 0 0.2939 -0.9558
vn 0.6935 0.266 -0.6695
vn 0.9799 0.1986 0.0204
vn -0 0.7523 -0.6588
vn 0.5176 0.7308 -0.4449
vn 0.731 0.6788 0.0698
vn 0.5162 0.627 0.5834
vn 0.2526 0.9551 -0.1547
vn 0.3572 0.929 0.0965
vn -0.0001 0.9659 -0.2587
vn 0.2524 0.903 0.3476
vn -0.2528 0.955 -0.1548
vn -0.0001 0.8918 0.4524
vn -0.731 0.6788 0.0698
vn -0.3569 0.9291 0.0967
vn -0 0.6054 0.7959
vn -0.2524 0.903 0.3476
vn -0.5163 0.6268 0.5835
vn -0.9798 -0.1994 -0.0133
vn -0.98 0.1987 0.0133
vn -0.6927 0.1547 0.7044
vn -0.6932 -0.2432 0.6785
vn -0.6926 -0.1549 -0.7045
vn 0 0.1367 0.9906
vn -0.7311 -0.6807 -0.0456
vn -0.5173 -0.7149 0.4704
vn -0.7311 0.6808 0.0456
vn -0.2528 -0.9489 0.1891
vn -0.3578 -0.9317 -0.0628
vn -0 -0.956 0.2934
vn -0.5164 -0.647 -0.561
vn -0.2529 -0.9147 -0.3152
vn 0 -0.729 0.6845
vn 0.2534 -0.9486 0.1896
vn 0 -0.6332 -0.774
vn -0 -0.9079 -0.4193
vn 0.5174 -0.7147 0.4707
vn 0.3575 -0.9318 -0.063
vn 0 -0.2616 0.9652
vn 0.7308 -0.6811 -0.0456
vn 0.2526 -0.9148 -0.3151
vn 0.6931 -0.2435 0.6784
vn 0.5164 -0.6471 -0.5609
vn 0.9799 -0.1992 -0.0133
vn 0.6926 0.155 0.7045
vn 0.6927 -0.1549 -0.7044
vn -0 -0.1368 -0.9906
vn 0.9799 0.1989 0.0133
vn -0.6932 0.2431 -0.6785
vn 0 0.2614 -0.9652
vn 0.6932 0.2432 -0.6785
vn -0.5173 0.7149 -0.4706
vn 0.0001 0.7284 -0.6852
vn 0.5174 0.7147 -0.4706
vn 0.7311 0.6807 0.0456
vn 0.0001 0.9558 -0.294
vn 0.2524 0.949 -0.1888
vn -0.2528 0.9489 -0.1888
vn 0.3574 0.9318 0.063
vn -0.3574 0.9318 0.0631
vn 0.2525 0.9148 0.3152
vn -0.5164 0.6471 0.5608
vn -0.2529 0.9147 0.3151
vn 0.5165 0.6469 0.561
vn -0 0.9079 0.4192
vn 0.0001 0.6334 0.7738
vn -0.983 -0.183 -0.0134
vn -0.9766 0.2146 0.0167
vn -0.6888 0.1602 0.707
vn -0.6962 -0.2373 0.6775
vn -0.6962 -0.1377 -0.7045
vn 0.0039 0.1285 0.9917
vn -0.7423 -0.6681 -0.0504
vn -0.5287 -0.71 0.4651
vn -0.7195 0.6925 0.0528
vn -0.269 -0.946 0.1811
vn -0.3735 -0.9249 -0.0708
vn -0.0161 -0.9584 0.2851
vn -0.5283 -0.6333 -0.5655
vn -0.269 -0.9074 -0.323
vn -0.0115 -0.7343 0.6787
vn 0.2372 -0.9545 0.1808
vn -0.0121 -0.6265 -0.7793
vn -0.0162 -0.9042 -0.4268
vn 0.5063 -0.7272 0.4635
vn 0.3413 -0.9372 -0.0721
vn -0.003 -0.2691 0.9631
vn 0.7194 -0.6926 -0.0529
vn 0.2364 -0.9161 -0.3239
vn 0.6901 -0.2602 0.6753
vn 0.5044 -0.6505 -0.5678
vn 0.9764 -0.2151 -0.0168
vn 0.6962 0.1381 0.7045
vn 0.6889 -0.1601 -0.707
vn -0.0038 -0.1284 -0.9917
vn 0.983 0.1831 0.0134
vn -0.6903 0.2597 -0.6753
vn 0.0029 0.2697 -0.9629
vn 0.6962 0.2376 -0.6774
vn -0.5063 0.7269 -0.464
vn 0.0114 0.7348 -0.6782
vn 0.5289 0.7099 -0.4651
vn 0.7423 0.6682 0.0501
vn 0.0159 0.9584 -0.2851
vn 0.2692 0.9458 -0.1814
vn -0.237 0.9546 -0.1805
vn 0.3735 0.9249 0.0708
vn -0.3411 0.9373 0.0721
vn 0.2688 0.9075 0.3227
vn -0.5046 0.6508 0.5673
vn -0.236 0.9163 0.3237
vn 0.5281 0.6336 0.5654
vn 0.0165 0.904 0.4272
vn 0.0122 0.6264 0.7794
vn 0 -0.2614 0.9652
vn -0 0.1368 0.9906
vn 0.6925 0.1551 0.7045
vn 0.6934 -0.2428 0.6785
vn -0.6933 -0.2428 0.6785
vn 0.9799 0.1989 0.0133
vn -0 -0.7287 0.6848
vn 0.5174 -0.7146 0.4707
vn -0.0001 0.6332 0.774
vn 0.2525 -0.949 0.1891
vn 0.0001 -0.9558 0.2941
vn 0.3574 -0.9318 -0.0632
vn -0.5174 -0.7151 0.47
vn -0.2528 -0.9489 0.1891
vn 0.7308 -0.6811 -0.0453
vn 0.2522 -0.9151 -0.3147
vn -0.7311 -0.6808 -0.0453
vn -0.3571 -0.9319 -0.0632
vn 0.5162 -0.6476 -0.5605
vn 0 -0.9079 -0.4191
vn 0.9799 -0.1992 -0.0134
vn -0.0001 -0.6331 -0.7741
vn -0.2528 -0.9147 -0.3152
vn 0.6926 -0.1546 -0.7045
vn -0.5166 -0.6468 -0.561
vn -0.0001 -0.1367 -0.9906
vn 0.6933 0.2432 -0.6784
vn -0.6926 -0.1548 -0.7045
vn -0.9799 -0.1992 -0.0132
vn 0 0.2614 -0.9652
vn -0.6926 0.1551 0.7045
vn -0.98 0.1987 0.0133
vn -0.6933 0.2431 -0.6784
vn -0.5161 0.6475 0.5607
vn -0.7311 0.6807 0.0456
vn -0.5173 0.7148 -0.4706
vn -0 0.7288 -0.6848
vn -0.3576 0.9317 0.0631
vn -0.252 0.9151 0.3147
vn -0.2528 0.9488 -0.1892
vn -0.0001 0.9077 0.4196
vn -0.0001 0.9559 -0.2937
vn 0.253 0.9487 -0.1895
vn 0.5164 0.6472 0.5608
vn 0.2519 0.9152 0.3144
vn 0.5173 0.7149 -0.4705
vn 0.3574 0.9318 0.0632
vn 0.7308 0.6811 0.0457
vn -0.98 -0.1987 -0.0134
vn -0.9799 0.1991 0.0133
vn -0.6928 0.1547 0.7044
vn -0.6933 -0.243 0.6785
vn -0.6925 -0.1553 -0.7045
vn 0.0001 0.1369 0.9906
vn -0.7311 -0.6808 -0.0453
vn -0.5173 -0.7148 0.4706
vn -0.7311 0.6807 0.0456
vn -0.2529 -0.9488 0.1892
vn -0.3575 -0.9318 -0.0631
vn -0.0001 -0.9558 0.2941
vn -0.5163 -0.6474 -0.5607
vn -0.2528 -0.9148 -0.3151
vn -0 -0.7286 0.685
vn 0.253 -0.9488 0.1893
vn 0 -0.6332 -0.774
vn 0.0001 -0.9079 -0.4191
vn -0 -0.2612 0.9653
vn 0.5175 -0.7145 0.4708
vn 0.3575 -0.9318 -0.063
vn 0.6932 -0.2431 0.6785
vn 0.7309 -0.6809 -0.0456
vn 0.2526 -0.9149 -0.315
vn 0.5164 -0.6471 -0.5608
vn 0.9799 -0.1992 -0.0134
vn 0.6926 -0.1553 -0.7044
vn -0 -0.1367 -0.9906
vn 0.6932 0.2434 -0.6785
vn -0.6932 0.2434 -0.6784
vn 0 0.2617 -0.9652
vn -0.5173 0.715 -0.4704
vn -0 0.7288 -0.6847
vn 0.5174 0.7148 -0.4705
vn 0.9799 0.1992 0.0133
vn -0 0.9557 -0.2944
vn -0.2529 0.9489 -0.189
vn 0.253 0.9488 -0.1893
vn -0.3577 0.9317 0.0631
vn 0.3575 0.9318 0.063
vn -0.5165 0.6469 0.561
vn -0.2528 0.9148 0.315
vn 0.7308 0.6811 0.0456
vn 0.2525 0.9148 0.3151
vn 0 0.6332 0.774
vn -0 0.9079 0.4192
vn 0.5165 0.647 0.561
vn 0.6925 0.1552 0.7045
vn -0.9738 -0.2267 -0.0151
vn -0.9852 0.171 0.0114
vn -0.6982 0.1352 0.703
vn -0.6872 -0.263 0.6772
vn -0.6864 -0.1747 -0.7059
vn -0.0061 0.1368 0.9906
vn -0.711 -0.7016 -0.0471
vn -0.497 -0.7295 0.4699
vn -0.7507 0.6591 0.0442
vn -0.2246 -0.956 0.1887
vn -0.3292 -0.9421 -0.0638
vn 0.0284 -0.9553 0.2942
vn -0.4958 -0.662 -0.5621
vn -0.2248 -0.9219 -0.3157
vn 0.0204 -0.7282 0.685
vn 0.2808 -0.9408 0.1897
vn 0.0202 -0.6325 -0.7743
vn 0.0283 -0.9077 -0.4188
vn 0.5372 -0.6995 0.4712
vn 0.3857 -0.9205 -0.0624
vn 0.006 -0.2611 0.9653
vn 0.7506 -0.6593 -0.0449
vn 0.2808 -0.9067 -0.3147
vn 0.6987 -0.2236 0.6796
vn 0.5365 -0.6317 -0.5596
vn 0.9852 -0.1713 -0.0115
vn 0.6864 0.1745 0.706
vn 0.6982 -0.1352 -0.7031
vn 0.006 -0.1361 -0.9907
vn 0.9738 0.2269 0.0152
vn -0.6988 0.2231 -0.6797
vn -0.006 0.2613 -0.9652
vn 0.6871 0.2627 -0.6774
vn -0.5374 0.6991 -0.4716
vn -0.0203 0.7285 -0.6847
vn 0.4972 0.7294 -0.4699
vn 0.7107 0.7019 0.047
vn -0.0284 0.9555 -0.2935
vn 0.2252 0.9558 -0.1892
vn -0.2809 0.9408 -0.1898
vn 0.3289 0.9422 0.0637
vn -0.3856 0.9206 0.0621
vn 0.2243 0.9221 0.3153
vn -0.5363 0.632 0.5595
vn -0.28 0.9071 0.3142
vn 0.496 0.662 0.562
vn -0.0281 0.9074 0.4193
vn -0.0203 0.6328 0.774
vn -0.6924 -0.1312 -0.7095
vn -0.6935 0.266 -0.6695
vn -0.98 0.1982 0.0204
vn -0.98 -0.1981 -0.0202
vn 0 -0.1035 -0.9946
vn -0.6924 0.1312 0.7095
vn -0.5163 -0.6271 -0.5833
vn -0.7311 -0.6787 -0.07
vn -0.5178 0.7305 -0.4453
vn -0.3574 -0.9289 -0.0966
vn -0.2527 -0.9029 -0.3477
vn -0.2528 -0.955 0.1548
vn 0 -0.6057 -0.7957
vn 0 -0.8922 -0.4516
vn -0.5175 -0.7311 0.4446
vn -0 -0.9658 0.2593
vn 0.5163 -0.6271 -0.5833
vn 0.2526 -0.9029 -0.3477
vn 0.0001 -0.7524 0.6587
vn 0.2526 -0.9551 0.1547
vn -0.6934 -0.2663 0.6696
vn 0.5176 -0.7307 0.4451
vn 0.3572 -0.929 -0.0965
vn 0.0001 -0.294 0.9558
vn 0.7307 -0.6791 -0.07
vn 0.6933 -0.2664 0.6696
vn -0 0.1032 0.9947
vn 0.9799 -0.1986 -0.0203
vn 0.6924 -0.1312 -0.7094
vn 0.6924 0.1312 0.7095
vn 0.0001 0.2939 -0.9558
vn 0.6935 0.266 -0.6696
vn 0.9799 0.1986 0.0205
vn -0 0.7524 -0.6587
vn 0.5178 0.7306 -0.4452
vn 0.7307 0.6791 0.0698
vn 0.5161 0.6274 0.5831
vn 0.2533 0.9548 -0.1555
vn 0 0.9656 -0.2601
vn 0.3573 0.929 0.0966
vn -0.253 0.955 -0.1549
vn 0.2528 0.9028 0.3479
vn 0 0.8923 0.4514
vn -0.731 0.6788 0.0697
vn -0.3574 0.929 0.0966
vn -0 0.606 0.7955
vn -0.2526 0.9029 0.3477
vn -0.5161 0.6274 0.5832
vn -0.6963 -0.2319 0.6792
vn -0.6893 0.1657 0.7053
vn 0.0033 0.1367 0.9906
vn -0.0032 -0.2616 0.9652
vn -0.9829 -0.1836 -0.0121
vn 0.6958 0.1439 0.7037
vn -0.5284 -0.7062 0.4712
vn -0.0111 -0.7288 0.6846
vn -0.5053 0.6554 0.5614
vn -0.0155 -0.9556 0.2941
vn -0.2679 -0.9447 0.189
vn 0.2374 -0.9528 0.1891
vn -0.7419 -0.669 -0.045
vn -0.3729 -0.9258 -0.0626
vn 0.5063 -0.7229 0.4702
vn 0.3419 -0.9376 -0.0633
vn -0.5274 -0.6387 -0.5603
vn -0.268 -0.9106 -0.3146
vn 0.7199 -0.6925 -0.0464
vn 0.2371 -0.9189 -0.3153
vn 0.69 -0.2538 0.6778
vn 0.5053 -0.6553 -0.5614
vn -0.0154 -0.908 -0.4187
vn 0.9766 -0.2144 -0.0144
vn -0.0111 -0.6334 -0.7738
vn 0.6893 -0.1659 -0.7053
vn 0.9829 0.1836 0.0123
vn -0.0033 -0.1368 -0.9906
vn -0.6959 -0.1441 -0.7036
vn 0.6964 0.2319 -0.6792
vn -0.9768 0.2138 0.0144
vn -0.69 0.2537 -0.6779
vn 0.0032 0.2615 -0.9652
vn -0.7199 0.6925 0.0464
vn -0.5064 0.7228 -0.4703
vn 0.0111 0.7289 -0.6845
vn 0.5287 0.7059 -0.4713
vn -0.2375 0.9529 -0.1888
vn -0.3419 0.9376 0.0634
vn 0.0155 0.9558 -0.2935
vn -0.2368 0.919 0.3153
vn 0.2686 0.9444 -0.1896
vn 0.3725 0.9259 0.0627
vn 0.0111 0.6333 0.7739
vn 0.0154 0.9076 0.4196
vn 0.7418 0.6691 0.0447
vn 0.2679 0.9106 0.3146
vn 0.5276 0.6386 0.5602
vn 0.6934 -0.2546 0.6741
vn 0.6925 0.143 0.7071
vn 0.9799 0.199 0.0168
vn 0.9799 -0.199 -0.0167
vn 0 -0.278 0.9606
vn 0.6934 0.2544 -0.6742
vn 0.5175 -0.7228 0.4579
vn 0.7309 -0.6801 -0.0579
vn 0.5161 0.6375 0.572
vn 0.3574 -0.9305 -0.0798
vn 0.2529 -0.952 0.1723
vn 0.2521 -0.9093 -0.3311
vn -0.0001 -0.7408 0.6717
vn -0 -0.9609 0.2768
vn 0.5162 -0.6375 -0.572
vn -0.0001 -0.9001 -0.4358
vn -0.5175 -0.7228 0.458
vn -0.2532 -0.9519 0.1724
vn -0 -0.6193 -0.7851
vn -0.2523 -0.9092 -0.3313
vn 0.6925 -0.1431 -0.7071
vn -0.5161 -0.6374 -0.5721
vn -0.3574 -0.9305 -0.0799
vn 0 -0.1198 -0.9928
vn -0.731 -0.6799 -0.0577
vn -0.6925 -0.143 -0.7071
vn -0.0001 0.2779 -0.9606
vn -0.98 -0.1985 -0.0167
vn -0.6933 -0.2546 0.6741
vn -0.6934 0.2548 -0.674
vn -0 0.1203 0.9927
vn -0.6926 0.1429 0.707
vn -0.98 0.1985 0.0168
vn 0 0.62 0.7846
vn -0.5163 0.6372 0.5722
vn -0.7309 0.68 0.0578
vn -0.5175 0.7226 -0.4583
vn -0.2524 0.9091 0.3313
vn -0.0001 0.9003 0.4353
vn -0.3574 0.9305 0.0799
vn 0.2524 0.9091 0.3313
vn -0.253 0.952 -0.1722
vn -0.0001 0.961 -0.2766
vn 0.7306 0.6804 0.0578
vn 0.3567 0.9308 0.0799
vn -0 0.7409 -0.6717
vn 0.2521 0.9524 -0.1714
vn 0.5174 0.723 -0.4578
vn -0.9566 -0.0168 -0.2908
vn -0.9571 -0.1094 -0.2685
vn -0.8558 -0.203 -0.4758
vn -0.8565 -0.1141 -0.5033
vn -0.8566 -0.0131 -0.5159
vn -0.1293 -0.9774 -0.1675
vn 0.1293 -0.9774 -0.1675
vn 0.1297 -0.9259 -0.3549
vn -0.1293 -0.9259 -0.3549
vn -0.1252 -0.9247 0.3595
vn -0.617 -0.7294 0.2954
vn -0.6011 -0.4404 0.6668
vn -0.1732 -0.5412 0.8229
vn 0.493 -0.0232 -0.8697
vn 0.8978 -0.0161 -0.4402
vn 0.8918 0.0773 -0.4457
vn 0.4931 0.147 -0.8575
vn 0.8842 0.1672 -0.4362
vn 0.4931 0.3114 -0.8123
vn -0.4932 -0.8574 -0.1469
vn -0.4929 -0.8124 -0.3114
vn -0.1293 -0.9671 0.2193
vn 0.1293 -0.9671 0.2193
vn 0.1294 -0.9912 0.0264
vn -0.1294 -0.9912 0.0264
vn -0.6083 -0.7934 0.0212
vn -0.6083 -0.7823 -0.134
vn -0.8566 -0.5086 -0.0871
vn -0.8557 -0.5174 0.0055
vn -0.1766 -0.2176 -0.9599
vn -0.6152 -0.1809 -0.7674
vn -0.6164 -0.041 -0.7864
vn -0.1766 -0.0262 -0.9839
vn -0.1297 0.5287 -0.8389
vn 0.1297 0.5287 -0.8388
vn 0.1296 0.6822 -0.7196
vn -0.1296 0.6822 -0.7196
vn -0.9364 -0.1913 0.2942
vn -0.9102 -0.4003 0.1061
vn -0.9933 -0.1109 0.0333
vn -0.9897 -0.1013 0.1011
vn 0.9077 -0.4067 0.1038
vn 0.5561 -0.8094 0.1885
vn 0.617 -0.7294 0.2954
vn 0.6553 -0.5755 0.4893
vn 0.93 -0.2148 0.2982
vn -0.8976 0.4079 -0.1669
vn -0.9705 0.2121 -0.1143
vn -0.9693 0.1845 -0.1625
vn -0.8976 0.3518 -0.2655
vn -0.1295 0.1675 -0.9773
vn 0.1295 0.1675 -0.9773
vn 0.1296 0.355 -0.9259
vn -0.1296 0.355 -0.9259
vn -0.6083 -0.4232 0.6714
vn -0.8565 -0.2752 0.4366
vn -0.8582 -0.1837 0.4792
vn -0.6083 -0.2841 0.7411
vn -0.6705 0.1323 -0.73
vn -0.1766 0.1663 -0.9701
vn -0.9715 -0.1935 0.1369
vn -0.9713 -0.1569 0.1789
vn -0.8858 -0.3192 0.3367
vn -0.8826 -0.3838 0.2715
vn -0.6083 0.576 0.5461
vn -0.1766 0.7143 0.6772
vn -0.1767 0.5685 0.8035
vn -0.6083 0.4585 0.6479
vn -0.4932 -0.6312 -0.5985
vn -0.4931 -0.5024 -0.7102
vn -0.8748 -0.2748 -0.3989
vn -0.8883 -0.3333 -0.316
vn -0.1293 -0.4037 -0.9057
vn 0.1296 -0.4037 -0.9057
vn 0.1292 -0.2193 -0.9671
vn -0.1292 -0.2193 -0.9671
vn -0.8826 -0.3977 -0.2507
vn -0.8857 -0.4335 -0.1662
vn -0.9556 -0.2751 -0.1054
vn -0.9654 -0.1985 -0.1691
vn -0.8976 -0.329 -0.2932
vn 0.9965 -0.0827 -0.0142
vn 0.8849 -0.4591 -0.0787
vn 0.8841 -0.4671 0.0124
vn 0.9928 -0.1153 0.0332
vn -0.1295 -0.5726 -0.8095
vn -0.4931 -0.3542 -0.7946
vn 0.4931 -0.5025 -0.7102
vn 0.8977 -0.258 -0.3572
vn 0.8986 -0.1787 -0.4008
vn 0.493 -0.3542 -0.7947
vn 0.4932 0.5986 -0.6313
vn 0.5535 0.6826 -0.4773
vn 0.1295 0.8095 -0.5727
vn -0.9578 0.2833 0.0485
vn -0.8583 0.5058 0.0867
vn -0.8565 0.4819 0.1848
vn -0.8583 0.4341 0.2736
vn -0.9587 0.2423 0.1488
vn 0.6083 -0.5461 0.5759
vn 0.1767 -0.6772 0.7143
vn 0.1767 -0.5249 0.8326
vn 0.6083 -0.4233 0.6714
vn -0.9759 0.212 -0.0514
vn -0.9936 0.0962 -0.0595
vn -0.9083 0.3477 -0.2325
vn -0.7846 0.6185 -0.0432
vn -0.9578 -0.0963 0.2709
vn -0.9561 -0.1973 0.2165
vn -0.9937 -0.0812 0.0776
vn -0.9938 -0.0293 0.1075
vn -0.1309 0.9742 -0.1838
vn -0.5464 0.831 -0.104
vn -0.6129 0.7086 -0.3496
vn -0.1269 0.8844 -0.4491
vn -0.8883 -0.4591 0.0122
vn -0.889 -0.4513 -0.0773
vn -0.9972 -0.0735 -0.012
vn -0.8558 -0.3499 0.3811
vn -0.8557 -0.4271 0.292
vn -0.956 -0.2501 0.1537
vn -0.8557 -0.5027 0.1225
vn -0.6083 -0.774 0.1755
vn -0.956 -0.1847 -0.2282
vn -0.8558 -0.3055 -0.4175
vn -0.1766 -0.9191 -0.3523
vn -0.1766 -0.8327 -0.5248
vn -0.6084 -0.6714 -0.4232
vn -0.6084 -0.7411 -0.2841
vn -0.8558 0.427 -0.292
vn -0.6083 0.6479 -0.4584
vn -0.6083 0.7249 -0.3231
vn -0.8566 0.4713 -0.21
vn -0.9601 0.2797 -0.0052
vn -0.8857 0.4642 -0.0124
vn -0.8826 0.4585 -0.104
vn -0.9594 0.2654 -0.0952
vn -0.8976 -0.2433 -0.3675
vn -0.8825 -0.1915 -0.4295
vn -0.9709 -0.08 -0.2256
vn -0.9717 -0.1283 -0.1981
vn -0.8583 0.5005 -0.1134
vn -0.6084 0.774 -0.1754
vn -0.6083 0.7934 -0.0211
vn -0.8566 0.5159 -0.0138
vn -0.1767 0.0262 0.9839
vn -0.1767 -0.1662 0.9701
vn -0.6084 -0.134 0.7823
vn -0.6083 0.0211 0.7934
vn -0.1766 0.9839 -0.0262
vn -0.6223 0.7807 -0.057
vn -0.6719 0.7308 0.1208
vn -0.1767 0.9701 0.1663
vn -0.4933 -0.8696 0.0232
vn -0.8977 0.3294 0.2928
vn -0.9654 0.1985 0.1691
vn -0.9594 0.1451 0.2417
vn -0.8975 0.2434 0.3676
vn 0.493 -0.8575 -0.1469
vn 0.493 -0.8124 -0.3114
vn 0.1295 -0.8389 -0.5287
vn -0.1295 -0.8389 -0.5287
vn 0.8842 -0.4362 -0.1672
vn -0.6158 0.5718 0.5421
vn -0.6163 0.4656 0.6352
vn -0.9713 -0.2209 0.0884
vn -0.9705 -0.2383 0.0356
vn -0.9693 -0.2449 -0.0196
vn -0.9692 -0.2423 -0.0445
vn -0.6196 0.7596 -0.1977
vn -0.6179 0.7129 -0.3316
vn -0.6174 0.6422 -0.4543
vn -0.618 0.55 -0.5617
vn -0.6196 0.4393 -0.6504
vn -0.6224 0.3136 -0.7171
vn -0.9695 -0.0366 0.2424
vn -0.9693 -0.0631 0.2376
vn -0.9705 -0.1129 0.2129
vn 0.993 0.0997 -0.0633
vn 0.9075 0.3482 -0.2351
vn 0.8841 0.3215 -0.3391
vn 0.8849 0.2483 -0.394
vn 0.9965 0.0447 -0.0709
vn -0.4932 0.4639 -0.7359
vn -0.4931 0.5986 -0.6313
vn 0.4932 0.4639 -0.7359
vn 0.4933 -0.1924 -0.8483
vn 0.8978 -0.0931 -0.4305
vn -0.5534 0.6826 -0.4773
vn -0.1295 0.8095 -0.5727
vn 0.611 0.7081 -0.3538
vn 0.1275 0.8837 -0.4503
vn -0.9705 -0.0515 -0.2356
vn -0.6676 0.1673 0.7255
vn -0.618 0.3436 0.7071
vn -0.6164 0.659 0.431
vn -0.6181 0.7243 0.3055
vn -0.971 -0.2294 -0.0677
vn -0.9718 -0.2046 -0.1176
vn -0.972 -0.1704 -0.1616
vn -0.9713 0.2298 -0.0616
vn -0.9576 0.0442 -0.2848
vn -0.8532 0.0881 -0.5142
vn -0.8549 0.1857 -0.4844
vn -0.9559 0.1051 -0.2743
vn -0.9598 0.2739 -0.0618
vn -0.9099 -0.0028 -0.4148
vn -0.9066 0.0713 -0.416
vn -0.9721 0.0347 -0.2318
vn -0.9716 -0.0209 -0.2357
vn -0.9587 0.1583 -0.2362
vn -0.8531 0.2782 -0.4413
vn -0.8541 0.3513 -0.3835
vn -0.9577 0.2031 -0.204
vn -0.8565 -0.4714 0.2101
vn -0.9582 -0.2776 0.0692
vn -0.8825 0.3235 -0.3412
vn -0.9696 0.1649 -0.181
vn -0.9939 0.0127 -0.1095
vn -0.9938 -0.0452 -0.1013
vn -0.9576 -0.2875 -0.019
vn -0.6083 -0.1755 -0.7741
vn -0.6083 -0.0212 -0.7934
vn -0.9582 -0.2387 -0.1577
vn -0.9941 -0.0947 -0.0535
vn -0.9579 0.1052 0.2672
vn -0.9578 0.0076 0.2873
vn -0.994 0.0395 0.1023
vn -0.1766 -0.9839 0.0262
vn -0.1766 -0.9701 -0.1663
vn -0.8558 -0.4859 -0.1774
vn -0.8558 -0.4331 -0.2828
vn -0.9576 -0.2774 -0.0778
vn -0.6223 -0.6593 0.422
vn -0.1766 -0.8035 0.5684
vn -0.1766 -0.6772 0.7142
vn -0.6705 -0.5156 0.5335
vn -0.6083 -0.3231 -0.725
vn -0.6084 0.1341 -0.7823
vn -0.6083 0.2841 -0.7411
vn -0.6083 0.4232 -0.6714
vn -0.8883 -0.4288 -0.1644
vn -0.9556 -0.2692 0.12
vn -0.9596 -0.1986 0.1993
vn -0.9965 -0.0622 0.0558
vn -0.9968 -0.0733 0.0328
vn -0.9968 -0.0733 0.0328
vn -0.9973 -0.0741 0.0016
vn -0.9623 -0.2718 0.0072
vn -0.8857 -0.4241 0.189
vn -0.1767 0.919 0.3523
vn -0.1766 0.8326 0.5249
vn -0.6083 0.6714 0.4232
vn -0.8565 0.3745 0.3551
vn 0.8918 -0.3832 -0.2405
vn 0.4931 -0.7359 -0.4639
vn 0.8834 0.4644 -0.0626
vn 0.4842 0.8707 -0.0866
vn 0.493 -0.8697 0.0232
vn -0.9966 -0.0611 -0.0545
vn -0.9956 -0.0458 -0.0816
vn -0.9941 -0.0252 -0.1059
vn -0.9573 -0.0761 -0.2789
vn -0.9594 -0.1451 -0.2418
vn -0.1297 -0.7195 -0.6822
vn -0.4931 -0.736 -0.4639
vn -0.8976 -0.1107 -0.4267
vn 0.8977 -0.3167 -0.3063
vn 0.4932 -0.6312 -0.5985
vn 0.1296 -0.7196 -0.6822
vn 0.1294 -0.5726 -0.8095
vn -0.4931 -0.1924 -0.8484
vn -0.1293 -0.0264 -0.9913
vn -0.4931 -0.0232 -0.8697
vn -0.4931 0.147 -0.8575
vn -0.8824 -0.4588 0.1041
vn -0.995 0.023 -0.0977
vn -0.9612 0.0548 -0.2702
vn -0.9559 0.0001 -0.2936
vn -0.8826 -0.4634 -0.0794
vn -0.8856 -0.4642 0.0124
vn -0.9571 -0.0991 0.2722
vn -0.8857 -0.1662 0.4335
vn -0.8826 -0.0794 0.4634
vn -0.8977 -0.0019 0.4407
vn -0.9594 -0.0137 0.2816
vn 0.2077 0.6545 0.727
vn 0.1409 0.595 0.7913
vn 0.093 0.9694 -0.227
vn 0.1623 0.9831 0.0848
vn -0.4931 0.3114 -0.8123
vn 0.99 -0.1065 0.0924
vn 0.935 0.2355 0.2651
vn 0.9955 0.0578 0.0756
vn 0.9977 -0.0572 -0.0353
vn 0.9987 -0.0206 -0.0462
vn 0.9437 0.3299 0.0245
vn 0.9705 0.2411 0.0095
vn 0.6663 0.4931 0.5594
vn 0.6243 0.7812 -0.0036
vn -0.215 0.5088 0.8336
vn -0.9941 -0.1071 0.019
vn -0.9513 0.2962 0.0853
vn -0.994 0.0957 0.0537
vn -0.956 0.1846 0.2282
vn -0.9696 0.1743 0.1719
vn -0.9693 0.1928 0.1524
vn -0.8825 0.3979 0.2508
vn -0.9941 0.0669 -0.0852
vn -0.9574 0.2415 -0.1582
vn -0.9942 0.1047 -0.0233
vn -0.9413 0.2075 0.2664
vn -0.9441 0.3292 0.0205
vn -0.1183 0.9905 0.0695
vn -0.0336 0.9971 0.0684
vn -0.9614 0.2127 -0.1747
vn -0.9956 0.0721 -0.0604
vn -0.9957 0.0874 -0.0292
vn -0.9967 0.0809 0.0001
vn -0.9716 -0.0083 0.2365
vn -0.8889 0.0774 -0.4514
vn -0.8883 -0.0122 -0.459
vn -0.6083 -0.6479 0.4584
vn -0.6081 -0.5462 0.5761
vn -0.9716 0.1382 -0.192
vn -0.9721 0.0885 -0.217
vn -0.9097 0.1407 -0.3906
vn -0.8976 0.2464 -0.3654
vn -0.6195 -0.7267 0.2967
vn -0.1766 -0.899 0.4007
vn -0.5561 -0.8094 0.1885
vn -0.6173 -0.7864 0.0209
vn -0.618 -0.7769 -0.1203
vn -0.6083 -0.576 -0.5461
vn -0.8566 -0.3744 -0.355
vn -0.6197 -0.7413 -0.2578
vn -0.6224 -0.6808 -0.3863
vn -0.6152 -0.3148 -0.7228
vn -0.1766 -0.4008 -0.899
vn -0.6083 -0.4584 -0.6479
vn -0.1767 0.3523 -0.9191
vn -0.9722 0.047 0.2296
vn -0.8976 0.1107 0.4266
vn -0.8857 0.4334 0.1662
vn -0.9705 0.218 0.1029
vn -0.9713 0.2329 0.0493
vn -0.8824 0.4636 0.0795
vn -0.9715 0.2368 -0.0063
vn -0.1766 0.6772 -0.7143
vn -0.1766 0.8035 -0.5685
vn -0.6083 0.5461 -0.576
vn -0.9632 0.1083 -0.2462
vn -0.9553 0.1677 -0.2435
vn -0.1766 0.899 -0.4007
vn -0.1766 0.9599 -0.2176
vn -0.6083 0.7411 0.2841
vn -0.8557 0.3056 0.4176
vn -0.6164 0.001 0.7874
vn -0.1766 0.2176 0.9599
vn -0.6179 -0.7695 0.1615
vn -0.6706 -0.5431 -0.5052
vn -0.1767 -0.3523 0.9191
vn -0.9972 -0.0636 -0.0389
vn -0.9945 -0.0566 -0.0884
vn -0.9915 -0.0535 -0.1188
vn -0.9964 0.0414 0.0738
vn -0.9967 0.06 0.0547
vn -0.9968 0.0741 0.0294
vn -0.9968 0.0741 0.0294
vn -0.9942 0.0564 -0.0913
vn 0.1253 -0.9247 0.3595
vn -0.996 0.0203 0.0873
vn -0.9633 0.0708 0.259
vn -0.9556 0.2751 0.1055
vn -0.9958 -0.0282 0.087
vn -0.6152 -0.1398 0.7759
vn -0.6164 -0.4028 0.6766
vn -0.6152 -0.2759 0.7385
vn 0.1293 -0.0264 -0.9913
vn 0.9977 0.012 -0.0661
vn -0.1766 -0.9599 0.2177
vn -0.8825 -0.2508 0.3978
vn -0.9967 -0.0752 -0.0292
vn -0.9968 -0.0749 -0.0294
vn -0.8889 0.2442 -0.3875
vn -0.9973 0.0396 -0.0622
vn -0.9973 0.0129 -0.0726
vn -0.8882 0.1645 -0.429
vn 0.1682 -0.5372 0.8265
vn -0.9956 -0.0062 0.0934
vn -0.9945 -0.0286 -0.1007
vn -0.9969 0.0249 0.0744
vn -0.9721 0.0999 0.212
vn -0.8826 0.1914 0.4293
vn -0.8558 0.203 0.4758
vn -0.8565 0.1141 0.5033
vn -0.8582 0.0136 0.5131
vn -0.8883 0.316 -0.3333
vn -0.875 -0.113 -0.4708
vn -0.9716 0.1483 0.1843
vn -0.8565 -0.0872 0.5087
vn -0.889 -0.3874 -0.2442
vn -0.6083 -0.7249 0.3231
vn -0.8591 -0.2084 -0.4675
vn -0.6165 -0.4383 -0.6541
vn -0.1766 -0.5248 0.8327
vn -0.1766 -0.5685 -0.8035
vn -0.1767 -0.7142 -0.6772
vn -0.1767 0.5248 -0.8327
vn -0.6084 0.3232 0.7249
vn -0.6083 0.1754 0.7741
vn -0.6083 0.7823 0.1341
vn -0.1766 0.4008 0.899
vn 0.8565 -0.3746 -0.3551
vn 0.6083 -0.576 -0.5461
vn 0.6083 -0.6714 -0.4232
vn 0.8582 -0.4342 -0.2737
vn 0.9561 0.0551 -0.2877
vn 0.9578 0.1592 -0.2394
vn 0.8582 0.2737 -0.4342
vn 0.8565 0.1847 -0.4819
vn 0.8557 0.0955 -0.5085
vn 0.9554 0.0742 -0.2858
vn 0.9553 0.0252 -0.2945
vn 0.8977 0.0019 -0.4406
vn 0.8826 0.0794 -0.4633
vn 0.8977 0.145 -0.4161
vn 0.9098 0.3825 -0.1613
vn 0.8977 0.3518 -0.2655
vn 0.9717 0.1955 -0.1325
vn 0.9712 0.2229 -0.084
vn 0.8856 -0.4243 0.1891
vn 0.8826 -0.3838 0.2715
vn 0.9718 -0.1869 0.144
vn 0.972 -0.2145 0.0956
vn 0.9574 -0.191 0.2164
vn 0.9598 -0.1003 0.2623
vn 0.9942 -0.038 0.1003
vn 0.9941 -0.0971 0.049
vn 0.9593 -0.2565 0.1181
vn 0.9577 -0.2308 0.1719
vn 0.9569 -0.2436 -0.1579
vn 0.8565 -0.4819 -0.1848
vn 0.8582 -0.5059 -0.0867
vn 0.9569 -0.2867 -0.0454
vn -0.1245 -0.9245 0.3603
vn -0.1692 -0.5463 0.8203
vn 0.1621 -0.5417 0.8248
vn 0.1249 -0.9243 0.3607
vn 0.9941 0.1056 -0.0239
vn 0.994 0.0957 0.0537
vn 0.9587 0.2423 0.1488
vn 0.9578 0.2833 0.0485
vn 0.9596 0.2745 -0.0623
vn 0.6083 0.2841 -0.7411
vn 0.6083 0.4232 -0.6714
vn 0.1766 0.5249 -0.8327
vn 0.1766 0.3523 -0.9191
vn 0.4933 -0.8695 0.0232
vn 0.8883 -0.4591 0.0122
vn 0.8749 -0.4763 -0.0878
vn 0.4931 -0.8575 -0.1469
vn -0.8848 0.2485 -0.3942
vn -0.9965 0.0447 -0.0709
vn -0.9977 0.012 -0.0662
vn -0.8917 0.0773 -0.4459
vn -0.884 0.1673 -0.4365
vn 0.9096 -0.4024 0.1037
vn 0.5562 -0.8094 0.1885
vn 0.617 -0.7294 0.2954
vn 0.6095 -0.4321 0.6647
vn 0.9348 -0.194 0.2975
vn 0.229 0.5061 0.8315
vn 0.9409 0.2064 0.2687
vn -0.9283 -0.2177 0.3014
vn -0.9331 0.2281 0.2781
vn -0.6481 0.5027 0.5721
vn -0.6577 -0.1436 0.7395
vn 0.9704 0.2416 -0.0008
vn 0.9721 0.2326 0.0298
vn 0.8825 0.4636 0.0795
vn 0.8984 0.4392 -0.0065
vn 0.0278 0.9974 0.0661
vn -0.1216 0.5961 0.7937
vn 0.1234 0.9686 -0.2158
vn 0.013 0.9998 -0.0152
vn 0.452 0.8779 -0.1581
vn 0.6127 0.7088 -0.3496
vn 0.5535 0.6826 -0.4773
vn 0.9083 0.3478 -0.2326
vn 0.7869 0.6161 -0.034
vn 0.9571 0.2722 0.0991
vn 0.9966 0.0785 0.0255
vn 0.9958 0.0915 0.0073
vn 0.9956 0.0897 -0.0274
vn 0.9668 0.2473 -0.0639
vn 0.96 0.28 0.0055
vn 0.9961 -0.0782 -0.0413
vn 0.9914 -0.122 -0.0464
vn 0.9958 0.0632 0.0663
vn 0.9956 0.0467 0.0811
vn 0.996 0.0194 0.0875
vn 0.9956 -0.0062 0.0934
vn 0.9958 -0.0283 0.087
vn 0.9965 -0.0623 0.0558
vn 0.9968 -0.0735 0.0328
vn 0.9968 -0.0735 0.0328
vn 0.9972 -0.0745 0.0018
vn 0.9967 -0.0754 -0.0289
vn 0.9968 -0.0751 -0.0291
vn 0.9966 -0.0612 -0.0546
vn 0.9956 -0.0457 -0.0813
vn 0.9954 -0.0147 -0.0941
vn 0.9956 0.0152 -0.093
vn 0.9905 -0.0981 0.0959
vn 0.9973 0.0365 0.0643
vn 0.9842 0.1772 -0.0001
vn 0.9936 0.0962 -0.0595
vn 0.9973 0.0395 -0.0622
vn 0.9983 0.0111 -0.0565
vn 0.9991 -0.0165 -0.038
vn -0.8688 0.4851 -0.0996
vn -0.641 0.7561 0.1317
vn -0.9117 0.4091 -0.0366
vn -0.9792 0.197 -0.0479
vn 0.8976 -0.0019 0.4407
vn 0.8827 -0.0794 0.4632
vn 0.8857 -0.1662 0.4335
vn 0.9571 -0.0991 0.2722
vn 0.9595 -0.0136 0.2813
vn -0.5289 0.8205 -0.2168
vn 0.9501 0.2994 0.0872
vn 0.9436 0.3303 0.0212
vn 0.8565 -0.5159 0.0138
vn 0.6083 -0.7934 0.0211
vn 0.6083 -0.774 0.1755
vn 0.8565 -0.5032 0.1147
vn -0.0949 0.9709 -0.2199
vn -0.1671 0.9816 0.0928
vn 0.8975 0.3292 0.2934
vn 0.8824 0.398 0.2508
vn 0.9721 0.1929 0.1334
vn 0.9704 0.1792 0.1622
vn -0.2104 0.6519 0.7285
vn 0.1767 0.6772 -0.7142
vn 0.1767 0.8035 -0.5685
vn 0.6163 0.6504 -0.444
vn 0.618 0.5595 -0.5524
vn 0.1293 -0.4037 -0.9057
vn 0.4931 -0.3542 -0.7946
vn 0.4932 -0.1924 -0.8484
vn 0.1296 -0.2192 -0.967
vn -0.9987 -0.0206 -0.0463
vn -0.9977 -0.0573 -0.0353
vn -0.8918 -0.3832 -0.2405
vn -0.8977 -0.3168 -0.3064
vn -0.8976 -0.2581 -0.3573
vn -0.8985 -0.1787 -0.4009
vn -0.9965 -0.0827 -0.0142
vn -0.8849 -0.459 -0.0786
vn -0.8842 -0.4362 -0.1672
vn 0.1297 0.3549 -0.9259
vn 0.4931 0.3114 -0.8123
vn 0.4932 0.4639 -0.7359
vn 0.1297 0.5287 -0.8388
vn 0.901 -0.0924 -0.4238
vn 0.901 -0.0152 -0.4335
vn 0.4929 -0.0232 -0.8698
vn 0.9932 -0.1115 0.0337
vn -0.993 0.0996 -0.0633
vn -0.9947 0.068 0.0777
vn -0.9887 -0.1071 0.1048
vn -0.9928 -0.1148 0.0336
vn 0.4931 0.5985 -0.6313
vn 0.1295 0.6822 -0.7196
vn 0.8976 0.1107 0.4266
vn 0.9631 0.0708 0.2595
vn -0.4931 0.3114 -0.8123
vn -0.493 0.147 -0.8575
vn -0.1295 0.1675 -0.9773
vn -0.1297 0.3549 -0.9259
vn 0.9616 -0.0647 -0.2666
vn 0.8977 -0.1107 -0.4266
vn 0.9937 0.0135 -0.1112
vn 0.9559 -0.0268 -0.2923
vn 0.9571 -0.1094 -0.2685
vn 0.9938 -0.0452 -0.1013
vn 0.9938 0.0685 -0.0878
vn -0.4932 -0.7359 -0.4639
vn -0.4931 -0.8123 -0.3114
vn -0.1293 -0.9259 -0.3549
vn -0.1296 -0.8388 -0.5288
vn 0.6083 0.5461 -0.576
vn 0.8565 0.3551 -0.3745
vn 0.6196 0.6504 0.4394
vn 0.1767 0.8327 0.5249
vn 0.1766 0.7142 0.6772
vn 0.618 0.5617 0.55
vn 0.6083 0.6479 -0.4584
vn -0.1293 -0.9671 0.2193
vn 0.1293 -0.9671 0.2193
vn 0.1768 -0.7143 -0.6772
vn 0.1767 -0.8326 -0.5248
vn 0.6083 -0.7411 -0.2842
vn 0.1767 -0.2177 -0.9599
vn 0.6167 -0.1677 -0.7691
vn 0.6179 -0.3024 -0.7258
vn 0.1767 -0.4008 -0.899
vn 0.8582 0.419 -0.2964
vn 0.6167 -0.5463 0.5668
vn 0.6178 -0.4355 0.6547
vn 0.6083 -0.7249 0.3231
vn 0.1767 -0.899 0.4007
vn 0.1767 -0.8036 0.5684
vn 0.608 -0.6481 0.4585
vn 0.9626 0.2012 0.1813
vn 0.62 -0.7576 0.204
vn 0.6679 -0.7437 0.028
vn 0.9702 0.2402 -0.0311
vn 0.9717 0.159 -0.1746
vn 0.9712 0.1149 -0.2087
vn 0.9702 0.0651 -0.2334
vn 0.9687 0.0432 -0.2443
vn 0.6732 -0.1229 0.7292
vn 0.6201 -0.3099 0.7208
vn 0.6167 -0.6389 0.4599
vn 0.6178 -0.7102 0.3376
vn 0.6083 -0.134 0.7823
vn 0.1767 -0.1662 0.9701
vn 0.1767 0.0262 0.9839
vn 0.6083 0.0212 0.7934
vn 0.6083 0.576 0.5461
vn 0.6082 0.4584 0.648
vn 0.1766 0.5685 0.8035
vn 0.8582 0.0137 0.5131
vn 0.608 0.1755 0.7743
vn 0.8565 0.1141 0.5033
vn 0.9951 0.0522 -0.0844
vn 0.96 0.1595 -0.2301
vn 0.8815 -0.4032 -0.2456
vn 0.9017 -0.176 -0.3949
vn 0.9009 -0.2536 -0.3522
vn 0.9011 -0.3121 -0.3009
vn 0.8826 -0.4585 0.104
vn 0.9718 -0.2321 0.0427
vn -0.4931 0.4639 -0.736
vn 0.9693 0.0196 -0.245
vn 0.9595 -0.1989 0.1996
vn 0.9557 -0.2688 0.1198
vn 0.9624 -0.2715 0.0072
vn 0.8977 -0.329 -0.2932
vn 0.8826 -0.3977 -0.2507
vn 0.9705 -0.2129 -0.1129
vn 0.9713 -0.1789 -0.1569
vn 0.8591 -0.4779 -0.1832
vn 0.4931 -0.8123 -0.3114
vn 0.9594 0.1451 0.2418
vn 0.4932 -0.7359 -0.4639
vn 0.1294 -0.9912 0.0264
vn 0.1294 -0.9773 -0.1675
vn 0.1293 -0.0264 -0.9913
vn 0.8857 -0.4335 -0.1662
vn 0.9693 -0.2376 -0.0631
vn 0.9715 -0.1369 -0.1935
vn 0.8977 -0.2433 -0.3674
vn 0.8857 -0.3195 0.3369
vn 0.493 -0.5024 -0.7103
vn 0.8826 -0.2507 0.3977
vn 0.9594 -0.1451 -0.2418
vn 0.9654 -0.1986 -0.1692
vn 0.8882 0.316 -0.3335
vn 0.8889 0.2442 -0.3875
vn -0.4931 -0.6313 -0.5986
vn -0.6127 0.7088 -0.3496
vn -0.5536 0.6824 -0.4773
vn -0.1297 0.8094 -0.5727
vn -0.1265 0.884 -0.45
vn 0.8857 -0.4642 0.0124
vn 0.8975 0.2434 0.3677
vn -0.1295 0.6822 -0.7196
vn 0.1294 0.8095 -0.5727
vn 0.9943 0.0867 -0.0619
vn 0.9944 -0.1032 -0.0231
vn -0.493 0.5986 -0.6314
vn -0.4933 -0.1924 -0.8483
vn -0.4931 -0.3542 -0.7946
vn -0.1296 -0.4037 -0.9057
vn -0.1297 -0.2193 -0.967
vn -0.1294 -0.5726 -0.8095
vn 0.1296 -0.5726 -0.8095
vn -0.4931 -0.0232 -0.8696
vn -0.1295 -0.0264 -0.9912
vn 0.956 0.1847 0.2281
vn 0.9579 0.1052 0.2672
vn 0.8557 0.2031 0.4759
vn 0.8557 0.3055 0.4175
vn 0.854 -0.4298 0.2931
vn 0.9566 -0.2859 0.0555
vn 0.8531 -0.4765 0.2124
vn 0.8582 0.5059 0.0867
vn 0.8565 0.4819 0.1848
vn 0.6083 0.7411 0.2841
vn 0.6083 0.7823 0.1341
vn -0.4934 -0.8573 -0.1468
vn -0.1297 -0.9773 -0.1675
vn 0.1295 -0.9259 -0.3549
vn 0.1296 -0.8388 -0.5288
vn 0.9937 -0.1115 -0.0135
vn 0.9578 0.2346 -0.166
vn 0.8582 0.5006 -0.1135
vn 0.8565 0.4714 -0.2101
vn -0.493 -0.8697 0.0231
vn -0.1294 -0.9912 0.0264
vn 0.6084 0.134 -0.7823
vn -0.8977 -0.0931 -0.4307
vn 0.6083 0.7249 -0.3231
vn 0.8557 -0.3055 -0.4176
vn 0.6083 -0.4584 -0.648
vn 0.618 0.7848 -0.0469
vn 0.1767 0.9839 -0.0262
vn 0.1768 0.9701 0.1663
vn 0.6719 0.7293 0.1294
vn 0.1264 0.884 -0.45
vn 0.1767 0.1662 -0.9701
vn 0.62 0.2513 -0.7432
vn 0.6178 0.1138 -0.7781
vn 0.8882 0.1645 -0.429
vn 0.8954 0.0764 -0.4387
vn 0.1767 0.899 -0.4007
vn 0.1766 0.9599 -0.2177
vn 0.6163 0.765 -0.187
vn 0.6157 0.7197 -0.3208
vn -0.5562 -0.8094 0.1885
vn -0.614 -0.7332 0.2924
vn 0.6084 -0.0212 -0.7934
vn 0.1767 -0.0262 -0.9839
vn 0.8565 -0.1141 -0.5033
vn 0.8557 -0.0221 -0.5169
vn 0.6084 -0.1755 -0.774
vn 0.6167 -0.0275 -0.7867
vn 0.6083 -0.3231 -0.725
vn 0.9697 -0.1317 0.2059
vn 0.971 -0.1503 0.186
vn 0.668 -0.5344 -0.5179
vn 0.6152 -0.6741 -0.4088
vn 0.8557 -0.3499 0.3811
vn 0.8565 -0.2752 0.4366
vn 0.1766 -0.9701 -0.1663
vn 0.6151 -0.7747 -0.1466
vn 0.1766 -0.9839 0.0262
vn 0.1767 -0.9599 0.2177
vn 0.8826 -0.4634 -0.0794
vn 0.9692 -0.2433 -0.0387
vn 0.4929 0.147 -0.8576
vn 0.1294 0.1675 -0.9774
vn 0.6083 -0.2841 0.7411
vn 0.8583 -0.1837 0.4792
vn 0.1766 -0.3523 0.9191
vn 0.1766 0.2176 0.9599
vn 0.1766 0.4008 0.899
vn 0.6195 0.1977 0.7597
vn 0.6179 0.3316 0.7129
vn 0.6083 0.3232 0.7249
vn 0.9717 0.0015 0.2362
vn 0.9712 -0.054 0.2321
vn 0.9937 -0.092 -0.0645
vn 0.994 0.0395 0.1024
vn 0.8825 0.1915 0.4296
vn 0.9712 0.1097 0.2115
vn 0.9717 0.0568 0.2292
vn 0.9066 0.4116 -0.0933
vn -0.8977 -0.0161 -0.4404
vn 0.1296 -0.7196 -0.6822
vn 0.4931 -0.6313 -0.5986
vn 0.971 -0.2388 -0.0125
vn 0.8826 -0.1914 -0.4294
vn 0.9713 -0.0884 -0.221
vn 0.9705 -0.0356 -0.2384
vn -0.8841 -0.4671 0.0124
vn 0.9702 0.1579 0.1838
vn 0.8826 0.3235 -0.3412
vn 0.8977 0.2464 -0.3654
vn -0.9065 0.3505 -0.2355
vn -0.9088 -0.4047 0.1014
vn 0.9724 0.218 0.0836
vn 0.6146 -0.7366 -0.2824
vn 0.9556 -0.2751 -0.1055
vn 0.9702 -0.1076 0.2171
vn 0.8857 0.4334 0.1662
vn 0.9553 0.2342 -0.1803
vn -0.1297 0.5287 -0.8388
vn -0.8841 0.3215 -0.3391
vn 0.963 0.2405 -0.1215
vn 0.956 -0.1846 -0.2282
vn 0.6702 0.3937 -0.6291
vn 0.6201 -0.4271 -0.6581
vn 0.8558 -0.203 -0.4759
vn -0.4929 -0.5025 -0.7103
vn 0.9578 0.0076 0.2873
vn 0.8565 -0.0871 0.5087
vn 0.8565 0.5159 -0.0138
vn 0.8566 0.3745 0.3551
vn 0.8583 0.4342 0.2737
vn 0.6174 0.4543 0.6422
vn 0.6223 0.057 0.7807
vn 0.6224 0.7171 0.3137
vn -0.1295 -0.7196 -0.6822
vn 0.6083 0.7934 -0.0211
vn 0.6084 0.774 -0.1755
vn 0.1767 0.9191 0.3523
vn 0.6083 0.6714 0.4232
vn 0.1764 -0.5685 -0.8036
vn 0.1767 -0.919 -0.3523
vn 0.6083 -0.7823 -0.1341
f 1912/1912/1912 1911/1911/1911 1910/1910/1910
f 3/3/3 2/2/2 1/1/1
f 2/2/2 4/4/4 1/1/1
f 5/5/5 2/2/2 3/3/3
f 4/4/4 14/14/14 1/1/1
f 3/3/3 1/1/1 40/40/40
f 32/32/32 14/14/14 4/4/4
f 46/46/46 32/32/32 4/4/4
f 14/14/14 30/30/30 1/1/1
f 14/14/14 32/32/32 30/30/30
f 30/30/30 40/40/40 1/1/1
f 46/46/46 45/45/45 32/32/32
f 46/46/46 49/49/49 45/45/45
f 32/32/32 31/31/31 30/30/30
f 45/45/45 8/8/8 32/32/32
f 8/8/8 31/31/31 32/32/32
f 8/8/8 45/45/45 49/49/49
f 30/30/30 31/31/31 36/36/36
f 40/40/40 30/30/30 36/36/36
f 37/37/37 36/36/36 31/31/31
f 8/8/8 37/37/37 31/31/31
f 40/40/40 36/36/36 33/33/33
f 37/37/37 33/33/33 36/36/36
f 34/34/34 3/3/3 40/40/40
f 34/34/34 40/40/40 33/33/33
f 3/3/3 34/34/34 5/5/5
f 7/7/7 8/8/8 49/49/49
f 34/34/34 16/16/16 5/5/5
f 6/6/6 7/7/7 49/49/49
f 8/8/8 7/7/7 6/6/6
f 132/132/132 6/6/6 49/49/49
f 5/5/5 16/16/16 15/15/15
f 16/16/16 34/34/34 15/15/15
f 17/17/17 5/5/5 15/15/15
f 27/27/27 6/6/6 132/132/132
f 26/26/26 27/27/27 132/132/132
f 9/9/9 8/8/8 6/6/6
f 6/6/6 27/27/27 9/9/9
f 8/8/8 9/9/9 37/37/37
f 28/28/28 27/27/27 26/26/26
f 27/27/27 28/28/28 9/9/9
f 29/29/29 28/28/28 26/26/26
f 9/9/9 76/76/76 37/37/37
f 28/28/28 76/76/76 9/9/9
f 76/76/76 33/33/33 37/37/37
f 38/38/38 28/28/28 29/29/29
f 28/28/28 38/38/38 76/76/76
f 136/136/136 38/38/38 29/29/29
f 136/136/136 17/17/17 38/38/38
f 17/17/17 15/15/15 38/38/38
f 76/76/76 39/39/39 33/33/33
f 38/38/38 39/39/39 76/76/76
f 39/39/39 35/35/35 33/33/33
f 39/39/39 38/38/38 35/35/35
f 38/38/38 15/15/15 35/35/35
f 35/35/35 34/34/34 33/33/33
f 34/34/34 35/35/35 15/15/15
f 12/12/12 11/11/11 10/10/10
f 47/47/47 11/11/11 12/12/12
f 48/48/48 47/47/47 12/12/12
f 47/47/47 135/135/135 11/11/11
f 48/48/48 12/12/12 67/67/67
f 135/135/135 22/22/22 11/11/11
f 11/11/11 22/22/22 10/10/10
f 135/135/135 25/25/25 22/22/22
f 135/135/135 125/125/125 25/25/25
f 22/22/22 23/23/23 10/10/10
f 25/25/25 24/24/24 22/22/22
f 24/24/24 23/23/23 22/22/22
f 24/24/24 25/25/25 125/125/125
f 10/10/10 23/23/23 129/129/129
f 23/23/23 24/24/24 129/129/129
f 126/126/126 24/24/24 125/125/125
f 125/125/125 137/137/137 126/126/126
f 115/115/115 24/24/24 126/126/126
f 24/24/24 115/115/115 129/129/129
f 137/137/137 114/114/114 126/126/126
f 114/114/114 115/115/115 126/126/126
f 13/13/13 10/10/10 129/129/129
f 13/13/13 12/12/12 10/10/10
f 137/137/137 59/59/59 114/114/114
f 137/137/137 138/138/138 59/59/59
f 60/60/60 115/115/115 114/114/114
f 59/59/59 60/60/60 114/114/114
f 115/115/115 130/130/130 129/129/129
f 115/115/115 60/60/60 130/130/130
f 59/59/59 138/138/138 62/62/62
f 138/138/138 109/109/109 62/62/62
f 61/61/61 60/60/60 59/59/59
f 62/62/62 61/61/61 59/59/59
f 130/130/130 60/60/60 61/61/61
f 61/61/61 62/62/62 109/109/109
f 134/134/134 129/129/129 130/130/130
f 134/134/134 130/130/130 61/61/61
f 134/134/134 13/13/13 129/129/129
f 110/110/110 61/61/61 109/109/109
f 109/109/109 117/117/117 110/110/110
f 110/110/110 118/118/118 61/61/61
f 118/118/118 110/110/110 117/117/117
f 118/118/118 134/134/134 61/61/61
f 119/119/119 118/118/118 117/117/117
f 117/117/117 139/139/139 119/119/119
f 118/118/118 42/42/42 134/134/134
f 119/119/119 41/41/41 118/118/118
f 41/41/41 42/42/42 118/118/118
f 139/139/139 41/41/41 119/119/119
f 42/42/42 43/43/43 134/134/134
f 43/43/43 13/13/13 134/134/134
f 43/43/43 42/42/42 41/41/41
f 12/12/12 13/13/13 43/43/43
f 139/139/139 44/44/44 41/41/41
f 44/44/44 43/43/43 41/41/41
f 139/139/139 67/67/67 44/44/44
f 43/43/43 44/44/44 67/67/67
f 12/12/12 68/68/68 67/67/67
f 68/68/68 43/43/43 67/67/67
f 68/68/68 12/12/12 43/43/43
f 20/20/20 19/19/19 18/18/18
f 19/19/19 55/55/55 18/18/18
f 19/19/19 20/20/20 107/107/107
f 19/19/19 107/107/107 55/55/55
f 55/55/55 54/54/54 18/18/18
f 54/54/54 95/95/95 18/18/18
f 98/98/98 54/54/54 55/55/55
f 95/95/95 21/21/21 18/18/18
f 21/21/21 20/20/20 18/18/18
f 95/95/95 92/92/92 21/21/21
f 98/98/98 55/55/55 99/99/99
f 92/92/92 94/94/94 21/21/21
f 21/21/21 94/94/94 20/20/20
f 99/99/99 55/55/55 100/100/100
f 107/107/107 100/100/100 55/55/55
f 98/98/98 99/99/99 103/103/103
f 103/103/103 99/99/99 100/100/100
f 106/106/106 98/98/98 103/103/103
f 108/108/108 103/103/103 100/100/100
f 103/103/103 108/108/108 106/106/106
f 108/108/108 100/100/100 107/107/107
f 108/108/108 111/111/111 106/106/106
f 112/112/112 106/106/106 111/111/111
f 113/113/113 111/111/111 108/108/108
f 111/111/111 113/113/113 112/112/112
f 108/108/108 107/107/107 58/58/58
f 113/113/113 108/108/108 58/58/58
f 113/113/113 116/116/116 112/112/112
f 113/113/113 58/58/58 116/116/116
f 85/85/85 112/112/112 116/116/116
f 20/20/20 57/57/57 107/107/107
f 57/57/57 58/58/58 107/107/107
f 116/116/116 52/52/52 85/85/85
f 58/58/58 52/52/52 116/116/116
f 20/20/20 78/78/78 57/57/57
f 20/20/20 94/94/94 78/78/78
f 52/52/52 53/53/53 85/85/85
f 80/80/80 85/85/85 53/53/53
f 94/94/94 77/77/77 78/78/78
f 92/92/92 77/77/77 94/94/94
f 50/50/50 80/80/80 53/53/53
f 53/53/53 52/52/52 50/50/50
f 81/81/81 80/80/80 50/50/50
f 92/92/92 91/91/91 77/77/77
f 52/52/52 51/51/51 50/50/50
f 50/50/50 51/51/51 81/81/81
f 51/51/51 52/52/52 58/58/58
f 91/91/91 81/81/81 90/90/90
f 51/51/51 90/90/90 81/81/81
f 91/91/91 79/79/79 77/77/77
f 91/91/91 90/90/90 79/79/79
f 51/51/51 58/58/58 56/56/56
f 56/56/56 90/90/90 51/51/51
f 79/79/79 90/90/90 56/56/56
f 79/79/79 56/56/56 77/77/77
f 58/58/58 57/57/57 56/56/56
f 56/56/56 78/78/78 77/77/77
f 78/78/78 56/56/56 57/57/57
f 65/65/65 64/64/64 63/63/63
f 75/75/75 63/63/63 64/64/64
f 75/75/75 64/64/64 73/73/73
f 75/75/75 120/120/120 63/63/63
f 64/64/64 74/74/74 73/73/73
f 73/73/73 74/74/74 96/96/96
f 66/66/66 63/63/63 120/120/120
f 66/66/66 65/65/65 63/63/63
f 74/74/74 64/64/64 133/133/133
f 64/64/64 65/65/65 133/133/133
f 74/74/74 97/97/97 96/96/96
f 97/97/97 74/74/74 133/133/133
f 133/133/133 65/65/65 93/93/93
f 65/65/65 66/66/66 93/93/93
f 97/97/97 133/133/133 102/102/102
f 97/97/97 102/102/102 96/96/96
f 133/133/133 93/93/93 102/102/102
f 105/105/105 66/66/66 120/120/120
f 120/120/120 104/104/104 105/105/105
f 66/66/66 84/84/84 93/93/93
f 84/84/84 66/66/66 105/105/105
f 72/72/72 105/105/105 104/104/104
f 72/72/72 84/84/84 105/105/105
f 71/71/71 72/72/72 104/104/104
f 104/104/104 127/127/127 71/71/71
f 72/72/72 69/69/69 84/84/84
f 72/72/72 71/71/71 69/69/69
f 84/84/84 82/82/82 93/93/93
f 84/84/84 69/69/69 82/82/82
f 93/93/93 82/82/82 102/102/102
f 127/127/127 70/70/70 71/71/71
f 71/71/71 70/70/70 69/69/69
f 127/127/127 123/123/123 70/70/70
f 69/69/69 83/83/83 82/82/82
f 69/69/69 70/70/70 83/83/83
f 123/123/123 124/124/124 70/70/70
f 70/70/70 124/124/124 83/83/83
f 123/123/123 122/122/122 124/124/124
f 123/123/123 121/121/121 122/122/122
f 128/128/128 83/83/83 124/124/124
f 122/122/122 128/128/128 124/124/124
f 83/83/83 128/128/128 82/82/82
f 121/121/121 87/87/87 122/122/122
f 87/87/87 128/128/128 122/122/122
f 121/121/121 86/86/86 87/87/87
f 128/128/128 88/88/88 82/82/82
f 88/88/88 128/128/128 87/87/87
f 82/82/82 88/88/88 102/102/102
f 88/88/88 87/87/87 86/86/86
f 102/102/102 101/101/101 96/96/96
f 102/102/102 88/88/88 101/101/101
f 131/131/131 96/96/96 101/101/101
f 89/89/89 88/88/88 86/86/86
f 88/88/88 89/89/89 101/101/101
f 86/86/86 131/131/131 89/89/89
f 131/131/131 101/101/101 89/89/89
f 142/142/142 141/141/141 140/140/140
f 141/141/141 142/142/142 328/328/328
f 142/142/142 140/140/140 147/147/147
f 330/330/330 141/141/141 328/328/328
f 326/326/326 142/142/142 147/147/147
f 329/329/329 330/330/330 328/328/328
f 326/326/326 327/327/327 142/142/142
f 327/327/327 328/328/328 142/142/142
f 329/329/329 148/148/148 330/330/330
f 330/330/330 148/148/148 141/141/141
f 283/283/283 329/329/329 328/328/328
f 328/328/328 327/327/327 283/283/283
f 148/148/148 329/329/329 331/331/331
f 327/327/327 282/282/282 283/283/283
f 327/327/327 326/326/326 282/282/282
f 282/282/282 280/280/280 283/283/283
f 332/332/332 148/148/148 331/331/331
f 332/332/332 331/331/331 220/220/220
f 148/148/148 146/146/146 141/141/141
f 146/146/146 148/148/148 332/332/332
f 326/326/326 325/325/325 282/282/282
f 325/325/325 326/326/326 147/147/147
f 280/280/280 282/282/282 279/279/279
f 277/277/277 280/280/280 279/279/279
f 325/325/325 284/284/284 282/282/282
f 284/284/284 279/279/279 282/282/282
f 284/284/284 325/325/325 147/147/147
f 279/279/279 275/275/275 277/277/277
f 275/275/275 279/279/279 284/284/284
f 275/275/275 276/276/276 277/277/277
f 273/273/273 276/276/276 275/275/275
f 324/324/324 284/284/284 147/147/147
f 272/272/272 273/273/273 275/275/275
f 273/273/273 272/272/272 271/271/271
f 281/281/281 275/275/275 284/284/284
f 272/272/272 270/270/270 271/271/271
f 271/271/271 270/270/270 269/269/269
f 274/274/274 272/272/272 275/275/275
f 281/281/281 274/274/274 275/275/275
f 270/270/270 268/268/268 269/269/269
f 269/269/269 268/268/268 264/264/264
f 267/267/267 270/270/270 272/272/272
f 267/267/267 268/268/268 270/270/270
f 274/274/274 267/267/267 272/272/272
f 268/268/268 265/265/265 264/264/264
f 265/265/265 268/268/268 267/267/267
f 281/281/281 278/278/278 274/274/274
f 278/278/278 281/281/281 284/284/284
f 274/274/274 278/278/278 267/267/267
f 324/324/324 278/278/278 284/284/284
f 265/265/265 262/262/262 264/264/264
f 262/262/262 265/265/265 267/267/267
f 262/262/262 263/263/263 264/264/264
f 240/240/240 263/263/263 262/262/262
f 324/324/324 323/323/323 278/278/278
f 324/324/324 147/147/147 323/323/323
f 261/261/261 240/240/240 262/262/262
f 147/147/147 145/145/145 323/323/323
f 140/140/140 145/145/145 147/147/147
f 261/261/261 239/239/239 240/240/240
f 239/239/239 238/238/238 240/240/240
f 259/259/259 261/261/261 262/262/262
f 261/261/261 259/259/259 239/239/239
f 238/238/238 239/239/239 236/236/236
f 235/235/235 238/238/238 236/236/236
f 266/266/266 259/259/259 262/262/262
f 266/266/266 262/262/262 267/267/267
f 235/235/235 236/236/236 234/234/234
f 232/232/232 235/235/235 234/234/234
f 237/237/237 236/236/236 239/239/239
f 237/237/237 234/234/234 236/236/236
f 259/259/259 237/237/237 239/239/239
f 226/226/226 232/232/232 234/234/234
f 226/226/226 227/227/227 232/232/232
f 223/223/223 227/227/227 226/226/226
f 234/234/234 237/237/237 231/231/231
f 226/226/226 234/234/234 231/231/231
f 225/225/225 223/223/223 226/226/226
f 225/225/225 226/226/226 231/231/231
f 223/223/223 225/225/225 221/221/221
f 222/222/222 223/223/223 221/221/221
f 222/222/222 221/221/221 216/216/216
f 229/229/229 225/225/225 231/231/231
f 221/221/221 217/217/217 216/216/216
f 224/224/224 221/221/221 225/225/225
f 229/229/229 224/224/224 225/225/225
f 221/221/221 224/224/224 217/217/217
f 229/229/229 231/231/231 228/228/228
f 224/224/224 229/229/229 228/228/228
f 231/231/231 237/237/237 233/233/233
f 231/231/231 233/233/233 228/228/228
f 237/237/237 241/241/241 233/233/233
f 237/237/237 259/259/259 241/241/241
f 233/233/233 230/230/230 228/228/228
f 233/233/233 241/241/241 230/230/230
f 259/259/259 266/266/266 260/260/260
f 259/259/259 260/260/260 241/241/241
f 266/266/266 267/267/267 260/260/260
f 241/241/241 242/242/242 230/230/230
f 241/241/241 260/260/260 242/242/242
f 267/267/267 285/285/285 260/260/260
f 278/278/278 285/285/285 267/267/267
f 287/287/287 260/260/260 285/285/285
f 260/260/260 287/287/287 242/242/242
f 285/285/285 278/278/278 286/286/286
f 287/287/287 285/285/285 286/286/286
f 323/323/323 286/286/286 278/278/278
f 242/242/242 287/287/287 293/293/293
f 286/286/286 323/323/323 321/321/321
f 321/321/321 323/323/323 145/145/145
f 287/287/287 286/286/286 288/288/288
f 289/289/289 286/286/286 321/321/321
f 286/286/286 289/289/289 288/288/288
f 288/288/288 292/292/292 287/287/287
f 287/287/287 292/292/292 293/293/293
f 289/289/289 290/290/290 288/288/288
f 288/288/288 291/291/291 292/292/292
f 290/290/290 291/291/291 288/288/288
f 293/293/293 292/292/292 294/294/294
f 292/292/292 291/291/291 294/294/294
f 318/318/318 290/290/290 289/289/289
f 318/318/318 289/289/289 321/321/321
f 290/290/290 310/310/310 291/291/291
f 290/290/290 318/318/318 316/316/316
f 310/310/310 290/290/290 316/316/316
f 319/319/319 318/318/318 321/321/321
f 316/316/316 318/318/318 319/319/319
f 310/310/310 307/307/307 291/291/291
f 319/319/319 321/321/321 320/320/320
f 307/307/307 303/303/303 291/291/291
f 294/294/294 291/291/291 303/303/303
f 309/309/309 307/307/307 310/310/310
f 303/303/303 307/307/307 309/309/309
f 309/309/309 310/310/310 316/316/316
f 321/321/321 322/322/322 320/320/320
f 322/322/322 321/321/321 145/145/145
f 322/322/322 150/150/150 320/320/320
f 322/322/322 145/145/145 150/150/150
f 317/317/317 316/316/316 319/319/319
f 149/149/149 150/150/150 145/145/145
f 156/156/156 317/317/317 319/319/319
f 320/320/320 156/156/156 319/319/319
f 317/317/317 181/181/181 316/316/316
f 181/181/181 317/317/317 156/156/156
f 150/150/150 151/151/151 320/320/320
f 320/320/320 151/151/151 156/156/156
f 150/150/150 149/149/149 151/151/151
f 181/181/181 314/314/314 316/316/316
f 314/314/314 309/309/309 316/316/316
f 180/180/180 181/181/181 156/156/156
f 178/178/178 314/314/314 181/181/181
f 181/181/181 180/180/180 178/178/178
f 151/151/151 154/154/154 156/156/156
f 180/180/180 156/156/156 155/155/155
f 156/156/156 154/154/154 155/155/155
f 178/178/178 180/180/180 155/155/155
f 154/154/154 151/151/151 153/153/153
f 154/154/154 153/153/153 155/155/155
f 149/149/149 152/152/152 151/151/151
f 151/151/151 152/152/152 153/153/153
f 152/152/152 149/149/149 158/158/158
f 152/152/152 158/158/158 153/153/153
f 144/144/144 149/149/149 145/145/145
f 144/144/144 145/145/145 140/140/140
f 149/149/149 160/160/160 158/158/158
f 160/160/160 149/149/149 144/144/144
f 158/158/158 160/160/160 161/161/161
f 160/160/160 144/144/144 161/161/161
f 140/140/140 143/143/143 144/144/144
f 143/143/143 140/140/140 141/141/141
f 146/146/146 143/143/143 141/141/141
f 144/144/144 163/163/163 161/161/161
f 163/163/163 144/144/144 143/143/143
f 146/146/146 333/333/333 143/143/143
f 333/333/333 146/146/146 332/332/332
f 333/333/333 335/335/335 143/143/143
f 335/335/335 333/333/333 332/332/332
f 165/165/165 163/163/163 143/143/143
f 335/335/335 165/165/165 143/143/143
f 334/334/334 335/335/335 332/332/332
f 334/334/334 332/332/332 220/220/220
f 165/165/165 335/335/335 167/167/167
f 165/165/165 167/167/167 163/163/163
f 334/334/334 220/220/220 218/218/218
f 335/335/335 334/334/334 218/218/218
f 220/220/220 219/219/219 218/218/218
f 219/219/219 213/213/213 218/218/218
f 335/335/335 336/336/336 167/167/167
f 336/336/336 335/335/335 218/218/218
f 336/336/336 209/209/209 167/167/167
f 209/209/209 336/336/336 218/218/218
f 213/213/213 212/212/212 218/218/218
f 212/212/212 209/209/209 218/218/218
f 210/210/210 212/212/212 213/213/213
f 209/209/209 212/212/212 210/210/210
f 214/214/214 210/210/210 213/213/213
f 201/201/201 167/167/167 209/209/209
f 163/163/163 167/167/167 201/201/201
f 208/208/208 209/209/209 210/210/210
f 208/208/208 201/201/201 209/209/209
f 211/211/211 210/210/210 214/214/214
f 208/208/208 210/210/210 211/211/211
f 215/215/215 211/211/211 214/214/214
f 211/211/211 215/215/215 216/216/216
f 217/217/217 211/211/211 216/216/216
f 208/208/208 211/211/211 217/217/217
f 207/207/207 208/208/208 217/217/217
f 208/208/208 207/207/207 201/201/201
f 224/224/224 207/207/207 217/217/217
f 207/207/207 224/224/224 201/201/201
f 224/224/224 228/228/228 201/201/201
f 200/200/200 201/201/201 228/228/228
f 200/200/200 163/163/163 201/201/201
f 230/230/230 200/200/200 228/228/228
f 199/199/199 163/163/163 200/200/200
f 163/163/163 199/199/199 161/161/161
f 200/200/200 230/230/230 206/206/206
f 161/161/161 199/199/199 198/198/198
f 230/230/230 244/244/244 206/206/206
f 162/162/162 161/161/161 198/198/198
f 162/162/162 158/158/158 161/161/161
f 244/244/244 230/230/230 243/243/243
f 230/230/230 242/242/242 243/243/243
f 159/159/159 158/158/158 162/162/162
f 158/158/158 159/159/159 153/153/153
f 258/258/258 243/243/243 242/242/242
f 293/293/293 258/258/258 242/242/242
f 153/153/153 159/159/159 157/157/157
f 153/153/153 157/157/157 155/155/155
f 258/258/258 293/293/293 295/295/295
f 164/164/164 159/159/159 162/162/162
f 293/293/293 296/296/296 295/295/295
f 296/296/296 293/293/293 294/294/294
f 295/295/295 257/257/257 258/258/258
f 258/258/258 257/257/257 243/243/243
f 297/297/297 295/295/295 296/296/296
f 257/257/257 295/295/295 297/297/297
f 296/296/296 294/294/294 301/301/301
f 301/301/301 294/294/294 303/303/303
f 299/299/299 297/297/297 296/296/296
f 299/299/299 296/296/296 301/301/301
f 257/257/257 255/255/255 243/243/243
f 303/303/303 305/305/305 301/301/301
f 305/305/305 303/303/303 309/309/309
f 302/302/302 299/299/299 301/301/301
f 299/299/299 302/302/302 297/297/297
f 305/305/305 306/306/306 301/301/301
f 306/306/306 302/302/302 301/301/301
f 256/256/256 257/257/257 297/297/297
f 256/256/256 255/255/255 257/257/257
f 302/302/302 298/298/298 297/297/297
f 297/297/297 298/298/298 256/256/256
f 306/306/306 308/308/308 302/302/302
f 308/308/308 306/306/306 305/305/305
f 304/304/304 298/298/298 302/302/302
f 304/304/304 302/302/302 308/308/308
f 309/309/309 311/311/311 305/305/305
f 308/308/308 305/305/305 311/311/311
f 304/304/304 300/300/300 298/298/298
f 506/506/506 308/308/308 311/311/311
f 298/298/298 253/253/253 256/256/256
f 300/300/300 253/253/253 298/298/298
f 254/254/254 255/255/255 256/256/256
f 256/256/256 253/253/253 254/254/254
f 243/243/243 255/255/255 245/245/245
f 255/255/255 254/254/254 245/245/245
f 244/244/244 243/243/243 245/245/245
f 206/206/206 244/244/244 245/245/245
f 254/254/254 253/253/253 247/247/247
f 254/254/254 247/247/247 245/245/245
f 246/246/246 206/206/206 245/245/245
f 245/245/245 247/247/247 246/246/246
f 253/253/253 250/250/250 247/247/247
f 246/246/246 204/204/204 206/206/206
f 251/251/251 250/250/250 253/253/253
f 300/300/300 251/251/251 253/253/253
f 247/247/247 250/250/250 249/249/249
f 250/250/250 251/251/251 249/249/249
f 247/247/247 248/248/248 246/246/246
f 248/248/248 247/247/247 249/249/249
f 248/248/248 195/195/195 246/246/246
f 248/248/248 249/249/249 195/195/195
f 195/195/195 204/204/204 246/246/246
f 251/251/251 189/189/189 249/249/249
f 249/249/249 191/191/191 195/195/195
f 191/191/191 249/249/249 189/189/189
f 300/300/300 252/252/252 251/251/251
f 251/251/251 252/252/252 189/189/189
f 304/304/304 519/519/519 300/300/300
f 519/519/519 252/252/252 300/300/300
f 304/304/304 308/308/308 519/519/519
f 191/191/191 183/183/183 195/195/195
f 191/191/191 189/189/189 183/183/183
f 513/513/513 519/519/519 308/308/308
f 506/506/506 513/513/513 308/308/308
f 204/204/204 195/195/195 193/193/193
f 183/183/183 193/193/193 195/195/195
f 513/513/513 506/506/506 505/505/505
f 505/505/505 506/506/506 311/311/311
f 203/203/203 204/204/204 193/193/193
f 311/311/311 313/313/313 505/505/505
f 313/313/313 311/311/311 309/309/309
f 204/204/204 205/205/205 206/206/206
f 204/204/204 203/203/203 205/205/205
f 205/205/205 200/200/200 206/206/206
f 202/202/202 200/200/200 205/205/205
f 203/203/203 202/202/202 205/205/205
f 202/202/202 199/199/199 200/200/200
f 193/193/193 192/192/192 203/203/203
f 183/183/183 192/192/192 193/193/193
f 203/203/203 197/197/197 202/202/202
f 202/202/202 197/197/197 199/199/199
f 192/192/192 197/197/197 203/203/203
f 197/197/197 196/196/196 199/199/199
f 199/199/199 196/196/196 198/198/198
f 192/192/192 194/194/194 197/197/197
f 194/194/194 196/196/196 197/197/197
f 166/166/166 198/198/198 196/196/196
f 194/194/194 166/166/166 196/196/196
f 162/162/162 198/198/198 166/166/166
f 164/164/164 162/162/162 166/166/166
f 172/172/172 194/194/194 192/192/192
f 194/194/194 172/172/172 166/166/166
f 183/183/183 172/172/172 192/192/192
f 168/168/168 164/164/164 166/166/166
f 159/159/159 164/164/164 168/168/168
f 172/172/172 171/171/171 166/166/166
f 171/171/171 168/168/168 166/166/166
f 169/169/169 159/159/159 168/168/168
f 159/159/159 169/169/169 157/157/157
f 170/170/170 169/169/169 168/168/168
f 169/169/169 170/170/170 157/157/157
f 171/171/171 170/170/170 168/168/168
f 182/182/182 171/171/171 172/172/172
f 172/172/172 183/183/183 182/182/182
f 179/179/179 170/170/170 171/171/171
f 179/179/179 171/171/171 182/182/182
f 170/170/170 173/173/173 157/157/157
f 157/157/157 173/173/173 155/155/155
f 173/173/173 175/175/175 155/155/155
f 178/178/178 155/155/155 175/175/175
f 170/170/170 174/174/174 173/173/173
f 341/341/341 175/175/175 173/173/173
f 346/346/346 173/173/173 174/174/174
f 340/340/340 175/175/175 341/341/341
f 346/346/346 343/343/343 173/173/173
f 343/343/343 341/341/341 173/173/173
f 340/340/340 339/339/339 175/175/175
f 178/178/178 175/175/175 339/339/339
f 342/342/342 340/340/340 341/341/341
f 340/340/340 342/342/342 339/339/339
f 341/341/341 343/343/343 344/344/344
f 344/344/344 342/342/342 341/341/341
f 346/346/346 347/347/347 343/343/343
f 347/347/347 344/344/344 343/343/343
f 346/346/346 174/174/174 347/347/347
f 345/345/345 342/342/342 344/344/344
f 344/344/344 347/347/347 348/348/348
f 348/348/348 345/345/345 344/344/344
f 353/353/353 347/347/347 174/174/174
f 353/353/353 351/351/351 347/347/347
f 351/351/351 348/348/348 347/347/347
f 353/353/353 174/174/174 354/354/354
f 351/351/351 353/353/353 354/354/354
f 174/174/174 366/366/366 354/354/354
f 348/348/348 351/351/351 356/356/356
f 358/358/358 351/351/351 354/354/354
f 351/351/351 358/358/358 356/356/356
f 364/364/364 354/354/354 366/366/366
f 354/354/354 364/364/364 358/358/358
f 366/366/366 174/174/174 176/176/176
f 174/174/174 170/170/170 176/176/176
f 364/364/364 366/366/366 370/370/370
f 370/370/370 366/366/366 176/176/176
f 364/364/364 363/363/363 358/358/358
f 176/176/176 170/170/170 177/177/177
f 179/179/179 177/177/177 170/170/170
f 358/358/358 363/363/363 359/359/359
f 358/358/358 359/359/359 356/356/356
f 367/367/367 363/363/363 364/364/364
f 359/359/359 363/363/363 365/365/365
f 363/363/363 367/367/367 365/365/365
f 357/357/357 356/356/356 359/359/359
f 369/369/369 367/367/367 364/364/364
f 369/369/369 364/364/364 370/370/370
f 361/361/361 359/359/359 365/365/365
f 361/361/361 357/357/357 359/359/359
f 371/371/371 365/365/365 367/367/367
f 350/350/350 356/356/356 357/357/357
f 350/350/350 348/348/348 356/356/356
f 367/367/367 369/369/369 372/372/372
f 367/367/367 372/372/372 371/371/371
f 348/348/348 350/350/350 349/349/349
f 345/345/345 348/348/348 349/349/349
f 365/365/365 371/371/371 368/368/368
f 368/368/368 361/361/361 365/365/365
f 372/372/372 373/373/373 371/371/371
f 371/371/371 373/373/373 368/368/368
f 369/369/369 1178/1178/1178 372/372/372
f 1178/1178/1178 369/369/369 370/370/370
f 373/373/373 372/372/372 375/375/375
f 1178/1178/1178 375/375/375 372/372/372
f 373/373/373 374/374/374 368/368/368
f 376/376/376 373/373/373 375/375/375
f 374/374/374 373/373/373 376/376/376
f 1179/1179/1179 375/375/375 1178/1178/1178
f 375/375/375 1179/1179/1179 376/376/376
f 362/362/362 368/368/368 374/374/374
f 362/362/362 361/361/361 368/368/368
f 1317/1317/1317 374/374/374 376/376/376
f 1317/1317/1317 362/362/362 374/374/374
f 1316/1316/1316 1317/1317/1317 376/376/376
f 1317/1317/1317 1316/1316/1316 362/362/362
f 1312/1312/1312 1316/1316/1316 376/376/376
f 1179/1179/1179 1312/1312/1312 376/376/376
f 1316/1316/1316 1315/1315/1315 362/362/362
f 1315/1315/1315 1316/1316/1316 1312/1312/1312
f 362/362/362 360/360/360 361/361/361
f 357/357/357 361/361/361 360/360/360
f 355/355/355 357/357/357 360/360/360
f 355/355/355 350/350/350 357/357/357
f 350/350/350 355/355/355 352/352/352
f 355/355/355 360/360/360 352/352/352
f 349/349/349 350/350/350 352/352/352
f 377/377/377 360/360/360 362/362/362
f 360/360/360 377/377/377 352/352/352
f 378/378/378 349/349/349 352/352/352
f 349/349/349 378/378/378 345/345/345
f 379/379/379 352/352/352 377/377/377
f 379/379/379 378/378/378 352/352/352
f 382/382/382 379/379/379 377/377/377
f 378/378/378 379/379/379 382/382/382
f 387/387/387 377/377/377 362/362/362
f 378/378/378 380/380/380 345/345/345
f 345/345/345 380/380/380 342/342/342
f 388/388/388 382/382/382 377/377/377
f 387/387/387 388/388/388 377/377/377
f 380/380/380 381/381/381 342/342/342
f 381/381/381 339/339/339 342/342/342
f 1320/1320/1320 387/387/387 362/362/362
f 1315/1315/1315 1320/1320/1320 362/362/362
f 1321/1321/1321 388/388/388 387/387/387
f 1320/1320/1320 1321/1321/1321 387/387/387
f 388/388/388 385/385/385 382/382/382
f 385/385/385 378/378/378 382/382/382
f 388/388/388 1321/1321/1321 1322/1322/1322
f 1322/1322/1322 1321/1321/1321 1320/1320/1320
f 390/390/390 385/385/385 388/388/388
f 390/390/390 388/388/388 1322/1322/1322
f 385/385/385 384/384/384 378/378/378
f 384/384/384 380/380/380 378/378/378
f 389/389/389 385/385/385 390/390/390
f 385/385/385 389/389/389 384/384/384
f 390/390/390 1322/1322/1322 389/389/389
f 384/384/384 383/383/383 380/380/380
f 383/383/383 381/381/381 380/380/380
f 384/384/384 389/389/389 383/383/383
f 381/381/381 383/383/383 339/339/339
f 1319/1319/1319 1322/1322/1322 1320/1320/1320
f 1319/1319/1319 1320/1320/1320 1315/1315/1315
f 383/383/383 386/386/386 339/339/339
f 1322/1322/1322 419/419/419 389/389/389
f 339/339/339 386/386/386 338/338/338
f 389/389/389 391/391/391 383/383/383
f 391/391/391 389/389/389 419/419/419
f 338/338/338 178/178/178 339/339/339
f 392/392/392 386/386/386 383/383/383
f 391/391/391 392/392/392 383/383/383
f 338/338/338 386/386/386 392/392/392
f 1307/1307/1307 419/419/419 1322/1322/1322
f 1319/1319/1319 1307/1307/1307 1322/1322/1322
f 417/417/417 391/391/391 419/419/419
f 1307/1307/1307 1319/1319/1319 1306/1306/1306
f 1307/1307/1307 415/415/415 419/419/419
f 415/415/415 417/417/417 419/419/419
f 1307/1307/1307 1306/1306/1306 415/415/415
f 391/391/391 417/417/417 395/395/395
f 392/392/392 391/391/391 395/395/395
f 395/395/395 417/417/417 415/415/415
f 1306/1306/1306 1319/1319/1319 1318/1318/1318
f 1318/1318/1318 1319/1319/1319 1315/1315/1315
f 1309/1309/1309 1306/1306/1306 1318/1318/1318
f 1306/1306/1306 1309/1309/1309 415/415/415
f 1314/1314/1314 1318/1318/1318 1315/1315/1315
f 1318/1318/1318 1314/1314/1314 1309/1309/1309
f 1313/1313/1313 1314/1314/1314 1315/1315/1315
f 1313/1313/1313 1315/1315/1315 1312/1312/1312
f 1314/1314/1314 1310/1310/1310 1309/1309/1309
f 1310/1310/1310 1314/1314/1314 1313/1313/1313
f 1311/1311/1311 1313/1313/1313 1312/1312/1312
f 1311/1311/1311 1310/1310/1310 1313/1313/1313
f 1179/1179/1179 1311/1311/1311 1312/1312/1312
f 1309/1309/1309 1310/1310/1310 1308/1308/1308
f 1309/1309/1309 1308/1308/1308 415/415/415
f 1310/1310/1310 1311/1311/1311 1183/1183/1183
f 1308/1308/1308 1310/1310/1310 1183/1183/1183
f 1311/1311/1311 1179/1179/1179 1183/1183/1183
f 415/415/415 1308/1308/1308 1196/1196/1196
f 1308/1308/1308 1183/1183/1183 1196/1196/1196
f 1179/1179/1179 1182/1182/1182 1183/1183/1183
f 1182/1182/1182 1179/1179/1179 1178/1178/1178
f 1183/1183/1183 1182/1182/1182 1180/1180/1180
f 1182/1182/1182 1178/1178/1178 1180/1180/1180
f 1196/1196/1196 1183/1183/1183 1180/1180/1180
f 1180/1180/1180 1178/1178/1178 370/370/370
f 412/412/412 415/415/415 1196/1196/1196
f 412/412/412 395/395/395 415/415/415
f 1180/1180/1180 370/370/370 1181/1181/1181
f 370/370/370 176/176/176 1181/1181/1181
f 1196/1196/1196 1180/1180/1180 1194/1194/1194
f 1180/1180/1180 1193/1193/1193 1194/1194/1194
f 1197/1197/1197 1196/1196/1196 1194/1194/1194
f 1193/1193/1193 1180/1180/1180 1191/1191/1191
f 1196/1196/1196 1197/1197/1197 1198/1198/1198
f 1180/1180/1180 1181/1181/1181 1191/1191/1191
f 1196/1196/1196 1198/1198/1198 414/414/414
f 412/412/412 1196/1196/1196 414/414/414
f 413/413/413 412/412/412 414/414/414
f 412/412/412 413/413/413 410/410/410
f 395/395/395 412/412/412 410/410/410
f 409/409/409 395/395/395 410/410/410
f 395/395/395 409/409/409 408/408/408
f 1181/1181/1181 176/176/176 1184/1184/1184
f 393/393/393 395/395/395 408/408/408
f 393/393/393 392/392/392 395/395/395
f 338/338/338 392/392/392 393/393/393
f 1184/1184/1184 176/176/176 177/177/177
f 394/394/394 393/393/393 408/408/408
f 394/394/394 338/338/338 393/393/393
f 1185/1185/1185 1181/1181/1181 1184/1184/1184
f 1181/1181/1181 1185/1185/1185 1191/1191/1191
f 396/396/396 338/338/338 394/394/394
f 1185/1185/1185 1195/1195/1195 1191/1191/1191
f 1195/1195/1195 1199/1199/1199 1191/1191/1191
f 1201/1201/1201 1199/1199/1199 1195/1195/1195
f 338/338/338 396/396/396 337/337/337
f 338/338/338 337/337/337 178/178/178
f 1203/1203/1203 1201/1201/1201 1195/1195/1195
f 1203/1203/1203 1204/1204/1204 1201/1201/1201
f 1205/1205/1205 1204/1204/1204 1203/1203/1203
f 1200/1200/1200 1195/1195/1195 1185/1185/1185
f 1200/1200/1200 1203/1203/1203 1195/1195/1195
f 1203/1203/1203 1219/1219/1219 1205/1205/1205
f 1219/1219/1219 1220/1220/1220 1205/1205/1205
f 1218/1218/1218 1203/1203/1203 1200/1200/1200
f 1219/1219/1219 1203/1203/1203 1218/1218/1218
f 1192/1192/1192 1200/1200/1200 1185/1185/1185
f 1187/1187/1187 1192/1192/1192 1185/1185/1185
f 1187/1187/1187 1185/1185/1185 1184/1184/1184
f 1192/1192/1192 1202/1202/1202 1200/1200/1200
f 1202/1202/1202 1192/1192/1192 1187/1187/1187
f 1187/1187/1187 1184/1184/1184 1186/1186/1186
f 1184/1184/1184 177/177/177 1186/1186/1186
f 1188/1188/1188 1202/1202/1202 1187/1187/1187
f 1188/1188/1188 1187/1187/1187 1186/1186/1186
f 1202/1202/1202 1206/1206/1206 1200/1200/1200
f 177/177/177 1236/1236/1236 1186/1186/1186
f 1200/1200/1200 1206/1206/1206 1217/1217/1217
f 1218/1218/1218 1200/1200/1200 1217/1217/1217
f 1206/1206/1206 1202/1202/1202 1207/1207/1207
f 1207/1207/1207 1202/1202/1202 1188/1188/1188
f 1216/1216/1216 1217/1217/1217 1206/1206/1206
f 1218/1218/1218 1217/1217/1217 1221/1221/1221
f 1217/1217/1217 1216/1216/1216 1221/1221/1221
f 1222/1222/1222 1218/1218/1218 1221/1221/1221
f 1222/1222/1222 1219/1219/1219 1218/1218/1218
f 1210/1210/1210 1216/1216/1216 1206/1206/1206
f 1210/1210/1210 1206/1206/1206 1207/1207/1207
f 1222/1222/1222 1221/1221/1221 1224/1224/1224
f 1219/1219/1219 1222/1222/1222 1224/1224/1224
f 1216/1216/1216 1225/1225/1225 1221/1221/1221
f 1221/1221/1221 1226/1226/1226 1224/1224/1224
f 1226/1226/1226 1221/1221/1221 1225/1225/1225
f 1223/1223/1223 1225/1225/1225 1216/1216/1216
f 1224/1224/1224 1226/1226/1226 1250/1250/1250
f 1227/1227/1227 1226/1226/1226 1225/1225/1225
f 1227/1227/1227 1225/1225/1225 1223/1223/1223
f 1226/1226/1226 1247/1247/1247 1250/1250/1250
f 1247/1247/1247 1226/1226/1226 1227/1227/1227
f 830/830/830 1224/1224/1224 1250/1250/1250
f 830/830/830 1219/1219/1219 1224/1224/1224
f 1250/1250/1250 1247/1247/1247 1252/1252/1252
f 830/830/830 1250/1250/1250 1252/1252/1252
f 1227/1227/1227 1246/1246/1246 1247/1247/1247
f 1247/1247/1247 1249/1249/1249 1252/1252/1252
f 1247/1247/1247 1246/1246/1246 1249/1249/1249
f 1227/1227/1227 1229/1229/1229 1246/1246/1246
f 1229/1229/1229 1227/1227/1227 1223/1223/1223
f 1246/1246/1246 1245/1245/1245 1249/1249/1249
f 1245/1245/1245 1246/1246/1246 1229/1229/1229
f 1249/1249/1249 1251/1251/1251 1252/1252/1252
f 1249/1249/1249 1245/1245/1245 1251/1251/1251
f 1215/1215/1215 1223/1223/1223 1216/1216/1216
f 1215/1215/1215 1216/1216/1216 1210/1210/1210
f 1229/1229/1229 1223/1223/1223 1228/1228/1228
f 1223/1223/1223 1215/1215/1215 1228/1228/1228
f 1213/1213/1213 1215/1215/1215 1210/1210/1210
f 1228/1228/1228 1215/1215/1215 1212/1212/1212
f 1215/1215/1215 1213/1213/1213 1212/1212/1212
f 1213/1213/1213 1210/1210/1210 1211/1211/1211
f 1212/1212/1212 1213/1213/1213 1211/1211/1211
f 1210/1210/1210 1207/1207/1207 1211/1211/1211
f 1229/1229/1229 1228/1228/1228 1231/1231/1231
f 1231/1231/1231 1228/1228/1228 1212/1212/1212
f 1209/1209/1209 1211/1211/1211 1207/1207/1207
f 1209/1209/1209 1212/1212/1212 1211/1211/1211
f 1244/1244/1244 1245/1245/1245 1229/1229/1229
f 1244/1244/1244 1229/1229/1229 1231/1231/1231
f 1208/1208/1208 1209/1209/1209 1207/1207/1207
f 1208/1208/1208 1207/1207/1207 1188/1188/1188
f 1245/1245/1245 1244/1244/1244 1248/1248/1248
f 1245/1245/1245 1248/1248/1248 1251/1251/1251
f 1190/1190/1190 1208/1208/1208 1188/1188/1188
f 1209/1209/1209 1208/1208/1208 1190/1190/1190
f 1251/1251/1251 1248/1248/1248 1379/1379/1379
f 1190/1190/1190 1188/1188/1188 1189/1189/1189
f 1189/1189/1189 1188/1188/1188 1186/1186/1186
f 1248/1248/1248 1244/1244/1244 1378/1378/1378
f 1248/1248/1248 1378/1378/1378 1379/1379/1379
f 1235/1235/1235 1189/1189/1189 1186/1186/1186
f 1236/1236/1236 1235/1235/1235 1186/1186/1186
f 1189/1189/1189 1232/1232/1232 1190/1190/1190
f 1236/1236/1236 1238/1238/1238 1235/1235/1235
f 1236/1236/1236 177/177/177 1238/1238/1238
f 1232/1232/1232 1214/1214/1214 1190/1190/1190
f 1214/1214/1214 1209/1209/1209 1190/1190/1190
f 1233/1233/1233 1232/1232/1232 1189/1189/1189
f 1235/1235/1235 1233/1233/1233 1189/1189/1189
f 1232/1232/1232 1233/1233/1233 1214/1214/1214
f 1230/1230/1230 1212/1212/1212 1209/1209/1209
f 1214/1214/1214 1230/1230/1230 1209/1209/1209
f 1231/1231/1231 1212/1212/1212 1230/1230/1230
f 1233/1233/1233 1234/1234/1234 1214/1214/1214
f 1214/1214/1214 1234/1234/1234 1230/1230/1230
f 1235/1235/1235 1237/1237/1237 1233/1233/1233
f 1238/1238/1238 1237/1237/1237 1235/1235/1235
f 1234/1234/1234 1240/1240/1240 1230/1230/1230
f 1230/1230/1230 1240/1240/1240 1231/1231/1231
f 1233/1233/1233 1239/1239/1239 1234/1234/1234
f 1239/1239/1239 1240/1240/1240 1234/1234/1234
f 1237/1237/1237 1239/1239/1239 1233/1233/1233
f 1240/1240/1240 1242/1242/1242 1231/1231/1231
f 1240/1240/1240 1239/1239/1239 1242/1242/1242
f 1380/1380/1380 1244/1244/1244 1231/1231/1231
f 1242/1242/1242 1380/1380/1380 1231/1231/1231
f 1244/1244/1244 1380/1380/1380 1378/1378/1378
f 1378/1378/1378 1380/1380/1380 1242/1242/1242
f 1239/1239/1239 1243/1243/1243 1242/1242/1242
f 1243/1243/1243 1378/1378/1378 1242/1242/1242
f 1239/1239/1239 1241/1241/1241 1243/1243/1243
f 1378/1378/1378 1243/1243/1243 1241/1241/1241
f 1237/1237/1237 1241/1241/1241 1239/1239/1239
f 1379/1379/1379 1378/1378/1378 1241/1241/1241
f 1373/1373/1373 1241/1241/1241 1237/1237/1237
f 1379/1379/1379 1241/1241/1241 1373/1373/1373
f 1238/1238/1238 1373/1373/1373 1237/1237/1237
f 177/177/177 1371/1371/1371 1238/1238/1238
f 1238/1238/1238 1371/1371/1371 1373/1373/1373
f 1371/1371/1371 177/177/177 179/179/179
f 1374/1374/1374 1371/1371/1371 179/179/179
f 1371/1371/1371 1374/1374/1374 1373/1373/1373
f 1375/1375/1375 1374/1374/1374 179/179/179
f 1374/1374/1374 1375/1375/1375 1373/1373/1373
f 1375/1375/1375 179/179/179 182/182/182
f 1375/1375/1375 1376/1376/1376 1373/1373/1373
f 182/182/182 1376/1376/1376 1375/1375/1375
f 1377/1377/1377 1379/1379/1379 1373/1373/1373
f 1377/1377/1377 1373/1373/1373 1376/1376/1376
f 1379/1379/1379 1377/1377/1377 1253/1253/1253
f 1251/1251/1251 1379/1379/1379 1253/1253/1253
f 1251/1251/1251 1253/1253/1253 1252/1252/1252
f 1381/1381/1381 1377/1377/1377 1376/1376/1376
f 1377/1377/1377 1381/1381/1381 1253/1253/1253
f 1376/1376/1376 182/182/182 1381/1381/1381
f 1253/1253/1253 829/829/829 1252/1252/1252
f 1381/1381/1381 829/829/829 1253/1253/1253
f 829/829/829 830/830/830 1252/1252/1252
f 823/823/823 829/829/829 1381/1381/1381
f 829/829/829 827/827/827 830/830/830
f 823/823/823 827/827/827 829/829/829
f 182/182/182 1372/1372/1372 1381/1381/1381
f 1372/1372/1372 823/823/823 1381/1381/1381
f 827/827/827 837/837/837 830/830/830
f 1219/1219/1219 830/830/830 837/837/837
f 820/820/820 823/823/823 1372/1372/1372
f 837/837/837 1255/1255/1255 1219/1219/1219
f 1255/1255/1255 1220/1220/1220 1219/1219/1219
f 1220/1220/1220 1255/1255/1255 1256/1256/1256
f 820/820/820 821/821/821 823/823/823
f 823/823/823 821/821/821 827/827/827
f 1255/1255/1255 1276/1276/1276 1256/1256/1256
f 1256/1256/1256 1276/1276/1276 1277/1277/1277
f 837/837/837 1254/1254/1254 1255/1255/1255
f 1276/1276/1276 988/988/988 1277/1277/1277
f 989/989/989 1277/1277/1277 988/988/988
f 832/832/832 837/837/837 827/827/827
f 832/832/832 1254/1254/1254 837/837/837
f 821/821/821 826/826/826 827/827/827
f 831/831/831 832/832/832 827/827/827
f 826/826/826 825/825/825 827/827/827
f 825/825/825 831/831/831 827/827/827
f 818/818/818 826/826/826 821/821/821
f 826/826/826 818/818/818 825/825/825
f 831/831/831 824/824/824 832/832/832
f 824/824/824 831/831/831 825/825/825
f 818/818/818 822/822/822 825/825/825
f 822/822/822 824/824/824 825/825/825
f 819/819/819 818/818/818 821/821/821
f 824/824/824 822/822/822 817/817/817
f 822/822/822 818/818/818 817/817/817
f 813/813/813 819/819/819 821/821/821
f 820/820/820 813/813/813 821/821/821
f 819/819/819 811/811/811 818/818/818
f 811/811/811 819/819/819 813/813/813
f 818/818/818 815/815/815 817/817/817
f 811/811/811 815/815/815 818/818/818
f 815/815/815 788/788/788 817/817/817
f 815/815/815 811/811/811 788/788/788
f 816/816/816 813/813/813 820/820/820
f 812/812/812 811/811/811 813/813/813
f 814/814/814 816/816/816 820/820/820
f 816/816/816 809/809/809 813/813/813
f 809/809/809 812/812/812 813/813/813
f 816/816/816 814/814/814 809/809/809
f 812/812/812 808/808/808 811/811/811
f 812/812/812 809/809/809 808/808/808
f 811/811/811 787/787/787 788/788/788
f 808/808/808 787/787/787 811/811/811
f 1382/1382/1382 814/814/814 820/820/820
f 1382/1382/1382 820/820/820 1372/1372/1372
f 809/809/809 803/803/803 808/808/808
f 1383/1383/1383 814/814/814 1382/1382/1382
f 786/786/786 808/808/808 803/803/803
f 808/808/808 786/786/786 787/787/787
f 814/814/814 810/810/810 809/809/809
f 807/807/807 803/803/803 809/809/809
f 810/810/810 807/807/807 809/809/809
f 1383/1383/1383 1385/1385/1385 814/814/814
f 1385/1385/1385 810/810/810 814/814/814
f 1386/1386/1386 1383/1383/1383 1382/1382/1382
f 1385/1385/1385 1383/1383/1383 1386/1386/1386
f 807/807/807 810/810/810 806/806/806
f 810/810/810 1385/1385/1385 806/806/806
f 803/803/803 807/807/807 798/798/798
f 798/798/798 807/807/807 806/806/806
f 801/801/801 786/786/786 803/803/803
f 801/801/801 803/803/803 798/798/798
f 1372/1372/1372 1384/1384/1384 1382/1382/1382
f 1384/1384/1384 1386/1386/1386 1382/1382/1382
f 789/789/789 801/801/801 798/798/798
f 801/801/801 789/789/789 786/786/786
f 1388/1388/1388 1385/1385/1385 1386/1386/1386
f 1388/1388/1388 1387/1387/1387 1385/1385/1385
f 1387/1387/1387 806/806/806 1385/1385/1385
f 1389/1389/1389 1388/1388/1388 1386/1386/1386
f 1388/1388/1388 1389/1389/1389 1387/1387/1387
f 1384/1384/1384 1390/1390/1390 1386/1386/1386
f 1390/1390/1390 1389/1389/1389 1386/1386/1386
f 806/806/806 1387/1387/1387 804/804/804
f 1389/1389/1389 1390/1390/1390 1393/1393/1393
f 1393/1393/1393 1390/1390/1390 1384/1384/1384
f 1389/1389/1389 1391/1391/1391 1387/1387/1387
f 1387/1387/1387 1391/1391/1391 804/804/804
f 805/805/805 798/798/798 806/806/806
f 805/805/805 806/806/806 804/804/804
f 1391/1391/1391 1389/1389/1389 1394/1394/1394
f 1394/1394/1394 1389/1389/1389 1393/1393/1393
f 805/805/805 797/797/797 798/798/798
f 805/805/805 804/804/804 797/797/797
f 797/797/797 795/795/795 798/798/798
f 795/795/795 789/789/789 798/798/798
f 804/804/804 800/800/800 797/797/797
f 795/795/795 791/791/791 789/789/789
f 797/797/797 794/794/794 795/795/795
f 794/794/794 791/791/791 795/795/795
f 800/800/800 796/796/796 797/797/797
f 796/796/796 794/794/794 797/797/797
f 802/802/802 800/800/800 804/804/804
f 796/796/796 800/800/800 799/799/799
f 800/800/800 802/802/802 799/799/799
f 1391/1391/1391 1392/1392/1392 804/804/804
f 1392/1392/1392 802/802/802 804/804/804
f 1392/1392/1392 1391/1391/1391 1395/1395/1395
f 1392/1392/1392 1395/1395/1395 802/802/802
f 1396/1396/1396 1391/1391/1391 1394/1394/1394
f 1391/1391/1391 1396/1396/1396 1395/1395/1395
f 1394/1394/1394 1397/1397/1397 1396/1396/1396
f 1397/1397/1397 1394/1394/1394 1393/1393/1393
f 1395/1395/1395 1396/1396/1396 1398/1398/1398
f 1397/1397/1397 1398/1398/1398 1396/1396/1396
f 1395/1395/1395 1399/1399/1399 802/802/802
f 1399/1399/1399 1400/1400/1400 802/802/802
f 1400/1400/1400 799/799/799 802/802/802
f 1399/1399/1399 1395/1395/1395 1401/1401/1401
f 1399/1399/1399 1401/1401/1401 1400/1400/1400
f 1402/1402/1402 1395/1395/1395 1398/1398/1398
f 1395/1395/1395 1402/1402/1402 1401/1401/1401
f 1404/1404/1404 1402/1402/1402 1398/1398/1398
f 1402/1402/1402 1404/1404/1404 1401/1401/1401
f 1398/1398/1398 1397/1397/1397 1446/1446/1446
f 1401/1401/1401 1403/1403/1403 1400/1400/1400
f 1445/1445/1445 1398/1398/1398 1446/1446/1446
f 1445/1445/1445 1404/1404/1404 1398/1398/1398
f 745/745/745 1400/1400/1400 1403/1403/1403
f 799/799/799 1400/1400/1400 745/745/745
f 1406/1406/1406 1403/1403/1403 1401/1401/1401
f 743/743/743 799/799/799 745/745/745
f 1410/1410/1410 1406/1406/1406 1401/1401/1401
f 1404/1404/1404 1410/1410/1410 1401/1401/1401
f 742/742/742 796/796/796 799/799/799
f 743/743/743 742/742/742 799/799/799
f 794/794/794 796/796/796 742/742/742
f 1406/1406/1406 1410/1410/1410 1411/1411/1411
f 751/751/751 794/794/794 742/742/742
f 1403/1403/1403 1406/1406/1406 1408/1408/1408
f 1406/1406/1406 1411/1411/1411 1408/1408/1408
f 1405/1405/1405 745/745/745 1403/1403/1403
f 1405/1405/1405 1403/1403/1403 1408/1408/1408
f 743/743/743 745/745/745 734/734/734
f 734/734/734 745/745/745 1405/1405/1405
f 743/743/743 740/740/740 742/742/742
f 740/740/740 743/743/743 734/734/734
f 740/740/740 738/738/738 742/742/742
f 1405/1405/1405 1408/1408/1408 1407/1407/1407
f 738/738/738 741/741/741 742/742/742
f 741/741/741 751/751/751 742/742/742
f 738/738/738 740/740/740 727/727/727
f 727/727/727 740/740/740 734/734/734
f 738/738/738 736/736/736 741/741/741
f 736/736/736 738/738/738 727/727/727
f 735/735/735 734/734/734 1405/1405/1405
f 735/735/735 1405/1405/1405 1407/1407/1407
f 731/731/731 727/727/727 734/734/734
f 1409/1409/1409 1407/1407/1407 1408/1408/1408
f 731/731/731 734/734/734 730/730/730
f 734/734/734 735/735/735 730/730/730
f 1412/1412/1412 1409/1409/1409 1408/1408/1408
f 1411/1411/1411 1412/1412/1412 1408/1408/1408
f 735/735/735 1407/1407/1407 737/737/737
f 737/737/737 1407/1407/1407 1409/1409/1409
f 1412/1412/1412 1411/1411/1411 1413/1413/1413
f 1412/1412/1412 1413/1413/1413 1409/1409/1409
f 616/616/616 735/735/735 737/737/737
f 730/730/730 735/735/735 616/616/616
f 1413/1413/1413 1414/1414/1414 1409/1409/1409
f 733/733/733 730/730/730 616/616/616
f 1414/1414/1414 592/592/592 1409/1409/1409
f 592/592/592 737/737/737 1409/1409/1409
f 1415/1415/1415 1414/1414/1414 1413/1413/1413
f 592/592/592 1414/1414/1414 1415/1415/1415
f 1411/1411/1411 1417/1417/1417 1413/1413/1413
f 1418/1418/1418 592/592/592 1415/1415/1415
f 1417/1417/1417 1419/1419/1419 1413/1413/1413
f 1421/1421/1421 1415/1415/1415 1413/1413/1413
f 1421/1421/1421 1413/1413/1413 1419/1419/1419
f 1418/1418/1418 1415/1415/1415 1422/1422/1422
f 1415/1415/1415 1421/1421/1421 1422/1422/1422
f 1417/1417/1417 1423/1423/1423 1419/1419/1419
f 1419/1419/1419 1424/1424/1424 1421/1421/1421
f 1423/1423/1423 1424/1424/1424 1419/1419/1419
f 1417/1417/1417 1411/1411/1411 1416/1416/1416
f 1423/1423/1423 1417/1417/1417 1416/1416/1416
f 1410/1410/1410 1416/1416/1416 1411/1411/1411
f 1410/1410/1410 1404/1404/1404 1416/1416/1416
f 1423/1423/1423 1427/1427/1427 1424/1424/1424
f 1423/1423/1423 1416/1416/1416 1427/1427/1427
f 1424/1424/1424 1426/1426/1426 1421/1421/1421
f 1421/1421/1421 1426/1426/1426 1422/1422/1422
f 1427/1427/1427 1428/1428/1428 1424/1424/1424
f 1424/1424/1424 1428/1428/1428 1426/1426/1426
f 1432/1432/1432 1428/1428/1428 1427/1427/1427
f 1426/1426/1426 1428/1428/1428 1432/1432/1432
f 1427/1427/1427 1416/1416/1416 1442/1442/1442
f 1442/1442/1442 1432/1432/1432 1427/1427/1427
f 1404/1404/1404 1443/1443/1443 1416/1416/1416
f 1416/1416/1416 1358/1358/1358 1442/1442/1442
f 1443/1443/1443 1404/1404/1404 1444/1444/1444
f 1404/1404/1404 1445/1445/1445 1444/1444/1444
f 1443/1443/1443 1359/1359/1359 1416/1416/1416
f 1359/1359/1359 1358/1358/1358 1416/1416/1416
f 1443/1443/1443 1444/1444/1444 1366/1366/1366
f 1359/1359/1359 1443/1443/1443 1366/1366/1366
f 1370/1370/1370 1444/1444/1444 1445/1445/1445
f 1366/1366/1366 1444/1444/1444 1370/1370/1370
f 1446/1446/1446 1370/1370/1370 1445/1445/1445
f 1366/1366/1366 1360/1360/1360 1359/1359/1359
f 1370/1370/1370 1446/1446/1446 1447/1447/1447
f 1446/1446/1446 1397/1397/1397 1447/1447/1447
f 1364/1364/1364 1366/1366/1366 1370/1370/1370
f 1360/1360/1360 1366/1366/1366 1364/1364/1364
f 1397/1397/1397 1448/1448/1448 1447/1447/1447
f 1448/1448/1448 1397/1397/1397 1393/1393/1393
f 1364/1364/1364 1370/1370/1370 1367/1367/1367
f 1367/1367/1367 1370/1370/1370 1447/1447/1447
f 1448/1448/1448 1393/1393/1393 1450/1450/1450
f 1447/1447/1447 1448/1448/1448 1450/1450/1450
f 1451/1451/1451 1450/1450/1450 1393/1393/1393
f 1451/1451/1451 1393/1393/1393 1384/1384/1384
f 1449/1449/1449 1447/1447/1447 1450/1450/1450
f 1368/1368/1368 1451/1451/1451 1384/1384/1384
f 1450/1450/1450 1451/1451/1451 1368/1368/1368
f 1449/1449/1449 1450/1450/1450 1368/1368/1368
f 1368/1368/1368 1384/1384/1384 1372/1372/1372
f 1447/1447/1447 1449/1449/1449 1369/1369/1369
f 1367/1367/1367 1447/1447/1447 1369/1369/1369
f 1369/1369/1369 1449/1449/1449 1368/1368/1368
f 1368/1368/1368 1372/1372/1372 182/182/182
f 1367/1367/1367 1369/1369/1369 1363/1363/1363
f 1363/1363/1363 1364/1364/1364 1367/1367/1367
f 1365/1365/1365 1369/1369/1369 1368/1368/1368
f 1369/1369/1369 1365/1365/1365 1363/1363/1363
f 182/182/182 1331/1331/1331 1368/1368/1368
f 1331/1331/1331 1365/1365/1365 1368/1368/1368
f 1362/1362/1362 1364/1364/1364 1363/1363/1363
f 1362/1362/1362 1360/1360/1360 1364/1364/1364
f 1363/1363/1363 1365/1365/1365 1333/1333/1333
f 1333/1333/1333 1365/1365/1365 1331/1331/1331
f 1354/1354/1354 1362/1362/1362 1363/1363/1363
f 1362/1362/1362 1354/1354/1354 1360/1360/1360
f 1361/1361/1361 1363/1363/1363 1333/1333/1333
f 1361/1361/1361 1354/1354/1354 1363/1363/1363
f 1334/1334/1334 1361/1361/1361 1333/1333/1333
f 1354/1354/1354 1361/1361/1361 1334/1334/1334
f 1331/1331/1331 1332/1332/1332 1333/1333/1333
f 1332/1332/1332 1334/1334/1334 1333/1333/1333
f 1354/1354/1354 1352/1352/1352 1360/1360/1360
f 1360/1360/1360 1352/1352/1352 1359/1359/1359
f 1351/1351/1351 1354/1354/1354 1334/1334/1334
f 1352/1352/1352 1354/1354/1354 1351/1351/1351
f 1332/1332/1332 1330/1330/1330 1334/1334/1334
f 1330/1330/1330 1332/1332/1332 1331/1331/1331
f 1352/1352/1352 1353/1353/1353 1359/1359/1359
f 1358/1358/1358 1359/1359/1359 1353/1353/1353
f 1350/1350/1350 1352/1352/1352 1351/1351/1351
f 184/184/184 1331/1331/1331 182/182/182
f 183/183/183 184/184/184 182/182/182
f 1336/1336/1336 1351/1351/1351 1334/1334/1334
f 1351/1351/1351 1336/1336/1336 1350/1350/1350
f 184/184/184 1328/1328/1328 1331/1331/1331
f 1328/1328/1328 1330/1330/1330 1331/1331/1331
f 1335/1335/1335 1336/1336/1336 1334/1334/1334
f 1330/1330/1330 1335/1335/1335 1334/1334/1334
f 1352/1352/1352 1350/1350/1350 1348/1348/1348
f 1353/1353/1353 1352/1352/1352 1348/1348/1348
f 1329/1329/1329 1335/1335/1335 1330/1330/1330
f 1335/1335/1335 1329/1329/1329 1336/1336/1336
f 1328/1328/1328 1327/1327/1327 1330/1330/1330
f 1327/1327/1327 1329/1329/1329 1330/1330/1330
f 1336/1336/1336 1340/1340/1340 1350/1350/1350
f 1348/1348/1348 1350/1350/1350 1340/1340/1340
f 1329/1329/1329 1337/1337/1337 1336/1336/1336
f 1340/1340/1340 1336/1336/1336 1337/1337/1337
f 1329/1329/1329 1327/1327/1327 553/553/553
f 554/554/554 1337/1337/1337 1329/1329/1329
f 553/553/553 554/554/554 1329/1329/1329
f 1338/1338/1338 1340/1340/1340 1337/1337/1337
f 1325/1325/1325 553/553/553 1327/1327/1327
f 570/570/570 1338/1338/1338 1337/1337/1337
f 554/554/554 570/570/570 1337/1337/1337
f 1340/1340/1340 1338/1338/1338 1339/1339/1339
f 1338/1338/1338 570/570/570 1339/1339/1339
f 554/554/554 553/553/553 550/550/550
f 570/570/570 554/554/554 550/550/550
f 1325/1325/1325 550/550/550 553/553/553
f 1347/1347/1347 1340/1340/1340 1339/1339/1339
f 1347/1347/1347 1348/1348/1348 1340/1340/1340
f 1343/1343/1343 1347/1347/1347 1339/1339/1339
f 1347/1347/1347 1343/1343/1343 1348/1348/1348
f 1341/1341/1341 1339/1339/1339 570/570/570
f 1341/1341/1341 1343/1343/1343 1339/1339/1339
f 1343/1343/1343 1349/1349/1349 1348/1348/1348
f 1348/1348/1348 1349/1349/1349 1353/1353/1353
f 1345/1345/1345 1343/1343/1343 1341/1341/1341
f 1345/1345/1345 1349/1349/1349 1343/1343/1343
f 1349/1349/1349 1355/1355/1355 1353/1353/1353
f 1349/1349/1349 1345/1345/1345 1355/1355/1355
f 1355/1355/1355 1358/1358/1358 1353/1353/1353
f 1342/1342/1342 1345/1345/1345 1341/1341/1341
f 1341/1341/1341 570/570/570 1342/1342/1342
f 1345/1345/1345 1356/1356/1356 1355/1355/1355
f 1355/1355/1355 1357/1357/1357 1358/1358/1358
f 1356/1356/1356 1357/1357/1357 1355/1355/1355
f 1357/1357/1357 1442/1442/1442 1358/1358/1358
f 1346/1346/1346 1356/1356/1356 1345/1345/1345
f 1346/1346/1346 1345/1345/1345 1342/1342/1342
f 1356/1356/1356 1346/1346/1346 1357/1357/1357
f 1432/1432/1432 1442/1442/1442 1357/1357/1357
f 1344/1344/1344 1346/1346/1346 1342/1342/1342
f 1346/1346/1346 1441/1441/1441 1357/1357/1357
f 1344/1344/1344 1342/1342/1342 571/571/571
f 570/570/570 571/571/571 1342/1342/1342
f 1441/1441/1441 1440/1440/1440 1357/1357/1357
f 1432/1432/1432 1357/1357/1357 1440/1440/1440
f 1439/1439/1439 1441/1441/1441 1346/1346/1346
f 1344/1344/1344 1439/1439/1439 1346/1346/1346
f 1441/1441/1441 1439/1439/1439 1440/1440/1440
f 574/574/574 1344/1344/1344 571/571/571
f 1344/1344/1344 574/574/574 1439/1439/1439
f 571/571/571 570/570/570 568/568/568
f 570/570/570 550/550/550 568/568/568
f 569/569/569 574/574/574 571/571/571
f 568/568/568 569/569/569 571/571/571
f 574/574/574 1437/1437/1437 1439/1439/1439
f 568/568/568 567/567/567 569/569/569
f 568/568/568 550/550/550 567/567/567
f 1439/1439/1439 1438/1438/1438 1440/1440/1440
f 1439/1439/1439 1437/1437/1437 1438/1438/1438
f 1438/1438/1438 1436/1436/1436 1440/1440/1440
f 1436/1436/1436 1432/1432/1432 1440/1440/1440
f 1437/1437/1437 1435/1435/1435 1438/1438/1438
f 1436/1436/1436 1438/1438/1438 1435/1435/1435
f 1437/1437/1437 574/574/574 572/572/572
f 574/574/574 569/569/569 572/572/572
f 1435/1435/1435 1437/1437/1437 572/572/572
f 1436/1436/1436 1430/1430/1430 1432/1432/1432
f 1430/1430/1430 1426/1426/1426 1432/1432/1432
f 1434/1434/1434 1436/1436/1436 1435/1435/1435
f 1430/1430/1430 1436/1436/1436 1434/1434/1434
f 1426/1426/1426 1430/1430/1430 1429/1429/1429
f 1429/1429/1429 1430/1430/1430 1434/1434/1434
f 1422/1422/1422 1426/1426/1426 1429/1429/1429
f 1434/1434/1434 1435/1435/1435 1431/1431/1431
f 1434/1434/1434 1431/1431/1431 1429/1429/1429
f 1433/1433/1433 1435/1435/1435 572/572/572
f 1435/1435/1435 1433/1433/1433 1431/1431/1431
f 1422/1422/1422 1429/1429/1429 1425/1425/1425
f 1431/1431/1431 1425/1425/1425 1429/1429/1429
f 575/575/575 1433/1433/1433 572/572/572
f 1431/1431/1431 1433/1433/1433 575/575/575
f 1420/1420/1420 1422/1422/1422 1425/1425/1425
f 1420/1420/1420 1418/1418/1418 1422/1422/1422
f 1425/1425/1425 1431/1431/1431 580/580/580
f 580/580/580 1431/1431/1431 575/575/575
f 1425/1425/1425 583/583/583 1420/1420/1420
f 583/583/583 1425/1425/1425 580/580/580
f 588/588/588 1418/1418/1418 1420/1420/1420
f 1418/1418/1418 588/588/588 592/592/592
f 583/583/583 585/585/585 1420/1420/1420
f 585/585/585 588/588/588 1420/1420/1420
f 583/583/583 580/580/580 582/582/582
f 583/583/583 582/582/582 585/585/585
f 588/588/588 591/591/591 592/592/592
f 585/585/585 584/584/584 588/588/588
f 591/591/591 588/588/588 584/584/584
f 582/582/582 584/584/584 585/585/585
f 591/591/591 590/590/590 592/592/592
f 590/590/590 591/591/591 584/584/584
f 590/590/590 737/737/737 592/592/592
f 580/580/580 577/577/577 582/582/582
f 580/580/580 575/575/575 577/577/577
f 739/739/739 737/737/737 590/590/590
f 575/575/575 576/576/576 577/577/577
f 739/739/739 590/590/590 589/589/589
f 589/589/589 590/590/590 584/584/584
f 739/739/739 594/594/594 737/737/737
f 594/594/594 739/739/739 589/589/589
f 594/594/594 616/616/616 737/737/737
f 584/584/584 582/582/582 581/581/581
f 616/616/616 594/594/594 615/615/615
f 733/733/733 616/616/616 615/615/615
f 581/581/581 582/582/582 578/578/578
f 582/582/582 577/577/577 578/578/578
f 584/584/584 581/581/581 586/586/586
f 589/589/589 584/584/584 586/586/586
f 581/581/581 578/578/578 579/579/579
f 586/586/586 581/581/581 579/579/579
f 578/578/578 565/565/565 579/579/579
f 587/587/587 586/586/586 579/579/579
f 578/578/578 564/564/564 565/565/565
f 578/578/578 577/577/577 564/564/564
f 577/577/577 576/576/576 564/564/564
f 564/564/564 562/562/562 565/565/565
f 576/576/576 563/563/563 564/564/564
f 576/576/576 575/575/575 563/563/563
f 562/562/562 564/564/564 560/560/560
f 563/563/563 560/560/560 564/564/564
f 561/561/561 562/562/562 560/560/560
f 561/561/561 560/560/560 556/556/556
f 575/575/575 573/573/573 563/563/563
f 573/573/573 575/575/575 572/572/572
f 560/560/560 558/558/558 556/556/556
f 560/560/560 563/563/563 558/558/558
f 573/573/573 572/572/572 566/566/566
f 573/573/573 566/566/566 563/563/563
f 572/572/572 569/569/569 566/566/566
f 567/567/567 566/566/566 569/569/569
f 563/563/563 559/559/559 558/558/558
f 566/566/566 559/559/559 563/563/563
f 556/556/556 558/558/558 555/555/555
f 555/555/555 558/558/558 559/559/559
f 548/548/548 556/556/556 555/555/555
f 559/559/559 566/566/566 557/557/557
f 566/566/566 567/567/567 557/557/557
f 557/557/557 555/555/555 559/559/559
f 555/555/555 547/547/547 548/548/548
f 547/547/547 536/536/536 548/548/548
f 557/557/557 551/551/551 555/555/555
f 551/551/551 547/547/547 555/555/555
f 557/557/557 567/567/567 552/552/552
f 551/551/551 557/557/557 552/552/552
f 550/550/550 552/552/552 567/567/567
f 551/551/551 546/546/546 547/547/547
f 536/536/536 547/547/547 546/546/546
f 545/545/545 551/551/551 552/552/552
f 551/551/551 545/545/545 546/546/546
f 536/536/536 546/546/546 544/544/544
f 545/545/545 544/544/544 546/546/546
f 544/544/544 534/534/534 536/536/536
f 544/544/544 545/545/545 534/534/534
f 534/534/534 532/532/532 536/536/536
f 549/549/549 545/545/545 552/552/552
f 549/549/549 552/552/552 550/550/550
f 549/549/549 543/543/543 545/545/545
f 543/543/543 549/549/549 550/550/550
f 545/545/545 542/542/542 534/534/534
f 543/543/543 542/542/542 545/545/545
f 542/542/542 538/538/538 534/534/534
f 543/543/543 538/538/538 542/542/542
f 534/534/534 533/533/533 532/532/532
f 543/543/543 541/541/541 538/538/538
f 535/535/535 533/533/533 534/534/534
f 538/538/538 535/535/535 534/534/534
f 540/540/540 541/541/541 543/543/543
f 540/540/540 543/543/543 550/550/550
f 538/538/538 541/541/541 537/537/537
f 535/535/535 538/538/538 537/537/537
f 537/537/537 541/541/541 540/540/540
f 532/532/532 533/533/533 1128/1128/1128
f 1129/1129/1129 532/532/532 1128/1128/1128
f 1129/1129/1129 1128/1128/1128 1126/1126/1126
f 533/533/533 535/535/535 1134/1134/1134
f 1128/1128/1128 533/533/533 1134/1134/1134
f 535/535/535 537/537/537 531/531/531
f 535/535/535 531/531/531 1134/1134/1134
f 1128/1128/1128 1125/1125/1125 1126/1126/1126
f 1121/1121/1121 1126/1126/1126 1125/1125/1125
f 1135/1135/1135 1128/1128/1128 1134/1134/1134
f 1120/1120/1120 1121/1121/1121 1125/1125/1125
f 1118/1118/1118 1121/1121/1121 1120/1120/1120
f 1125/1125/1125 1128/1128/1128 1130/1130/1130
f 1128/1128/1128 1135/1135/1135 1130/1130/1130
f 1120/1120/1120 1125/1125/1125 1130/1130/1130
f 1135/1135/1135 1134/1134/1134 1136/1136/1136
f 1135/1135/1135 1136/1136/1136 1130/1130/1130
f 531/531/531 1137/1137/1137 1134/1134/1134
f 1134/1134/1134 1137/1137/1137 1136/1136/1136
f 531/531/531 537/537/537 517/517/517
f 517/517/517 537/537/537 540/540/540
f 1137/1137/1137 531/531/531 530/530/530
f 530/530/530 531/531/531 517/517/517
f 1136/1136/1136 1137/1137/1137 1139/1139/1139
f 1139/1139/1139 1137/1137/1137 530/530/530
f 1136/1136/1136 1161/1161/1161 1130/1130/1130
f 1159/1159/1159 1136/1136/1136 1139/1139/1139
f 1161/1161/1161 1136/1136/1136 1160/1160/1160
f 1136/1136/1136 1159/1159/1159 1160/1160/1160
f 1130/1130/1130 1161/1161/1161 1131/1131/1131
f 1131/1131/1131 1161/1161/1161 1160/1160/1160
f 1159/1159/1159 1139/1139/1139 1158/1158/1158
f 1160/1160/1160 1159/1159/1159 1158/1158/1158
f 1127/1127/1127 1130/1130/1130 1131/1131/1131
f 1127/1127/1127 1120/1120/1120 1130/1130/1130
f 1139/1139/1139 1140/1140/1140 1158/1158/1158
f 1139/1139/1139 530/530/530 1140/1140/1140
f 1120/1120/1120 1127/1127/1127 1122/1122/1122
f 1122/1122/1122 1127/1127/1127 1131/1131/1131
f 1119/1119/1119 1118/1118/1118 1120/1120/1120
f 1119/1119/1119 1120/1120/1120 1122/1122/1122
f 1119/1119/1119 1116/1116/1116 1118/1118/1118
f 1116/1116/1116 1119/1119/1119 1122/1122/1122
f 1116/1116/1116 1117/1117/1117 1118/1118/1118
f 1112/1112/1112 1117/1117/1117 1116/1116/1116
f 1132/1132/1132 1122/1122/1122 1131/1131/1131
f 1113/1113/1113 1112/1112/1112 1116/1116/1116
f 1123/1123/1123 1116/1116/1116 1122/1122/1122
f 1113/1113/1113 1096/1096/1096 1112/1112/1112
f 1096/1096/1096 1097/1097/1097 1112/1112/1112
f 1095/1095/1095 1097/1097/1097 1096/1096/1096
f 1115/1115/1115 1113/1113/1113 1116/1116/1116
f 1123/1123/1123 1115/1115/1115 1116/1116/1116
f 1124/1124/1124 1123/1123/1123 1122/1122/1122
f 1115/1115/1115 1123/1123/1123 1124/1124/1124
f 1132/1132/1132 1124/1124/1124 1122/1122/1122
f 1115/1115/1115 1098/1098/1098 1113/1113/1113
f 1098/1098/1098 1096/1096/1096 1113/1113/1113
f 1114/1114/1114 1115/1115/1115 1124/1124/1124
f 1115/1115/1115 1114/1114/1114 1098/1098/1098
f 1037/1037/1037 1095/1095/1095 1096/1096/1096
f 1093/1093/1093 1095/1095/1095 1037/1037/1037
f 1035/1035/1035 1096/1096/1096 1098/1098/1098
f 1037/1037/1037 1096/1096/1096 1035/1035/1035
f 1114/1114/1114 1099/1099/1099 1098/1098/1098
f 1092/1092/1092 1093/1093/1093 1037/1037/1037
f 1083/1083/1083 1093/1093/1093 1092/1092/1092
f 1098/1098/1098 1099/1099/1099 1034/1034/1034
f 1035/1035/1035 1098/1098/1098 1034/1034/1034
f 1114/1114/1114 1111/1111/1111 1099/1099/1099
f 1114/1114/1114 1124/1124/1124 1111/1111/1111
f 1034/1034/1034 1099/1099/1099 1100/1100/1100
f 1111/1111/1111 1100/1100/1100 1099/1099/1099
f 1036/1036/1036 1037/1037/1037 1035/1035/1035
f 1092/1092/1092 1037/1037/1037 1036/1036/1036
f 1034/1034/1034 1033/1033/1033 1035/1035/1035
f 1036/1036/1036 1035/1035/1035 1033/1033/1033
f 1031/1031/1031 1034/1034/1034 1100/1100/1100
f 1033/1033/1033 1034/1034/1034 1031/1031/1031
f 1094/1094/1094 1092/1092/1092 1036/1036/1036
f 1036/1036/1036 1033/1033/1033 1056/1056/1056
f 1094/1094/1094 1036/1036/1036 1056/1056/1056
f 1033/1033/1033 1031/1031/1031 1032/1032/1032
f 1033/1033/1033 1032/1032/1032 1056/1056/1056
f 1092/1092/1092 1094/1094/1094 1090/1090/1090
f 1090/1090/1090 1094/1094/1094 1056/1056/1056
f 1086/1086/1086 1083/1083/1083 1092/1092/1092
f 1086/1086/1086 1092/1092/1092 1090/1090/1090
f 1086/1086/1086 1081/1081/1081 1083/1083/1083
f 1081/1081/1081 1086/1086/1086 1090/1090/1090
f 1081/1081/1081 1082/1082/1082 1083/1083/1083
f 1080/1080/1080 1082/1082/1082 1081/1081/1081
f 1091/1091/1091 1090/1090/1090 1056/1056/1056
f 1079/1079/1079 1080/1080/1080 1081/1081/1081
f 1080/1080/1080 1079/1079/1079 1077/1077/1077
f 1088/1088/1088 1081/1081/1081 1090/1090/1090
f 1079/1079/1079 1076/1076/1076 1077/1077/1077
f 1077/1077/1077 1076/1076/1076 1075/1075/1075
f 1079/1079/1079 1081/1081/1081 1084/1084/1084
f 1081/1081/1081 1088/1088/1088 1084/1084/1084
f 1079/1079/1079 1084/1084/1084 1076/1076/1076
f 1088/1088/1088 1090/1090/1090 1089/1089/1089
f 1090/1090/1090 1091/1091/1091 1089/1089/1089
f 1084/1084/1084 1088/1088/1088 1089/1089/1089
f 1091/1091/1091 1056/1056/1056 1055/1055/1055
f 1089/1089/1089 1091/1091/1091 1055/1055/1055
f 1032/1032/1032 1049/1049/1049 1056/1056/1056
f 1056/1056/1056 1049/1049/1049 1055/1055/1055
f 1049/1049/1049 1032/1032/1032 1047/1047/1047
f 1055/1055/1055 1049/1049/1049 1047/1047/1047
f 1032/1032/1032 1031/1031/1031 1029/1029/1029
f 1032/1032/1032 1029/1029/1029 1047/1047/1047
f 1031/1031/1031 1030/1030/1030 1029/1029/1029
f 1031/1031/1031 1100/1100/1100 1030/1030/1030
f 1051/1051/1051 1055/1055/1055 1047/1047/1047
f 1100/1100/1100 1101/1101/1101 1030/1030/1030
f 1055/1055/1055 1051/1051/1051 1054/1054/1054
f 1110/1110/1110 1101/1101/1101 1100/1100/1100
f 1111/1111/1111 1110/1110/1110 1100/1100/1100
f 1057/1057/1057 1055/1055/1055 1054/1054/1054
f 1057/1057/1057 1089/1089/1089 1055/1055/1055
f 1046/1046/1046 1051/1051/1051 1047/1047/1047
f 1054/1054/1054 1051/1051/1051 1046/1046/1046
f 1089/1089/1089 1057/1057/1057 1060/1060/1060
f 1060/1060/1060 1057/1057/1057 1054/1054/1054
f 1087/1087/1087 1084/1084/1084 1089/1089/1089
f 1087/1087/1087 1089/1089/1089 1060/1060/1060
f 1084/1084/1084 1087/1087/1087 1071/1071/1071
f 1071/1071/1071 1087/1087/1087 1060/1060/1060
f 1085/1085/1085 1084/1084/1084 1071/1071/1071
f 1084/1084/1084 1085/1085/1085 1076/1076/1076
f 1072/1072/1072 1085/1085/1085 1071/1071/1071
f 1085/1085/1085 1072/1072/1072 1076/1076/1076
f 1067/1067/1067 1071/1071/1071 1060/1060/1060
f 1072/1072/1072 1074/1074/1074 1076/1076/1076
f 1076/1076/1076 1074/1074/1074 1075/1075/1075
f 1069/1069/1069 1072/1072/1072 1071/1071/1071
f 1069/1069/1069 1071/1071/1071 1067/1067/1067
f 1074/1074/1074 903/903/903 1075/1075/1075
f 903/903/903 901/901/901 1075/1075/1075
f 1072/1072/1072 1073/1073/1073 1074/1074/1074
f 1074/1074/1074 1073/1073/1073 903/903/903
f 1072/1072/1072 1069/1069/1069 1070/1070/1070
f 1073/1073/1073 1072/1072/1072 1070/1070/1070
f 1069/1069/1069 1067/1067/1067 1068/1068/1068
f 1070/1070/1070 1069/1069/1069 1068/1068/1068
f 903/903/903 898/898/898 901/901/901
f 898/898/898 899/899/899 901/901/901
f 896/896/896 899/899/899 898/898/898
f 997/997/997 1070/1070/1070 1068/1068/1068
f 895/895/895 896/896/896 898/898/898
f 896/896/896 895/895/895 893/893/893
f 1078/1078/1078 1073/1073/1073 1070/1070/1070
f 1078/1078/1078 1070/1070/1070 997/997/997
f 895/895/895 892/892/892 893/893/893
f 893/893/893 892/892/892 890/890/890
f 1073/1073/1073 1078/1078/1078 909/909/909
f 1073/1073/1073 909/909/909 903/903/903
f 892/892/892 889/889/889 890/890/890
f 890/890/890 889/889/889 887/887/887
f 909/909/909 906/906/906 903/903/903
f 903/903/903 906/906/906 898/898/898
f 889/889/889 886/886/886 887/887/887
f 887/887/887 886/886/886 880/880/880
f 906/906/906 907/907/907 898/898/898
f 908/908/908 895/895/895 898/898/898
f 907/907/907 908/908/908 898/898/898
f 895/895/895 908/908/908 892/892/892
f 907/907/907 906/906/906 911/911/911
f 908/908/908 907/907/907 911/911/911
f 906/906/906 909/909/909 910/910/910
f 906/906/906 910/910/910 911/911/911
f 1078/1078/1078 913/913/913 909/909/909
f 909/909/909 913/913/913 910/910/910
f 913/913/913 1078/1078/1078 914/914/914
f 910/910/910 913/913/913 914/914/914
f 1078/1078/1078 997/997/997 914/914/914
f 911/911/911 910/910/910 912/912/912
f 910/910/910 914/914/914 912/912/912
f 917/917/917 908/908/908 911/911/911
f 914/914/914 997/997/997 974/974/974
f 917/917/917 911/911/911 915/915/915
f 911/911/911 912/912/912 915/915/915
f 908/908/908 917/917/917 918/918/918
f 918/918/918 917/917/917 915/915/915
f 908/908/908 919/919/919 892/892/892
f 919/919/919 908/908/908 918/918/918
f 892/892/892 919/919/919 920/920/920
f 889/889/889 892/892/892 920/920/920
f 919/919/919 918/918/918 920/920/920
f 889/889/889 920/920/920 886/886/886
f 912/912/912 914/914/914 962/962/962
f 962/962/962 914/914/914 974/974/974
f 915/915/915 912/912/912 916/916/916
f 912/912/912 962/962/962 916/916/916
f 974/974/974 997/997/997 996/996/996
f 997/997/997 1068/1068/1068 996/996/996
f 1068/1068/1068 1067/1067/1067 996/996/996
f 967/967/967 962/962/962 974/974/974
f 1067/1067/1067 1066/1066/1066 996/996/996
f 974/974/974 996/996/996 975/975/975
f 974/974/974 975/975/975 967/967/967
f 999/999/999 996/996/996 1066/1066/1066
f 999/999/999 975/975/975 996/996/996
f 1066/1066/1066 1067/1067/1067 1061/1061/1061
f 1067/1067/1067 1060/1060/1060 1061/1061/1061
f 1062/1062/1062 999/999/999 1066/1066/1066
f 1066/1066/1066 1061/1061/1061 1062/1062/1062
f 1060/1060/1060 1058/1058/1058 1061/1061/1061
f 1058/1058/1058 1060/1060/1060 1054/1054/1054
f 1059/1059/1059 1061/1061/1061 1058/1058/1058
f 1061/1061/1061 1059/1059/1059 1062/1062/1062
f 1058/1058/1058 1054/1054/1054 1052/1052/1052
f 1052/1052/1052 1059/1059/1059 1058/1058/1058
f 1054/1054/1054 1048/1048/1048 1052/1052/1052
f 1048/1048/1048 1054/1054/1054 1046/1046/1046
f 1053/1053/1053 1059/1059/1059 1052/1052/1052
f 1059/1059/1059 1053/1053/1053 1062/1062/1062
f 1052/1052/1052 1048/1048/1048 1042/1042/1042
f 1048/1048/1048 1046/1046/1046 1042/1042/1042
f 1050/1050/1050 1053/1053/1053 1052/1052/1052
f 1050/1050/1050 1052/1052/1052 1042/1042/1042
f 1053/1053/1053 1063/1063/1063 1062/1062/1062
f 1050/1050/1050 1042/1042/1042 1028/1028/1028
f 1053/1053/1053 1050/1050/1050 1028/1028/1028
f 1046/1046/1046 1044/1044/1044 1042/1042/1042
f 1063/1063/1063 1053/1053/1053 1022/1022/1022
f 1022/1022/1022 1053/1053/1053 1028/1028/1028
f 1063/1063/1063 1064/1064/1064 1062/1062/1062
f 1064/1064/1064 1063/1063/1063 1022/1022/1022
f 1042/1042/1042 1044/1044/1044 1040/1040/1040
f 1042/1042/1042 1040/1040/1040 1028/1028/1028
f 1044/1044/1044 1046/1046/1046 1043/1043/1043
f 1040/1040/1040 1044/1044/1044 1043/1043/1043
f 1045/1045/1045 1043/1043/1043 1046/1046/1046
f 1045/1045/1045 1046/1046/1046 1047/1047/1047
f 1041/1041/1041 1040/1040/1040 1043/1043/1043
f 1045/1045/1045 1047/1047/1047 1039/1039/1039
f 1045/1045/1045 1039/1039/1039 1043/1043/1043
f 1039/1039/1039 1041/1041/1041 1043/1043/1043
f 1047/1047/1047 1029/1029/1029 1039/1039/1039
f 1040/1040/1040 1041/1041/1041 1038/1038/1038
f 1041/1041/1041 1039/1039/1039 1038/1038/1038
f 1027/1027/1027 1039/1039/1039 1029/1029/1029
f 1039/1039/1039 1027/1027/1027 1038/1038/1038
f 1026/1026/1026 1027/1027/1027 1029/1029/1029
f 1029/1029/1029 1030/1030/1030 1026/1026/1026
f 1024/1024/1024 1038/1038/1038 1027/1027/1027
f 1027/1027/1027 1026/1026/1026 1024/1024/1024
f 1023/1023/1023 1040/1040/1040 1038/1038/1038
f 1038/1038/1038 1024/1024/1024 1023/1023/1023
f 1028/1028/1028 1040/1040/1040 1023/1023/1023
f 1026/1026/1026 1030/1030/1030 1102/1102/1102
f 1030/1030/1030 1101/1101/1101 1102/1102/1102
f 1026/1026/1026 1025/1025/1025 1024/1024/1024
f 1026/1026/1026 1102/1102/1102 1025/1025/1025
f 1023/1023/1023 1024/1024/1024 499/499/499
f 1025/1025/1025 499/499/499 1024/1024/1024
f 1020/1020/1020 1028/1028/1028 1023/1023/1023
f 1020/1020/1020 1023/1023/1023 499/499/499
f 1102/1102/1102 1103/1103/1103 1025/1025/1025
f 1103/1103/1103 499/499/499 1025/1025/1025
f 1104/1104/1104 1102/1102/1102 1101/1101/1101
f 1102/1102/1102 1104/1104/1104 1103/1103/1103
f 1104/1104/1104 1101/1101/1101 1109/1109/1109
f 1104/1104/1104 1109/1109/1109 1103/1103/1103
f 1101/1101/1101 1110/1110/1110 1109/1109/1109
f 500/500/500 499/499/499 1103/1103/1103
f 1109/1109/1109 1108/1108/1108 1103/1103/1103
f 500/500/500 1103/1103/1103 1108/1108/1108
f 1109/1109/1109 1110/1110/1110 1176/1176/1176
f 1109/1109/1109 1176/1176/1176 1108/1108/1108
f 500/500/500 498/498/498 499/499/499
f 498/498/498 1020/1020/1020 499/499/499
f 1176/1176/1176 1175/1175/1175 1108/1108/1108
f 1028/1028/1028 1020/1020/1020 1019/1019/1019
f 1022/1022/1022 1028/1028/1028 1019/1019/1019
f 1175/1175/1175 1107/1107/1107 1108/1108/1108
f 1107/1107/1107 500/500/500 1108/1108/1108
f 1175/1175/1175 1176/1176/1176 1174/1174/1174
f 1107/1107/1107 1175/1175/1175 1174/1174/1174
f 1176/1176/1176 1110/1110/1110 1172/1172/1172
f 1176/1176/1176 1172/1172/1172 1174/1174/1174
f 1107/1107/1107 1106/1106/1106 500/500/500
f 498/498/498 500/500/500 1106/1106/1106
f 1171/1171/1171 1107/1107/1107 1174/1174/1174
f 1174/1174/1174 1172/1172/1172 1171/1171/1171
f 1157/1157/1157 1106/1106/1106 1107/1107/1107
f 1110/1110/1110 1173/1173/1173 1172/1172/1172
f 1110/1110/1110 1111/1111/1111 1173/1173/1173
f 1168/1168/1168 1157/1157/1157 1107/1107/1107
f 1171/1171/1171 1168/1168/1168 1107/1107/1107
f 1157/1157/1157 1155/1155/1155 1106/1106/1106
f 1155/1155/1155 1157/1157/1157 1168/1168/1168
f 1155/1155/1155 498/498/498 1106/1106/1106
f 1111/1111/1111 1177/1177/1177 1173/1173/1173
f 1124/1124/1124 1177/1177/1177 1111/1111/1111
f 1177/1177/1177 1124/1124/1124 1133/1133/1133
f 1177/1177/1177 1133/1133/1133 1173/1173/1173
f 1124/1124/1124 1132/1132/1132 1133/1133/1133
f 1132/1132/1132 1131/1131/1131 1133/1133/1133
f 1172/1172/1172 1173/1173/1173 1170/1170/1170
f 1133/1133/1133 1170/1170/1170 1173/1173/1173
f 1172/1172/1172 1169/1169/1169 1171/1171/1171
f 1169/1169/1169 1172/1172/1172 1170/1170/1170
f 1171/1171/1171 1169/1169/1169 1168/1168/1168
f 1131/1131/1131 1163/1163/1163 1133/1133/1133
f 1163/1163/1163 1131/1131/1131 1160/1160/1160
f 1170/1170/1170 1133/1133/1133 1164/1164/1164
f 1133/1133/1133 1163/1163/1163 1164/1164/1164
f 1169/1169/1169 1170/1170/1170 1164/1164/1164
f 1163/1163/1163 1160/1160/1160 1164/1164/1164
f 1166/1166/1166 1169/1169/1169 1164/1164/1164
f 1169/1169/1169 1166/1166/1166 1168/1168/1168
f 1160/1160/1160 1162/1162/1162 1164/1164/1164
f 1166/1166/1166 1164/1164/1164 1162/1162/1162
f 1162/1162/1162 1160/1160/1160 1158/1158/1158
f 1168/1168/1168 1166/1166/1166 1165/1165/1165
f 1165/1165/1165 1166/1166/1166 1162/1162/1162
f 1158/1158/1158 1156/1156/1156 1162/1162/1162
f 1156/1156/1156 1165/1165/1165 1162/1162/1162
f 1158/1158/1158 1140/1140/1140 1156/1156/1156
f 1167/1167/1167 1168/1168/1168 1165/1165/1165
f 1167/1167/1167 1155/1155/1155 1168/1168/1168
f 1153/1153/1153 1167/1167/1167 1165/1165/1165
f 1156/1156/1156 1153/1153/1153 1165/1165/1165
f 1155/1155/1155 1167/1167/1167 1153/1153/1153
f 1140/1140/1140 1152/1152/1152 1156/1156/1156
f 1153/1153/1153 1156/1156/1156 1152/1152/1152
f 1142/1142/1142 1152/1152/1152 1140/1140/1140
f 1154/1154/1154 1155/1155/1155 1153/1153/1153
f 1142/1142/1142 1140/1140/1140 1138/1138/1138
f 530/530/530 1138/1138/1138 1140/1140/1140
f 1142/1142/1142 1146/1146/1146 1152/1152/1152
f 1146/1146/1146 1153/1153/1153 1152/1152/1152
f 1141/1141/1141 1142/1142/1142 1138/1138/1138
f 1146/1146/1146 1142/1142/1142 1141/1141/1141
f 530/530/530 529/529/529 1138/1138/1138
f 1138/1138/1138 529/529/529 1141/1141/1141
f 530/530/530 518/518/518 529/529/529
f 530/530/530 517/517/517 518/518/518
f 529/529/529 528/528/528 1141/1141/1141
f 528/528/528 529/529/529 518/518/518
f 1151/1151/1151 1154/1154/1154 1153/1153/1153
f 1151/1151/1151 1153/1153/1153 1146/1146/1146
f 1154/1154/1154 1105/1105/1105 1155/1155/1155
f 1105/1105/1105 1154/1154/1154 1151/1151/1151
f 1105/1105/1105 498/498/498 1155/1155/1155
f 1149/1149/1149 1151/1151/1151 1146/1146/1146
f 497/497/497 498/498/498 1105/1105/1105
f 1147/1147/1147 1149/1149/1149 1146/1146/1146
f 497/497/497 496/496/496 498/498/498
f 498/498/498 496/496/496 1020/1020/1020
f 1019/1019/1019 1020/1020/1020 496/496/496
f 1144/1144/1144 1147/1147/1147 1146/1146/1146
f 1144/1144/1144 1146/1146/1146 1141/1141/1141
f 1147/1147/1147 1148/1148/1148 1149/1149/1149
f 1149/1149/1149 1148/1148/1148 1151/1151/1151
f 1147/1147/1147 1144/1144/1144 1145/1145/1145
f 1145/1145/1145 1148/1148/1148 1147/1147/1147
f 1144/1144/1144 1141/1141/1141 1143/1143/1143
f 1144/1144/1144 1143/1143/1143 1145/1145/1145
f 1141/1141/1141 528/528/528 1143/1143/1143
f 1148/1148/1148 1150/1150/1150 1151/1151/1151
f 1150/1150/1150 1105/1105/1105 1151/1151/1151
f 1145/1145/1145 1143/1143/1143 525/525/525
f 1148/1148/1148 1145/1145/1145 525/525/525
f 528/528/528 523/523/523 1143/1143/1143
f 1143/1143/1143 523/523/523 525/525/525
f 526/526/526 1150/1150/1150 1148/1148/1148
f 1150/1150/1150 526/526/526 1105/1105/1105
f 527/527/527 1148/1148/1148 525/525/525
f 527/527/527 526/526/526 1148/1148/1148
f 494/494/494 497/497/497 1105/1105/1105
f 526/526/526 494/494/494 1105/1105/1105
f 496/496/496 497/497/497 494/494/494
f 527/527/527 524/524/524 526/526/526
f 524/524/524 527/527/527 525/525/525
f 526/526/526 493/493/493 494/494/494
f 524/524/524 493/493/493 526/526/526
f 522/522/522 524/524/524 525/525/525
f 522/522/522 525/525/525 523/523/523
f 493/493/493 524/524/524 504/504/504
f 504/504/504 524/524/524 522/522/522
f 522/522/522 523/523/523 521/521/521
f 521/521/521 504/504/504 522/522/522
f 528/528/528 516/516/516 523/523/523
f 516/516/516 528/528/528 518/518/518
f 523/523/523 520/520/520 521/521/521
f 516/516/516 520/520/520 523/523/523
f 507/507/507 521/521/521 520/520/520
f 504/504/504 521/521/521 507/507/507
f 520/520/520 516/516/516 509/509/509
f 507/507/507 520/520/520 509/509/509
f 516/516/516 518/518/518 515/515/515
f 517/517/517 515/515/515 518/518/518
f 516/516/516 512/512/512 509/509/509
f 512/512/512 516/516/516 515/515/515
f 517/517/517 514/514/514 515/515/515
f 517/517/517 540/540/540 514/514/514
f 512/512/512 515/515/515 511/511/511
f 515/515/515 514/514/514 511/511/511
f 512/512/512 510/510/510 509/509/509
f 512/512/512 511/511/511 510/510/510
f 513/513/513 511/511/511 514/514/514
f 513/513/513 505/505/505 511/511/511
f 511/511/511 505/505/505 510/510/510
f 513/513/513 514/514/514 519/519/519
f 510/510/510 505/505/505 313/313/313
f 514/514/514 539/539/539 519/519/519
f 540/540/540 539/539/539 514/514/514
f 539/539/539 540/540/540 550/550/550
f 539/539/539 252/252/252 519/519/519
f 1325/1325/1325 539/539/539 550/550/550
f 252/252/252 539/539/539 190/190/190
f 252/252/252 190/190/190 189/189/189
f 539/539/539 1325/1325/1325 1323/1323/1323
f 190/190/190 539/539/539 1323/1323/1323
f 1326/1326/1326 1323/1323/1323 1325/1325/1325
f 1326/1326/1326 1325/1325/1325 1327/1327/1327
f 1327/1327/1327 1328/1328/1328 1326/1326/1326
f 1326/1326/1326 1328/1328/1328 1324/1324/1324
f 1323/1323/1323 1326/1326/1326 1324/1324/1324
f 1324/1324/1324 1328/1328/1328 184/184/184
f 190/190/190 1323/1323/1323 187/187/187
f 187/187/187 1323/1323/1323 1324/1324/1324
f 1324/1324/1324 184/184/184 185/185/185
f 187/187/187 1324/1324/1324 185/185/185
f 183/183/183 185/185/185 184/184/184
f 188/188/188 190/190/190 187/187/187
f 190/190/190 188/188/188 189/189/189
f 186/186/186 187/187/187 185/185/185
f 186/186/186 188/188/188 187/187/187
f 183/183/183 186/186/186 185/185/185
f 189/189/189 188/188/188 186/186/186
f 183/183/183 189/189/189 186/186/186
f 509/509/509 510/510/510 502/502/502
f 502/502/502 510/510/510 313/313/313
f 508/508/508 509/509/509 502/502/502
f 508/508/508 507/507/507 509/509/509
f 502/502/502 501/501/501 508/508/508
f 508/508/508 501/501/501 507/507/507
f 315/315/315 502/502/502 313/313/313
f 501/501/501 502/502/502 315/315/315
f 501/501/501 503/503/503 507/507/507
f 503/503/503 504/504/504 507/507/507
f 503/503/503 501/501/501 491/491/491
f 503/503/503 491/491/491 504/504/504
f 492/492/492 501/501/501 315/315/315
f 501/501/501 492/492/492 491/491/491
f 491/491/491 490/490/490 504/504/504
f 490/490/490 493/493/493 504/504/504
f 492/492/492 476/476/476 491/491/491
f 490/490/490 489/489/489 493/493/493
f 493/493/493 489/489/489 494/494/494
f 483/483/483 490/490/490 491/491/491
f 476/476/476 483/483/483 491/491/491
f 483/483/483 486/486/486 490/490/490
f 489/489/489 490/490/490 486/486/486
f 483/483/483 482/482/482 486/486/486
f 483/483/483 476/476/476 482/482/482
f 489/489/489 495/495/495 494/494/494
f 495/495/495 496/496/496 494/494/494
f 486/486/486 488/488/488 489/489/489
f 482/482/482 488/488/488 486/486/486
f 489/489/489 1015/1015/1015 495/495/495
f 488/488/488 1015/1015/1015 489/489/489
f 495/495/495 1018/1018/1018 496/496/496
f 1015/1015/1015 1018/1018/1018 495/495/495
f 496/496/496 1018/1018/1018 1016/1016/1016
f 1018/1018/1018 1015/1015/1015 1016/1016/1016
f 1019/1019/1019 496/496/496 1016/1016/1016
f 1014/1014/1014 1015/1015/1015 488/488/488
f 1015/1015/1015 1014/1014/1014 1016/1016/1016
f 482/482/482 484/484/484 488/488/488
f 1010/1010/1010 1014/1014/1014 488/488/488
f 484/484/484 1010/1010/1010 488/488/488
f 1014/1014/1014 1013/1013/1013 1016/1016/1016
f 1010/1010/1010 1007/1007/1007 1014/1014/1014
f 1010/1010/1010 484/484/484 1007/1007/1007
f 1007/1007/1007 1013/1013/1013 1014/1014/1014
f 1017/1017/1017 1019/1019/1019 1016/1016/1016
f 1013/1013/1013 1017/1017/1017 1016/1016/1016
f 1019/1019/1019 1017/1017/1017 1012/1012/1012
f 1017/1017/1017 1013/1013/1013 1012/1012/1012
f 1021/1021/1021 1019/1019/1019 1012/1012/1012
f 1021/1021/1021 1022/1022/1022 1019/1019/1019
f 1013/1013/1013 1008/1008/1008 1012/1012/1012
f 1008/1008/1008 1013/1013/1013 1007/1007/1007
f 1022/1022/1022 1021/1021/1021 1011/1011/1011
f 1011/1011/1011 1021/1021/1021 1012/1012/1012
f 1065/1065/1065 1022/1022/1022 1011/1011/1011
f 1065/1065/1065 1064/1064/1064 1022/1022/1022
f 1009/1009/1009 1011/1011/1011 1012/1012/1012
f 1065/1065/1065 998/998/998 1064/1064/1064
f 998/998/998 1065/1065/1065 1011/1011/1011
f 1009/1009/1009 1012/1012/1012 1004/1004/1004
f 1012/1012/1012 1008/1008/1008 1004/1004/1004
f 1011/1011/1011 1009/1009/1009 985/985/985
f 1009/1009/1009 1004/1004/1004 985/985/985
f 993/993/993 998/998/998 1011/1011/1011
f 993/993/993 1011/1011/1011 985/985/985
f 1008/1008/1008 1006/1006/1006 1004/1004/1004
f 1006/1006/1006 1008/1008/1008 1007/1007/1007
f 998/998/998 1000/1000/1000 1064/1064/1064
f 1064/1064/1064 1000/1000/1000 1062/1062/1062
f 1000/1000/1000 999/999/999 1062/1062/1062
f 1000/1000/1000 995/995/995 999/999/999
f 998/998/998 995/995/995 1000/1000/1000
f 995/995/995 975/975/975 999/999/999
f 993/993/993 994/994/994 998/998/998
f 998/998/998 994/994/994 995/995/995
f 995/995/995 973/973/973 975/975/975
f 995/995/995 994/994/994 973/973/973
f 975/975/975 973/973/973 967/967/967
f 994/994/994 993/993/993 976/976/976
f 976/976/976 993/993/993 985/985/985
f 994/994/994 972/972/972 973/973/973
f 972/972/972 994/994/994 976/976/976
f 973/973/973 966/966/966 967/967/967
f 966/966/966 973/973/973 972/972/972
f 964/964/964 967/967/967 966/966/966
f 962/962/962 967/967/967 964/964/964
f 969/969/969 966/966/966 972/972/972
f 964/964/964 960/960/960 962/962/962
f 962/962/962 960/960/960 916/916/916
f 963/963/963 964/964/964 966/966/966
f 964/964/964 963/963/963 960/960/960
f 966/966/966 969/969/969 965/965/965
f 963/963/963 966/966/966 965/965/965
f 969/969/969 972/972/972 970/970/970
f 972/972/972 976/976/976 970/970/970
f 965/965/965 969/969/969 970/970/970
f 963/963/963 961/961/961 960/960/960
f 963/963/963 965/965/965 961/961/961
f 960/960/960 958/958/958 916/916/916
f 960/960/960 961/961/961 959/959/959
f 958/958/958 960/960/960 959/959/959
f 916/916/916 958/958/958 956/956/956
f 956/956/956 915/915/915 916/916/916
f 955/955/955 958/958/958 959/959/959
f 958/958/958 955/955/955 956/956/956
f 959/959/959 961/961/961 950/950/950
f 965/965/965 950/950/950 961/961/961
f 957/957/957 955/955/955 959/959/959
f 957/957/957 959/959/959 950/950/950
f 915/915/915 956/956/956 954/954/954
f 954/954/954 956/956/956 955/955/955
f 955/955/955 957/957/957 951/951/951
f 951/951/951 957/957/957 950/950/950
f 921/921/921 915/915/915 954/954/954
f 921/921/921 918/918/918 915/915/915
f 953/953/953 954/954/954 955/955/955
f 953/953/953 955/955/955 951/951/951
f 926/926/926 921/921/921 954/954/954
f 918/918/918 921/921/921 926/926/926
f 952/952/952 954/954/954 953/953/953
f 952/952/952 926/926/926 954/954/954
f 947/947/947 953/953/953 951/951/951
f 947/947/947 952/952/952 953/953/953
f 923/923/923 918/918/918 926/926/926
f 918/918/918 923/923/923 920/920/920
f 926/926/926 952/952/952 930/930/930
f 930/930/930 952/952/952 947/947/947
f 923/923/923 926/926/926 925/925/925
f 923/923/923 925/925/925 920/920/920
f 948/948/948 947/947/947 951/951/951
f 951/951/951 950/950/950 948/948/948
f 925/925/925 922/922/922 920/920/920
f 920/920/920 922/922/922 886/886/886
f 926/926/926 928/928/928 925/925/925
f 928/928/928 926/926/926 930/930/930
f 922/922/922 925/925/925 924/924/924
f 922/922/922 924/924/924 886/886/886
f 927/927/927 925/925/925 928/928/928
f 925/925/925 927/927/927 924/924/924
f 924/924/924 882/882/882 886/886/886
f 886/886/886 882/882/882 880/880/880
f 927/927/927 877/877/877 924/924/924
f 924/924/924 877/877/877 882/882/882
f 882/882/882 597/597/597 880/880/880
f 877/877/877 597/597/597 882/882/882
f 880/880/880 597/597/597 587/587/587
f 587/587/587 597/597/597 586/586/586
f 881/881/881 877/877/877 927/927/927
f 598/598/598 586/586/586 597/597/597
f 881/881/881 927/927/927 883/883/883
f 927/927/927 928/928/928 883/883/883
f 881/881/881 879/879/879 877/877/877
f 883/883/883 928/928/928 929/929/929
f 879/879/879 881/881/881 878/878/878
f 881/881/881 883/883/883 878/878/878
f 879/879/879 875/875/875 877/877/877
f 875/875/875 879/879/879 878/878/878
f 877/877/877 602/602/602 597/597/597
f 877/877/877 875/875/875 602/602/602
f 878/878/878 883/883/883 884/884/884
f 883/883/883 929/929/929 884/884/884
f 602/602/602 600/600/600 597/597/597
f 600/600/600 598/598/598 597/597/597
f 928/928/928 932/932/932 929/929/929
f 932/932/932 928/928/928 930/930/930
f 884/884/884 929/929/929 931/931/931
f 933/933/933 929/929/929 932/932/932
f 929/929/929 933/933/933 931/931/931
f 937/937/937 932/932/932 930/930/930
f 937/937/937 933/933/933 932/932/932
f 946/946/946 937/937/937 930/930/930
f 946/946/946 930/930/930 947/947/947
f 946/946/946 947/947/947 944/944/944
f 937/937/937 946/946/946 944/944/944
f 947/947/947 948/948/948 944/944/944
f 931/931/931 933/933/933 934/934/934
f 948/948/948 945/945/945 944/944/944
f 950/950/950 945/945/945 948/948/948
f 943/943/943 937/937/937 944/944/944
f 943/943/943 944/944/944 945/945/945
f 933/933/933 937/937/937 936/936/936
f 933/933/933 936/936/936 934/934/934
f 937/937/937 943/943/943 941/941/941
f 937/937/937 941/941/941 936/936/936
f 941/941/941 943/943/943 940/940/940
f 943/943/943 945/945/945 940/940/940
f 936/936/936 941/941/941 940/940/940
f 950/950/950 949/949/949 945/945/945
f 940/940/940 945/945/945 949/949/949
f 934/934/934 936/936/936 935/935/935
f 938/938/938 936/936/936 940/940/940
f 936/936/936 938/938/938 935/935/935
f 931/931/931 934/934/934 888/888/888
f 888/888/888 934/934/934 935/935/935
f 931/931/931 888/888/888 884/884/884
f 938/938/938 939/939/939 935/935/935
f 938/938/938 940/940/940 939/939/939
f 888/888/888 885/885/885 884/884/884
f 885/885/885 878/878/878 884/884/884
f 888/888/888 935/935/935 894/894/894
f 939/939/939 894/894/894 935/935/935
f 873/873/873 885/885/885 888/888/888
f 878/878/878 885/885/885 873/873/873
f 891/891/891 888/888/888 894/894/894
f 891/891/891 873/873/873 888/888/888
f 876/876/876 878/878/878 873/873/873
f 876/876/876 875/875/875 878/878/878
f 873/873/873 891/891/891 868/868/868
f 891/891/891 894/894/894 868/868/868
f 872/872/872 876/876/876 873/873/873
f 875/875/875 876/876/876 872/872/872
f 870/870/870 873/873/873 868/868/868
f 870/870/870 872/872/872 873/873/873
f 874/874/874 875/875/875 872/872/872
f 875/875/875 874/874/874 602/602/602
f 872/872/872 870/870/870 657/657/657
f 657/657/657 870/870/870 868/868/868
f 874/874/874 603/603/603 602/602/602
f 603/603/603 874/874/874 872/872/872
f 603/603/603 600/600/600 602/602/602
f 643/643/643 872/872/872 657/657/657
f 643/643/643 603/603/603 872/872/872
f 894/894/894 897/897/897 868/868/868
f 604/604/604 600/600/600 603/603/603
f 897/897/897 894/894/894 900/900/900
f 894/894/894 939/939/939 900/900/900
f 868/868/868 897/897/897 866/866/866
f 866/866/866 897/897/897 900/900/900
f 864/864/864 657/657/657 868/868/868
f 864/864/864 868/868/868 866/866/866
f 600/600/600 604/604/604 601/601/601
f 598/598/598 600/600/600 601/601/601
f 640/640/640 604/604/604 603/603/603
f 601/601/601 604/604/604 605/605/605
f 640/640/640 605/605/605 604/604/604
f 642/642/642 640/640/640 603/603/603
f 642/642/642 603/603/603 643/643/643
f 640/640/640 637/637/637 605/605/605
f 637/637/637 640/640/640 642/642/642
f 643/643/643 657/657/657 648/648/648
f 648/648/648 642/642/642 643/643/643
f 657/657/657 656/656/656 648/648/648
f 642/642/642 648/648/648 644/644/644
f 644/644/644 648/648/648 656/656/656
f 641/641/641 637/637/637 642/642/642
f 641/641/641 642/642/642 644/644/644
f 656/656/656 657/657/657 663/663/663
f 657/657/657 864/864/864 663/663/663
f 638/638/638 641/641/641 644/644/644
f 641/641/641 638/638/638 637/637/637
f 864/864/864 863/863/863 663/663/663
f 864/864/864 866/866/866 863/863/863
f 659/659/659 656/656/656 663/663/663
f 866/866/866 865/865/865 863/863/863
f 659/659/659 663/663/663 664/664/664
f 861/861/861 663/663/663 863/863/863
f 663/663/663 861/861/861 664/664/664
f 656/656/656 659/659/659 654/654/654
f 654/654/654 659/659/659 664/664/664
f 651/651/651 644/644/644 656/656/656
f 651/651/651 656/656/656 654/654/654
f 644/644/644 651/651/651 646/646/646
f 651/651/651 654/654/654 646/646/646
f 645/645/645 644/644/644 646/646/646
f 645/645/645 638/638/638 644/644/644
f 645/645/645 646/646/646 639/639/639
f 645/645/645 639/639/639 638/638/638
f 646/646/646 647/647/647 639/639/639
f 639/639/639 636/636/636 638/638/638
f 647/647/647 646/646/646 649/649/649
f 654/654/654 649/649/649 646/646/646
f 650/650/650 647/647/647 649/649/649
f 635/635/635 638/638/638 636/636/636
f 638/638/638 635/635/635 637/637/637
f 631/631/631 635/635/635 636/636/636
f 650/650/650 649/649/649 652/652/652
f 649/649/649 654/654/654 652/652/652
f 653/653/653 650/650/650 652/652/652
f 635/635/635 631/631/631 630/630/630
f 635/635/635 630/630/630 637/637/637
f 631/631/631 628/628/628 630/630/630
f 655/655/655 653/653/653 652/652/652
f 630/630/630 634/634/634 637/637/637
f 637/637/637 634/634/634 605/605/605
f 626/626/626 630/630/630 628/628/628
f 627/627/627 626/626/626 628/628/628
f 627/627/627 622/622/622 626/626/626
f 634/634/634 630/630/630 608/608/608
f 630/630/630 626/626/626 608/608/608
f 634/634/634 608/608/608 605/605/605
f 622/622/622 619/619/619 626/626/626
f 608/608/608 626/626/626 619/619/619
f 608/608/608 607/607/607 605/605/605
f 607/607/607 601/601/601 605/605/605
f 621/621/621 619/619/619 622/622/622
f 623/623/623 621/621/621 622/622/622
f 621/621/621 623/623/623 624/624/624
f 613/613/613 608/608/608 619/619/619
f 620/620/620 621/621/621 624/624/624
f 607/607/607 608/608/608 606/606/606
f 608/608/608 613/613/613 606/606/606
f 607/607/607 606/606/606 601/601/601
f 620/620/620 624/624/624 625/625/625
f 612/612/612 613/613/613 619/619/619
f 621/621/621 612/612/612 619/619/619
f 613/613/613 612/612/612 606/606/606
f 612/612/612 621/621/621 620/620/620
f 606/606/606 599/599/599 601/601/601
f 601/601/601 599/599/599 598/598/598
f 612/612/612 609/609/609 606/606/606
f 609/609/609 599/599/599 606/606/606
f 618/618/618 612/612/612 620/620/620
f 609/609/609 612/612/612 611/611/611
f 612/612/612 618/618/618 611/611/611
f 599/599/599 609/609/609 611/611/611
f 617/617/617 618/618/618 620/620/620
f 618/618/618 617/617/617 611/611/611
f 629/629/629 620/620/620 625/625/625
f 629/629/629 617/617/617 620/620/620
f 629/629/629 625/625/625 632/632/632
f 617/617/617 629/629/629 632/632/632
f 625/625/625 633/633/633 632/632/632
f 599/599/599 595/595/595 598/598/598
f 598/598/598 595/595/595 586/586/586
f 596/596/596 599/599/599 611/611/611
f 599/599/599 596/596/596 595/595/595
f 595/595/595 593/593/593 586/586/586
f 595/595/595 596/596/596 593/593/593
f 593/593/593 589/589/589 586/586/586
f 593/593/593 594/594/594 589/589/589
f 596/596/596 611/611/611 614/614/614
f 617/617/617 614/614/614 611/611/611
f 596/596/596 610/610/610 593/593/593
f 610/610/610 594/594/594 593/593/593
f 610/610/610 596/596/596 614/614/614
f 615/615/615 594/594/594 610/610/610
f 614/614/614 615/615/615 610/610/610
f 615/615/615 614/614/614 617/617/617
f 732/732/732 615/615/615 617/617/617
f 732/732/732 617/617/617 632/632/632
f 732/732/732 728/728/728 615/615/615
f 728/728/728 732/732/732 632/632/632
f 728/728/728 733/733/733 615/615/615
f 730/730/730 733/733/733 728/728/728
f 632/632/632 633/633/633 725/725/725
f 725/725/725 728/728/728 632/632/632
f 633/633/633 726/726/726 725/725/725
f 725/725/725 726/726/726 722/722/722
f 729/729/729 730/730/730 728/728/728
f 721/721/721 725/725/725 722/722/722
f 725/725/725 721/721/721 728/728/728
f 721/721/721 729/729/729 728/728/728
f 721/721/721 722/722/722 719/719/719
f 730/730/730 729/729/729 723/723/723
f 723/723/723 729/729/729 721/721/721
f 731/731/731 730/730/730 723/723/723
f 718/718/718 721/721/721 719/719/719
f 718/718/718 723/723/723 721/721/721
f 718/718/718 719/719/719 712/712/712
f 727/727/727 731/731/731 723/723/723
f 714/714/714 718/718/718 712/712/712
f 718/718/718 714/714/714 723/723/723
f 724/724/724 727/727/727 723/723/723
f 714/714/714 724/724/724 723/723/723
f 724/724/724 716/716/716 727/727/727
f 724/724/724 714/714/714 716/716/716
f 716/716/716 736/736/736 727/727/727
f 714/714/714 712/712/712 710/710/710
f 714/714/714 710/710/710 716/716/716
f 712/712/712 711/711/711 710/710/710
f 711/711/711 706/706/706 710/710/710
f 720/720/720 736/736/736 716/716/716
f 736/736/736 720/720/720 741/741/741
f 710/710/710 708/708/708 716/716/716
f 706/706/706 708/708/708 710/710/710
f 717/717/717 720/720/720 716/716/716
f 708/708/708 717/717/717 716/716/716
f 705/705/705 708/708/708 706/706/706
f 702/702/702 705/705/705 706/706/706
f 713/713/713 717/717/717 708/708/708
f 705/705/705 713/713/713 708/708/708
f 717/717/717 713/713/713 720/720/720
f 705/705/705 702/702/702 700/700/700
f 705/705/705 700/700/700 713/713/713
f 702/702/702 701/701/701 700/700/700
f 700/700/700 701/701/701 694/694/694
f 713/713/713 744/744/744 720/720/720
f 741/741/741 720/720/720 744/744/744
f 700/700/700 715/715/715 713/713/713
f 747/747/747 741/741/741 744/744/744
f 741/741/741 747/747/747 751/751/751
f 744/744/744 713/713/713 746/746/746
f 713/713/713 715/715/715 746/746/746
f 747/747/747 744/744/744 749/749/749
f 744/744/744 746/746/746 749/749/749
f 747/747/747 752/752/752 751/751/751
f 752/752/752 747/747/747 749/749/749
f 751/751/751 752/752/752 794/794/794
f 752/752/752 791/791/791 794/794/794
f 703/703/703 715/715/715 700/700/700
f 746/746/746 715/715/715 703/703/703
f 697/697/697 700/700/700 694/694/694
f 697/697/697 703/703/703 700/700/700
f 693/693/693 697/697/697 694/694/694
f 697/697/697 693/693/693 703/703/703
f 691/691/691 693/693/693 694/694/694
f 748/748/748 746/746/746 703/703/703
f 689/689/689 693/693/693 691/691/691
f 690/690/690 689/689/689 691/691/691
f 690/690/690 685/685/685 689/689/689
f 693/693/693 704/704/704 703/703/703
f 685/685/685 684/684/684 689/689/689
f 684/684/684 685/685/685 679/679/679
f 689/689/689 695/695/695 693/693/693
f 695/695/695 704/704/704 693/693/693
f 689/689/689 684/684/684 695/695/695
f 703/703/703 704/704/704 707/707/707
f 748/748/748 703/703/703 707/707/707
f 707/707/707 704/704/704 695/695/695
f 746/746/746 748/748/748 750/750/750
f 748/748/748 707/707/707 750/750/750
f 749/749/749 746/746/746 750/750/750
f 709/709/709 707/707/707 695/695/695
f 749/749/749 750/750/750 753/753/753
f 753/753/753 752/752/752 749/749/749
f 707/707/707 754/754/754 750/750/750
f 754/754/754 707/707/707 709/709/709
f 750/750/750 755/755/755 753/753/753
f 755/755/755 750/750/750 754/754/754
f 752/752/752 753/753/753 756/756/756
f 791/791/791 752/752/752 756/756/756
f 753/753/753 755/755/755 756/756/756
f 791/791/791 756/756/756 789/789/789
f 758/758/758 755/755/755 754/754/754
f 765/765/765 789/789/789 756/756/756
f 789/789/789 765/765/765 786/786/786
f 755/755/755 763/763/763 756/756/756
f 763/763/763 765/765/765 756/756/756
f 763/763/763 755/755/755 761/761/761
f 763/763/763 761/761/761 765/765/765
f 755/755/755 758/758/758 761/761/761
f 765/765/765 777/777/777 786/786/786
f 761/761/761 777/777/777 765/765/765
f 758/758/758 754/754/754 760/760/760
f 761/761/761 758/758/758 760/760/760
f 777/777/777 784/784/784 786/786/786
f 786/786/786 784/784/784 787/787/787
f 777/777/777 761/761/761 772/772/772
f 772/772/772 761/761/761 760/760/760
f 784/784/784 779/779/779 787/787/787
f 784/784/784 777/777/777 779/779/779
f 779/779/779 788/788/788 787/787/787
f 778/778/778 777/777/777 772/772/772
f 777/777/777 778/778/778 779/779/779
f 778/778/778 772/772/772 776/776/776
f 779/779/779 778/778/778 776/776/776
f 783/783/783 788/788/788 779/779/779
f 788/788/788 783/783/783 817/817/817
f 781/781/781 779/779/779 776/776/776
f 781/781/781 783/783/783 779/779/779
f 772/772/772 771/771/771 776/776/776
f 772/772/772 760/760/760 771/771/771
f 780/780/780 781/781/781 776/776/776
f 783/783/783 781/781/781 780/780/780
f 775/775/775 776/776/776 771/771/771
f 775/775/775 780/780/780 776/776/776
f 793/793/793 817/817/817 783/783/783
f 793/793/793 824/824/824 817/817/817
f 790/790/790 783/783/783 780/780/780
f 790/790/790 793/793/793 783/783/783
f 792/792/792 790/790/790 780/780/780
f 793/793/793 790/790/790 792/792/792
f 824/824/824 793/793/793 828/828/828
f 828/828/828 793/793/793 792/792/792
f 833/833/833 824/824/824 828/828/828
f 824/824/824 833/833/833 832/832/832
f 833/833/833 834/834/834 832/832/832
f 834/834/834 833/833/833 828/828/828
f 834/834/834 1254/1254/1254 832/832/832
f 828/828/828 792/792/792 835/835/835
f 835/835/835 834/834/834 828/828/828
f 785/785/785 792/792/792 780/780/780
f 834/834/834 1257/1257/1257 1254/1254/1254
f 785/785/785 780/780/780 782/782/782
f 780/780/780 775/775/775 782/782/782
f 1258/1258/1258 1257/1257/1257 834/834/834
f 835/835/835 1258/1258/1258 834/834/834
f 1257/1257/1257 1259/1259/1259 1254/1254/1254
f 1257/1257/1257 1258/1258/1258 1259/1259/1259
f 792/792/792 836/836/836 835/835/835
f 785/785/785 838/838/838 792/792/792
f 838/838/838 836/836/836 792/792/792
f 838/838/838 785/785/785 782/782/782
f 836/836/836 839/839/839 835/835/835
f 839/839/839 1258/1258/1258 835/835/835
f 836/836/836 838/838/838 839/839/839
f 1258/1258/1258 1261/1261/1261 1259/1259/1259
f 1261/1261/1261 1258/1258/1258 839/839/839
f 1259/1259/1259 1260/1260/1260 1254/1254/1254
f 1254/1254/1254 1260/1260/1260 1255/1255/1255
f 1262/1262/1262 1261/1261/1261 839/839/839
f 1260/1260/1260 1274/1274/1274 1255/1255/1255
f 1274/1274/1274 1276/1276/1276 1255/1255/1255
f 1259/1259/1259 1264/1264/1264 1260/1260/1260
f 1259/1259/1259 1261/1261/1261 1263/1263/1263
f 1264/1264/1264 1259/1259/1259 1263/1263/1263
f 1261/1261/1261 1262/1262/1262 1263/1263/1263
f 1260/1260/1260 1264/1264/1264 1272/1272/1272
f 1264/1264/1264 1263/1263/1263 1272/1272/1272
f 1274/1274/1274 1260/1260/1260 1272/1272/1272
f 1262/1262/1262 1265/1265/1265 1263/1263/1263
f 1274/1274/1274 1272/1272/1272 1273/1273/1273
f 1263/1263/1263 1271/1271/1271 1272/1272/1272
f 1272/1272/1272 1271/1271/1271 1273/1273/1273
f 1274/1274/1274 1282/1282/1282 1276/1276/1276
f 1282/1282/1282 1274/1274/1274 1273/1273/1273
f 1268/1268/1268 1271/1271/1271 1263/1263/1263
f 1265/1265/1265 1268/1268/1268 1263/1263/1263
f 1276/1276/1276 1282/1282/1282 1284/1284/1284
f 1273/1273/1273 1284/1284/1284 1282/1282/1282
f 1291/1291/1291 1276/1276/1276 1284/1284/1284
f 1276/1276/1276 1291/1291/1291 988/988/988
f 1286/1286/1286 1284/1284/1284 1273/1273/1273
f 1291/1291/1291 1284/1284/1284 1288/1288/1288
f 1284/1284/1284 1286/1286/1286 1288/1288/1288
f 1271/1271/1271 1270/1270/1270 1273/1273/1273
f 1271/1271/1271 1268/1268/1268 1270/1270/1270
f 1275/1275/1275 1286/1286/1286 1273/1273/1273
f 1270/1270/1270 1275/1275/1275 1273/1273/1273
f 1286/1286/1286 1275/1275/1275 1288/1288/1288
f 1268/1268/1268 1269/1269/1269 1270/1270/1270
f 1291/1291/1291 1288/1288/1288 1297/1297/1297
f 1291/1291/1291 1297/1297/1297 988/988/988
f 1269/1269/1269 905/905/905 1270/1270/1270
f 905/905/905 1275/1275/1275 1270/1270/1270
f 871/871/871 1269/1269/1269 1268/1268/1268
f 1269/1269/1269 871/871/871 905/905/905
f 1268/1268/1268 1265/1265/1265 1267/1267/1267
f 1267/1267/1267 871/871/871 1268/1268/1268
f 905/905/905 1278/1278/1278 1275/1275/1275
f 1265/1265/1265 1266/1266/1266 1267/1267/1267
f 1278/1278/1278 1289/1289/1289 1275/1275/1275
f 1275/1275/1275 1289/1289/1289 1288/1288/1288
f 846/846/846 1266/1266/1266 1265/1265/1265
f 1262/1262/1262 846/846/846 1265/1265/1265
f 1262/1262/1262 839/839/839 846/846/846
f 1266/1266/1266 853/853/853 1267/1267/1267
f 1266/1266/1266 846/846/846 853/853/853
f 839/839/839 843/843/843 846/846/846
f 838/838/838 843/843/843 839/839/839
f 846/846/846 843/843/843 842/842/842
f 843/843/843 838/838/838 842/842/842
f 846/846/846 851/851/851 853/853/853
f 851/851/851 846/846/846 842/842/842
f 853/853/853 860/860/860 1267/1267/1267
f 1267/1267/1267 860/860/860 871/871/871
f 851/851/851 849/849/849 853/853/853
f 851/851/851 842/842/842 849/849/849
f 860/860/860 853/853/853 858/858/858
f 838/838/838 840/840/840 842/842/842
f 840/840/840 838/838/838 782/782/782
f 853/853/853 856/856/856 858/858/858
f 849/849/849 856/856/856 853/853/853
f 840/840/840 782/782/782 773/773/773
f 773/773/773 782/782/782 775/775/775
f 842/842/842 840/840/840 841/841/841
f 841/841/841 840/840/840 773/773/773
f 842/842/842 844/844/844 849/849/849
f 844/844/844 842/842/842 841/841/841
f 774/774/774 773/773/773 775/775/775
f 774/774/774 775/775/775 771/771/771
f 841/841/841 773/773/773 768/768/768
f 841/841/841 768/768/768 844/844/844
f 774/774/774 767/767/767 773/773/773
f 767/767/767 774/774/774 771/771/771
f 773/773/773 770/770/770 768/768/768
f 767/767/767 770/770/770 773/773/773
f 848/848/848 849/849/849 844/844/844
f 856/856/856 849/849/849 848/848/848
f 768/768/768 845/845/845 844/844/844
f 845/845/845 848/848/848 844/844/844
f 769/769/769 767/767/767 771/771/771
f 760/760/760 769/769/769 771/771/771
f 845/845/845 847/847/847 848/848/848
f 845/845/845 768/768/768 847/847/847
f 769/769/769 760/760/760 759/759/759
f 769/769/769 759/759/759 767/767/767
f 760/760/760 757/757/757 759/759/759
f 754/754/754 757/757/757 760/760/760
f 757/757/757 754/754/754 709/709/709
f 759/759/759 762/762/762 767/767/767
f 709/709/709 698/698/698 757/757/757
f 698/698/698 759/759/759 757/757/757
f 759/759/759 698/698/698 762/762/762
f 709/709/709 695/695/695 698/698/698
f 767/767/767 762/762/762 764/764/764
f 770/770/770 767/767/767 764/764/764
f 768/768/768 770/770/770 764/764/764
f 695/695/695 696/696/696 698/698/698
f 684/684/684 696/696/696 695/695/695
f 698/698/698 699/699/699 762/762/762
f 762/762/762 699/699/699 764/764/764
f 698/698/698 696/696/696 686/686/686
f 699/699/699 698/698/698 686/686/686
f 686/686/686 696/696/696 684/684/684
f 699/699/699 688/688/688 764/764/764
f 688/688/688 699/699/699 686/686/686
f 766/766/766 768/768/768 764/764/764
f 768/768/768 766/766/766 847/847/847
f 682/682/682 686/686/686 684/684/684
f 682/682/682 684/684/684 679/679/679
f 766/766/766 764/764/764 692/692/692
f 764/764/764 688/688/688 692/692/692
f 682/682/682 679/679/679 677/677/677
f 686/686/686 682/682/682 677/677/677
f 679/679/679 678/678/678 677/677/677
f 687/687/687 688/688/688 686/686/686
f 687/687/687 686/686/686 677/677/677
f 677/677/677 678/678/678 671/671/671
f 688/688/688 687/687/687 680/680/680
f 680/680/680 687/687/687 677/677/677
f 692/692/692 688/688/688 680/680/680
f 675/675/675 677/677/677 671/671/671
f 675/675/675 680/680/680 677/677/677
f 675/675/675 671/671/671 670/670/670
f 680/680/680 675/675/675 670/670/670
f 671/671/671 668/668/668 670/670/670
f 692/692/692 683/683/683 766/766/766
f 683/683/683 692/692/692 680/680/680
f 683/683/683 847/847/847 766/766/766
f 681/681/681 680/680/680 670/670/670
f 681/681/681 683/683/683 680/680/680
f 667/667/667 670/670/670 668/668/668
f 662/662/662 667/667/667 668/668/668
f 681/681/681 670/670/670 672/672/672
f 670/670/670 667/667/667 672/672/672
f 681/681/681 672/672/672 683/683/683
f 667/667/667 662/662/662 660/660/660
f 667/667/667 660/660/660 672/672/672
f 662/662/662 661/661/661 660/660/660
f 661/661/661 655/655/655 660/660/660
f 672/672/672 852/852/852 683/683/683
f 655/655/655 658/658/658 660/660/660
f 658/658/658 655/655/655 652/652/652
f 850/850/850 847/847/847 683/683/683
f 852/852/852 850/850/850 683/683/683
f 847/847/847 850/850/850 848/848/848
f 673/673/673 852/852/852 672/672/672
f 852/852/852 673/673/673 850/850/850
f 660/660/660 669/669/669 672/672/672
f 669/669/669 673/673/673 672/672/672
f 848/848/848 850/850/850 855/855/855
f 855/855/855 856/856/856 848/848/848
f 669/669/669 660/660/660 666/666/666
f 660/660/660 658/658/658 666/666/666
f 669/669/669 666/666/666 673/673/673
f 666/666/666 658/658/658 652/652/652
f 673/673/673 854/854/854 850/850/850
f 850/850/850 854/854/854 855/855/855
f 665/665/665 666/666/666 652/652/652
f 654/654/654 665/665/665 652/652/652
f 665/665/665 654/654/654 664/664/664
f 666/666/666 665/665/665 664/664/664
f 666/666/666 674/674/674 673/673/673
f 674/674/674 666/666/666 664/664/664
f 854/854/854 673/673/673 674/674/674
f 674/674/674 664/664/664 676/676/676
f 676/676/676 854/854/854 674/674/674
f 664/664/664 861/861/861 676/676/676
f 855/855/855 854/854/854 857/857/857
f 854/854/854 676/676/676 857/857/857
f 856/856/856 855/855/855 857/857/857
f 861/861/861 859/859/859 676/676/676
f 859/859/859 857/857/857 676/676/676
f 859/859/859 861/861/861 863/863/863
f 858/858/858 856/856/856 857/857/857
f 862/862/862 859/859/859 863/863/863
f 859/859/859 862/862/862 857/857/857
f 862/862/862 858/858/858 857/857/857
f 865/865/865 862/862/862 863/863/863
f 858/858/858 862/862/862 860/860/860
f 862/862/862 865/865/865 867/867/867
f 860/860/860 862/862/862 867/867/867
f 867/867/867 865/865/865 866/866/866
f 860/860/860 867/867/867 871/871/871
f 869/869/869 867/867/867 866/866/866
f 871/871/871 867/867/867 869/869/869
f 869/869/869 866/866/866 900/900/900
f 904/904/904 871/871/871 869/869/869
f 871/871/871 904/904/904 905/905/905
f 900/900/900 902/902/902 869/869/869
f 902/902/902 904/904/904 869/869/869
f 904/904/904 902/902/902 905/905/905
f 900/900/900 939/939/939 902/902/902
f 902/902/902 1278/1278/1278 905/905/905
f 1278/1278/1278 902/902/902 1279/1279/1279
f 1278/1278/1278 1279/1279/1279 1289/1289/1289
f 1280/1280/1280 902/902/902 939/939/939
f 902/902/902 1280/1280/1280 1279/1279/1279
f 1279/1279/1279 1290/1290/1290 1289/1289/1289
f 1289/1289/1289 1290/1290/1290 1288/1288/1288
f 942/942/942 1280/1280/1280 939/939/939
f 940/940/940 942/942/942 939/939/939
f 942/942/942 940/940/940 949/949/949
f 1280/1280/1280 1287/1287/1287 1279/1279/1279
f 1290/1290/1290 1279/1279/1279 1287/1287/1287
f 1280/1280/1280 942/942/942 1281/1281/1281
f 1280/1280/1280 1281/1281/1281 1287/1287/1287
f 942/942/942 949/949/949 1281/1281/1281
f 1288/1288/1288 1290/1290/1290 1294/1294/1294
f 1288/1288/1288 1294/1294/1294 1297/1297/1297
f 1293/1293/1293 1290/1290/1290 1287/1287/1287
f 1290/1290/1290 1293/1293/1293 1294/1294/1294
f 1281/1281/1281 1292/1292/1292 1287/1287/1287
f 1293/1293/1293 1287/1287/1287 1292/1292/1292
f 1294/1294/1294 1296/1296/1296 1297/1297/1297
f 1294/1294/1294 1293/1293/1293 1296/1296/1296
f 1295/1295/1295 1293/1293/1293 1292/1292/1292
f 1293/1293/1293 1295/1295/1295 1296/1296/1296
f 1285/1285/1285 1292/1292/1292 1281/1281/1281
f 1292/1292/1292 1285/1285/1285 1295/1295/1295
f 949/949/949 1283/1283/1283 1281/1281/1281
f 1283/1283/1283 1285/1285/1285 1281/1281/1281
f 1295/1295/1295 1300/1300/1300 1296/1296/1296
f 1285/1285/1285 1300/1300/1300 1295/1295/1295
f 1298/1298/1298 1297/1297/1297 1296/1296/1296
f 988/988/988 1297/1297/1297 1298/1298/1298
f 1300/1300/1300 1299/1299/1299 1296/1296/1296
f 1299/1299/1299 1298/1298/1298 1296/1296/1296
f 1283/1283/1283 971/971/971 1285/1285/1285
f 1283/1283/1283 949/949/949 971/971/971
f 1298/1298/1298 1299/1299/1299 1303/1303/1303
f 1299/1299/1299 1300/1300/1300 1303/1303/1303
f 988/988/988 1298/1298/1298 1305/1305/1305
f 1298/1298/1298 1303/1303/1303 1305/1305/1305
f 1300/1300/1300 1285/1285/1285 1301/1301/1301
f 971/971/971 1301/1301/1301 1285/1285/1285
f 1300/1300/1300 1302/1302/1302 1303/1303/1303
f 1302/1302/1302 1300/1300/1300 1301/1301/1301
f 1304/1304/1304 1305/1305/1305 1303/1303/1303
f 1303/1303/1303 1302/1302/1302 982/982/982
f 1304/1304/1304 1303/1303/1303 982/982/982
f 1302/1302/1302 1301/1301/1301 982/982/982
f 1305/1305/1305 1304/1304/1304 984/984/984
f 984/984/984 1304/1304/1304 982/982/982
f 987/987/987 988/988/988 1305/1305/1305
f 987/987/987 1305/1305/1305 984/984/984
f 989/989/989 988/988/988 987/987/987
f 1301/1301/1301 979/979/979 982/982/982
f 1301/1301/1301 971/971/971 979/979/979
f 989/989/989 987/987/987 991/991/991
f 992/992/992 989/989/989 991/991/991
f 485/485/485 992/992/992 991/991/991
f 991/991/991 987/987/987 990/990/990
f 984/984/984 990/990/990 987/987/987
f 485/485/485 991/991/991 487/487/487
f 991/991/991 990/990/990 487/487/487
f 981/981/981 984/984/984 982/982/982
f 982/982/982 979/979/979 981/981/981
f 990/990/990 984/984/984 983/983/983
f 984/984/984 981/981/981 983/983/983
f 990/990/990 1002/1002/1002 487/487/487
f 980/980/980 983/983/983 981/981/981
f 979/979/979 980/980/980 981/981/981
f 990/990/990 983/983/983 1001/1001/1001
f 1002/1002/1002 990/990/990 1001/1001/1001
f 983/983/983 980/980/980 986/986/986
f 1001/1001/1001 983/983/983 986/986/986
f 1002/1002/1002 1003/1003/1003 487/487/487
f 1003/1003/1003 1002/1002/1002 1001/1001/1001
f 980/980/980 985/985/985 986/986/986
f 1004/1004/1004 1001/1001/1001 986/986/986
f 1004/1004/1004 986/986/986 985/985/985
f 1006/1006/1006 1001/1001/1001 1004/1004/1004
f 1006/1006/1006 1003/1003/1003 1001/1001/1001
f 1006/1006/1006 1007/1007/1007 1003/1003/1003
f 977/977/977 985/985/985 980/980/980
f 980/980/980 979/979/979 977/977/977
f 977/977/977 976/976/976 985/985/985
f 970/970/970 976/976/976 977/977/977
f 979/979/979 978/978/978 977/977/977
f 978/978/978 970/970/970 977/977/977
f 971/971/971 978/978/978 979/979/979
f 970/970/970 978/978/978 971/971/971
f 1007/1007/1007 1005/1005/1005 1003/1003/1003
f 484/484/484 1005/1005/1005 1007/1007/1007
f 968/968/968 970/970/970 971/971/971
f 949/949/949 968/968/968 971/971/971
f 968/968/968 965/965/965 970/970/970
f 968/968/968 949/949/949 950/950/950
f 965/965/965 968/968/968 950/950/950
f 1005/1005/1005 484/484/484 478/478/478
f 1005/1005/1005 478/478/478 1003/1003/1003
f 478/478/478 487/487/487 1003/1003/1003
f 485/485/485 487/487/487 478/478/478
f 482/482/482 478/478/478 484/484/484
f 481/481/481 485/485/485 478/478/478
f 480/480/480 481/481/481 478/478/478
f 479/479/479 480/480/480 478/478/478
f 477/477/477 479/479/479 478/478/478
f 476/476/476 478/478/478 482/482/482
f 476/476/476 477/477/477 478/478/478
f 439/439/439 477/477/477 476/476/476
f 438/438/438 439/439/439 476/476/476
f 439/439/439 438/438/438 428/428/428
f 473/473/473 438/438/438 476/476/476
f 438/438/438 425/425/425 428/428/428
f 425/425/425 427/427/427 428/428/428
f 427/427/427 425/425/425 423/423/423
f 475/475/475 473/473/473 476/476/476
f 492/492/492 475/475/475 476/476/476
f 492/492/492 315/315/315 475/475/475
f 425/425/425 421/421/421 423/423/423
f 421/421/421 422/422/422 423/423/423
f 422/422/422 421/421/421 408/408/408
f 421/421/421 394/394/394 408/408/408
f 475/475/475 474/474/474 473/473/473
f 474/474/474 475/475/475 315/315/315
f 425/425/425 429/429/429 421/421/421
f 429/429/429 425/425/425 438/438/438
f 473/473/473 443/443/443 438/438/438
f 474/474/474 443/443/443 473/473/473
f 441/441/441 429/429/429 438/438/438
f 443/443/443 441/441/441 438/438/438
f 429/429/429 420/420/420 421/421/421
f 421/421/421 420/420/420 394/394/394
f 440/440/440 441/441/441 443/443/443
f 441/441/441 440/440/440 429/429/429
f 420/420/420 418/418/418 394/394/394
f 444/444/444 440/440/440 443/443/443
f 444/444/444 443/443/443 474/474/474
f 418/418/418 398/398/398 394/394/394
f 418/418/418 420/420/420 416/416/416
f 398/398/398 418/418/418 416/416/416
f 424/424/424 420/420/420 429/429/429
f 420/420/420 424/424/424 416/416/416
f 440/440/440 435/435/435 429/429/429
f 435/435/435 424/424/424 429/429/429
f 435/435/435 440/440/440 442/442/442
f 442/442/442 440/440/440 444/444/444
f 435/435/435 434/434/434 424/424/424
f 437/437/437 435/435/435 442/442/442
f 437/437/437 434/434/434 435/435/435
f 448/448/448 442/442/442 444/444/444
f 424/424/424 434/434/434 430/430/430
f 437/437/437 442/442/442 445/445/445
f 430/430/430 426/426/426 424/424/424
f 426/426/426 416/416/416 424/424/424
f 436/436/436 434/434/434 437/437/437
f 436/436/436 437/437/437 445/445/445
f 433/433/433 430/430/430 434/434/434
f 436/436/436 433/433/433 434/434/434
f 433/433/433 431/431/431 430/430/430
f 431/431/431 426/426/426 430/430/430
f 436/436/436 432/432/432 433/433/433
f 433/433/433 432/432/432 431/431/431
f 447/447/447 436/436/436 445/445/445
f 447/447/447 432/432/432 436/436/436
f 446/446/446 445/445/445 442/442/442
f 446/446/446 447/447/447 445/445/445
f 448/448/448 446/446/446 442/442/442
f 432/432/432 405/405/405 431/431/431
f 426/426/426 431/431/431 405/405/405
f 432/432/432 447/447/447 407/407/407
f 432/432/432 407/407/407 405/405/405
f 446/446/446 449/449/449 447/447/447
f 449/449/449 407/407/407 447/447/447
f 446/446/446 448/448/448 469/469/469
f 469/469/469 448/448/448 444/444/444
f 446/446/446 468/468/468 449/449/449
f 468/468/468 446/446/446 469/469/469
f 470/470/470 469/469/469 444/444/444
f 470/470/470 444/444/444 474/474/474
f 469/469/469 467/467/467 468/468/468
f 467/467/467 469/469/469 470/470/470
f 468/468/468 466/466/466 449/449/449
f 467/467/467 466/466/466 468/468/468
f 471/471/471 470/470/470 474/474/474
f 471/471/471 467/467/467 470/470/470
f 466/466/466 459/459/459 449/449/449
f 449/449/449 459/459/459 407/407/407
f 466/466/466 467/467/467 465/465/465
f 459/459/459 466/466/466 465/465/465
f 472/472/472 471/471/471 474/474/474
f 472/472/472 474/474/474 315/315/315
f 467/467/467 471/471/471 463/463/463
f 465/465/465 467/467/467 463/463/463
f 471/471/471 472/472/472 464/464/464
f 463/463/463 471/471/471 464/464/464
f 472/472/472 315/315/315 464/464/464
f 465/465/465 463/463/463 456/456/456
f 462/462/462 464/464/464 315/315/315
f 463/463/463 464/464/464 460/460/460
f 464/464/464 462/462/462 460/460/460
f 456/456/456 463/463/463 460/460/460
f 462/462/462 315/315/315 312/312/312
f 312/312/312 315/315/315 313/313/313
f 313/313/313 309/309/309 312/312/312
f 312/312/312 309/309/309 314/314/314
f 312/312/312 314/314/314 178/178/178
f 178/178/178 337/337/337 312/312/312
f 461/461/461 462/462/462 312/312/312
f 461/461/461 460/460/460 462/462/462
f 461/461/461 312/312/312 458/458/458
f 461/461/461 458/458/458 460/460/460
f 458/458/458 312/312/312 337/337/337
f 457/457/457 460/460/460 458/458/458
f 458/458/458 337/337/337 457/457/457
f 457/457/457 456/456/456 460/460/460
f 455/455/455 457/457/457 337/337/337
f 454/454/454 465/465/465 456/456/456
f 454/454/454 459/459/459 465/465/465
f 451/451/451 456/456/456 457/457/457
f 455/455/455 451/451/451 457/457/457
f 456/456/456 451/451/451 454/454/454
f 455/455/455 337/337/337 397/397/397
f 455/455/455 397/397/397 451/451/451
f 337/337/337 396/396/396 397/397/397
f 397/397/397 396/396/396 394/394/394
f 398/398/398 397/397/397 394/394/394
f 459/459/459 454/454/454 452/452/452
f 459/459/459 452/452/452 407/407/407
f 454/454/454 453/453/453 452/452/452
f 451/451/451 453/453/453 454/454/454
f 407/407/407 452/452/452 450/450/450
f 453/453/453 450/450/450 452/452/452
f 406/406/406 407/407/407 450/450/450
f 406/406/406 450/450/450 453/453/453
f 406/406/406 405/405/405 407/407/407
f 404/404/404 406/406/406 453/453/453
f 404/404/404 453/453/453 451/451/451
f 404/404/404 405/405/405 406/406/406
f 397/397/397 401/401/401 451/451/451
f 401/401/401 404/404/404 451/451/451
f 397/397/397 400/400/400 401/401/401
f 404/404/404 401/401/401 400/400/400
f 399/399/399 400/400/400 397/397/397
f 398/398/398 399/399/399 397/397/397
f 403/403/403 404/404/404 400/400/400
f 399/399/399 403/403/403 400/400/400
f 404/404/404 403/403/403 405/405/405
f 402/402/402 399/399/399 398/398/398
f 402/402/402 403/403/403 399/399/399
f 402/402/402 398/398/398 416/416/416
f 403/403/403 411/411/411 405/405/405
f 411/411/411 403/403/403 402/402/402
f 402/402/402 416/416/416 411/411/411
f 411/411/411 426/426/426 405/405/405
f 416/416/416 426/426/426 411/411/411
f 1454/1454/1454 1453/1453/1453 1452/1452/1452
f 1455/1455/1455 1454/1454/1454 1452/1452/1452
f 1455/1455/1455 1452/1452/1452 1456/1456/1456
f 1454/1454/1454 1457/1457/1457 1453/1453/1453
f 1457/1457/1457 1458/1458/1458 1453/1453/1453
f 1459/1459/1459 1456/1456/1456 1458/1458/1458
f 1459/1459/1459 1455/1455/1455 1456/1456/1456
f 1457/1457/1457 1459/1459/1459 1458/1458/1458
f 1459/1459/1459 1460/1460/1460 1455/1455/1455
f 1459/1459/1459 1457/1457/1457 1460/1460/1460
f 1454/1454/1454 1455/1455/1455 1461/1461/1461
f 1460/1460/1460 1461/1461/1461 1455/1455/1455
f 1457/1457/1457 1454/1454/1454 1462/1462/1462
f 1462/1462/1462 1454/1454/1454 1461/1461/1461
f 1457/1457/1457 1463/1463/1463 1460/1460/1460
f 1463/1463/1463 1457/1457/1457 1462/1462/1462
f 1461/1461/1461 1460/1460/1460 1464/1464/1464
f 1461/1461/1461 1464/1464/1464 1466/1466/1466
f 1462/1462/1462 1461/1461/1461 1466/1466/1466
f 1460/1460/1460 1465/1465/1465 1464/1464/1464
f 1460/1460/1460 1463/1463/1463 1465/1465/1465
f 1462/1462/1462 1466/1466/1466 1467/1467/1467
f 1463/1463/1463 1467/1467/1467 1465/1465/1465
f 1463/1463/1463 1462/1462/1462 1467/1467/1467
f 1470/1470/1470 1469/1469/1469 1468/1468/1468
f 1471/1471/1471 1468/1468/1468 1469/1469/1469
f 1468/1468/1468 1471/1471/1471 1472/1472/1472
f 1468/1468/1468 1472/1472/1472 1473/1473/1473
f 1469/1469/1469 1474/1474/1474 1471/1471/1471
f 1474/1474/1474 1475/1475/1475 1471/1471/1471
f 1537/1537/1537 1468/1468/1468 1473/1473/1473
f 1537/1537/1537 1473/1473/1473 1538/1538/1538
f 1476/1476/1476 1474/1474/1474 1469/1469/1469
f 1470/1470/1470 1476/1476/1476 1469/1469/1469
f 1540/1540/1540 1537/1537/1537 1538/1538/1538
f 1540/1540/1540 1538/1538/1538 1541/1541/1541
f 1535/1535/1535 1468/1468/1468 1537/1537/1537
f 1535/1535/1535 1470/1470/1470 1468/1468/1468
f 1539/1539/1539 1537/1537/1537 1540/1540/1540
f 1539/1539/1539 1535/1535/1535 1537/1537/1537
f 1544/1544/1544 1540/1540/1540 1541/1541/1541
f 1544/1544/1544 1541/1541/1541 1545/1545/1545
f 1543/1543/1543 1539/1539/1539 1540/1540/1540
f 1543/1543/1543 1540/1540/1540 1544/1544/1544
f 1547/1547/1547 1544/1544/1544 1545/1545/1545
f 1547/1547/1547 1545/1545/1545 1548/1548/1548
f 1549/1549/1549 1543/1543/1543 1544/1544/1544
f 1549/1549/1549 1544/1544/1544 1547/1547/1547
f 1550/1550/1550 1547/1547/1547 1548/1548/1548
f 1548/1548/1548 1551/1551/1551 1550/1550/1550
f 1552/1552/1552 1549/1549/1549 1547/1547/1547
f 1552/1552/1552 1547/1547/1547 1550/1550/1550
f 1551/1551/1551 1554/1554/1554 1550/1550/1550
f 1551/1551/1551 1560/1560/1560 1554/1554/1554
f 1555/1555/1555 1552/1552/1552 1550/1550/1550
f 1555/1555/1555 1550/1550/1550 1554/1554/1554
f 1560/1560/1560 1561/1561/1561 1554/1554/1554
f 1560/1560/1560 1563/1563/1563 1561/1561/1561
f 1557/1557/1557 1555/1555/1555 1554/1554/1554
f 1563/1563/1563 1565/1565/1565 1561/1561/1561
f 1563/1563/1563 1566/1566/1566 1565/1565/1565
f 1554/1554/1554 1561/1561/1561 1562/1562/1562
f 1561/1561/1561 1565/1565/1565 1562/1562/1562
f 1554/1554/1554 1562/1562/1562 1557/1557/1557
f 1566/1566/1566 1567/1567/1567 1565/1565/1565
f 1566/1566/1566 1568/1568/1568 1567/1567/1567
f 1565/1565/1565 1569/1569/1569 1562/1562/1562
f 1565/1565/1565 1567/1567/1567 1569/1569/1569
f 1568/1568/1568 1570/1570/1570 1567/1567/1567
f 1568/1568/1568 1571/1571/1571 1570/1570/1570
f 1567/1567/1567 1572/1572/1572 1569/1569/1569
f 1567/1567/1567 1570/1570/1570 1572/1572/1572
f 1571/1571/1571 1574/1574/1574 1570/1570/1570
f 1571/1571/1571 1575/1575/1575 1574/1574/1574
f 1570/1570/1570 1576/1576/1576 1572/1572/1572
f 1570/1570/1570 1574/1574/1574 1576/1576/1576
f 1575/1575/1575 1578/1578/1578 1574/1574/1574
f 1578/1578/1578 1575/1575/1575 1579/1579/1579
f 1574/1574/1574 1580/1580/1580 1576/1576/1576
f 1580/1580/1580 1574/1574/1574 1578/1578/1578
f 1572/1572/1572 1576/1576/1576 1577/1577/1577
f 1582/1582/1582 1578/1578/1578 1579/1579/1579
f 1569/1569/1569 1572/1572/1572 1573/1573/1573
f 1572/1572/1572 1577/1577/1577 1573/1573/1573
f 1562/1562/1562 1569/1569/1569 1564/1564/1564
f 1569/1569/1569 1573/1573/1573 1564/1564/1564
f 1562/1562/1562 1564/1564/1564 1559/1559/1559
f 1557/1557/1557 1562/1562/1562 1559/1559/1559
f 1564/1564/1564 1573/1573/1573 1756/1756/1756
f 1559/1559/1559 1564/1564/1564 1756/1756/1756
f 1573/1573/1573 1577/1577/1577 1760/1760/1760
f 1573/1573/1573 1760/1760/1760 1756/1756/1756
f 1576/1576/1576 1581/1581/1581 1577/1577/1577
f 1576/1576/1576 1580/1580/1580 1581/1581/1581
f 1577/1577/1577 1763/1763/1763 1760/1760/1760
f 1763/1763/1763 1577/1577/1577 1581/1581/1581
f 1583/1583/1583 1580/1580/1580 1578/1578/1578
f 1583/1583/1583 1578/1578/1578 1582/1582/1582
f 1580/1580/1580 1584/1584/1584 1581/1581/1581
f 1584/1584/1584 1580/1580/1580 1583/1583/1583
f 1766/1766/1766 1763/1763/1763 1581/1581/1581
f 1581/1581/1581 1584/1584/1584 1766/1766/1766
f 1760/1760/1760 1763/1763/1763 1761/1761/1761
f 1586/1586/1586 1584/1584/1584 1583/1583/1583
f 1763/1763/1763 1766/1766/1766 1764/1764/1764
f 1763/1763/1763 1764/1764/1764 1761/1761/1761
f 1584/1584/1584 1768/1768/1768 1766/1766/1766
f 1584/1584/1584 1586/1586/1586 1768/1768/1768
f 1766/1766/1766 1767/1767/1767 1764/1764/1764
f 1766/1766/1766 1768/1768/1768 1767/1767/1767
f 1586/1586/1586 1583/1583/1583 1585/1585/1585
f 1585/1585/1585 1583/1583/1583 1582/1582/1582
f 1586/1586/1586 1770/1770/1770 1768/1768/1768
f 1588/1588/1588 1582/1582/1582 1579/1579/1579
f 1582/1582/1582 1588/1588/1588 1585/1585/1585
f 1588/1588/1588 1579/1579/1579 1589/1589/1589
f 1588/1588/1588 1589/1589/1589 1592/1592/1592
f 1587/1587/1587 1586/1586/1586 1585/1585/1585
f 1770/1770/1770 1586/1586/1586 1587/1587/1587
f 1593/1593/1593 1588/1588/1588 1592/1592/1592
f 1593/1593/1593 1592/1592/1592 1594/1594/1594
f 1590/1590/1590 1585/1585/1585 1588/1588/1588
f 1590/1590/1590 1588/1588/1588 1593/1593/1593
f 1591/1591/1591 1587/1587/1587 1585/1585/1585
f 1591/1591/1591 1585/1585/1585 1590/1590/1590
f 1595/1595/1595 1593/1593/1593 1594/1594/1594
f 1595/1595/1595 1594/1594/1594 1596/1596/1596
f 1597/1597/1597 1590/1590/1590 1593/1593/1593
f 1597/1597/1597 1593/1593/1593 1595/1595/1595
f 1591/1591/1591 1590/1590/1590 1597/1597/1597
f 1598/1598/1598 1595/1595/1595 1596/1596/1596
f 1598/1598/1598 1596/1596/1596 1599/1599/1599
f 1600/1600/1600 1597/1597/1597 1595/1595/1595
f 1600/1600/1600 1595/1595/1595 1598/1598/1598
f 1601/1601/1601 1591/1591/1591 1597/1597/1597
f 1601/1601/1601 1597/1597/1597 1600/1600/1600
f 1602/1602/1602 1598/1598/1598 1599/1599/1599
f 1599/1599/1599 1603/1603/1603 1602/1602/1602
f 1604/1604/1604 1600/1600/1600 1598/1598/1598
f 1604/1604/1604 1598/1598/1598 1602/1602/1602
f 1605/1605/1605 1601/1601/1601 1600/1600/1600
f 1605/1605/1605 1600/1600/1600 1604/1604/1604
f 1603/1603/1603 1606/1606/1606 1602/1602/1602
f 1606/1606/1606 1603/1603/1603 1607/1607/1607
f 1608/1608/1608 1604/1604/1604 1602/1602/1602
f 1608/1608/1608 1602/1602/1602 1606/1606/1606
f 1609/1609/1609 1605/1605/1605 1604/1604/1604
f 1609/1609/1609 1604/1604/1604 1608/1608/1608
f 1610/1610/1610 1606/1606/1606 1607/1607/1607
f 1611/1611/1611 1608/1608/1608 1606/1606/1606
f 1611/1611/1611 1606/1606/1606 1610/1610/1610
f 1612/1612/1612 1609/1609/1609 1608/1608/1608
f 1612/1612/1612 1608/1608/1608 1611/1611/1611
f 1607/1607/1607 1613/1613/1613 1610/1610/1610
f 1607/1607/1607 1503/1503/1503 1613/1613/1613
f 1614/1614/1614 1611/1611/1611 1610/1610/1610
f 1614/1614/1614 1610/1610/1610 1613/1613/1613
f 1615/1615/1615 1612/1612/1612 1611/1611/1611
f 1615/1615/1615 1611/1611/1611 1614/1614/1614
f 1780/1780/1780 1609/1609/1609 1612/1612/1612
f 1616/1616/1616 1614/1614/1614 1613/1613/1613
f 1782/1782/1782 1612/1612/1612 1615/1615/1615
f 1782/1782/1782 1780/1780/1780 1612/1612/1612
f 1617/1617/1617 1615/1615/1615 1614/1614/1614
f 1617/1617/1617 1614/1614/1614 1616/1616/1616
f 1784/1784/1784 1782/1782/1782 1615/1615/1615
f 1615/1615/1615 1617/1617/1617 1784/1784/1784
f 1618/1618/1618 1617/1617/1617 1616/1616/1616
f 1617/1617/1617 1786/1786/1786 1784/1784/1784
f 1617/1617/1617 1620/1620/1620 1786/1786/1786
f 1618/1618/1618 1616/1616/1616 1512/1512/1512
f 1512/1512/1512 1616/1616/1616 1613/1613/1613
f 1620/1620/1620 1618/1618/1618 1619/1619/1619
f 1619/1619/1619 1618/1618/1618 1512/1512/1512
f 1512/1512/1512 1613/1613/1613 1509/1509/1509
f 1503/1503/1503 1509/1509/1509 1613/1613/1613
f 1513/1513/1513 1619/1619/1619 1512/1512/1512
f 1620/1620/1620 1619/1619/1619 1513/1513/1513
f 1511/1511/1511 1512/1512/1512 1509/1509/1509
f 1513/1513/1513 1512/1512/1512 1511/1511/1511
f 1503/1503/1503 1505/1505/1505 1509/1509/1509
f 1511/1511/1511 1509/1509/1509 1505/1505/1505
f 1511/1511/1511 1508/1508/1508 1513/1513/1513
f 1508/1508/1508 1511/1511/1511 1505/1505/1505
f 1513/1513/1513 1510/1510/1510 1620/1620/1620
f 1508/1508/1508 1510/1510/1510 1513/1513/1513
f 1503/1503/1503 1501/1501/1501 1505/1505/1505
f 1501/1501/1501 1503/1503/1503 1502/1502/1502
f 1501/1501/1501 1502/1502/1502 1498/1498/1498
f 1505/1505/1505 1504/1504/1504 1508/1508/1508
f 1504/1504/1504 1505/1505/1505 1501/1501/1501
f 1497/1497/1497 1501/1501/1501 1498/1498/1498
f 1504/1504/1504 1501/1501/1501 1497/1497/1497
f 1497/1497/1497 1498/1498/1498 1494/1494/1494
f 1507/1507/1507 1508/1508/1508 1504/1504/1504
f 1508/1508/1508 1507/1507/1507 1510/1510/1510
f 1499/1499/1499 1504/1504/1504 1497/1497/1497
f 1507/1507/1507 1504/1504/1504 1499/1499/1499
f 1493/1493/1493 1497/1497/1497 1494/1494/1494
f 1499/1499/1499 1497/1497/1497 1493/1493/1493
f 1493/1493/1493 1494/1494/1494 1490/1490/1490
f 1506/1506/1506 1507/1507/1507 1499/1499/1499
f 1489/1489/1489 1493/1493/1493 1490/1490/1490
f 1489/1489/1489 1490/1490/1490 1486/1486/1486
f 1495/1495/1495 1499/1499/1499 1493/1493/1493
f 1495/1495/1495 1493/1493/1493 1489/1489/1489
f 1499/1499/1499 1495/1495/1495 1506/1506/1506
f 1485/1485/1485 1489/1489/1489 1486/1486/1486
f 1485/1485/1485 1486/1486/1486 1482/1482/1482
f 1491/1491/1491 1495/1495/1495 1489/1489/1489
f 1491/1491/1491 1489/1489/1489 1485/1485/1485
f 1495/1495/1495 1500/1500/1500 1506/1506/1506
f 1500/1500/1500 1495/1495/1495 1491/1491/1491
f 1481/1481/1481 1485/1485/1485 1482/1482/1482
f 1481/1481/1481 1482/1482/1482 1475/1475/1475
f 1487/1487/1487 1491/1491/1491 1485/1485/1485
f 1487/1487/1487 1485/1485/1485 1481/1481/1481
f 1479/1479/1479 1481/1481/1481 1475/1475/1475
f 1475/1475/1475 1474/1474/1474 1479/1479/1479
f 1483/1483/1483 1487/1487/1487 1481/1481/1481
f 1483/1483/1483 1481/1481/1481 1479/1479/1479
f 1480/1480/1480 1479/1479/1479 1474/1474/1474
f 1480/1480/1480 1483/1483/1483 1479/1479/1479
f 1476/1476/1476 1480/1480/1480 1474/1474/1474
f 1496/1496/1496 1491/1491/1491 1487/1487/1487
f 1496/1496/1496 1500/1500/1500 1491/1491/1491
f 1492/1492/1492 1487/1487/1487 1483/1483/1483
f 1492/1492/1492 1496/1496/1496 1487/1487/1487
f 1488/1488/1488 1483/1483/1483 1480/1480/1480
f 1488/1488/1488 1492/1492/1492 1483/1483/1483
f 1484/1484/1484 1480/1480/1480 1476/1476/1476
f 1484/1484/1484 1488/1488/1488 1480/1480/1480
f 1519/1519/1519 1496/1496/1496 1492/1492/1492
f 1521/1521/1521 1492/1492/1492 1488/1488/1488
f 1521/1521/1521 1519/1519/1519 1492/1492/1492
f 1517/1517/1517 1500/1500/1500 1496/1496/1496
f 1519/1519/1519 1517/1517/1517 1496/1496/1496
f 1523/1523/1523 1521/1521/1521 1488/1488/1488
f 1523/1523/1523 1488/1488/1488 1484/1484/1484
f 1517/1517/1517 1515/1515/1515 1500/1500/1500
f 1515/1515/1515 1506/1506/1506 1500/1500/1500
f 1477/1477/1477 1484/1484/1484 1476/1476/1476
f 1477/1477/1477 1476/1476/1476 1470/1470/1470
f 1515/1515/1515 1514/1514/1514 1506/1506/1506
f 1514/1514/1514 1507/1507/1507 1506/1506/1506
f 1514/1514/1514 1510/1510/1510 1507/1507/1507
f 1478/1478/1478 1477/1477/1477 1470/1470/1470
f 1478/1478/1478 1470/1470/1470 1535/1535/1535
f 1516/1516/1516 1510/1510/1510 1514/1514/1514
f 1516/1516/1516 1514/1514/1514 1515/1515/1515
f 1536/1536/1536 1478/1478/1478 1535/1535/1535
f 1536/1536/1536 1535/1535/1535 1539/1539/1539
f 1532/1532/1532 1477/1477/1477 1478/1478/1478
f 1532/1532/1532 1478/1478/1478 1536/1536/1536
f 1542/1542/1542 1536/1536/1536 1539/1539/1539
f 1532/1532/1532 1536/1536/1536 1542/1542/1542
f 1542/1542/1542 1539/1539/1539 1543/1543/1543
f 1477/1477/1477 1532/1532/1532 1528/1528/1528
f 1528/1528/1528 1484/1484/1484 1477/1477/1477
f 1546/1546/1546 1542/1542/1542 1543/1543/1543
f 1546/1546/1546 1543/1543/1543 1549/1549/1549
f 1484/1484/1484 1528/1528/1528 1526/1526/1526
f 1526/1526/1526 1523/1523/1523 1484/1484/1484
f 1553/1553/1553 1546/1546/1546 1549/1549/1549
f 1553/1553/1553 1549/1549/1549 1552/1552/1552
f 1739/1739/1739 1542/1542/1542 1546/1546/1546
f 1739/1739/1739 1532/1532/1532 1542/1542/1542
f 1740/1740/1740 1546/1546/1546 1553/1553/1553
f 1740/1740/1740 1739/1739/1739 1546/1546/1546
f 1556/1556/1556 1553/1553/1553 1552/1552/1552
f 1556/1556/1556 1552/1552/1552 1555/1555/1555
f 1743/1743/1743 1740/1740/1740 1553/1553/1553
f 1743/1743/1743 1553/1553/1553 1556/1556/1556
f 1558/1558/1558 1556/1556/1556 1555/1555/1555
f 1555/1555/1555 1557/1557/1557 1558/1558/1558
f 1557/1557/1557 1559/1559/1559 1558/1558/1558
f 1746/1746/1746 1743/1743/1743 1556/1556/1556
f 1746/1746/1746 1556/1556/1556 1558/1558/1558
f 1749/1749/1749 1558/1558/1558 1559/1559/1559
f 1749/1749/1749 1746/1746/1746 1558/1558/1558
f 1752/1752/1752 1749/1749/1749 1559/1559/1559
f 1756/1756/1756 1752/1752/1752 1559/1559/1559
f 1747/1747/1747 1746/1746/1746 1749/1749/1749
f 1750/1750/1750 1749/1749/1749 1752/1752/1752
f 1750/1750/1750 1747/1747/1747 1749/1749/1749
f 1752/1752/1752 1756/1756/1756 1753/1753/1753
f 1753/1753/1753 1750/1750/1750 1752/1752/1752
f 1744/1744/1744 1743/1743/1743 1746/1746/1746
f 1747/1747/1747 1744/1744/1744 1746/1746/1746
f 1740/1740/1740 1743/1743/1743 1741/1741/1741
f 1743/1743/1743 1744/1744/1744 1741/1741/1741
f 1738/1738/1738 1739/1739/1739 1740/1740/1740
f 1741/1741/1741 1738/1738/1738 1740/1740/1740
f 1745/1745/1745 1744/1744/1744 1747/1747/1747
f 1738/1738/1738 1534/1534/1534 1739/1739/1739
f 1534/1534/1534 1532/1532/1532 1739/1739/1739
f 1742/1742/1742 1741/1741/1741 1744/1744/1744
f 1745/1745/1745 1742/1742/1742 1744/1744/1744
f 1737/1737/1737 1738/1738/1738 1741/1741/1741
f 1742/1742/1742 1737/1737/1737 1741/1741/1741
f 1733/1733/1733 1534/1534/1534 1738/1738/1738
f 1737/1737/1737 1733/1733/1733 1738/1738/1738
f 1534/1534/1534 1530/1530/1530 1532/1532/1532
f 1530/1530/1530 1528/1528/1528 1532/1532/1532
f 1530/1530/1530 1526/1526/1526 1528/1528/1528
f 1733/1733/1733 1533/1533/1533 1534/1534/1534
f 1533/1533/1533 1530/1530/1530 1534/1534/1534
f 1530/1530/1530 1529/1529/1529 1526/1526/1526
f 1529/1529/1529 1523/1523/1523 1526/1526/1526
f 1533/1533/1533 1531/1531/1531 1530/1530/1530
f 1529/1529/1529 1530/1530/1530 1531/1531/1531
f 1529/1529/1529 1524/1524/1524 1523/1523/1523
f 1524/1524/1524 1521/1521/1521 1523/1523/1523
f 1825/1825/1825 1529/1529/1529 1531/1531/1531
f 1529/1529/1529 1825/1825/1825 1524/1524/1524
f 1734/1734/1734 1531/1531/1531 1533/1533/1533
f 1524/1524/1524 1522/1522/1522 1521/1521/1521
f 1522/1522/1522 1519/1519/1519 1521/1521/1521
f 1829/1829/1829 1825/1825/1825 1531/1531/1531
f 1734/1734/1734 1829/1829/1829 1531/1531/1531
f 1522/1522/1522 1520/1520/1520 1519/1519/1519
f 1520/1520/1520 1517/1517/1517 1519/1519/1519
f 1522/1522/1522 1524/1524/1524 1828/1828/1828
f 1520/1520/1520 1518/1518/1518 1517/1517/1517
f 1518/1518/1518 1515/1515/1515 1517/1517/1517
f 1518/1518/1518 1516/1516/1516 1515/1515/1515
f 1525/1525/1525 1520/1520/1520 1522/1522/1522
f 1828/1828/1828 1525/1525/1525 1522/1522/1522
f 1527/1527/1527 1518/1518/1518 1520/1520/1520
f 1525/1525/1525 1527/1527/1527 1520/1520/1520
f 1524/1524/1524 1826/1826/1826 1828/1828/1828
f 1825/1825/1825 1826/1826/1826 1524/1524/1524
f 1527/1527/1527 1626/1626/1626 1518/1518/1518
f 1626/1626/1626 1516/1516/1516 1518/1518/1518
f 1827/1827/1827 1826/1826/1826 1825/1825/1825
f 1829/1829/1829 1827/1827/1827 1825/1825/1825
f 1830/1830/1830 1828/1828/1828 1826/1826/1826
f 1827/1827/1827 1830/1830/1830 1826/1826/1826
f 1640/1640/1640 1525/1525/1525 1828/1828/1828
f 1830/1830/1830 1640/1640/1640 1828/1828/1828
f 1628/1628/1628 1527/1527/1527 1525/1525/1525
f 1640/1640/1640 1628/1628/1628 1525/1525/1525
f 1627/1627/1627 1626/1626/1626 1527/1527/1527
f 1628/1628/1628 1627/1627/1627 1527/1527/1527
f 1637/1637/1637 1640/1640/1640 1830/1830/1830
f 1634/1634/1634 1628/1628/1628 1640/1640/1640
f 1637/1637/1637 1634/1634/1634 1640/1640/1640
f 1830/1830/1830 1827/1827/1827 1833/1833/1833
f 1833/1833/1833 1637/1637/1637 1830/1830/1830
f 1831/1831/1831 1827/1827/1827 1829/1829/1829
f 1827/1827/1827 1831/1831/1831 1833/1833/1833
f 1638/1638/1638 1637/1637/1637 1833/1833/1833
f 1832/1832/1832 1638/1638/1638 1833/1833/1833
f 1832/1832/1832 1833/1833/1833 1831/1831/1831
f 1638/1638/1638 1635/1635/1635 1637/1637/1637
f 1635/1635/1635 1634/1634/1634 1637/1637/1637
f 1736/1736/1736 1832/1832/1832 1831/1831/1831
f 1635/1635/1635 1633/1633/1633 1634/1634/1634
f 1736/1736/1736 1831/1831/1831 1735/1735/1735
f 1735/1735/1735 1831/1831/1831 1829/1829/1829
f 1732/1732/1732 1736/1736/1736 1735/1735/1735
f 1735/1735/1735 1829/1829/1829 1734/1734/1734
f 1633/1633/1633 1630/1630/1630 1634/1634/1634
f 1634/1634/1634 1630/1630/1630 1628/1628/1628
f 1630/1630/1630 1627/1627/1627 1628/1628/1628
f 1633/1633/1633 1631/1631/1631 1630/1630/1630
f 1732/1732/1732 1735/1735/1735 1731/1731/1731
f 1731/1731/1731 1735/1735/1735 1734/1734/1734
f 1730/1730/1730 1732/1732/1732 1731/1731/1731
f 1631/1631/1631 1629/1629/1629 1630/1630/1630
f 1630/1630/1630 1629/1629/1629 1627/1627/1627
f 1631/1631/1631 1632/1632/1632 1629/1629/1629
f 1730/1730/1730 1731/1731/1731 1728/1728/1728
f 1727/1727/1727 1730/1730/1730 1728/1728/1728
f 1731/1731/1731 1734/1734/1734 1729/1729/1729
f 1728/1728/1728 1731/1731/1731 1729/1729/1729
f 1729/1729/1729 1734/1734/1734 1533/1533/1533
f 1729/1729/1729 1533/1533/1533 1733/1733/1733
f 1727/1727/1727 1728/1728/1728 1724/1724/1724
f 1724/1724/1724 1728/1728/1728 1729/1729/1729
f 1722/1722/1722 1727/1727/1727 1724/1724/1724
f 1726/1726/1726 1729/1729/1729 1733/1733/1733
f 1724/1724/1724 1729/1729/1729 1726/1726/1726
f 1725/1725/1725 1726/1726/1726 1733/1733/1733
f 1724/1724/1724 1726/1726/1726 1725/1725/1725
f 1725/1725/1725 1733/1733/1733 1737/1737/1737
f 1722/1722/1722 1724/1724/1724 1721/1721/1721
f 1721/1721/1721 1724/1724/1724 1725/1725/1725
f 1719/1719/1719 1722/1722/1722 1721/1721/1721
f 1723/1723/1723 1725/1725/1725 1737/1737/1737
f 1721/1721/1721 1725/1725/1725 1723/1723/1723
f 1723/1723/1723 1737/1737/1737 1742/1742/1742
f 1719/1719/1719 1721/1721/1721 1718/1718/1718
f 1718/1718/1718 1721/1721/1721 1723/1723/1723
f 1716/1716/1716 1719/1719/1719 1718/1718/1718
f 1720/1720/1720 1723/1723/1723 1742/1742/1742
f 1718/1718/1718 1723/1723/1723 1720/1720/1720
f 1720/1720/1720 1742/1742/1742 1745/1745/1745
f 1716/1716/1716 1718/1718/1718 1715/1715/1715
f 1715/1715/1715 1718/1718/1718 1720/1720/1720
f 1713/1713/1713 1716/1716/1716 1715/1715/1715
f 1717/1717/1717 1720/1720/1720 1745/1745/1745
f 1715/1715/1715 1720/1720/1720 1717/1717/1717
f 1713/1713/1713 1715/1715/1715 1712/1712/1712
f 1712/1712/1712 1715/1715/1715 1717/1717/1717
f 1710/1710/1710 1713/1713/1713 1712/1712/1712
f 1717/1717/1717 1745/1745/1745 1748/1748/1748
f 1748/1748/1748 1745/1745/1745 1747/1747/1747
f 1747/1747/1747 1750/1750/1750 1748/1748/1748
f 1712/1712/1712 1717/1717/1717 1714/1714/1714
f 1714/1714/1714 1717/1717/1717 1748/1748/1748
f 1710/1710/1710 1712/1712/1712 1709/1709/1709
f 1709/1709/1709 1712/1712/1712 1714/1714/1714
f 1708/1708/1708 1710/1710/1710 1709/1709/1709
f 1750/1750/1750 1751/1751/1751 1748/1748/1748
f 1714/1714/1714 1748/1748/1748 1751/1751/1751
f 1751/1751/1751 1750/1750/1750 1753/1753/1753
f 1709/1709/1709 1714/1714/1714 1711/1711/1711
f 1711/1711/1711 1714/1714/1714 1751/1751/1751
f 1708/1708/1708 1709/1709/1709 1707/1707/1707
f 1707/1707/1707 1709/1709/1709 1711/1711/1711
f 1706/1706/1706 1708/1708/1708 1707/1707/1707
f 1711/1711/1711 1751/1751/1751 1754/1754/1754
f 1754/1754/1754 1751/1751/1751 1753/1753/1753
f 1706/1706/1706 1707/1707/1707 1705/1705/1705
f 1704/1704/1704 1706/1706/1706 1705/1705/1705
f 1707/1707/1707 1711/1711/1711 1703/1703/1703
f 1705/1705/1705 1707/1707/1707 1703/1703/1703
f 1703/1703/1703 1711/1711/1711 1754/1754/1754
f 1705/1705/1705 1702/1702/1702 1704/1704/1704
f 1703/1703/1703 1702/1702/1702 1705/1705/1705
f 1702/1702/1702 1701/1701/1701 1704/1704/1704
f 1753/1753/1753 1755/1755/1755 1754/1754/1754
f 1754/1754/1754 1755/1755/1755 1703/1703/1703
f 1702/1702/1702 1694/1694/1694 1701/1701/1701
f 1703/1703/1703 1694/1694/1694 1702/1702/1702
f 1694/1694/1694 1695/1695/1695 1701/1701/1701
f 1694/1694/1694 1692/1692/1692 1695/1695/1695
f 1753/1753/1753 1757/1757/1757 1755/1755/1755
f 1756/1756/1756 1757/1757/1757 1753/1753/1753
f 1756/1756/1756 1760/1760/1760 1757/1757/1757
f 1760/1760/1760 1761/1761/1761 1757/1757/1757
f 1703/1703/1703 1755/1755/1755 1758/1758/1758
f 1757/1757/1757 1758/1758/1758 1755/1755/1755
f 1758/1758/1758 1700/1700/1700 1703/1703/1703
f 1703/1703/1703 1700/1700/1700 1694/1694/1694
f 1757/1757/1757 1759/1759/1759 1758/1758/1758
f 1758/1758/1758 1759/1759/1759 1700/1700/1700
f 1757/1757/1757 1761/1761/1761 1759/1759/1759
f 1700/1700/1700 1699/1699/1699 1694/1694/1694
f 1759/1759/1759 1699/1699/1699 1700/1700/1700
f 1761/1761/1761 1762/1762/1762 1759/1759/1759
f 1759/1759/1759 1762/1762/1762 1699/1699/1699
f 1761/1761/1761 1764/1764/1764 1762/1762/1762
f 1699/1699/1699 1697/1697/1697 1694/1694/1694
f 1762/1762/1762 1697/1697/1697 1699/1699/1699
f 1764/1764/1764 1765/1765/1765 1762/1762/1762
f 1762/1762/1762 1765/1765/1765 1697/1697/1697
f 1764/1764/1764 1767/1767/1767 1765/1765/1765
f 1697/1697/1697 1691/1691/1691 1694/1694/1694
f 1694/1694/1694 1691/1691/1691 1692/1692/1692
f 1691/1691/1691 1688/1688/1688 1692/1692/1692
f 1765/1765/1765 1696/1696/1696 1697/1697/1697
f 1691/1691/1691 1697/1697/1697 1696/1696/1696
f 1691/1691/1691 1687/1687/1687 1688/1688/1688
f 1687/1687/1687 1691/1691/1691 1696/1696/1696
f 1687/1687/1687 1684/1684/1684 1688/1688/1688
f 1765/1765/1765 1698/1698/1698 1696/1696/1696
f 1767/1767/1767 1698/1698/1698 1765/1765/1765
f 1696/1696/1696 1689/1689/1689 1687/1687/1687
f 1698/1698/1698 1689/1689/1689 1696/1696/1696
f 1687/1687/1687 1683/1683/1683 1684/1684/1684
f 1689/1689/1689 1683/1683/1683 1687/1687/1687
f 1683/1683/1683 1681/1681/1681 1684/1684/1684
f 1767/1767/1767 1769/1769/1769 1698/1698/1698
f 1768/1768/1768 1769/1769/1769 1767/1767/1767
f 1769/1769/1769 1768/1768/1768 1770/1770/1770
f 1689/1689/1689 1698/1698/1698 1693/1693/1693
f 1769/1769/1769 1693/1693/1693 1698/1698/1698
f 1689/1689/1689 1685/1685/1685 1683/1683/1683
f 1685/1685/1685 1689/1689/1689 1693/1693/1693
f 1683/1683/1683 1680/1680/1680 1681/1681/1681
f 1685/1685/1685 1680/1680/1680 1683/1683/1683
f 1680/1680/1680 1678/1678/1678 1681/1681/1681
f 1693/1693/1693 1769/1769/1769 1771/1771/1771
f 1771/1771/1771 1769/1769/1769 1770/1770/1770
f 1693/1693/1693 1690/1690/1690 1685/1685/1685
f 1690/1690/1690 1693/1693/1693 1771/1771/1771
f 1685/1685/1685 1682/1682/1682 1680/1680/1680
f 1690/1690/1690 1682/1682/1682 1685/1685/1685
f 1680/1680/1680 1677/1677/1677 1678/1678/1678
f 1682/1682/1682 1677/1677/1677 1680/1680/1680
f 1677/1677/1677 1675/1675/1675 1678/1678/1678
f 1682/1682/1682 1690/1690/1690 1686/1686/1686
f 1690/1690/1690 1771/1771/1771 1686/1686/1686
f 1677/1677/1677 1682/1682/1682 1679/1679/1679
f 1679/1679/1679 1682/1682/1682 1686/1686/1686
f 1675/1675/1675 1677/1677/1677 1674/1674/1674
f 1674/1674/1674 1677/1677/1677 1679/1679/1679
f 1670/1670/1670 1675/1675/1675 1674/1674/1674
f 1679/1679/1679 1686/1686/1686 1676/1676/1676
f 1670/1670/1670 1674/1674/1674 1672/1672/1672
f 1674/1674/1674 1679/1679/1679 1673/1673/1673
f 1672/1672/1672 1674/1674/1674 1673/1673/1673
f 1673/1673/1673 1679/1679/1679 1676/1676/1676
f 1670/1670/1670 1672/1672/1672 1662/1662/1662
f 1663/1663/1663 1670/1670/1670 1662/1662/1662
f 1659/1659/1659 1663/1663/1663 1662/1662/1662
f 1672/1672/1672 1673/1673/1673 1668/1668/1668
f 1662/1662/1662 1672/1672/1672 1668/1668/1668
f 1676/1676/1676 1671/1671/1671 1673/1673/1673
f 1671/1671/1671 1668/1668/1668 1673/1673/1673
f 1773/1773/1773 1676/1676/1676 1686/1686/1686
f 1771/1771/1771 1773/1773/1773 1686/1686/1686
f 1775/1775/1775 1671/1671/1671 1676/1676/1676
f 1773/1773/1773 1775/1775/1775 1676/1676/1676
f 1668/1668/1668 1671/1671/1671 1669/1669/1669
f 1775/1775/1775 1669/1669/1669 1671/1671/1671
f 1773/1773/1773 1771/1771/1771 1772/1772/1772
f 1771/1771/1771 1770/1770/1770 1772/1772/1772
f 1772/1772/1772 1770/1770/1770 1587/1587/1587
f 1772/1772/1772 1587/1587/1587 1591/1591/1591
f 1773/1773/1773 1772/1772/1772 1774/1774/1774
f 1774/1774/1774 1772/1772/1772 1591/1591/1591
f 1775/1775/1775 1773/1773/1773 1774/1774/1774
f 1774/1774/1774 1591/1591/1591 1601/1601/1601
f 1776/1776/1776 1774/1774/1774 1601/1601/1601
f 1775/1775/1775 1774/1774/1774 1776/1776/1776
f 1776/1776/1776 1601/1601/1601 1605/1605/1605
f 1777/1777/1777 1775/1775/1775 1776/1776/1776
f 1775/1775/1775 1777/1777/1777 1669/1669/1669
f 1778/1778/1778 1776/1776/1776 1605/1605/1605
f 1777/1777/1777 1776/1776/1776 1778/1778/1778
f 1778/1778/1778 1605/1605/1605 1609/1609/1609
f 1780/1780/1780 1778/1778/1778 1609/1609/1609
f 1779/1779/1779 1777/1777/1777 1778/1778/1778
f 1779/1779/1779 1778/1778/1778 1780/1780/1780
f 1777/1777/1777 1667/1667/1667 1669/1669/1669
f 1777/1777/1777 1779/1779/1779 1667/1667/1667
f 1666/1666/1666 1668/1668/1668 1669/1669/1669
f 1666/1666/1666 1669/1669/1669 1667/1667/1667
f 1662/1662/1662 1668/1668/1668 1666/1666/1666
f 1781/1781/1781 1779/1779/1779 1780/1780/1780
f 1781/1781/1781 1780/1780/1780 1782/1782/1782
f 1779/1779/1779 1665/1665/1665 1667/1667/1667
f 1779/1779/1779 1781/1781/1781 1665/1665/1665
f 1664/1664/1664 1666/1666/1666 1667/1667/1667
f 1662/1662/1662 1666/1666/1666 1664/1664/1664
f 1664/1664/1664 1667/1667/1667 1665/1665/1665
f 1658/1658/1658 1662/1662/1662 1664/1664/1664
f 1659/1659/1659 1662/1662/1662 1658/1658/1658
f 1655/1655/1655 1659/1659/1659 1658/1658/1658
f 1660/1660/1660 1664/1664/1664 1665/1665/1665
f 1658/1658/1658 1664/1664/1664 1660/1660/1660
f 1655/1655/1655 1658/1658/1658 1654/1654/1654
f 1654/1654/1654 1658/1658/1658 1660/1660/1660
f 1651/1651/1651 1655/1655/1655 1654/1654/1654
f 1660/1660/1660 1665/1665/1665 1661/1661/1661
f 1781/1781/1781 1661/1661/1661 1665/1665/1665
f 1654/1654/1654 1660/1660/1660 1656/1656/1656
f 1656/1656/1656 1660/1660/1660 1661/1661/1661
f 1651/1651/1651 1654/1654/1654 1650/1650/1650
f 1650/1650/1650 1654/1654/1654 1656/1656/1656
f 1649/1649/1649 1651/1651/1651 1650/1650/1650
f 1656/1656/1656 1661/1661/1661 1657/1657/1657
f 1657/1657/1657 1661/1661/1661 1781/1781/1781
f 1650/1650/1650 1656/1656/1656 1652/1652/1652
f 1652/1652/1652 1656/1656/1656 1657/1657/1657
f 1649/1649/1649 1650/1650/1650 1648/1648/1648
f 1648/1648/1648 1650/1650/1650 1652/1652/1652
f 1644/1644/1644 1649/1649/1649 1648/1648/1648
f 1783/1783/1783 1657/1657/1657 1781/1781/1781
f 1783/1783/1783 1781/1781/1781 1782/1782/1782
f 1783/1783/1783 1782/1782/1782 1784/1784/1784
f 1644/1644/1644 1648/1648/1648 1643/1643/1643
f 1642/1642/1642 1644/1644/1644 1643/1643/1643
f 1785/1785/1785 1783/1783/1783 1784/1784/1784
f 1785/1785/1785 1784/1784/1784 1786/1786/1786
f 1657/1657/1657 1783/1783/1783 1653/1653/1653
f 1783/1783/1783 1785/1785/1785 1653/1653/1653
f 1652/1652/1652 1657/1657/1657 1653/1653/1653
f 1621/1621/1621 1785/1785/1785 1786/1786/1786
f 1653/1653/1653 1785/1785/1785 1621/1621/1621
f 1621/1621/1621 1786/1786/1786 1620/1620/1620
f 1621/1621/1621 1620/1620/1620 1510/1510/1510
f 1516/1516/1516 1621/1621/1621 1510/1510/1510
f 1648/1648/1648 1652/1652/1652 1647/1647/1647
f 1647/1647/1647 1652/1652/1652 1653/1653/1653
f 1643/1643/1643 1648/1648/1648 1647/1647/1647
f 1646/1646/1646 1653/1653/1653 1621/1621/1621
f 1647/1647/1647 1653/1653/1653 1646/1646/1646
f 1622/1622/1622 1621/1621/1621 1516/1516/1516
f 1622/1622/1622 1646/1646/1646 1621/1621/1621
f 1645/1645/1645 1647/1647/1647 1646/1646/1646
f 1647/1647/1647 1645/1645/1645 1643/1643/1643
f 1646/1646/1646 1622/1622/1622 1645/1645/1645
f 1642/1642/1642 1643/1643/1643 1641/1641/1641
f 1645/1645/1645 1641/1641/1641 1643/1643/1643
f 1639/1639/1639 1642/1642/1642 1641/1641/1641
f 1623/1623/1623 1622/1622/1622 1516/1516/1516
f 1626/1626/1626 1623/1623/1623 1516/1516/1516
f 1622/1622/1622 1624/1624/1624 1645/1645/1645
f 1624/1624/1624 1622/1622/1622 1623/1623/1623
f 1641/1641/1641 1645/1645/1645 1624/1624/1624
f 1625/1625/1625 1623/1623/1623 1626/1626/1626
f 1625/1625/1625 1624/1624/1624 1623/1623/1623
f 1627/1627/1627 1625/1625/1625 1626/1626/1626
f 1629/1629/1629 1625/1625/1625 1627/1627/1627
f 1629/1629/1629 1624/1624/1624 1625/1625/1625
f 1639/1639/1639 1641/1641/1641 1636/1636/1636
f 1636/1636/1636 1641/1641/1641 1624/1624/1624
f 1629/1629/1629 1636/1636/1636 1624/1624/1624
f 1632/1632/1632 1639/1639/1639 1636/1636/1636
f 1632/1632/1632 1636/1636/1636 1629/1629/1629
f 1789/1789/1789 1788/1788/1788 1787/1787/1787
f 1788/1788/1788 1789/1789/1789 1792/1792/1792
f 1790/1790/1790 1789/1789/1789 1787/1787/1787
f 1789/1789/1789 1793/1793/1793 1792/1792/1792
f 1791/1791/1791 1790/1790/1790 1787/1787/1787
f 1792/1792/1792 1793/1793/1793 1794/1794/1794
f 1824/1824/1824 1791/1791/1791 1787/1787/1787
f 1795/1795/1795 1792/1792/1792 1794/1794/1794
f 1791/1791/1791 1824/1824/1824 1822/1822/1822
f 1796/1796/1796 1795/1795/1795 1794/1794/1794
f 1823/1823/1823 1791/1791/1791 1822/1822/1822
f 1797/1797/1797 1796/1796/1796 1794/1794/1794
f 1820/1820/1820 1823/1823/1823 1822/1822/1822
f 1798/1798/1798 1796/1796/1796 1797/1797/1797
f 1821/1821/1821 1820/1820/1820 1822/1822/1822
f 1799/1799/1799 1798/1798/1798 1797/1797/1797
f 1820/1820/1820 1821/1821/1821 1818/1818/1818
f 1798/1798/1798 1799/1799/1799 1800/1800/1800
f 1819/1819/1819 1820/1820/1820 1818/1818/1818
f 1801/1801/1801 1798/1798/1798 1800/1800/1800
f 1816/1816/1816 1819/1819/1819 1818/1818/1818
f 1801/1801/1801 1800/1800/1800 1802/1802/1802
f 1817/1817/1817 1816/1816/1816 1818/1818/1818
f 1800/1800/1800 1803/1803/1803 1802/1802/1802
f 1817/1817/1817 1814/1814/1814 1816/1816/1816
f 1802/1802/1802 1803/1803/1803 1804/1804/1804
f 1814/1814/1814 1815/1815/1815 1816/1816/1816
f 1803/1803/1803 1805/1805/1805 1804/1804/1804
f 1815/1815/1815 1814/1814/1814 1813/1813/1813
f 1804/1804/1804 1805/1805/1805 1806/1806/1806
f 1814/1814/1814 1812/1812/1812 1813/1813/1813
f 1807/1807/1807 1804/1804/1804 1806/1806/1806
f 1813/1813/1813 1812/1812/1812 1811/1811/1811
f 1808/1808/1808 1807/1807/1807 1806/1806/1806
f 1812/1812/1812 1810/1810/1810 1811/1811/1811
f 1809/1809/1809 1808/1808/1808 1806/1806/1806
f 1809/1809/1809 1811/1811/1811 1810/1810/1810
f 1808/1808/1808 1809/1809/1809 1810/1810/1810
f 1836/1836/1836 1835/1835/1835 1834/1834/1834
f 1834/1834/1834 1835/1835/1835 1837/1837/1837
f 1838/1838/1838 1837/1837/1837 1835/1835/1835
f 1834/1834/1834 1837/1837/1837 1839/1839/1839
f 1840/1840/1840 1838/1838/1838 1835/1835/1835
f 1841/1841/1841 1834/1834/1834 1839/1839/1839
f 1842/1842/1842 1840/1840/1840 1835/1835/1835
f 1836/1836/1836 1842/1842/1842 1835/1835/1835
f 1840/1840/1840 1843/1843/1843 1838/1838/1838
f 1842/1842/1842 1836/1836/1836 1844/1844/1844
f 1845/1845/1845 1843/1843/1843 1840/1840/1840
f 1842/1842/1842 1845/1845/1845 1840/1840/1840
f 1843/1843/1843 1846/1846/1846 1838/1838/1838
f 1846/1846/1846 1843/1843/1843 1845/1845/1845
f 1846/1846/1846 1847/1847/1847 1838/1838/1838
f 1848/1848/1848 1845/1845/1845 1842/1842/1842
f 1848/1848/1848 1842/1842/1842 1844/1844/1844
f 1849/1849/1849 1845/1845/1845 1848/1848/1848
f 1849/1849/1849 1846/1846/1846 1845/1845/1845
f 1850/1850/1850 1849/1849/1849 1848/1848/1848
f 1844/1844/1844 1836/1836/1836 1851/1851/1851
f 1851/1851/1851 1836/1836/1836 1834/1834/1834
f 1844/1844/1844 1851/1851/1851 1852/1852/1852
f 1850/1850/1850 1853/1853/1853 1849/1849/1849
f 1850/1850/1850 1852/1852/1852 1853/1853/1853
f 1849/1849/1849 1853/1853/1853 1846/1846/1846
f 1851/1851/1851 1834/1834/1834 1854/1854/1854
f 1851/1851/1851 1854/1854/1854 1852/1852/1852
f 1834/1834/1834 1841/1841/1841 1854/1854/1854
f 1852/1852/1852 1855/1855/1855 1853/1853/1853
f 1852/1852/1852 1854/1854/1854 1855/1855/1855
f 1853/1853/1853 1856/1856/1856 1846/1846/1846
f 1853/1853/1853 1855/1855/1855 1856/1856/1856
f 1846/1846/1846 1856/1856/1856 1847/1847/1847
f 1839/1839/1839 1847/1847/1847 1856/1856/1856
f 1855/1855/1855 1854/1854/1854 1857/1857/1857
f 1855/1855/1855 1857/1857/1857 1856/1856/1856
f 1854/1854/1854 1841/1841/1841 1857/1857/1857
f 1857/1857/1857 1839/1839/1839 1856/1856/1856
f 1857/1857/1857 1841/1841/1841 1839/1839/1839
f 1860/1860/1860 1859/1859/1859 1858/1858/1858
f 1861/1861/1861 1860/1860/1860 1858/1858/1858
f 1864/1864/1864 1863/1863/1863 1862/1862/1862
f 1866/1866/1866 1864/1864/1864 1862/1862/1862
f 1866/1866/1866 1862/1862/1862 1867/1867/1867
f 1868/1868/1868 1863/1863/1863 1864/1864/1864
f 1869/1869/1869 1868/1868/1868 1864/1864/1864
f 1862/1862/1862 1870/1870/1870 1867/1867/1867
f 1873/1873/1873 1868/1868/1868 1869/1869/1869
f 1874/1874/1874 1873/1873/1873 1869/1869/1869
f 1873/1873/1873 1874/1874/1874 1872/1872/1872
f 1872/1872/1872 1867/1867/1867 1871/1871/1871
f 1871/1871/1871 1873/1873/1873 1872/1872/1872
f 1867/1867/1867 1870/1870/1870 1871/1871/1871
f 1868/1868/1868 1875/1875/1875 1863/1863/1863
f 1875/1875/1875 1868/1868/1868 1873/1873/1873
f 1863/1863/1863 1865/1865/1865 1862/1862/1862
f 1875/1875/1875 1865/1865/1865 1863/1863/1863
f 1873/1873/1873 1871/1871/1871 1892/1892/1892
f 1871/1871/1871 1870/1870/1870 1892/1892/1892
f 1886/1886/1886 1875/1875/1875 1873/1873/1873
f 1886/1886/1886 1873/1873/1873 1892/1892/1892
f 1862/1862/1862 1882/1882/1882 1870/1870/1870
f 1865/1865/1865 1882/1882/1882 1862/1862/1862
f 1887/1887/1887 1886/1886/1886 1892/1892/1892
f 1887/1887/1887 1881/1881/1881 1886/1886/1886
f 1886/1886/1886 1881/1881/1881 1875/1875/1875
f 1893/1893/1893 1887/1887/1887 1892/1892/1892
f 1881/1881/1881 1880/1880/1880 1875/1875/1875
f 1891/1891/1891 1893/1893/1893 1892/1892/1892
f 1880/1880/1880 1879/1879/1879 1875/1875/1875
f 1875/1875/1875 1879/1879/1879 1877/1877/1877
f 1865/1865/1865 1875/1875/1875 1877/1877/1877
f 1865/1865/1865 1877/1877/1877 1876/1876/1876
f 1876/1876/1876 1878/1878/1878 1865/1865/1865
f 1878/1878/1878 1882/1882/1882 1865/1865/1865
f 1878/1878/1878 1883/1883/1883 1882/1882/1882
f 1882/1882/1882 1883/1883/1883 1884/1884/1884
f 1884/1884/1884 1885/1885/1885 1882/1882/1882
f 1892/1892/1892 1888/1888/1888 1891/1891/1891
f 1885/1885/1885 1888/1888/1888 1882/1882/1882
f 1870/1870/1870 1888/1888/1888 1892/1892/1892
f 1882/1882/1882 1888/1888/1888 1870/1870/1870
f 1885/1885/1885 1889/1889/1889 1888/1888/1888
f 1888/1888/1888 1890/1890/1890 1891/1891/1891
f 1889/1889/1889 1890/1890/1890 1888/1888/1888
f 1896/1896/1896 1895/1895/1895 1894/1894/1894
f 1898/1898/1898 1896/1896/1896 1894/1894/1894
f 1894/1894/1894 1895/1895/1895 1897/1897/1897
f 1901/1901/1901 1896/1896/1896 1898/1898/1898
f 1900/1900/1900 1901/1901/1901 1898/1898/1898
f 1897/1897/1897 1899/1899/1899 1900/1900/1900
f 1899/1899/1899 1901/1901/1901 1900/1900/1900
f 1895/1895/1895 1899/1899/1899 1897/1897/1897
f 1901/1901/1901 1903/1903/1903 1896/1896/1896
f 1896/1896/1896 1904/1904/1904 1895/1895/1895
f 1903/1903/1903 1904/1904/1904 1896/1896/1896
f 1895/1895/1895 1902/1902/1902 1899/1899/1899
f 1904/1904/1904 1902/1902/1902 1895/1895/1895
f 1899/1899/1899 1905/1905/1905 1901/1901/1901
f 1905/1905/1905 1903/1903/1903 1901/1901/1901
f 1902/1902/1902 1905/1905/1905 1899/1899/1899
f 1903/1903/1903 1906/1906/1906 1904/1904/1904
f 1906/1906/1906 1903/1903/1903 1905/1905/1905
f 1906/1906/1906 1907/1907/1907 1904/1904/1904
f 1904/1904/1904 1907/1907/1907 1902/1902/1902
f 1908/1908/1908 1906/1906/1906 1905/1905/1905
f 1907/1907/1907 1909/1909/1909 1902/1902/1902
f 1909/1909/1909 1908/1908/1908 1905/1905/1905
f 1902/1902/1902 1909/1909/1909 1905/1905/1905
f 1915/1915/1915 1914/1914/1914 1913/1913/1913
f 1916/1916/1916 1915/1915/1915 1913/1913/1913
f 1918/1918/1918 1917/1917/1917 1914/1914/1914
f 1919/1919/1919 1918/1918/1918 1914/1914/1914
f 1921/1921/1921 1915/1915/1915 1920/1920/1920
f 1922/1922/1922 1921/1921/1921 1920/1920/1920
f 1924/1924/1924 1919/1919/1919 1923/1923/1923
f 1925/1925/1925 1924/1924/1924 1923/1923/1923
f 1928/1928/1928 1927/1927/1927 1926/1926/1926
f 1931/1931/1931 1930/1930/1930 1929/1929/1929
f 1934/1934/1934 1933/1933/1933 1932/1932/1932
f 1937/1937/1937 1936/1936/1936 1935/1935/1935
f 1940/1940/1940 1939/1939/1939 1938/1938/1938
f 1943/1943/1943 1942/1942/1942 1941/1941/1941
f 1946/1946/1946 1945/1945/1945 1944/1944/1944
f 1949/1949/1949 1948/1948/1948 1947/1947/1947
f 1952/1952/1952 1951/1951/1951 1950/1950/1950
f 1955/1955/1955 1954/1954/1954 1953/1953/1953
f 1956/1956/1956 1955/1955/1955 1953/1953/1953
f 1956/1956/1956 1953/1953/1953 1957/1957/1957
f 1958/1958/1958 1954/1954/1954 1955/1955/1955
f 1959/1959/1959 1958/1958/1958 1955/1955/1955
f 1953/1953/1953 1962/1962/1962 1957/1957/1957
f 1965/1965/1965 1958/1958/1958 1959/1959/1959
f 1966/1966/1966 1965/1965/1965 1959/1959/1959
f 1965/1965/1965 1966/1966/1966 1964/1964/1964
f 1964/1964/1964 1957/1957/1957 1963/1963/1963
f 1963/1963/1963 1965/1965/1965 1964/1964/1964
f 1957/1957/1957 1962/1962/1962 1963/1963/1963
f 1967/1967/1967 1958/1958/1958 1965/1965/1965
f 1958/1958/1958 1967/1967/1967 1954/1954/1954
f 1965/1965/1965 1963/1963/1963 1983/1983/1983
f 1983/1983/1983 1963/1963/1963 1962/1962/1962
f 1953/1953/1953 1954/1954/1954 1960/1960/1960
f 1953/1953/1953 1960/1960/1960 1962/1962/1962
f 1977/1977/1977 1965/1965/1965 1983/1983/1983
f 1977/1977/1977 1967/1967/1967 1965/1965/1965
f 1979/1979/1979 1983/1983/1983 1962/1962/1962
f 1960/1960/1960 1979/1979/1979 1962/1962/1962
f 1978/1978/1978 1977/1977/1977 1983/1983/1983
f 1984/1984/1984 1978/1978/1978 1983/1983/1983
f 1978/1978/1978 1974/1974/1974 1977/1977/1977
f 1977/1977/1977 1974/1974/1974 1967/1967/1967
f 1982/1982/1982 1984/1984/1984 1983/1983/1983
f 1983/1983/1983 1979/1979/1979 1982/1982/1982
f 1974/1974/1974 1972/1972/1972 1967/1967/1967
f 1979/1979/1979 1981/1981/1981 1982/1982/1982
f 1972/1972/1972 1971/1971/1971 1967/1967/1967
f 1980/1980/1980 1981/1981/1981 1979/1979/1979
f 1967/1967/1967 1971/1971/1971 1969/1969/1969
f 1976/1976/1976 1980/1980/1980 1979/1979/1979
f 1976/1976/1976 1979/1979/1979 1960/1960/1960
f 1975/1975/1975 1976/1976/1976 1960/1960/1960
f 1960/1960/1960 1973/1973/1973 1975/1975/1975
f 1970/1970/1970 1973/1973/1973 1960/1960/1960
f 1961/1961/1961 1967/1967/1967 1969/1969/1969
f 1970/1970/1970 1960/1960/1960 1961/1961/1961
f 1967/1967/1967 1961/1961/1961 1954/1954/1954
f 1954/1954/1954 1961/1961/1961 1960/1960/1960
f 1968/1968/1968 1970/1970/1970 1961/1961/1961
f 1961/1961/1961 1969/1969/1969 1968/1968/1968
f 1987/1987/1987 1986/1986/1986 1985/1985/1985
f 1989/1989/1989 1987/1987/1987 1985/1985/1985
f 1985/1985/1985 1986/1986/1986 1988/1988/1988
f 1992/1992/1992 1987/1987/1987 1989/1989/1989
f 1991/1991/1991 1992/1992/1992 1989/1989/1989
f 1988/1988/1988 1990/1990/1990 1991/1991/1991
f 1990/1990/1990 1992/1992/1992 1991/1991/1991
f 1986/1986/1986 1990/1990/1990 1988/1988/1988
f 1992/1992/1992 1994/1994/1994 1987/1987/1987
f 1987/1987/1987 1995/1995/1995 1986/1986/1986
f 1994/1994/1994 1995/1995/1995 1987/1987/1987
f 1986/1986/1986 1993/1993/1993 1990/1990/1990
f 1995/1995/1995 1993/1993/1993 1986/1986/1986
f 1990/1990/1990 1996/1996/1996 1992/1992/1992
f 1996/1996/1996 1994/1994/1994 1992/1992/1992
f 1993/1993/1993 1996/1996/1996 1990/1990/1990
f 1994/1994/1994 1997/1997/1997 1995/1995/1995
f 1997/1997/1997 1994/1994/1994 1996/1996/1996
f 1997/1997/1997 1998/1998/1998 1995/1995/1995
f 1995/1995/1995 1998/1998/1998 1993/1993/1993
f 1999/1999/1999 1997/1997/1997 1996/1996/1996
f 1998/1998/1998 2000/2000/2000 1993/1993/1993
f 2000/2000/2000 1999/1999/1999 1996/1996/1996
f 1993/1993/1993 2000/2000/2000 1996/1996/1996
f 2003/2003/2003 2002/2002/2002 2001/2001/2001
f 2006/2006/2006 2005/2005/2005 2004/2004/2004
f 2007/2007/2007 2006/2006/2006 2004/2004/2004
f 2009/2009/2009 2008/2008/2008 2005/2005/2005
f 2010/2010/2010 2009/2009/2009 2005/2005/2005
f 2012/2012/2012 2006/2006/2006 2011/2011/2011
f 2013/2013/2013 2012/2012/2012 2011/2011/2011
f 2015/2015/2015 2010/2010/2010 2014/2014/2014
f 2016/2016/2016 2015/2015/2015 2014/2014/2014
f 2019/2019/2019 2018/2018/2018 2017/2017/2017
f 2022/2022/2022 2021/2021/2021 2020/2020/2020
f 2025/2025/2025 2024/2024/2024 2023/2023/2023
f 2028/2028/2028 2027/2027/2027 2026/2026/2026
f 2031/2031/2031 2030/2030/2030 2029/2029/2029
f 2034/2034/2034 2033/2033/2033 2032/2032/2032
f 2037/2037/2037 2036/2036/2036 2035/2035/2035
f 2040/2040/2040 2039/2039/2039 2038/2038/2038
f 2043/2043/2043 2042/2042/2042 2041/2041/2041
f 2046/2046/2046 2045/2045/2045 2044/2044/2044
f 2045/2045/2045 2047/2047/2047 2044/2044/2044
f 2047/2047/2047 2045/2045/2045 2048/2048/2048
f 2049/2049/2049 2046/2046/2046 2044/2044/2044
f 2050/2050/2050 2049/2049/2049 2044/2044/2044
f 2045/2045/2045 2053/2053/2053 2048/2048/2048
f 2056/2056/2056 2049/2049/2049 2050/2050/2050
f 2057/2057/2057 2056/2056/2056 2050/2050/2050
f 2056/2056/2056 2057/2057/2057 2055/2055/2055
f 2055/2055/2055 2048/2048/2048 2054/2054/2054
f 2054/2054/2054 2056/2056/2056 2055/2055/2055
f 2048/2048/2048 2053/2053/2053 2054/2054/2054
f 2058/2058/2058 2049/2049/2049 2056/2056/2056
f 2049/2049/2049 2058/2058/2058 2046/2046/2046
f 2056/2056/2056 2054/2054/2054 2074/2074/2074
f 2074/2074/2074 2054/2054/2054 2053/2053/2053
f 2045/2045/2045 2046/2046/2046 2051/2051/2051
f 2045/2045/2045 2051/2051/2051 2053/2053/2053
f 2068/2068/2068 2056/2056/2056 2074/2074/2074
f 2068/2068/2068 2058/2058/2058 2056/2056/2056
f 2070/2070/2070 2074/2074/2074 2053/2053/2053
f 2051/2051/2051 2070/2070/2070 2053/2053/2053
f 2069/2069/2069 2068/2068/2068 2074/2074/2074
f 2075/2075/2075 2069/2069/2069 2074/2074/2074
f 2069/2069/2069 2065/2065/2065 2068/2068/2068
f 2068/2068/2068 2065/2065/2065 2058/2058/2058
f 2073/2073/2073 2075/2075/2075 2074/2074/2074
f 2074/2074/2074 2070/2070/2070 2073/2073/2073
f 2065/2065/2065 2063/2063/2063 2058/2058/2058
f 2070/2070/2070 2072/2072/2072 2073/2073/2073
f 2063/2063/2063 2062/2062/2062 2058/2058/2058
f 2071/2071/2071 2072/2072/2072 2070/2070/2070
f 2058/2058/2058 2062/2062/2062 2060/2060/2060
f 2067/2067/2067 2071/2071/2071 2070/2070/2070
f 2067/2067/2067 2070/2070/2070 2051/2051/2051
f 2066/2066/2066 2067/2067/2067 2051/2051/2051
f 2051/2051/2051 2064/2064/2064 2066/2066/2066
f 2061/2061/2061 2064/2064/2064 2051/2051/2051
f 2052/2052/2052 2058/2058/2058 2060/2060/2060
f 2061/2061/2061 2051/2051/2051 2052/2052/2052
f 2058/2058/2058 2052/2052/2052 2046/2046/2046
f 2046/2046/2046 2052/2052/2052 2051/2051/2051
f 2059/2059/2059 2061/2061/2061 2052/2052/2052
f 2052/2052/2052 2060/2060/2060 2059/2059/2059
f 2078/2078/2078 2077/2077/2077 2076/2076/2076
f 2080/2080/2080 2078/2078/2078 2076/2076/2076
f 2076/2076/2076 2077/2077/2077 2079/2079/2079
f 2083/2083/2083 2078/2078/2078 2080/2080/2080
f 2082/2082/2082 2083/2083/2083 2080/2080/2080
f 2079/2079/2079 2081/2081/2081 2082/2082/2082
f 2081/2081/2081 2083/2083/2083 2082/2082/2082
f 2077/2077/2077 2081/2081/2081 2079/2079/2079
f 2083/2083/2083 2085/2085/2085 2078/2078/2078
f 2078/2078/2078 2086/2086/2086 2077/2077/2077
f 2085/2085/2085 2086/2086/2086 2078/2078/2078
f 2077/2077/2077 2084/2084/2084 2081/2081/2081
f 2086/2086/2086 2084/2084/2084 2077/2077/2077
f 2081/2081/2081 2087/2087/2087 2083/2083/2083
f 2087/2087/2087 2085/2085/2085 2083/2083/2083
f 2084/2084/2084 2087/2087/2087 2081/2081/2081
f 2085/2085/2085 2088/2088/2088 2086/2086/2086
f 2088/2088/2088 2085/2085/2085 2087/2087/2087
f 2088/2088/2088 2089/2089/2089 2086/2086/2086
f 2086/2086/2086 2089/2089/2089 2084/2084/2084
f 2090/2090/2090 2088/2088/2088 2087/2087/2087
f 2089/2089/2089 2091/2091/2091 2084/2084/2084
f 2091/2091/2091 2090/2090/2090 2087/2087/2087
f 2084/2084/2084 2091/2091/2091 2087/2087/2087
f 2094/2094/2094 2093/2093/2093 2092/2092/2092
f 2097/2097/2097 2096/2096/2096 2095/2095/2095
f 2098/2098/2098 2097/2097/2097 2095/2095/2095
f 2100/2100/2100 2099/2099/2099 2096/2096/2096
f 2101/2101/2101 2100/2100/2100 2096/2096/2096
f 2103/2103/2103 2097/2097/2097 2102/2102/2102
f 2104/2104/2104 2103/2103/2103 2102/2102/2102
f 2106/2106/2106 2101/2101/2101 2105/2105/2105
f 2107/2107/2107 2106/2106/2106 2105/2105/2105
f 2110/2110/2110 2109/2109/2109 2108/2108/2108
f 2113/2113/2113 2112/2112/2112 2111/2111/2111
f 2116/2116/2116 2115/2115/2115 2114/2114/2114
f 2119/2119/2119 2118/2118/2118 2117/2117/2117
f 2122/2122/2122 2121/2121/2121 2120/2120/2120
f 2125/2125/2125 2124/2124/2124 2123/2123/2123
f 2128/2128/2128 2127/2127/2127 2126/2126/2126
f 2131/2131/2131 2130/2130/2130 2129/2129/2129
f 2134/2134/2134 2133/2133/2133 2132/2132/2132
f 2137/2137/2137 2136/2136/2136 2135/2135/2135
f 2136/2136/2136 2138/2138/2138 2135/2135/2135
f 2139/2139/2139 2137/2137/2137 2135/2135/2135
f 2163/2163/2163 2137/2137/2137 2139/2139/2139
f 2163/2163/2163 2139/2139/2139 2164/2164/2164
f 2135/2135/2135 2138/2138/2138 2140/2140/2140
f 2138/2138/2138 2141/2141/2141 2140/2140/2140
f 2141/2141/2141 2143/2143/2143 2140/2140/2140
f 2143/2143/2143 2144/2144/2144 2140/2140/2140
f 2139/2139/2139 2135/2135/2135 2142/2142/2142
f 2135/2135/2135 2140/2140/2140 2142/2142/2142
f 2144/2144/2144 2146/2146/2146 2140/2140/2140
f 2144/2144/2144 2147/2147/2147 2146/2146/2146
f 2140/2140/2140 2145/2145/2145 2142/2142/2142
f 2140/2140/2140 2146/2146/2146 2145/2145/2145
f 2147/2147/2147 2149/2149/2149 2146/2146/2146
f 2147/2147/2147 2150/2150/2150 2149/2149/2149
f 2146/2146/2146 2148/2148/2148 2145/2145/2145
f 2146/2146/2146 2149/2149/2149 2148/2148/2148
f 2152/2152/2152 2149/2149/2149 2150/2150/2150
f 2149/2149/2149 2152/2152/2152 2148/2148/2148
f 2153/2153/2153 2152/2152/2152 2150/2150/2150
f 2153/2153/2153 2154/2154/2154 2152/2152/2152
f 2145/2145/2145 2148/2148/2148 2151/2151/2151
f 2152/2152/2152 2154/2154/2154 2177/2177/2177
f 2154/2154/2154 2178/2178/2178 2177/2177/2177
f 2178/2178/2178 2175/2175/2175 2177/2177/2177
f 2152/2152/2152 2155/2155/2155 2148/2148/2148
f 2148/2148/2148 2155/2155/2155 2151/2151/2151
f 2152/2152/2152 2177/2177/2177 2176/2176/2176
f 2155/2155/2155 2152/2152/2152 2176/2176/2176
f 2172/2172/2172 2177/2177/2177 2175/2175/2175
f 2177/2177/2177 2172/2172/2172 2176/2176/2176
f 2174/2174/2174 2172/2172/2172 2175/2175/2175
f 2174/2174/2174 2171/2171/2171 2172/2172/2172
f 2155/2155/2155 2176/2176/2176 2170/2170/2170
f 2151/2151/2151 2155/2155/2155 2170/2170/2170
f 2172/2172/2172 2173/2173/2173 2176/2176/2176
f 2170/2170/2170 2176/2176/2176 2173/2173/2173
f 2172/2172/2172 2171/2171/2171 2169/2169/2169
f 2171/2171/2171 2168/2168/2168 2169/2169/2169
f 2173/2173/2173 2172/2172/2172 2165/2165/2165
f 2172/2172/2172 2169/2169/2169 2165/2165/2165
f 2173/2173/2173 2165/2165/2165 2170/2170/2170
f 2169/2169/2169 2168/2168/2168 2166/2166/2166
f 2169/2169/2169 2166/2166/2166 2165/2165/2165
f 2168/2168/2168 2167/2167/2167 2166/2166/2166
f 2164/2164/2164 2166/2166/2166 2167/2167/2167
f 2139/2139/2139 2166/2166/2166 2164/2164/2164
f 2166/2166/2166 2139/2139/2139 2165/2165/2165
f 2139/2139/2139 2160/2160/2160 2165/2165/2165
f 2160/2160/2160 2139/2139/2139 2142/2142/2142
f 2165/2165/2165 2160/2160/2160 2161/2161/2161
f 2170/2170/2170 2165/2165/2165 2161/2161/2161
f 2160/2160/2160 2142/2142/2142 2158/2158/2158
f 2161/2161/2161 2160/2160/2160 2158/2158/2158
f 2142/2142/2142 2145/2145/2145 2158/2158/2158
f 2158/2158/2158 2145/2145/2145 2151/2151/2151
f 2170/2170/2170 2161/2161/2161 2162/2162/2162
f 2162/2162/2162 2161/2161/2161 2159/2159/2159
f 2161/2161/2161 2158/2158/2158 2159/2159/2159
f 2156/2156/2156 2170/2170/2170 2162/2162/2162
f 2151/2151/2151 2170/2170/2170 2156/2156/2156
f 2159/2159/2159 2158/2158/2158 2157/2157/2157
f 2157/2157/2157 2151/2151/2151 2156/2156/2156
f 2158/2158/2158 2151/2151/2151 2157/2157/2157
f 2181/2181/2181 2180/2180/2180 2179/2179/2179
f 2180/2180/2180 2181/2181/2181 2182/2182/2182
f 2183/2183/2183 2181/2181/2181 2179/2179/2179
f 2183/2183/2183 2179/2179/2179 2184/2184/2184
f 2181/2181/2181 2185/2185/2185 2182/2182/2182
f 2182/2182/2182 2185/2185/2185 2186/2186/2186
f 2187/2187/2187 2183/2183/2183 2184/2184/2184
f 2185/2185/2185 2188/2188/2188 2186/2186/2186
f 2186/2186/2186 2188/2188/2188 2189/2189/2189
f 2187/2187/2187 2184/2184/2184 2190/2190/2190
f 2184/2184/2184 2191/2191/2191 2190/2190/2190
f 2194/2194/2194 2190/2190/2190 2191/2191/2191
f 2188/2188/2188 2192/2192/2192 2189/2189/2189
f 2189/2189/2189 2192/2192/2192 2193/2193/2193
f 2199/2199/2199 2190/2190/2190 2194/2194/2194
f 2199/2199/2199 2194/2194/2194 2200/2200/2200
f 2192/2192/2192 2195/2195/2195 2193/2193/2193
f 2193/2193/2193 2195/2195/2195 2196/2196/2196
f 2235/2235/2235 2199/2199/2199 2200/2200/2200
f 2195/2195/2195 2197/2197/2197 2196/2196/2196
f 2196/2196/2196 2197/2197/2197 2198/2198/2198
f 2238/2238/2238 2235/2235/2235 2200/2200/2200
f 2239/2239/2239 2238/2238/2238 2200/2200/2200
f 2199/2199/2199 2235/2235/2235 2233/2233/2233
f 2190/2190/2190 2199/2199/2199 2233/2233/2233
f 2235/2235/2235 2238/2238/2238 2236/2236/2236
f 2235/2235/2235 2236/2236/2236 2233/2233/2233
f 2241/2241/2241 2238/2238/2238 2239/2239/2239
f 2242/2242/2242 2241/2241/2241 2239/2239/2239
f 2241/2241/2241 2242/2242/2242 2205/2205/2205
f 2238/2238/2238 2240/2240/2240 2236/2236/2236
f 2240/2240/2240 2238/2238/2238 2241/2241/2241
f 2233/2233/2233 2236/2236/2236 2234/2234/2234
f 2236/2236/2236 2237/2237/2237 2234/2234/2234
f 2236/2236/2236 2240/2240/2240 2237/2237/2237
f 2233/2233/2233 2234/2234/2234 2232/2232/2232
f 2240/2240/2240 2218/2218/2218 2237/2237/2237
f 2231/2231/2231 2233/2233/2233 2232/2232/2232
f 2190/2190/2190 2233/2233/2233 2231/2231/2231
f 2232/2232/2232 2230/2230/2230 2231/2231/2231
f 2218/2218/2218 2240/2240/2240 2217/2217/2217
f 2217/2217/2217 2240/2240/2240 2241/2241/2241
f 2214/2214/2214 2218/2218/2218 2217/2217/2217
f 2230/2230/2230 2229/2229/2229 2231/2231/2231
f 2231/2231/2231 2229/2229/2229 2190/2190/2190
f 2229/2229/2229 2187/2187/2187 2190/2190/2190
f 2229/2229/2229 2230/2230/2230 2228/2228/2228
f 2187/2187/2187 2229/2229/2229 2227/2227/2227
f 2227/2227/2227 2229/2229/2229 2228/2228/2228
f 2183/2183/2183 2187/2187/2187 2227/2227/2227
f 2227/2227/2227 2228/2228/2228 2226/2226/2226
f 2183/2183/2183 2227/2227/2227 2225/2225/2225
f 2225/2225/2225 2227/2227/2227 2226/2226/2226
f 2181/2181/2181 2183/2183/2183 2225/2225/2225
f 2225/2225/2225 2226/2226/2226 2224/2224/2224
f 2181/2181/2181 2225/2225/2225 2223/2223/2223
f 2223/2223/2223 2225/2225/2225 2224/2224/2224
f 2185/2185/2185 2181/2181/2181 2223/2223/2223
f 2223/2223/2223 2224/2224/2224 2222/2222/2222
f 2185/2185/2185 2223/2223/2223 2221/2221/2221
f 2221/2221/2221 2223/2223/2223 2222/2222/2222
f 2188/2188/2188 2185/2185/2185 2221/2221/2221
f 2221/2221/2221 2222/2222/2222 2220/2220/2220
f 2188/2188/2188 2221/2221/2221 2219/2219/2219
f 2219/2219/2219 2221/2221/2221 2220/2220/2220
f 2192/2192/2192 2188/2188/2188 2219/2219/2219
f 2219/2219/2219 2220/2220/2220 2216/2216/2216
f 2192/2192/2192 2219/2219/2219 2215/2215/2215
f 2215/2215/2215 2219/2219/2219 2216/2216/2216
f 2195/2195/2195 2192/2192/2192 2215/2215/2215
f 2215/2215/2215 2216/2216/2216 2212/2212/2212
f 2195/2195/2195 2215/2215/2215 2203/2203/2203
f 2203/2203/2203 2215/2215/2215 2212/2212/2212
f 2197/2197/2197 2195/2195/2195 2203/2203/2203
f 2203/2203/2203 2212/2212/2212 2210/2210/2210
f 2206/2206/2206 2203/2203/2203 2210/2210/2210
f 2197/2197/2197 2203/2203/2203 2206/2206/2206
f 2206/2206/2206 2210/2210/2210 2209/2209/2209
f 2201/2201/2201 2197/2197/2197 2206/2206/2206
f 2197/2197/2197 2201/2201/2201 2198/2198/2198
f 2202/2202/2202 2198/2198/2198 2201/2201/2201
f 2207/2207/2207 2206/2206/2206 2209/2209/2209
f 2201/2201/2201 2206/2206/2206 2207/2207/2207
f 2207/2207/2207 2209/2209/2209 2211/2211/2211
f 2204/2204/2204 2202/2202/2202 2201/2201/2201
f 2204/2204/2204 2201/2201/2201 2207/2207/2207
f 2205/2205/2205 2202/2202/2202 2204/2204/2204
f 2213/2213/2213 2207/2207/2207 2211/2211/2211
f 2204/2204/2204 2207/2207/2207 2213/2213/2213
f 2213/2213/2213 2211/2211/2211 2214/2214/2214
f 2217/2217/2217 2213/2213/2213 2214/2214/2214
f 2208/2208/2208 2205/2205/2205 2204/2204/2204
f 2208/2208/2208 2204/2204/2204 2213/2213/2213
f 2208/2208/2208 2213/2213/2213 2217/2217/2217
f 2208/2208/2208 2241/2241/2241 2205/2205/2205
f 2241/2241/2241 2208/2208/2208 2217/2217/2217
f 2245/2245/2245 2244/2244/2244 2243/2243/2243
f 2246/2246/2246 2245/2245/2245 2243/2243/2243
f 2421/2421/2421 2420/2420/2420 2246/2246/2246
f 2420/2420/2420 2419/2419/2419 2246/2246/2246
f 2249/2249/2249 2248/2248/2248 2247/2247/2247
f 2250/2250/2250 2247/2247/2247 2248/2248/2248
f 2251/2251/2251 2249/2249/2249 2247/2247/2247
f 2252/2252/2252 2250/2250/2250 2248/2248/2248
f 2253/2253/2253 2250/2250/2250 2252/2252/2252
f 2248/2248/2248 2249/2249/2249 2254/2254/2254
f 2248/2248/2248 2254/2254/2254 2252/2252/2252
f 2249/2249/2249 2251/2251/2251 2255/2255/2255
f 2251/2251/2251 2256/2256/2256 2255/2255/2255
f 2257/2257/2257 2253/2253/2253 2252/2252/2252
f 2253/2253/2253 2257/2257/2257 2258/2258/2258
f 2255/2255/2255 2256/2256/2256 2259/2259/2259
f 2256/2256/2256 2260/2260/2260 2259/2259/2259
f 2257/2257/2257 2261/2261/2261 2258/2258/2258
f 2262/2262/2262 2258/2258/2258 2261/2261/2261
f 2263/2263/2263 2259/2259/2259 2260/2260/2260
f 2264/2264/2264 2263/2263/2263 2260/2260/2260
f 2265/2265/2265 2262/2262/2262 2261/2261/2261
f 2266/2266/2266 2262/2262/2262 2265/2265/2265
f 2261/2261/2261 2257/2257/2257 2267/2267/2267
f 2261/2261/2261 2267/2267/2267 2265/2265/2265
f 2257/2257/2257 2252/2252/2252 2268/2268/2268
f 2257/2257/2257 2268/2268/2268 2267/2267/2267
f 2252/2252/2252 2269/2269/2269 2268/2268/2268
f 2254/2254/2254 2269/2269/2269 2252/2252/2252
f 2268/2268/2268 2269/2269/2269 2254/2254/2254
f 2267/2267/2267 2270/2270/2270 2265/2265/2265
f 2271/2271/2271 2268/2268/2268 2254/2254/2254
f 2265/2265/2265 2270/2270/2270 2272/2272/2272
f 2272/2272/2272 2270/2270/2270 2267/2267/2267
f 2267/2267/2267 2268/2268/2268 2273/2273/2273
f 2268/2268/2268 2271/2271/2271 2273/2273/2273
f 2273/2273/2273 2272/2272/2272 2267/2267/2267
f 2272/2272/2272 2273/2273/2273 2274/2274/2274
f 2254/2254/2254 2275/2275/2275 2271/2271/2271
f 2249/2249/2249 2275/2275/2275 2254/2254/2254
f 2249/2249/2249 2255/2255/2255 2275/2275/2275
f 2275/2275/2275 2276/2276/2276 2271/2271/2271
f 2255/2255/2255 2277/2277/2277 2275/2275/2275
f 2275/2275/2275 2277/2277/2277 2278/2278/2278
f 2278/2278/2278 2277/2277/2277 2255/2255/2255
f 2276/2276/2276 2275/2275/2275 2278/2278/2278
f 2259/2259/2259 2278/2278/2278 2255/2255/2255
f 2259/2259/2259 2263/2263/2263 2278/2278/2278
f 2278/2278/2278 2279/2279/2279 2276/2276/2276
f 2263/2263/2263 2279/2279/2279 2278/2278/2278
f 2279/2279/2279 2274/2274/2274 2276/2276/2276
f 2263/2263/2263 2264/2264/2264 2280/2280/2280
f 2263/2263/2263 2280/2280/2280 2279/2279/2279
f 2264/2264/2264 2281/2281/2281 2280/2280/2280
f 2274/2274/2274 2279/2279/2279 2282/2282/2282
f 2282/2282/2282 2272/2272/2272 2274/2274/2274
f 2280/2280/2280 2283/2283/2283 2279/2279/2279
f 2279/2279/2279 2283/2283/2283 2282/2282/2282
f 2282/2282/2282 2283/2283/2283 2280/2280/2280
f 2280/2280/2280 2281/2281/2281 2284/2284/2284
f 2284/2284/2284 2282/2282/2282 2280/2280/2280
f 2281/2281/2281 2285/2285/2285 2284/2284/2284
f 2284/2284/2284 2285/2285/2285 2266/2266/2266
f 2286/2286/2286 2272/2272/2272 2282/2282/2282
f 2284/2284/2284 2286/2286/2286 2282/2282/2282
f 2286/2286/2286 2284/2284/2284 2266/2266/2266
f 2286/2286/2286 2265/2265/2265 2272/2272/2272
f 2286/2286/2286 2266/2266/2266 2265/2265/2265
f 2289/2289/2289 2288/2288/2288 2287/2287/2287
f 2301/2301/2301 2289/2289/2289 2299/2299/2299
f 2289/2289/2289 2300/2300/2300 2299/2299/2299
f 2300/2300/2300 2302/2302/2302 2299/2299/2299
f 2302/2302/2302 2444/2444/2444 2443/2443/2443
f 2302/2302/2302 2303/2303/2303 2299/2299/2299
f 2303/2303/2303 2304/2304/2304 2299/2299/2299
f 2304/2304/2304 2305/2305/2305 2299/2299/2299
f 2287/2287/2287 2288/2288/2288 2290/2290/2290
f 2291/2291/2291 2287/2287/2287 2290/2290/2290
f 2293/2293/2293 2291/2291/2291 2290/2290/2290
f 2294/2294/2294 2293/2293/2293 2290/2290/2290
f 2295/2295/2295 2291/2291/2291 2293/2293/2293
f 2296/2296/2296 2295/2295/2295 2293/2293/2293
f 2290/2290/2290 2288/2288/2288 2292/2292/2292
f 2292/2292/2292 2288/2288/2288 2297/2297/2297
f 2292/2292/2292 2297/2297/2297 2298/2298/2298
f 2297/2297/2297 2288/2288/2288 2310/2310/2310
f 2288/2288/2288 2311/2311/2311 2310/2310/2310
f 2297/2297/2297 2306/2306/2306 2298/2298/2298
f 2306/2306/2306 2307/2307/2307 2298/2298/2298
f 2307/2307/2307 2306/2306/2306 2308/2308/2308
f 2306/2306/2306 2309/2309/2309 2308/2308/2308
f 2313/2313/2313 2312/2312/2312 2310/2310/2310
f 2314/2314/2314 2313/2313/2313 2310/2310/2310
f 2315/2315/2315 2314/2314/2314 2310/2310/2310
f 2317/2317/2317 2316/2316/2316 2310/2310/2310
f 2316/2316/2316 2315/2315/2315 2310/2310/2310
f 2315/2315/2315 2316/2316/2316 2318/2318/2318
f 2319/2319/2319 2315/2315/2315 2318/2318/2318
f 2319/2319/2319 2318/2318/2318 2320/2320/2320
f 2321/2321/2321 2319/2319/2319 2320/2320/2320
f 2324/2324/2324 2323/2323/2323 2322/2322/2322
f 2325/2325/2325 2324/2324/2324 2322/2322/2322
f 2328/2328/2328 2327/2327/2327 2326/2326/2326
f 2329/2329/2329 2327/2327/2327 2328/2328/2328
f 2330/2330/2330 2328/2328/2328 2326/2326/2326
f 2331/2331/2331 2329/2329/2329 2328/2328/2328
f 2332/2332/2332 2329/2329/2329 2331/2331/2331
f 2328/2328/2328 2330/2330/2330 2333/2333/2333
f 2328/2328/2328 2333/2333/2333 2331/2331/2331
f 2330/2330/2330 2326/2326/2326 2334/2334/2334
f 2326/2326/2326 2335/2335/2335 2334/2334/2334
f 2336/2336/2336 2332/2332/2332 2331/2331/2331
f 2332/2332/2332 2336/2336/2336 2337/2337/2337
f 2334/2334/2334 2335/2335/2335 2338/2338/2338
f 2335/2335/2335 2339/2339/2339 2338/2338/2338
f 2336/2336/2336 2340/2340/2340 2337/2337/2337
f 2341/2341/2341 2337/2337/2337 2340/2340/2340
f 2342/2342/2342 2338/2338/2338 2339/2339/2339
f 2343/2343/2343 2342/2342/2342 2339/2339/2339
f 2344/2344/2344 2341/2341/2341 2340/2340/2340
f 2345/2345/2345 2341/2341/2341 2344/2344/2344
f 2340/2340/2340 2336/2336/2336 2346/2346/2346
f 2336/2336/2336 2331/2331/2331 2346/2346/2346
f 2347/2347/2347 2345/2345/2345 2344/2344/2344
f 2348/2348/2348 2345/2345/2345 2347/2347/2347
f 2331/2331/2331 2349/2349/2349 2346/2346/2346
f 2333/2333/2333 2349/2349/2349 2331/2331/2331
f 2346/2346/2346 2349/2349/2349 2333/2333/2333
f 2350/2350/2350 2348/2348/2348 2347/2347/2347
f 2351/2351/2351 2348/2348/2348 2350/2350/2350
f 2352/2352/2352 2346/2346/2346 2333/2333/2333
f 2343/2343/2343 2351/2351/2351 2353/2353/2353
f 2353/2353/2353 2351/2351/2351 2350/2350/2350
f 2342/2342/2342 2343/2343/2343 2353/2353/2353
f 2333/2333/2333 2354/2354/2354 2352/2352/2352
f 2330/2330/2330 2354/2354/2354 2333/2333/2333
f 2330/2330/2330 2334/2334/2334 2354/2354/2354
f 2346/2346/2346 2352/2352/2352 2355/2355/2355
f 2354/2354/2354 2356/2356/2356 2352/2352/2352
f 2357/2357/2357 2346/2346/2346 2355/2355/2355
f 2357/2357/2357 2340/2340/2340 2346/2346/2346
f 2340/2340/2340 2357/2357/2357 2344/2344/2344
f 2334/2334/2334 2358/2358/2358 2354/2354/2354
f 2357/2357/2357 2359/2359/2359 2344/2344/2344
f 2354/2354/2354 2358/2358/2358 2360/2360/2360
f 2360/2360/2360 2358/2358/2358 2334/2334/2334
f 2356/2356/2356 2354/2354/2354 2360/2360/2360
f 2338/2338/2338 2360/2360/2360 2334/2334/2334
f 2338/2338/2338 2342/2342/2342 2360/2360/2360
f 2344/2344/2344 2359/2359/2359 2361/2361/2361
f 2361/2361/2361 2359/2359/2359 2357/2357/2357
f 2347/2347/2347 2344/2344/2344 2361/2361/2361
f 2355/2355/2355 2361/2361/2361 2357/2357/2357
f 2347/2347/2347 2361/2361/2361 2350/2350/2350
f 2361/2361/2361 2355/2355/2355 2362/2362/2362
f 2361/2361/2361 2363/2363/2363 2350/2350/2350
f 2363/2363/2363 2361/2361/2361 2362/2362/2362
f 2350/2350/2350 2363/2363/2363 2353/2353/2353
f 2364/2364/2364 2362/2362/2362 2356/2356/2356
f 2360/2360/2360 2364/2364/2364 2356/2356/2356
f 2362/2362/2362 2364/2364/2364 2363/2363/2363
f 2342/2342/2342 2364/2364/2364 2360/2360/2360
f 2342/2342/2342 2353/2353/2353 2364/2364/2364
f 2364/2364/2364 2365/2365/2365 2363/2363/2363
f 2363/2363/2363 2365/2365/2365 2353/2353/2353
f 2353/2353/2353 2365/2365/2365 2364/2364/2364
f 2368/2368/2368 2367/2367/2367 2366/2366/2366
f 2369/2369/2369 2368/2368/2368 2366/2366/2366
f 2372/2372/2372 2371/2371/2371 2370/2370/2370
f 2373/2373/2373 2370/2370/2370 2371/2371/2371
f 2374/2374/2374 2372/2372/2372 2370/2370/2370
f 2375/2375/2375 2373/2373/2373 2371/2371/2371
f 2376/2376/2376 2373/2373/2373 2375/2375/2375
f 2371/2371/2371 2372/2372/2372 2377/2377/2377
f 2371/2371/2371 2377/2377/2377 2375/2375/2375
f 2372/2372/2372 2374/2374/2374 2378/2378/2378
f 2374/2374/2374 2379/2379/2379 2378/2378/2378
f 2372/2372/2372 2380/2380/2380 2377/2377/2377
f 2372/2372/2372 2378/2378/2378 2380/2380/2380
f 2377/2377/2377 2381/2381/2381 2375/2375/2375
f 2378/2378/2378 2379/2379/2379 2382/2382/2382
f 2379/2379/2379 2383/2383/2383 2382/2382/2382
f 2375/2375/2375 2381/2381/2381 2384/2384/2384
f 2384/2384/2384 2381/2381/2381 2377/2377/2377
f 2382/2382/2382 2383/2383/2383 2385/2385/2385
f 2383/2383/2383 2386/2386/2386 2385/2385/2385
f 2387/2387/2387 2384/2384/2384 2377/2377/2377
f 2377/2377/2377 2380/2380/2380 2387/2387/2387
f 2388/2388/2388 2375/2375/2375 2384/2384/2384
f 2388/2388/2388 2376/2376/2376 2375/2375/2375
f 2384/2384/2384 2387/2387/2387 2389/2389/2389
f 2380/2380/2380 2390/2390/2390 2387/2387/2387
f 2391/2391/2391 2384/2384/2384 2389/2389/2389
f 2388/2388/2388 2384/2384/2384 2391/2391/2391
f 2388/2388/2388 2392/2392/2392 2376/2376/2376
f 2392/2392/2392 2388/2388/2388 2391/2391/2391
f 2392/2392/2392 2393/2393/2393 2376/2376/2376
f 2394/2394/2394 2393/2393/2393 2392/2392/2392
f 2395/2395/2395 2394/2394/2394 2392/2392/2392
f 2392/2392/2392 2391/2391/2391 2395/2395/2395
f 2396/2396/2396 2394/2394/2394 2395/2395/2395
f 2389/2389/2389 2397/2397/2397 2391/2391/2391
f 2391/2391/2391 2398/2398/2398 2395/2395/2395
f 2397/2397/2397 2398/2398/2398 2391/2391/2391
f 2395/2395/2395 2398/2398/2398 2397/2397/2397
f 2397/2397/2397 2389/2389/2389 2399/2399/2399
f 2400/2400/2400 2396/2396/2396 2395/2395/2395
f 2400/2400/2400 2395/2395/2395 2397/2397/2397
f 2396/2396/2396 2400/2400/2400 2401/2401/2401
f 2402/2402/2402 2397/2397/2397 2399/2399/2399
f 2400/2400/2400 2397/2397/2397 2402/2402/2402
f 2400/2400/2400 2403/2403/2403 2401/2401/2401
f 2403/2403/2403 2400/2400/2400 2402/2402/2402
f 2404/2404/2404 2401/2401/2401 2403/2403/2403
f 2399/2399/2399 2405/2405/2405 2402/2402/2402
f 2405/2405/2405 2399/2399/2399 2390/2390/2390
f 2406/2406/2406 2404/2404/2404 2403/2403/2403
f 2403/2403/2403 2402/2402/2402 2406/2406/2406
f 2386/2386/2386 2404/2404/2404 2406/2406/2406
f 2385/2385/2385 2386/2386/2386 2406/2406/2406
f 2385/2385/2385 2406/2406/2406 2405/2405/2405
f 2402/2402/2402 2407/2407/2407 2406/2406/2406
f 2406/2406/2406 2407/2407/2407 2405/2405/2405
f 2405/2405/2405 2407/2407/2407 2402/2402/2402
f 2385/2385/2385 2405/2405/2405 2408/2408/2408
f 2408/2408/2408 2405/2405/2405 2390/2390/2390
f 2382/2382/2382 2385/2385/2385 2408/2408/2408
f 2390/2390/2390 2380/2380/2380 2408/2408/2408
f 2382/2382/2382 2408/2408/2408 2378/2378/2378
f 2378/2378/2378 2409/2409/2409 2380/2380/2380
f 2380/2380/2380 2409/2409/2409 2408/2408/2408
f 2408/2408/2408 2409/2409/2409 2378/2378/2378
f 2412/2412/2412 2411/2411/2411 2410/2410/2410
f 2415/2415/2415 2414/2414/2414 2413/2413/2413
f 2418/2418/2418 2417/2417/2417 2416/2416/2416
f 2424/2424/2424 2423/2423/2423 2422/2422/2422
f 2425/2425/2425 2424/2424/2424 2422/2422/2422
f 2428/2428/2428 2427/2427/2427 2426/2426/2426
f 2429/2429/2429 2428/2428/2428 2426/2426/2426
f 2432/2432/2432 2431/2431/2431 2430/2430/2430
f 2433/2433/2433 2432/2432/2432 2430/2430/2430
f 2436/2436/2436 2435/2435/2435 2434/2434/2434
f 2439/2439/2439 2438/2438/2438 2437/2437/2437
f 2442/2442/2442 2441/2441/2441 2440/2440/2440
f 2447/2447/2447 2446/2446/2446 2445/2445/2445
f 2448/2448/2448 2447/2447/2447 2445/2445/2445
f 2451/2451/2451 2450/2450/2450 2449/2449/2449
f 2452/2452/2452 2451/2451/2451 2449/2449/2449
f 2449/2449/2449 2450/2450/2450 2453/2453/2453
f 2454/2454/2454 2451/2451/2451 2452/2452/2452
f 2455/2455/2455 2449/2449/2449 2453/2453/2453
f 2456/2456/2456 2452/2452/2452 2449/2449/2449
f 2455/2455/2455 2456/2456/2456 2449/2449/2449
f 2450/2450/2450 2451/2451/2451 2457/2457/2457
f 2458/2458/2458 2456/2456/2456 2455/2455/2455
f 2459/2459/2459 2458/2458/2458 2455/2455/2455
f 2458/2458/2458 2460/2460/2460 2456/2456/2456
f 2459/2459/2459 2455/2455/2455 2461/2461/2461
f 2461/2461/2461 2455/2455/2455 2453/2453/2453
f 2462/2462/2462 2459/2459/2459 2461/2461/2461
f 2460/2460/2460 2463/2463/2463 2456/2456/2456
f 2456/2456/2456 2463/2463/2463 2452/2452/2452
f 2463/2463/2463 2460/2460/2460 2464/2464/2464
f 2462/2462/2462 2461/2461/2461 2465/2465/2465
f 2466/2466/2466 2462/2462/2462 2465/2465/2465
f 2467/2467/2467 2463/2463/2463 2464/2464/2464
f 2464/2464/2464 2468/2468/2468 2467/2467/2467
f 2463/2463/2463 2469/2469/2469 2452/2452/2452
f 2469/2469/2469 2463/2463/2463 2467/2467/2467
f 2469/2469/2469 2454/2454/2454 2452/2452/2452
f 2468/2468/2468 2470/2470/2470 2467/2467/2467
f 2468/2468/2468 2471/2471/2471 2470/2470/2470
f 2472/2472/2472 2469/2469/2469 2467/2467/2467
f 2467/2467/2467 2470/2470/2470 2472/2472/2472
f 2471/2471/2471 2466/2466/2466 2473/2473/2473
f 2471/2471/2471 2473/2473/2473 2470/2470/2470
f 2466/2466/2466 2465/2465/2465 2473/2473/2473
f 2470/2470/2470 2474/2474/2474 2472/2472/2472
f 2470/2470/2470 2473/2473/2473 2474/2474/2474
f 2472/2472/2472 2475/2475/2475 2469/2469/2469
f 2475/2475/2475 2454/2454/2454 2469/2469/2469
f 2473/2473/2473 2465/2465/2465 2476/2476/2476
f 2473/2473/2473 2476/2476/2476 2474/2474/2474
f 2465/2465/2465 2461/2461/2461 2477/2477/2477
f 2465/2465/2465 2477/2477/2477 2476/2476/2476
f 2461/2461/2461 2453/2453/2453 2477/2477/2477
f 2474/2474/2474 2478/2478/2478 2472/2472/2472
f 2478/2478/2478 2475/2475/2475 2472/2472/2472
f 2453/2453/2453 2479/2479/2479 2477/2477/2477
f 2450/2450/2450 2479/2479/2479 2453/2453/2453
f 2477/2477/2477 2480/2480/2480 2476/2476/2476
f 2479/2479/2479 2480/2480/2480 2477/2477/2477
f 2476/2476/2476 2481/2481/2481 2474/2474/2474
f 2480/2480/2480 2481/2481/2481 2476/2476/2476
f 2481/2481/2481 2478/2478/2478 2474/2474/2474
f 2479/2479/2479 2450/2450/2450 2482/2482/2482
f 2450/2450/2450 2457/2457/2457 2482/2482/2482
f 2480/2480/2480 2479/2479/2479 2483/2483/2483
f 2479/2479/2479 2482/2482/2482 2483/2483/2483
f 2481/2481/2481 2480/2480/2480 2484/2484/2484
f 2480/2480/2480 2483/2483/2483 2484/2484/2484
f 2478/2478/2478 2481/2481/2481 2485/2485/2485
f 2481/2481/2481 2484/2484/2484 2485/2485/2485
f 2483/2483/2483 2482/2482/2482 2486/2486/2486
f 2483/2483/2483 2486/2486/2486 2488/2488/2488
f 2484/2484/2484 2483/2483/2483 2488/2488/2488
f 2482/2482/2482 2487/2487/2487 2486/2486/2486
f 2482/2482/2482 2457/2457/2457 2487/2487/2487
f 2484/2484/2484 2488/2488/2488 2490/2490/2490
f 2485/2485/2485 2484/2484/2484 2490/2490/2490
f 2457/2457/2457 2489/2489/2489 2487/2487/2487
f 2490/2490/2490 2491/2491/2491 2485/2485/2485
f 2457/2457/2457 2492/2492/2492 2489/2489/2489
f 2451/2451/2451 2492/2492/2492 2457/2457/2457
f 2451/2451/2451 2454/2454/2454 2492/2492/2492
f 2492/2492/2492 2493/2493/2493 2489/2489/2489
f 2491/2491/2491 2494/2494/2494 2485/2485/2485
f 2485/2485/2485 2494/2494/2494 2478/2478/2478
f 2494/2494/2494 2475/2475/2475 2478/2478/2478
f 2494/2494/2494 2491/2491/2491 2495/2495/2495
f 2454/2454/2454 2475/2475/2475 2496/2496/2496
f 2475/2475/2475 2494/2494/2494 2496/2496/2496
f 2454/2454/2454 2496/2496/2496 2492/2492/2492
f 2496/2496/2496 2494/2494/2494 2495/2495/2495
f 2492/2492/2492 2496/2496/2496 2493/2493/2493
f 2496/2496/2496 2495/2495/2495 2493/2493/2493
f 2499/2499/2499 2498/2498/2498 2497/2497/2497
f 2500/2500/2500 2499/2499/2499 2497/2497/2497
f 2497/2497/2497 2498/2498/2498 2501/2501/2501
f 2502/2502/2502 2499/2499/2499 2500/2500/2500
f 2497/2497/2497 2501/2501/2501 2503/2503/2503
f 2504/2504/2504 2500/2500/2500 2497/2497/2497
f 2503/2503/2503 2504/2504/2504 2497/2497/2497
f 2498/2498/2498 2499/2499/2499 2505/2505/2505
f 2506/2506/2506 2504/2504/2504 2503/2503/2503
f 2507/2507/2507 2506/2506/2506 2503/2503/2503
f 2506/2506/2506 2508/2508/2508 2504/2504/2504
f 2503/2503/2503 2509/2509/2509 2507/2507/2507
f 2501/2501/2501 2509/2509/2509 2503/2503/2503
f 2509/2509/2509 2510/2510/2510 2507/2507/2507
f 2508/2508/2508 2511/2511/2511 2504/2504/2504
f 2504/2504/2504 2511/2511/2511 2500/2500/2500
f 2508/2508/2508 2512/2512/2512 2511/2511/2511
f 2510/2510/2510 2509/2509/2509 2513/2513/2513
f 2514/2514/2514 2510/2510/2510 2513/2513/2513
f 2512/2512/2512 2515/2515/2515 2511/2511/2511
f 2512/2512/2512 2516/2516/2516 2515/2515/2515
f 2511/2511/2511 2517/2517/2517 2500/2500/2500
f 2511/2511/2511 2515/2515/2515 2517/2517/2517
f 2517/2517/2517 2502/2502/2502 2500/2500/2500
f 2516/2516/2516 2518/2518/2518 2515/2515/2515
f 2516/2516/2516 2519/2519/2519 2518/2518/2518
f 2515/2515/2515 2520/2520/2520 2517/2517/2517
f 2515/2515/2515 2518/2518/2518 2520/2520/2520
f 2519/2519/2519 2514/2514/2514 2521/2521/2521
f 2519/2519/2519 2521/2521/2521 2518/2518/2518
f 2514/2514/2514 2513/2513/2513 2521/2521/2521
f 2518/2518/2518 2522/2522/2522 2520/2520/2520
f 2518/2518/2518 2521/2521/2521 2522/2522/2522
f 2520/2520/2520 2523/2523/2523 2517/2517/2517
f 2523/2523/2523 2502/2502/2502 2517/2517/2517
f 2521/2521/2521 2513/2513/2513 2524/2524/2524
f 2521/2521/2521 2524/2524/2524 2522/2522/2522
f 2513/2513/2513 2509/2509/2509 2525/2525/2525
f 2513/2513/2513 2525/2525/2525 2524/2524/2524
f 2509/2509/2509 2501/2501/2501 2525/2525/2525
f 2522/2522/2522 2526/2526/2526 2520/2520/2520
f 2526/2526/2526 2523/2523/2523 2520/2520/2520
f 2501/2501/2501 2527/2527/2527 2525/2525/2525
f 2498/2498/2498 2527/2527/2527 2501/2501/2501
f 2525/2525/2525 2528/2528/2528 2524/2524/2524
f 2527/2527/2527 2528/2528/2528 2525/2525/2525
f 2524/2524/2524 2529/2529/2529 2522/2522/2522
f 2528/2528/2528 2529/2529/2529 2524/2524/2524
f 2529/2529/2529 2526/2526/2526 2522/2522/2522
f 2527/2527/2527 2498/2498/2498 2530/2530/2530
f 2498/2498/2498 2505/2505/2505 2530/2530/2530
f 2528/2528/2528 2527/2527/2527 2531/2531/2531
f 2527/2527/2527 2530/2530/2530 2531/2531/2531
f 2529/2529/2529 2528/2528/2528 2532/2532/2532
f 2528/2528/2528 2531/2531/2531 2532/2532/2532
f 2526/2526/2526 2529/2529/2529 2533/2533/2533
f 2529/2529/2529 2532/2532/2532 2533/2533/2533
f 2531/2531/2531 2530/2530/2530 2534/2534/2534
f 2531/2531/2531 2534/2534/2534 2536/2536/2536
f 2532/2532/2532 2531/2531/2531 2536/2536/2536
f 2530/2530/2530 2535/2535/2535 2534/2534/2534
f 2530/2530/2530 2505/2505/2505 2535/2535/2535
f 2532/2532/2532 2536/2536/2536 2538/2538/2538
f 2533/2533/2533 2532/2532/2532 2538/2538/2538
f 2505/2505/2505 2537/2537/2537 2535/2535/2535
f 2533/2533/2533 2538/2538/2538 2539/2539/2539
f 2505/2505/2505 2540/2540/2540 2537/2537/2537
f 2499/2499/2499 2540/2540/2540 2505/2505/2505
f 2499/2499/2499 2502/2502/2502 2540/2540/2540
f 2540/2540/2540 2541/2541/2541 2537/2537/2537
f 2542/2542/2542 2533/2533/2533 2539/2539/2539
f 2526/2526/2526 2533/2533/2533 2542/2542/2542
f 2523/2523/2523 2526/2526/2526 2542/2542/2542
f 2542/2542/2542 2539/2539/2539 2543/2543/2543
f 2502/2502/2502 2523/2523/2523 2544/2544/2544
f 2523/2523/2523 2542/2542/2542 2544/2544/2544
f 2502/2502/2502 2544/2544/2544 2540/2540/2540
f 2544/2544/2544 2542/2542/2542 2543/2543/2543
f 2540/2540/2540 2544/2544/2544 2541/2541/2541
f 2544/2544/2544 2543/2543/2543 2541/2541/2541
f 2547/2547/2547 2546/2546/2546 2545/2545/2545
f 2548/2548/2548 2547/2547/2547 2545/2545/2545
f 2545/2545/2545 2546/2546/2546 2549/2549/2549
f 2550/2550/2550 2547/2547/2547 2548/2548/2548
f 2551/2551/2551 2545/2545/2545 2549/2549/2549
f 2552/2552/2552 2548/2548/2548 2545/2545/2545
f 2551/2551/2551 2552/2552/2552 2545/2545/2545
f 2546/2546/2546 2547/2547/2547 2553/2553/2553
f 2554/2554/2554 2552/2552/2552 2551/2551/2551
f 2555/2555/2555 2554/2554/2554 2551/2551/2551
f 2554/2554/2554 2556/2556/2556 2552/2552/2552
f 2555/2555/2555 2551/2551/2551 2557/2557/2557
f 2557/2557/2557 2551/2551/2551 2549/2549/2549
f 2558/2558/2558 2555/2555/2555 2557/2557/2557
f 2556/2556/2556 2559/2559/2559 2552/2552/2552
f 2552/2552/2552 2559/2559/2559 2548/2548/2548
f 2556/2556/2556 2560/2560/2560 2559/2559/2559
f 2558/2558/2558 2557/2557/2557 2561/2561/2561
f 2562/2562/2562 2558/2558/2558 2561/2561/2561
f 2559/2559/2559 2563/2563/2563 2548/2548/2548
f 2563/2563/2563 2550/2550/2550 2548/2548/2548
f 2560/2560/2560 2564/2564/2564 2559/2559/2559
f 2559/2559/2559 2564/2564/2564 2563/2563/2563
f 2560/2560/2560 2565/2565/2565 2564/2564/2564
f 2564/2564/2564 2566/2566/2566 2563/2563/2563
f 2550/2550/2550 2563/2563/2563 2566/2566/2566
f 2565/2565/2565 2567/2567/2567 2564/2564/2564
f 2564/2564/2564 2567/2567/2567 2566/2566/2566
f 2565/2565/2565 2568/2568/2568 2567/2567/2567
f 2568/2568/2568 2562/2562/2562 2569/2569/2569
f 2568/2568/2568 2569/2569/2569 2567/2567/2567
f 2562/2562/2562 2561/2561/2561 2569/2569/2569
f 2567/2567/2567 2570/2570/2570 2566/2566/2566
f 2567/2567/2567 2569/2569/2569 2570/2570/2570
f 2569/2569/2569 2561/2561/2561 2571/2571/2571
f 2569/2569/2569 2571/2571/2571 2570/2570/2570
f 2561/2561/2561 2557/2557/2557 2572/2572/2572
f 2561/2561/2561 2572/2572/2572 2571/2571/2571
f 2557/2557/2557 2549/2549/2549 2572/2572/2572
f 2571/2571/2571 2573/2573/2573 2570/2570/2570
f 2549/2549/2549 2574/2574/2574 2572/2572/2572
f 2546/2546/2546 2574/2574/2574 2549/2549/2549
f 2572/2572/2572 2575/2575/2575 2571/2571/2571
f 2574/2574/2574 2575/2575/2575 2572/2572/2572
f 2575/2575/2575 2573/2573/2573 2571/2571/2571
f 2574/2574/2574 2546/2546/2546 2576/2576/2576
f 2546/2546/2546 2553/2553/2553 2576/2576/2576
f 2575/2575/2575 2574/2574/2574 2577/2577/2577
f 2574/2574/2574 2576/2576/2576 2577/2577/2577
f 2573/2573/2573 2575/2575/2575 2578/2578/2578
f 2575/2575/2575 2577/2577/2577 2578/2578/2578
f 2576/2576/2576 2553/2553/2553 2579/2579/2579
f 2576/2576/2576 2579/2579/2579 2580/2580/2580
f 2577/2577/2577 2576/2576/2576 2580/2580/2580
f 2553/2553/2553 2581/2581/2581 2579/2579/2579
f 2577/2577/2577 2580/2580/2580 2582/2582/2582
f 2578/2578/2578 2577/2577/2577 2582/2582/2582
f 2578/2578/2578 2582/2582/2582 2583/2583/2583
f 2553/2553/2553 2584/2584/2584 2581/2581/2581
f 2547/2547/2547 2584/2584/2584 2553/2553/2553
f 2584/2584/2584 2547/2547/2547 2550/2550/2550
f 2584/2584/2584 2585/2585/2585 2581/2581/2581
f 2586/2586/2586 2578/2578/2578 2583/2583/2583
f 2573/2573/2573 2578/2578/2578 2586/2586/2586
f 2586/2586/2586 2583/2583/2583 2587/2587/2587
f 2585/2585/2585 2584/2584/2584 2588/2588/2588
f 2588/2588/2588 2584/2584/2584 2550/2550/2550
f 2589/2589/2589 2585/2585/2585 2588/2588/2588
f 2590/2590/2590 2587/2587/2587 2589/2589/2589
f 2588/2588/2588 2590/2590/2590 2589/2589/2589
f 2590/2590/2590 2586/2586/2586 2587/2587/2587
f 2550/2550/2550 2591/2591/2591 2588/2588/2588
f 2591/2591/2591 2590/2590/2590 2588/2588/2588
f 2591/2591/2591 2550/2550/2550 2566/2566/2566
f 2592/2592/2592 2586/2586/2586 2590/2590/2590
f 2591/2591/2591 2592/2592/2592 2590/2590/2590
f 2592/2592/2592 2573/2573/2573 2586/2586/2586
f 2592/2592/2592 2591/2591/2591 2566/2566/2566
f 2573/2573/2573 2592/2592/2592 2570/2570/2570
f 2570/2570/2570 2592/2592/2592 2566/2566/2566
f 2595/2595/2595 2594/2594/2594 2593/2593/2593
f 2596/2596/2596 2595/2595/2595 2593/2593/2593
f 2593/2593/2593 2594/2594/2594 2597/2597/2597
f 2598/2598/2598 2595/2595/2595 2596/2596/2596
f 2593/2593/2593 2597/2597/2597 2599/2599/2599
f 2600/2600/2600 2596/2596/2596 2593/2593/2593
f 2599/2599/2599 2600/2600/2600 2593/2593/2593
f 2594/2594/2594 2595/2595/2595 2601/2601/2601
f 2602/2602/2602 2600/2600/2600 2599/2599/2599
f 2603/2603/2603 2602/2602/2602 2599/2599/2599
f 2602/2602/2602 2604/2604/2604 2600/2600/2600
f 2599/2599/2599 2605/2605/2605 2603/2603/2603
f 2597/2597/2597 2605/2605/2605 2599/2599/2599
f 2605/2605/2605 2606/2606/2606 2603/2603/2603
f 2604/2604/2604 2607/2607/2607 2600/2600/2600
f 2600/2600/2600 2607/2607/2607 2596/2596/2596
f 2604/2604/2604 2608/2608/2608 2607/2607/2607
f 2606/2606/2606 2605/2605/2605 2609/2609/2609
f 2610/2610/2610 2606/2606/2606 2609/2609/2609
f 2608/2608/2608 2611/2611/2611 2607/2607/2607
f 2608/2608/2608 2612/2612/2612 2611/2611/2611
f 2607/2607/2607 2613/2613/2613 2596/2596/2596
f 2607/2607/2607 2611/2611/2611 2613/2613/2613
f 2613/2613/2613 2598/2598/2598 2596/2596/2596
f 2612/2612/2612 2614/2614/2614 2611/2611/2611
f 2612/2612/2612 2615/2615/2615 2614/2614/2614
f 2611/2611/2611 2616/2616/2616 2613/2613/2613
f 2611/2611/2611 2614/2614/2614 2616/2616/2616
f 2615/2615/2615 2610/2610/2610 2617/2617/2617
f 2615/2615/2615 2617/2617/2617 2614/2614/2614
f 2610/2610/2610 2609/2609/2609 2617/2617/2617
f 2614/2614/2614 2618/2618/2618 2616/2616/2616
f 2614/2614/2614 2617/2617/2617 2618/2618/2618
f 2616/2616/2616 2619/2619/2619 2613/2613/2613
f 2619/2619/2619 2598/2598/2598 2613/2613/2613
f 2617/2617/2617 2609/2609/2609 2620/2620/2620
f 2617/2617/2617 2620/2620/2620 2618/2618/2618
f 2609/2609/2609 2605/2605/2605 2621/2621/2621
f 2609/2609/2609 2621/2621/2621 2620/2620/2620
f 2605/2605/2605 2597/2597/2597 2621/2621/2621
f 2618/2618/2618 2622/2622/2622 2616/2616/2616
f 2622/2622/2622 2619/2619/2619 2616/2616/2616
f 2597/2597/2597 2623/2623/2623 2621/2621/2621
f 2594/2594/2594 2623/2623/2623 2597/2597/2597
f 2621/2621/2621 2624/2624/2624 2620/2620/2620
f 2623/2623/2623 2624/2624/2624 2621/2621/2621
f 2620/2620/2620 2625/2625/2625 2618/2618/2618
f 2624/2624/2624 2625/2625/2625 2620/2620/2620
f 2625/2625/2625 2622/2622/2622 2618/2618/2618
f 2623/2623/2623 2594/2594/2594 2626/2626/2626
f 2594/2594/2594 2601/2601/2601 2626/2626/2626
f 2624/2624/2624 2623/2623/2623 2627/2627/2627
f 2623/2623/2623 2626/2626/2626 2627/2627/2627
f 2625/2625/2625 2624/2624/2624 2628/2628/2628
f 2624/2624/2624 2627/2627/2627 2628/2628/2628
f 2622/2622/2622 2625/2625/2625 2629/2629/2629
f 2625/2625/2625 2628/2628/2628 2629/2629/2629
f 2627/2627/2627 2626/2626/2626 2630/2630/2630
f 2626/2626/2626 2632/2632/2632 2630/2630/2630
f 2626/2626/2626 2601/2601/2601 2632/2632/2632
f 2627/2627/2627 2630/2630/2630 2631/2631/2631
f 2628/2628/2628 2627/2627/2627 2631/2631/2631
f 2601/2601/2601 2634/2634/2634 2632/2632/2632
f 2628/2628/2628 2631/2631/2631 2633/2633/2633
f 2629/2629/2629 2628/2628/2628 2633/2633/2633
f 2629/2629/2629 2633/2633/2633 2635/2635/2635
f 2601/2601/2601 2636/2636/2636 2634/2634/2634
f 2595/2595/2595 2636/2636/2636 2601/2601/2601
f 2595/2595/2595 2598/2598/2598 2636/2636/2636
f 2636/2636/2636 2637/2637/2637 2634/2634/2634
f 2638/2638/2638 2629/2629/2629 2635/2635/2635
f 2622/2622/2622 2629/2629/2629 2638/2638/2638
f 2619/2619/2619 2622/2622/2622 2638/2638/2638
f 2638/2638/2638 2635/2635/2635 2639/2639/2639
f 2598/2598/2598 2619/2619/2619 2640/2640/2640
f 2619/2619/2619 2638/2638/2638 2640/2640/2640
f 2598/2598/2598 2640/2640/2640 2636/2636/2636
f 2640/2640/2640 2638/2638/2638 2639/2639/2639
f 2636/2636/2636 2640/2640/2640 2637/2637/2637
f 2640/2640/2640 2639/2639/2639 2637/2637/2637
f 2643/2643/2643 2642/2642/2642 2641/2641/2641
f 2644/2644/2644 2643/2643/2643 2641/2641/2641
f 2641/2641/2641 2642/2642/2642 2645/2645/2645
f 2646/2646/2646 2643/2643/2643 2644/2644/2644
f 2647/2647/2647 2641/2641/2641 2645/2645/2645
f 2648/2648/2648 2644/2644/2644 2641/2641/2641
f 2647/2647/2647 2648/2648/2648 2641/2641/2641
f 2642/2642/2642 2643/2643/2643 2649/2649/2649
f 2650/2650/2650 2648/2648/2648 2647/2647/2647
f 2651/2651/2651 2650/2650/2650 2647/2647/2647
f 2650/2650/2650 2652/2652/2652 2648/2648/2648
f 2651/2651/2651 2647/2647/2647 2653/2653/2653
f 2653/2653/2653 2647/2647/2647 2645/2645/2645
f 2654/2654/2654 2651/2651/2651 2653/2653/2653
f 2652/2652/2652 2655/2655/2655 2648/2648/2648
f 2648/2648/2648 2655/2655/2655 2644/2644/2644
f 2652/2652/2652 2656/2656/2656 2655/2655/2655
f 2654/2654/2654 2653/2653/2653 2657/2657/2657
f 2658/2658/2658 2654/2654/2654 2657/2657/2657
f 2656/2656/2656 2659/2659/2659 2655/2655/2655
f 2656/2656/2656 2660/2660/2660 2659/2659/2659
f 2655/2655/2655 2661/2661/2661 2644/2644/2644
f 2655/2655/2655 2659/2659/2659 2661/2661/2661
f 2661/2661/2661 2646/2646/2646 2644/2644/2644
f 2660/2660/2660 2662/2662/2662 2659/2659/2659
f 2660/2660/2660 2663/2663/2663 2662/2662/2662
f 2659/2659/2659 2664/2664/2664 2661/2661/2661
f 2659/2659/2659 2662/2662/2662 2664/2664/2664
f 2663/2663/2663 2658/2658/2658 2665/2665/2665
f 2663/2663/2663 2665/2665/2665 2662/2662/2662
f 2658/2658/2658 2657/2657/2657 2665/2665/2665
f 2662/2662/2662 2666/2666/2666 2664/2664/2664
f 2662/2662/2662 2665/2665/2665 2666/2666/2666
f 2664/2664/2664 2667/2667/2667 2661/2661/2661
f 2667/2667/2667 2646/2646/2646 2661/2661/2661
f 2665/2665/2665 2657/2657/2657 2668/2668/2668
f 2665/2665/2665 2668/2668/2668 2666/2666/2666
f 2657/2657/2657 2653/2653/2653 2669/2669/2669
f 2657/2657/2657 2669/2669/2669 2668/2668/2668
f 2653/2653/2653 2645/2645/2645 2669/2669/2669
f 2666/2666/2666 2670/2670/2670 2664/2664/2664
f 2670/2670/2670 2667/2667/2667 2664/2664/2664
f 2645/2645/2645 2671/2671/2671 2669/2669/2669
f 2642/2642/2642 2671/2671/2671 2645/2645/2645
f 2669/2669/2669 2672/2672/2672 2668/2668/2668
f 2671/2671/2671 2672/2672/2672 2669/2669/2669
f 2668/2668/2668 2673/2673/2673 2666/2666/2666
f 2672/2672/2672 2673/2673/2673 2668/2668/2668
f 2673/2673/2673 2670/2670/2670 2666/2666/2666
f 2671/2671/2671 2642/2642/2642 2674/2674/2674
f 2642/2642/2642 2649/2649/2649 2674/2674/2674
f 2672/2672/2672 2671/2671/2671 2675/2675/2675
f 2671/2671/2671 2674/2674/2674 2675/2675/2675
f 2673/2673/2673 2672/2672/2672 2676/2676/2676
f 2672/2672/2672 2675/2675/2675 2676/2676/2676
f 2670/2670/2670 2673/2673/2673 2677/2677/2677
f 2673/2673/2673 2676/2676/2676 2677/2677/2677
f 2675/2675/2675 2674/2674/2674 2678/2678/2678
f 2674/2674/2674 2680/2680/2680 2678/2678/2678
f 2674/2674/2674 2649/2649/2649 2680/2680/2680
f 2675/2675/2675 2678/2678/2678 2679/2679/2679
f 2676/2676/2676 2675/2675/2675 2679/2679/2679
f 2649/2649/2649 2682/2682/2682 2680/2680/2680
f 2676/2676/2676 2679/2679/2679 2681/2681/2681
f 2677/2677/2677 2676/2676/2676 2681/2681/2681
f 2677/2677/2677 2681/2681/2681 2683/2683/2683
f 2649/2649/2649 2684/2684/2684 2682/2682/2682
f 2643/2643/2643 2684/2684/2684 2649/2649/2649
f 2684/2684/2684 2643/2643/2643 2646/2646/2646
f 2684/2684/2684 2685/2685/2685 2682/2682/2682
f 2686/2686/2686 2677/2677/2677 2683/2683/2683
f 2670/2670/2670 2677/2677/2677 2686/2686/2686
f 2667/2667/2667 2670/2670/2670 2686/2686/2686
f 2686/2686/2686 2683/2683/2683 2687/2687/2687
f 2646/2646/2646 2667/2667/2667 2688/2688/2688
f 2667/2667/2667 2686/2686/2686 2688/2688/2688
f 2688/2688/2688 2684/2684/2684 2646/2646/2646
f 2688/2688/2688 2686/2686/2686 2687/2687/2687
f 2685/2685/2685 2684/2684/2684 2688/2688/2688
f 2687/2687/2687 2685/2685/2685 2688/2688/2688
f 2691/2691/2691 2690/2690/2690 2689/2689/2689
f 2692/2692/2692 2691/2691/2691 2689/2689/2689
f 2689/2689/2689 2690/2690/2690 2693/2693/2693
f 2694/2694/2694 2691/2691/2691 2692/2692/2692
f 2689/2689/2689 2693/2693/2693 2695/2695/2695
f 2696/2696/2696 2692/2692/2692 2689/2689/2689
f 2695/2695/2695 2696/2696/2696 2689/2689/2689
f 2690/2690/2690 2691/2691/2691 2697/2697/2697
f 2698/2698/2698 2696/2696/2696 2695/2695/2695
f 2699/2699/2699 2698/2698/2698 2695/2695/2695
f 2698/2698/2698 2700/2700/2700 2696/2696/2696
f 2695/2695/2695 2701/2701/2701 2699/2699/2699
f 2693/2693/2693 2701/2701/2701 2695/2695/2695
f 2701/2701/2701 2702/2702/2702 2699/2699/2699
f 2700/2700/2700 2703/2703/2703 2696/2696/2696
f 2696/2696/2696 2703/2703/2703 2692/2692/2692
f 2700/2700/2700 2704/2704/2704 2703/2703/2703
f 2702/2702/2702 2701/2701/2701 2705/2705/2705
f 2706/2706/2706 2702/2702/2702 2705/2705/2705
f 2704/2704/2704 2707/2707/2707 2703/2703/2703
f 2704/2704/2704 2708/2708/2708 2707/2707/2707
f 2703/2703/2703 2709/2709/2709 2692/2692/2692
f 2703/2703/2703 2707/2707/2707 2709/2709/2709
f 2709/2709/2709 2694/2694/2694 2692/2692/2692
f 2708/2708/2708 2710/2710/2710 2707/2707/2707
f 2708/2708/2708 2711/2711/2711 2710/2710/2710
f 2707/2707/2707 2712/2712/2712 2709/2709/2709
f 2707/2707/2707 2710/2710/2710 2712/2712/2712
f 2711/2711/2711 2706/2706/2706 2713/2713/2713
f 2711/2711/2711 2713/2713/2713 2710/2710/2710
f 2706/2706/2706 2705/2705/2705 2713/2713/2713
f 2710/2710/2710 2714/2714/2714 2712/2712/2712
f 2710/2710/2710 2713/2713/2713 2714/2714/2714
f 2712/2712/2712 2715/2715/2715 2709/2709/2709
f 2715/2715/2715 2694/2694/2694 2709/2709/2709
f 2713/2713/2713 2705/2705/2705 2716/2716/2716
f 2713/2713/2713 2716/2716/2716 2714/2714/2714
f 2705/2705/2705 2701/2701/2701 2717/2717/2717
f 2705/2705/2705 2717/2717/2717 2716/2716/2716
f 2701/2701/2701 2693/2693/2693 2717/2717/2717
f 2714/2714/2714 2718/2718/2718 2712/2712/2712
f 2718/2718/2718 2715/2715/2715 2712/2712/2712
f 2693/2693/2693 2719/2719/2719 2717/2717/2717
f 2690/2690/2690 2719/2719/2719 2693/2693/2693
f 2717/2717/2717 2720/2720/2720 2716/2716/2716
f 2719/2719/2719 2720/2720/2720 2717/2717/2717
f 2716/2716/2716 2721/2721/2721 2714/2714/2714
f 2720/2720/2720 2721/2721/2721 2716/2716/2716
f 2721/2721/2721 2718/2718/2718 2714/2714/2714
f 2719/2719/2719 2690/2690/2690 2722/2722/2722
f 2690/2690/2690 2697/2697/2697 2722/2722/2722
f 2720/2720/2720 2719/2719/2719 2723/2723/2723
f 2719/2719/2719 2722/2722/2722 2723/2723/2723
f 2721/2721/2721 2720/2720/2720 2724/2724/2724
f 2720/2720/2720 2723/2723/2723 2724/2724/2724
f 2718/2718/2718 2721/2721/2721 2725/2725/2725
f 2721/2721/2721 2724/2724/2724 2725/2725/2725
f 2723/2723/2723 2722/2722/2722 2726/2726/2726
f 2722/2722/2722 2728/2728/2728 2726/2726/2726
f 2722/2722/2722 2697/2697/2697 2728/2728/2728
f 2723/2723/2723 2726/2726/2726 2727/2727/2727
f 2724/2724/2724 2723/2723/2723 2727/2727/2727
f 2697/2697/2697 2730/2730/2730 2728/2728/2728
f 2724/2724/2724 2727/2727/2727 2729/2729/2729
f 2725/2725/2725 2724/2724/2724 2729/2729/2729
f 2725/2725/2725 2729/2729/2729 2731/2731/2731
f 2697/2697/2697 2732/2732/2732 2730/2730/2730
f 2691/2691/2691 2732/2732/2732 2697/2697/2697
f 2691/2691/2691 2694/2694/2694 2732/2732/2732
f 2732/2732/2732 2733/2733/2733 2730/2730/2730
f 2734/2734/2734 2725/2725/2725 2731/2731/2731
f 2718/2718/2718 2725/2725/2725 2734/2734/2734
f 2715/2715/2715 2718/2718/2718 2734/2734/2734
f 2734/2734/2734 2731/2731/2731 2735/2735/2735
f 2694/2694/2694 2715/2715/2715 2736/2736/2736
f 2715/2715/2715 2734/2734/2734 2736/2736/2736
f 2694/2694/2694 2736/2736/2736 2732/2732/2732
f 2736/2736/2736 2734/2734/2734 2735/2735/2735
f 2732/2732/2732 2736/2736/2736 2733/2733/2733
f 2736/2736/2736 2735/2735/2735 2733/2733/2733
f 2739/2739/2739 2738/2738/2738 2737/2737/2737
f 2740/2740/2740 2739/2739/2739 2737/2737/2737
f 2737/2737/2737 2738/2738/2738 2741/2741/2741
f 2742/2742/2742 2739/2739/2739 2740/2740/2740
f 2743/2743/2743 2737/2737/2737 2741/2741/2741
f 2744/2744/2744 2740/2740/2740 2737/2737/2737
f 2743/2743/2743 2744/2744/2744 2737/2737/2737
f 2745/2745/2745 2738/2738/2738 2739/2739/2739
f 2746/2746/2746 2744/2744/2744 2743/2743/2743
f 2747/2747/2747 2746/2746/2746 2743/2743/2743
f 2746/2746/2746 2748/2748/2748 2744/2744/2744
f 2747/2747/2747 2743/2743/2743 2749/2749/2749
f 2749/2749/2749 2743/2743/2743 2741/2741/2741
f 2750/2750/2750 2747/2747/2747 2749/2749/2749
f 2748/2748/2748 2751/2751/2751 2744/2744/2744
f 2744/2744/2744 2751/2751/2751 2740/2740/2740
f 2748/2748/2748 2752/2752/2752 2751/2751/2751
f 2750/2750/2750 2749/2749/2749 2753/2753/2753
f 2754/2754/2754 2750/2750/2750 2753/2753/2753
f 2752/2752/2752 2755/2755/2755 2751/2751/2751
f 2752/2752/2752 2756/2756/2756 2755/2755/2755
f 2751/2751/2751 2757/2757/2757 2740/2740/2740
f 2751/2751/2751 2755/2755/2755 2757/2757/2757
f 2757/2757/2757 2742/2742/2742 2740/2740/2740
f 2756/2756/2756 2758/2758/2758 2755/2755/2755
f 2756/2756/2756 2759/2759/2759 2758/2758/2758
f 2755/2755/2755 2760/2760/2760 2757/2757/2757
f 2755/2755/2755 2758/2758/2758 2760/2760/2760
f 2759/2759/2759 2754/2754/2754 2761/2761/2761
f 2759/2759/2759 2761/2761/2761 2758/2758/2758
f 2754/2754/2754 2753/2753/2753 2761/2761/2761
f 2758/2758/2758 2762/2762/2762 2760/2760/2760
f 2758/2758/2758 2761/2761/2761 2762/2762/2762
f 2760/2760/2760 2763/2763/2763 2757/2757/2757
f 2763/2763/2763 2742/2742/2742 2757/2757/2757
f 2761/2761/2761 2753/2753/2753 2764/2764/2764
f 2761/2761/2761 2764/2764/2764 2762/2762/2762
f 2753/2753/2753 2749/2749/2749 2765/2765/2765
f 2753/2753/2753 2765/2765/2765 2764/2764/2764
f 2749/2749/2749 2741/2741/2741 2765/2765/2765
f 2762/2762/2762 2766/2766/2766 2760/2760/2760
f 2766/2766/2766 2763/2763/2763 2760/2760/2760
f 2741/2741/2741 2767/2767/2767 2765/2765/2765
f 2738/2738/2738 2767/2767/2767 2741/2741/2741
f 2765/2765/2765 2768/2768/2768 2764/2764/2764
f 2767/2767/2767 2768/2768/2768 2765/2765/2765
f 2764/2764/2764 2769/2769/2769 2762/2762/2762
f 2768/2768/2768 2769/2769/2769 2764/2764/2764
f 2769/2769/2769 2766/2766/2766 2762/2762/2762
f 2770/2770/2770 2767/2767/2767 2738/2738/2738
f 2745/2745/2745 2770/2770/2770 2738/2738/2738
f 2768/2768/2768 2767/2767/2767 2771/2771/2771
f 2767/2767/2767 2770/2770/2770 2771/2771/2771
f 2769/2769/2769 2768/2768/2768 2772/2772/2772
f 2768/2768/2768 2771/2771/2771 2772/2772/2772
f 2766/2766/2766 2769/2769/2769 2773/2773/2773
f 2769/2769/2769 2772/2772/2772 2773/2773/2773
f 2771/2771/2771 2770/2770/2770 2774/2774/2774
f 2770/2770/2770 2776/2776/2776 2774/2774/2774
f 2776/2776/2776 2770/2770/2770 2745/2745/2745
f 2771/2771/2771 2774/2774/2774 2775/2775/2775
f 2772/2772/2772 2771/2771/2771 2775/2775/2775
f 2778/2778/2778 2776/2776/2776 2745/2745/2745
f 2772/2772/2772 2775/2775/2775 2777/2777/2777
f 2773/2773/2773 2772/2772/2772 2777/2777/2777
f 2773/2773/2773 2777/2777/2777 2779/2779/2779
f 2778/2778/2778 2745/2745/2745 2780/2780/2780
f 2780/2780/2780 2745/2745/2745 2739/2739/2739
f 2739/2739/2739 2742/2742/2742 2780/2780/2780
f 2781/2781/2781 2778/2778/2778 2780/2780/2780
f 2782/2782/2782 2773/2773/2773 2779/2779/2779
f 2766/2766/2766 2773/2773/2773 2782/2782/2782
f 2763/2763/2763 2766/2766/2766 2782/2782/2782
f 2782/2782/2782 2779/2779/2779 2783/2783/2783
f 2742/2742/2742 2763/2763/2763 2784/2784/2784
f 2763/2763/2763 2782/2782/2782 2784/2784/2784
f 2742/2742/2742 2784/2784/2784 2780/2780/2780
f 2784/2784/2784 2782/2782/2782 2783/2783/2783
f 2780/2780/2780 2784/2784/2784 2781/2781/2781
f 2784/2784/2784 2783/2783/2783 2781/2781/2781
f 2787/2787/2787 2786/2786/2786 2785/2785/2785
f 2788/2788/2788 2787/2787/2787 2785/2785/2785
f 2785/2785/2785 2786/2786/2786 2789/2789/2789
f 2790/2790/2790 2787/2787/2787 2788/2788/2788
f 2791/2791/2791 2785/2785/2785 2789/2789/2789
f 2792/2792/2792 2788/2788/2788 2785/2785/2785
f 2791/2791/2791 2792/2792/2792 2785/2785/2785
f 2786/2786/2786 2787/2787/2787 2793/2793/2793
f 2794/2794/2794 2792/2792/2792 2791/2791/2791
f 2795/2795/2795 2794/2794/2794 2791/2791/2791
f 2794/2794/2794 2796/2796/2796 2792/2792/2792
f 2795/2795/2795 2791/2791/2791 2797/2797/2797
f 2797/2797/2797 2791/2791/2791 2789/2789/2789
f 2798/2798/2798 2795/2795/2795 2797/2797/2797
f 2796/2796/2796 2799/2799/2799 2792/2792/2792
f 2792/2792/2792 2799/2799/2799 2788/2788/2788
f 2796/2796/2796 2800/2800/2800 2799/2799/2799
f 2798/2798/2798 2797/2797/2797 2801/2801/2801
f 2802/2802/2802 2798/2798/2798 2801/2801/2801
f 2800/2800/2800 2803/2803/2803 2799/2799/2799
f 2800/2800/2800 2804/2804/2804 2803/2803/2803
f 2799/2799/2799 2805/2805/2805 2788/2788/2788
f 2799/2799/2799 2803/2803/2803 2805/2805/2805
f 2805/2805/2805 2790/2790/2790 2788/2788/2788
f 2804/2804/2804 2806/2806/2806 2803/2803/2803
f 2804/2804/2804 2807/2807/2807 2806/2806/2806
f 2803/2803/2803 2808/2808/2808 2805/2805/2805
f 2803/2803/2803 2806/2806/2806 2808/2808/2808
f 2809/2809/2809 2807/2807/2807 2802/2802/2802
f 2807/2807/2807 2809/2809/2809 2806/2806/2806
f 2801/2801/2801 2809/2809/2809 2802/2802/2802
f 2806/2806/2806 2810/2810/2810 2808/2808/2808
f 2806/2806/2806 2809/2809/2809 2810/2810/2810
f 2808/2808/2808 2811/2811/2811 2805/2805/2805
f 2811/2811/2811 2790/2790/2790 2805/2805/2805
f 2812/2812/2812 2809/2809/2809 2801/2801/2801
f 2809/2809/2809 2812/2812/2812 2810/2810/2810
f 2801/2801/2801 2797/2797/2797 2813/2813/2813
f 2813/2813/2813 2812/2812/2812 2801/2801/2801
f 2797/2797/2797 2789/2789/2789 2813/2813/2813
f 2810/2810/2810 2814/2814/2814 2808/2808/2808
f 2814/2814/2814 2811/2811/2811 2808/2808/2808
f 2789/2789/2789 2815/2815/2815 2813/2813/2813
f 2786/2786/2786 2815/2815/2815 2789/2789/2789
f 2813/2813/2813 2816/2816/2816 2812/2812/2812
f 2815/2815/2815 2816/2816/2816 2813/2813/2813
f 2812/2812/2812 2817/2817/2817 2810/2810/2810
f 2816/2816/2816 2817/2817/2817 2812/2812/2812
f 2817/2817/2817 2814/2814/2814 2810/2810/2810
f 2815/2815/2815 2786/2786/2786 2818/2818/2818
f 2786/2786/2786 2793/2793/2793 2818/2818/2818
f 2816/2816/2816 2815/2815/2815 2819/2819/2819
f 2815/2815/2815 2818/2818/2818 2819/2819/2819
f 2820/2820/2820 2817/2817/2817 2816/2816/2816
f 2819/2819/2819 2820/2820/2820 2816/2816/2816
f 2814/2814/2814 2817/2817/2817 2821/2821/2821
f 2817/2817/2817 2820/2820/2820 2821/2821/2821
f 2819/2819/2819 2818/2818/2818 2822/2822/2822
f 2822/2822/2822 2824/2824/2824 2819/2819/2819
f 2824/2824/2824 2820/2820/2820 2819/2819/2819
f 2818/2818/2818 2823/2823/2823 2822/2822/2822
f 2818/2818/2818 2793/2793/2793 2823/2823/2823
f 2820/2820/2820 2824/2824/2824 2826/2826/2826
f 2821/2821/2821 2820/2820/2820 2826/2826/2826
f 2793/2793/2793 2825/2825/2825 2823/2823/2823
f 2821/2821/2821 2826/2826/2826 2827/2827/2827
f 2793/2793/2793 2828/2828/2828 2825/2825/2825
f 2787/2787/2787 2828/2828/2828 2793/2793/2793
f 2787/2787/2787 2790/2790/2790 2828/2828/2828
f 2828/2828/2828 2829/2829/2829 2825/2825/2825
f 2830/2830/2830 2821/2821/2821 2827/2827/2827
f 2814/2814/2814 2821/2821/2821 2830/2830/2830
f 2811/2811/2811 2814/2814/2814 2830/2830/2830
f 2830/2830/2830 2827/2827/2827 2831/2831/2831
f 2790/2790/2790 2811/2811/2811 2832/2832/2832
f 2811/2811/2811 2830/2830/2830 2832/2832/2832
f 2790/2790/2790 2832/2832/2832 2828/2828/2828
f 2832/2832/2832 2830/2830/2830 2831/2831/2831
f 2828/2828/2828 2832/2832/2832 2829/2829/2829
f 2832/2832/2832 2831/2831/2831 2829/2829/2829
f 2835/2835/2835 2834/2834/2834 2833/2833/2833
f 2836/2836/2836 2835/2835/2835 2833/2833/2833
f 2833/2833/2833 2834/2834/2834 2837/2837/2837
f 2838/2838/2838 2835/2835/2835 2836/2836/2836
f 2839/2839/2839 2833/2833/2833 2837/2837/2837
f 2840/2840/2840 2836/2836/2836 2833/2833/2833
f 2839/2839/2839 2840/2840/2840 2833/2833/2833
f 2841/2841/2841 2834/2834/2834 2835/2835/2835
f 2842/2842/2842 2840/2840/2840 2839/2839/2839
f 2843/2843/2843 2842/2842/2842 2839/2839/2839
f 2842/2842/2842 2844/2844/2844 2840/2840/2840
f 2843/2843/2843 2839/2839/2839 2845/2845/2845
f 2845/2845/2845 2839/2839/2839 2837/2837/2837
f 2846/2846/2846 2843/2843/2843 2845/2845/2845
f 2844/2844/2844 2847/2847/2847 2840/2840/2840
f 2840/2840/2840 2847/2847/2847 2836/2836/2836
f 2844/2844/2844 2848/2848/2848 2847/2847/2847
f 2846/2846/2846 2845/2845/2845 2849/2849/2849
f 2850/2850/2850 2846/2846/2846 2849/2849/2849
f 2847/2847/2847 2851/2851/2851 2836/2836/2836
f 2851/2851/2851 2838/2838/2838 2836/2836/2836
f 2848/2848/2848 2852/2852/2852 2847/2847/2847
f 2847/2847/2847 2852/2852/2852 2851/2851/2851
f 2848/2848/2848 2853/2853/2853 2852/2852/2852
f 2852/2852/2852 2854/2854/2854 2851/2851/2851
f 2838/2838/2838 2851/2851/2851 2854/2854/2854
f 2853/2853/2853 2855/2855/2855 2852/2852/2852
f 2852/2852/2852 2855/2855/2855 2854/2854/2854
f 2853/2853/2853 2856/2856/2856 2855/2855/2855
f 2856/2856/2856 2850/2850/2850 2857/2857/2857
f 2856/2856/2856 2857/2857/2857 2855/2855/2855
f 2850/2850/2850 2849/2849/2849 2857/2857/2857
f 2855/2855/2855 2858/2858/2858 2854/2854/2854
f 2855/2855/2855 2857/2857/2857 2858/2858/2858
f 2857/2857/2857 2849/2849/2849 2859/2859/2859
f 2857/2857/2857 2859/2859/2859 2858/2858/2858
f 2849/2849/2849 2845/2845/2845 2860/2860/2860
f 2849/2849/2849 2860/2860/2860 2859/2859/2859
f 2845/2845/2845 2837/2837/2837 2860/2860/2860
f 2859/2859/2859 2861/2861/2861 2858/2858/2858
f 2837/2837/2837 2862/2862/2862 2860/2860/2860
f 2834/2834/2834 2862/2862/2862 2837/2837/2837
f 2860/2860/2860 2863/2863/2863 2859/2859/2859
f 2862/2862/2862 2863/2863/2863 2860/2860/2860
f 2863/2863/2863 2861/2861/2861 2859/2859/2859
f 2864/2864/2864 2862/2862/2862 2834/2834/2834
f 2841/2841/2841 2864/2864/2864 2834/2834/2834
f 2863/2863/2863 2862/2862/2862 2865/2865/2865
f 2862/2862/2862 2864/2864/2864 2865/2865/2865
f 2861/2861/2861 2863/2863/2863 2866/2866/2866
f 2863/2863/2863 2865/2865/2865 2866/2866/2866
f 2861/2861/2861 2867/2867/2867 2858/2858/2858
f 2858/2858/2858 2867/2867/2867 2854/2854/2854
f 2865/2865/2865 2864/2864/2864 2868/2868/2868
f 2865/2865/2865 2868/2868/2868 2870/2870/2870
f 2866/2866/2866 2865/2865/2865 2870/2870/2870
f 2864/2864/2864 2869/2869/2869 2868/2868/2868
f 2869/2869/2869 2864/2864/2864 2841/2841/2841
f 2866/2866/2866 2870/2870/2870 2872/2872/2872
f 2871/2871/2871 2869/2869/2869 2841/2841/2841
f 2875/2875/2875 2866/2866/2866 2872/2872/2872
f 2861/2861/2861 2866/2866/2866 2875/2875/2875
f 2867/2867/2867 2861/2861/2861 2875/2875/2875
f 2875/2875/2875 2872/2872/2872 2876/2876/2876
f 2871/2871/2871 2841/2841/2841 2873/2873/2873
f 2873/2873/2873 2841/2841/2841 2835/2835/2835
f 2874/2874/2874 2871/2871/2871 2873/2873/2873
f 2835/2835/2835 2838/2838/2838 2873/2873/2873
f 2879/2879/2879 2875/2875/2875 2876/2876/2876
f 2867/2867/2867 2875/2875/2875 2879/2879/2879
f 2879/2879/2879 2876/2876/2876 2878/2878/2878
f 2873/2873/2873 2877/2877/2877 2874/2874/2874
f 2877/2877/2877 2878/2878/2878 2874/2874/2874
f 2838/2838/2838 2877/2877/2877 2873/2873/2873
f 2877/2877/2877 2879/2879/2879 2878/2878/2878
f 2838/2838/2838 2880/2880/2880 2877/2877/2877
f 2880/2880/2880 2879/2879/2879 2877/2877/2877
f 2880/2880/2880 2867/2867/2867 2879/2879/2879
f 2880/2880/2880 2838/2838/2838 2854/2854/2854
f 2867/2867/2867 2880/2880/2880 2854/2854/2854
f 2883/2883/2883 2882/2882/2882 2881/2881/2881
f 2884/2884/2884 2883/2883/2883 2881/2881/2881
f 2881/2881/2881 2882/2882/2882 2885/2885/2885
f 2886/2886/2886 2883/2883/2883 2884/2884/2884
f 2881/2881/2881 2885/2885/2885 2887/2887/2887
f 2888/2888/2888 2884/2884/2884 2881/2881/2881
f 2887/2887/2887 2888/2888/2888 2881/2881/2881
f 2889/2889/2889 2882/2882/2882 2883/2883/2883
f 2890/2890/2890 2888/2888/2888 2887/2887/2887
f 2891/2891/2891 2890/2890/2890 2887/2887/2887
f 2890/2890/2890 2892/2892/2892 2888/2888/2888
f 2887/2887/2887 2893/2893/2893 2891/2891/2891
f 2885/2885/2885 2893/2893/2893 2887/2887/2887
f 2893/2893/2893 2894/2894/2894 2891/2891/2891
f 2892/2892/2892 2895/2895/2895 2888/2888/2888
f 2888/2888/2888 2895/2895/2895 2884/2884/2884
f 2892/2892/2892 2896/2896/2896 2895/2895/2895
f 2894/2894/2894 2893/2893/2893 2897/2897/2897
f 2898/2898/2898 2894/2894/2894 2897/2897/2897
f 2896/2896/2896 2899/2899/2899 2895/2895/2895
f 2896/2896/2896 2900/2900/2900 2899/2899/2899
f 2895/2895/2895 2901/2901/2901 2884/2884/2884
f 2895/2895/2895 2899/2899/2899 2901/2901/2901
f 2901/2901/2901 2886/2886/2886 2884/2884/2884
f 2900/2900/2900 2902/2902/2902 2899/2899/2899
f 2900/2900/2900 2903/2903/2903 2902/2902/2902
f 2899/2899/2899 2904/2904/2904 2901/2901/2901
f 2899/2899/2899 2902/2902/2902 2904/2904/2904
f 2903/2903/2903 2898/2898/2898 2905/2905/2905
f 2903/2903/2903 2905/2905/2905 2902/2902/2902
f 2898/2898/2898 2897/2897/2897 2905/2905/2905
f 2902/2902/2902 2906/2906/2906 2904/2904/2904
f 2902/2902/2902 2905/2905/2905 2906/2906/2906
f 2904/2904/2904 2907/2907/2907 2901/2901/2901
f 2907/2907/2907 2886/2886/2886 2901/2901/2901
f 2905/2905/2905 2897/2897/2897 2908/2908/2908
f 2905/2905/2905 2908/2908/2908 2906/2906/2906
f 2897/2897/2897 2893/2893/2893 2909/2909/2909
f 2897/2897/2897 2909/2909/2909 2908/2908/2908
f 2893/2893/2893 2885/2885/2885 2909/2909/2909
f 2906/2906/2906 2910/2910/2910 2904/2904/2904
f 2910/2910/2910 2907/2907/2907 2904/2904/2904
f 2885/2885/2885 2911/2911/2911 2909/2909/2909
f 2882/2882/2882 2911/2911/2911 2885/2885/2885
f 2909/2909/2909 2912/2912/2912 2908/2908/2908
f 2911/2911/2911 2912/2912/2912 2909/2909/2909
f 2908/2908/2908 2913/2913/2913 2906/2906/2906
f 2912/2912/2912 2913/2913/2913 2908/2908/2908
f 2913/2913/2913 2910/2910/2910 2906/2906/2906
f 2914/2914/2914 2911/2911/2911 2882/2882/2882
f 2889/2889/2889 2914/2914/2914 2882/2882/2882
f 2912/2912/2912 2911/2911/2911 2915/2915/2915
f 2911/2911/2911 2914/2914/2914 2915/2915/2915
f 2913/2913/2913 2912/2912/2912 2916/2916/2916
f 2912/2912/2912 2915/2915/2915 2916/2916/2916
f 2910/2910/2910 2913/2913/2913 2917/2917/2917
f 2913/2913/2913 2916/2916/2916 2917/2917/2917
f 2915/2915/2915 2914/2914/2914 2918/2918/2918
f 2914/2914/2914 2920/2920/2920 2918/2918/2918
f 2920/2920/2920 2914/2914/2914 2889/2889/2889
f 2915/2915/2915 2918/2918/2918 2919/2919/2919
f 2916/2916/2916 2915/2915/2915 2919/2919/2919
f 2922/2922/2922 2920/2920/2920 2889/2889/2889
f 2916/2916/2916 2919/2919/2919 2921/2921/2921
f 2917/2917/2917 2916/2916/2916 2921/2921/2921
f 2917/2917/2917 2921/2921/2921 2923/2923/2923
f 2922/2922/2922 2889/2889/2889 2924/2924/2924
f 2924/2924/2924 2889/2889/2889 2883/2883/2883
f 2883/2883/2883 2886/2886/2886 2924/2924/2924
f 2925/2925/2925 2922/2922/2922 2924/2924/2924
f 2926/2926/2926 2917/2917/2917 2923/2923/2923
f 2910/2910/2910 2917/2917/2917 2926/2926/2926
f 2907/2907/2907 2910/2910/2910 2926/2926/2926
f 2926/2926/2926 2923/2923/2923 2927/2927/2927
f 2886/2886/2886 2907/2907/2907 2928/2928/2928
f 2907/2907/2907 2926/2926/2926 2928/2928/2928
f 2886/2886/2886 2928/2928/2928 2924/2924/2924
f 2928/2928/2928 2926/2926/2926 2927/2927/2927
f 2924/2924/2924 2928/2928/2928 2925/2925/2925
f 2928/2928/2928 2927/2927/2927 2925/2925/2925
f 2931/2931/2931 2930/2930/2930 2929/2929/2929
f 2932/2932/2932 2931/2931/2931 2929/2929/2929
f 2929/2929/2929 2930/2930/2930 2933/2933/2933
f 2934/2934/2934 2931/2931/2931 2932/2932/2932
f 2935/2935/2935 2929/2929/2929 2933/2933/2933
f 2932/2932/2932 2929/2929/2929 2936/2936/2936
f 2929/2929/2929 2935/2935/2935 2936/2936/2936
f 2930/2930/2930 2931/2931/2931 2937/2937/2937
f 2936/2936/2936 2935/2935/2935 2938/2938/2938
f 2938/2938/2938 2940/2940/2940 2936/2936/2936
f 2935/2935/2935 2939/2939/2939 2938/2938/2938
f 2940/2940/2940 2943/2943/2943 2936/2936/2936
f 2936/2936/2936 2943/2943/2943 2932/2932/2932
f 2940/2940/2940 2944/2944/2944 2943/2943/2943
f 2939/2939/2939 2935/2935/2935 2941/2941/2941
f 2941/2941/2941 2935/2935/2935 2933/2933/2933
f 2942/2942/2942 2939/2939/2939 2941/2941/2941
f 2944/2944/2944 2947/2947/2947 2943/2943/2943
f 2944/2944/2944 2948/2948/2948 2947/2947/2947
f 2943/2943/2943 2949/2949/2949 2932/2932/2932
f 2943/2943/2943 2947/2947/2947 2949/2949/2949
f 2949/2949/2949 2934/2934/2934 2932/2932/2932
f 2948/2948/2948 2950/2950/2950 2947/2947/2947
f 2948/2948/2948 2951/2951/2951 2950/2950/2950
f 2947/2947/2947 2952/2952/2952 2949/2949/2949
f 2947/2947/2947 2950/2950/2950 2952/2952/2952
f 2955/2955/2955 2934/2934/2934 2949/2949/2949
f 2952/2952/2952 2955/2955/2955 2949/2949/2949
f 2951/2951/2951 2953/2953/2953 2950/2950/2950
f 2951/2951/2951 2946/2946/2946 2953/2953/2953
f 2950/2950/2950 2954/2954/2954 2952/2952/2952
f 2950/2950/2950 2953/2953/2953 2954/2954/2954
f 2946/2946/2946 2942/2942/2942 2945/2945/2945
f 2946/2946/2946 2945/2945/2945 2953/2953/2953
f 2942/2942/2942 2941/2941/2941 2945/2945/2945
f 2953/2953/2953 2956/2956/2956 2954/2954/2954
f 2953/2953/2953 2945/2945/2945 2956/2956/2956
f 2945/2945/2945 2941/2941/2941 2957/2957/2957
f 2945/2945/2945 2957/2957/2957 2956/2956/2956
f 2941/2941/2941 2933/2933/2933 2957/2957/2957
f 2954/2954/2954 2958/2958/2958 2952/2952/2952
f 2958/2958/2958 2955/2955/2955 2952/2952/2952
f 2933/2933/2933 2959/2959/2959 2957/2957/2957
f 2930/2930/2930 2959/2959/2959 2933/2933/2933
f 2957/2957/2957 2960/2960/2960 2956/2956/2956
f 2959/2959/2959 2960/2960/2960 2957/2957/2957
f 2956/2956/2956 2961/2961/2961 2954/2954/2954
f 2960/2960/2960 2961/2961/2961 2956/2956/2956
f 2961/2961/2961 2958/2958/2958 2954/2954/2954
f 2959/2959/2959 2930/2930/2930 2962/2962/2962
f 2930/2930/2930 2937/2937/2937 2962/2962/2962
f 2960/2960/2960 2959/2959/2959 2963/2963/2963
f 2959/2959/2959 2962/2962/2962 2963/2963/2963
f 2961/2961/2961 2960/2960/2960 2964/2964/2964
f 2960/2960/2960 2963/2963/2963 2964/2964/2964
f 2958/2958/2958 2961/2961/2961 2965/2965/2965
f 2961/2961/2961 2964/2964/2964 2965/2965/2965
f 2963/2963/2963 2962/2962/2962 2966/2966/2966
f 2963/2963/2963 2966/2966/2966 2968/2968/2968
f 2964/2964/2964 2963/2963/2963 2968/2968/2968
f 2962/2962/2962 2967/2967/2967 2966/2966/2966
f 2962/2962/2962 2937/2937/2937 2967/2967/2967
f 2964/2964/2964 2968/2968/2968 2970/2970/2970
f 2965/2965/2965 2964/2964/2964 2970/2970/2970
f 2937/2937/2937 2969/2969/2969 2967/2967/2967
f 2965/2965/2965 2970/2970/2970 2971/2971/2971
f 2937/2937/2937 2972/2972/2972 2969/2969/2969
f 2931/2931/2931 2972/2972/2972 2937/2937/2937
f 2931/2931/2931 2934/2934/2934 2972/2972/2972
f 2972/2972/2972 2973/2973/2973 2969/2969/2969
f 2974/2974/2974 2965/2965/2965 2971/2971/2971
f 2958/2958/2958 2965/2965/2965 2974/2974/2974
f 2955/2955/2955 2958/2958/2958 2974/2974/2974
f 2974/2974/2974 2971/2971/2971 2975/2975/2975
f 2934/2934/2934 2955/2955/2955 2976/2976/2976
f 2955/2955/2955 2974/2974/2974 2976/2976/2976
f 2934/2934/2934 2976/2976/2976 2972/2972/2972
f 2976/2976/2976 2974/2974/2974 2975/2975/2975
f 2972/2972/2972 2976/2976/2976 2973/2973/2973
f 2976/2976/2976 2975/2975/2975 2973/2973/2973
f 2979/2979/2979 2978/2978/2978 2977/2977/2977
f 2980/2980/2980 2979/2979/2979 2977/2977/2977
f 2977/2977/2977 2978/2978/2978 2981/2981/2981
f 2982/2982/2982 2979/2979/2979 2980/2980/2980
f 2983/2983/2983 2977/2977/2977 2981/2981/2981
f 2984/2984/2984 2980/2980/2980 2977/2977/2977
f 2983/2983/2983 2984/2984/2984 2977/2977/2977
f 2978/2978/2978 2979/2979/2979 2985/2985/2985
f 2986/2986/2986 2984/2984/2984 2983/2983/2983
f 2987/2987/2987 2986/2986/2986 2983/2983/2983
f 2986/2986/2986 2988/2988/2988 2984/2984/2984
f 2987/2987/2987 2983/2983/2983 2989/2989/2989
f 2989/2989/2989 2983/2983/2983 2981/2981/2981
f 2990/2990/2990 2987/2987/2987 2989/2989/2989
f 2988/2988/2988 2991/2991/2991 2984/2984/2984
f 2984/2984/2984 2991/2991/2991 2980/2980/2980
f 2988/2988/2988 2992/2992/2992 2991/2991/2991
f 2990/2990/2990 2989/2989/2989 2993/2993/2993
f 2994/2994/2994 2990/2990/2990 2993/2993/2993
f 2992/2992/2992 2995/2995/2995 2991/2991/2991
f 2992/2992/2992 2996/2996/2996 2995/2995/2995
f 2991/2991/2991 2997/2997/2997 2980/2980/2980
f 2991/2991/2991 2995/2995/2995 2997/2997/2997
f 2997/2997/2997 2982/2982/2982 2980/2980/2980
f 2996/2996/2996 2998/2998/2998 2995/2995/2995
f 2996/2996/2996 2999/2999/2999 2998/2998/2998
f 2995/2995/2995 3000/3000/3000 2997/2997/2997
f 2995/2995/2995 2998/2998/2998 3000/3000/3000
f 2999/2999/2999 2994/2994/2994 3001/3001/3001
f 2999/2999/2999 3001/3001/3001 2998/2998/2998
f 2994/2994/2994 2993/2993/2993 3001/3001/3001
f 2998/2998/2998 3002/3002/3002 3000/3000/3000
f 2998/2998/2998 3001/3001/3001 3002/3002/3002
f 3000/3000/3000 3003/3003/3003 2997/2997/2997
f 3003/3003/3003 2982/2982/2982 2997/2997/2997
f 3001/3001/3001 2993/2993/2993 3004/3004/3004
f 3001/3001/3001 3004/3004/3004 3002/3002/3002
f 2993/2993/2993 2989/2989/2989 3005/3005/3005
f 2993/2993/2993 3005/3005/3005 3004/3004/3004
f 2989/2989/2989 2981/2981/2981 3005/3005/3005
f 3002/3002/3002 3006/3006/3006 3000/3000/3000
f 3006/3006/3006 3003/3003/3003 3000/3000/3000
f 2981/2981/2981 3007/3007/3007 3005/3005/3005
f 2978/2978/2978 3007/3007/3007 2981/2981/2981
f 3005/3005/3005 3008/3008/3008 3004/3004/3004
f 3007/3007/3007 3008/3008/3008 3005/3005/3005
f 3004/3004/3004 3009/3009/3009 3002/3002/3002
f 3008/3008/3008 3009/3009/3009 3004/3004/3004
f 3009/3009/3009 3006/3006/3006 3002/3002/3002
f 3007/3007/3007 2978/2978/2978 3010/3010/3010
f 2978/2978/2978 2985/2985/2985 3010/3010/3010
f 3008/3008/3008 3007/3007/3007 3011/3011/3011
f 3007/3007/3007 3010/3010/3010 3011/3011/3011
f 3009/3009/3009 3008/3008/3008 3012/3012/3012
f 3008/3008/3008 3011/3011/3011 3012/3012/3012
f 3006/3006/3006 3009/3009/3009 3013/3013/3013
f 3009/3009/3009 3012/3012/3012 3013/3013/3013
f 3011/3011/3011 3010/3010/3010 3014/3014/3014
f 3011/3011/3011 3014/3014/3014 3016/3016/3016
f 3012/3012/3012 3011/3011/3011 3016/3016/3016
f 3010/3010/3010 3015/3015/3015 3014/3014/3014
f 3010/3010/3010 2985/2985/2985 3015/3015/3015
f 3012/3012/3012 3016/3016/3016 3018/3018/3018
f 3013/3013/3013 3012/3012/3012 3018/3018/3018
f 2985/2985/2985 3017/3017/3017 3015/3015/3015
f 3013/3013/3013 3018/3018/3018 3019/3019/3019
f 2985/2985/2985 3020/3020/3020 3017/3017/3017
f 2979/2979/2979 3020/3020/3020 2985/2985/2985
f 2979/2979/2979 2982/2982/2982 3020/3020/3020
f 3020/3020/3020 3021/3021/3021 3017/3017/3017
f 3022/3022/3022 3013/3013/3013 3019/3019/3019
f 3006/3006/3006 3013/3013/3013 3022/3022/3022
f 3003/3003/3003 3006/3006/3006 3022/3022/3022
f 3022/3022/3022 3019/3019/3019 3023/3023/3023
f 2982/2982/2982 3003/3003/3003 3024/3024/3024
f 3003/3003/3003 3022/3022/3022 3024/3024/3024
f 2982/2982/2982 3024/3024/3024 3020/3020/3020
f 3024/3024/3024 3022/3022/3022 3023/3023/3023
f 3020/3020/3020 3024/3024/3024 3021/3021/3021
f 3024/3024/3024 3023/3023/3023 3021/3021/3021
f 3027/3027/3027 3026/3026/3026 3025/3025/3025
f 3028/3028/3028 3027/3027/3027 3025/3025/3025
f 3025/3025/3025 3026/3026/3026 3029/3029/3029
f 3030/3030/3030 3027/3027/3027 3028/3028/3028
f 3031/3031/3031 3025/3025/3025 3029/3029/3029
f 3032/3032/3032 3028/3028/3028 3025/3025/3025
f 3031/3031/3031 3032/3032/3032 3025/3025/3025
f 3026/3026/3026 3027/3027/3027 3033/3033/3033
f 3034/3034/3034 3032/3032/3032 3031/3031/3031
f 3035/3035/3035 3034/3034/3034 3031/3031/3031
f 3034/3034/3034 3036/3036/3036 3032/3032/3032
f 3035/3035/3035 3031/3031/3031 3037/3037/3037
f 3037/3037/3037 3031/3031/3031 3029/3029/3029
f 3038/3038/3038 3035/3035/3035 3037/3037/3037
f 3036/3036/3036 3039/3039/3039 3032/3032/3032
f 3032/3032/3032 3039/3039/3039 3028/3028/3028
f 3036/3036/3036 3040/3040/3040 3039/3039/3039
f 3038/3038/3038 3037/3037/3037 3041/3041/3041
f 3042/3042/3042 3038/3038/3038 3041/3041/3041
f 3040/3040/3040 3043/3043/3043 3039/3039/3039
f 3040/3040/3040 3044/3044/3044 3043/3043/3043
f 3039/3039/3039 3045/3045/3045 3028/3028/3028
f 3039/3039/3039 3043/3043/3043 3045/3045/3045
f 3045/3045/3045 3030/3030/3030 3028/3028/3028
f 3044/3044/3044 3046/3046/3046 3043/3043/3043
f 3044/3044/3044 3047/3047/3047 3046/3046/3046
f 3043/3043/3043 3048/3048/3048 3045/3045/3045
f 3043/3043/3043 3046/3046/3046 3048/3048/3048
f 3047/3047/3047 3042/3042/3042 3049/3049/3049
f 3047/3047/3047 3049/3049/3049 3046/3046/3046
f 3042/3042/3042 3041/3041/3041 3049/3049/3049
f 3046/3046/3046 3050/3050/3050 3048/3048/3048
f 3046/3046/3046 3049/3049/3049 3050/3050/3050
f 3048/3048/3048 3051/3051/3051 3045/3045/3045
f 3051/3051/3051 3030/3030/3030 3045/3045/3045
f 3049/3049/3049 3041/3041/3041 3052/3052/3052
f 3049/3049/3049 3052/3052/3052 3050/3050/3050
f 3041/3041/3041 3037/3037/3037 3053/3053/3053
f 3041/3041/3041 3053/3053/3053 3052/3052/3052
f 3037/3037/3037 3029/3029/3029 3053/3053/3053
f 3050/3050/3050 3054/3054/3054 3048/3048/3048
f 3054/3054/3054 3051/3051/3051 3048/3048/3048
f 3029/3029/3029 3055/3055/3055 3053/3053/3053
f 3026/3026/3026 3055/3055/3055 3029/3029/3029
f 3053/3053/3053 3056/3056/3056 3052/3052/3052
f 3055/3055/3055 3056/3056/3056 3053/3053/3053
f 3052/3052/3052 3057/3057/3057 3050/3050/3050
f 3056/3056/3056 3057/3057/3057 3052/3052/3052
f 3057/3057/3057 3054/3054/3054 3050/3050/3050
f 3055/3055/3055 3026/3026/3026 3058/3058/3058
f 3026/3026/3026 3033/3033/3033 3058/3058/3058
f 3056/3056/3056 3055/3055/3055 3059/3059/3059
f 3055/3055/3055 3058/3058/3058 3059/3059/3059
f 3060/3060/3060 3057/3057/3057 3056/3056/3056
f 3059/3059/3059 3060/3060/3060 3056/3056/3056
f 3054/3054/3054 3057/3057/3057 3061/3061/3061
f 3057/3057/3057 3060/3060/3060 3061/3061/3061
f 3059/3059/3059 3058/3058/3058 3062/3062/3062
f 3062/3062/3062 3064/3064/3064 3059/3059/3059
f 3064/3064/3064 3060/3060/3060 3059/3059/3059
f 3058/3058/3058 3063/3063/3063 3062/3062/3062
f 3058/3058/3058 3033/3033/3033 3063/3063/3063
f 3060/3060/3060 3064/3064/3064 3066/3066/3066
f 3061/3061/3061 3060/3060/3060 3066/3066/3066
f 3033/3033/3033 3065/3065/3065 3063/3063/3063
f 3061/3061/3061 3066/3066/3066 3067/3067/3067
f 3033/3033/3033 3068/3068/3068 3065/3065/3065
f 3027/3027/3027 3068/3068/3068 3033/3033/3033
f 3027/3027/3027 3030/3030/3030 3068/3068/3068
f 3068/3068/3068 3069/3069/3069 3065/3065/3065
f 3070/3070/3070 3061/3061/3061 3067/3067/3067
f 3054/3054/3054 3061/3061/3061 3070/3070/3070
f 3051/3051/3051 3054/3054/3054 3070/3070/3070
f 3070/3070/3070 3067/3067/3067 3071/3071/3071
f 3030/3030/3030 3051/3051/3051 3072/3072/3072
f 3051/3051/3051 3070/3070/3070 3072/3072/3072
f 3030/3030/3030 3072/3072/3072 3068/3068/3068
f 3072/3072/3072 3070/3070/3070 3071/3071/3071
f 3068/3068/3068 3072/3072/3072 3069/3069/3069
f 3072/3072/3072 3071/3071/3071 3069/3069/3069
f 3075/3075/3075 3074/3074/3074 3073/3073/3073
f 3196/3196/3196 3074/3074/3074 3075/3075/3075
f 3074/3074/3074 3292/3292/3292 3073/3073/3073
f 3074/3074/3074 3196/3196/3196 3296/3296/3296
f 3292/3292/3292 3074/3074/3074 3296/3296/3296
f 3197/3197/3197 3196/3196/3196 3075/3075/3075
f 3296/3296/3296 3196/3196/3196 3304/3304/3304
f 3196/3196/3196 3197/3197/3197 3304/3304/3304
f 3297/3297/3297 3292/3292/3292 3296/3296/3296
f 3197/3197/3197 3407/3407/3407 3304/3304/3304
f 3292/3292/3292 3291/3291/3291 3073/3073/3073
f 3407/3407/3407 3197/3197/3197 3406/3406/3406
f 3304/3304/3304 3407/3407/3407 3200/3200/3200
f 3407/3407/3407 3406/3406/3406 3200/3200/3200
f 3197/3197/3197 3075/3075/3075 3412/3412/3412
f 3197/3197/3197 3412/3412/3412 3406/3406/3406
f 3076/3076/3076 3075/3075/3075 3073/3073/3073
f 3075/3075/3075 3310/3310/3310 3412/3412/3412
f 3075/3075/3075 3076/3076/3076 3310/3310/3310
f 3406/3406/3406 3412/3412/3412 3480/3480/3480
f 3412/3412/3412 3310/3310/3310 3479/3479/3479
f 3412/3412/3412 3479/3479/3479 3480/3480/3480
f 3200/3200/3200 3406/3406/3406 3199/3199/3199
f 3406/3406/3406 3480/3480/3480 3199/3199/3199
f 3310/3310/3310 3411/3411/3411 3479/3479/3479
f 3199/3199/3199 3480/3480/3480 3409/3409/3409
f 3480/3480/3480 3479/3479/3479 3433/3433/3433
f 3480/3480/3480 3433/3433/3433 3409/3409/3409
f 3479/3479/3479 3411/3411/3411 3477/3477/3477
f 3479/3479/3479 3477/3477/3477 3433/3433/3433
f 3199/3199/3199 3409/3409/3409 3408/3408/3408
f 3310/3310/3310 3294/3294/3294 3411/3411/3411
f 3076/3076/3076 3294/3294/3294 3310/3310/3310
f 3198/3198/3198 3199/3199/3199 3408/3408/3408
f 3200/3200/3200 3199/3199/3199 3198/3198/3198
f 3408/3408/3408 3409/3409/3409 3405/3405/3405
f 3198/3198/3198 3408/3408/3408 3405/3405/3405
f 3409/3409/3409 3433/3433/3433 3405/3405/3405
f 3201/3201/3201 3200/3200/3200 3198/3198/3198
f 3304/3304/3304 3200/3200/3200 3201/3201/3201
f 3201/3201/3201 3198/3198/3198 3302/3302/3302
f 3302/3302/3302 3198/3198/3198 3405/3405/3405
f 3303/3303/3303 3304/3304/3304 3201/3201/3201
f 3296/3296/3296 3304/3304/3304 3303/3303/3303
f 3099/3099/3099 3201/3201/3201 3302/3302/3302
f 3100/3100/3100 3303/3303/3303 3201/3201/3201
f 3099/3099/3099 3100/3100/3100 3201/3201/3201
f 3305/3305/3305 3296/3296/3296 3303/3303/3303
f 3303/3303/3303 3100/3100/3100 3101/3101/3101
f 3305/3305/3305 3303/3303/3303 3101/3101/3101
f 3100/3100/3100 3099/3099/3099 3098/3098/3098
f 3101/3101/3101 3100/3100/3100 3098/3098/3098
f 3099/3099/3099 3302/3302/3302 3301/3301/3301
f 3098/3098/3098 3099/3099/3099 3301/3301/3301
f 3301/3301/3301 3302/3302/3302 3404/3404/3404
f 3302/3302/3302 3405/3405/3405 3404/3404/3404
f 3301/3301/3301 3404/3404/3404 3432/3432/3432
f 3432/3432/3432 3404/3404/3404 3405/3405/3405
f 3098/3098/3098 3301/3301/3301 3453/3453/3453
f 3453/3453/3453 3301/3301/3301 3432/3432/3432
f 3293/3293/3293 3305/3305/3305 3101/3101/3101
f 3453/3453/3453 3432/3432/3432 3401/3401/3401
f 3401/3401/3401 3432/3432/3432 3405/3405/3405
f 3293/3293/3293 3101/3101/3101 3194/3194/3194
f 3194/3194/3194 3101/3101/3101 3098/3098/3098
f 3305/3305/3305 3293/3293/3293 3288/3288/3288
f 3296/3296/3296 3305/3305/3305 3288/3288/3288
f 3288/3288/3288 3293/3293/3293 3194/3194/3194
f 3297/3297/3297 3296/3296/3296 3288/3288/3288
f 3195/3195/3195 3194/3194/3194 3098/3098/3098
f 3195/3195/3195 3098/3098/3098 3453/3453/3453
f 3287/3287/3287 3194/3194/3194 3195/3195/3195
f 3475/3475/3475 3195/3195/3195 3453/3453/3453
f 3475/3475/3475 3287/3287/3287 3195/3195/3195
f 3194/3194/3194 3287/3287/3287 3192/3192/3192
f 3192/3192/3192 3287/3287/3287 3475/3475/3475
f 3288/3288/3288 3194/3194/3194 3192/3192/3192
f 3402/3402/3402 3475/3475/3475 3453/3453/3453
f 3402/3402/3402 3453/3453/3453 3401/3401/3401
f 3395/3395/3395 3192/3192/3192 3475/3475/3475
f 3395/3395/3395 3475/3475/3475 3402/3402/3402
f 3307/3307/3307 3402/3402/3402 3401/3401/3401
f 3307/3307/3307 3395/3395/3395 3402/3402/3402
f 3306/3306/3306 3307/3307/3307 3401/3401/3401
f 3306/3306/3306 3401/3401/3401 3405/3405/3405
f 3396/3396/3396 3395/3395/3395 3307/3307/3307
f 3308/3308/3308 3307/3307/3307 3306/3306/3306
f 3308/3308/3308 3396/3396/3396 3307/3307/3307
f 3191/3191/3191 3192/3192/3192 3395/3395/3395
f 3396/3396/3396 3191/3191/3191 3395/3395/3395
f 3193/3193/3193 3288/3288/3288 3192/3192/3192
f 3193/3193/3193 3192/3192/3192 3191/3191/3191
f 3288/3288/3288 3193/3193/3193 3181/3181/3181
f 3181/3181/3181 3193/3193/3193 3191/3191/3191
f 3374/3374/3374 3297/3297/3297 3288/3288/3288
f 3374/3374/3374 3288/3288/3288 3181/3181/3181
f 3297/3297/3297 3374/3374/3374 3182/3182/3182
f 3182/3182/3182 3374/3374/3374 3181/3181/3181
f 3292/3292/3292 3297/3297/3297 3182/3182/3182
f 3291/3291/3291 3292/3292/3292 3182/3182/3182
f 3128/3128/3128 3191/3191/3191 3396/3396/3396
f 3181/3181/3181 3191/3191/3191 3129/3129/3129
f 3191/3191/3191 3128/3128/3128 3129/3129/3129
f 3127/3127/3127 3128/3128/3128 3396/3396/3396
f 3129/3129/3129 3128/3128/3128 3127/3127/3127
f 3127/3127/3127 3396/3396/3396 3308/3308/3308
f 3180/3180/3180 3181/3181/3181 3129/3129/3129
f 3182/3182/3182 3181/3181/3181 3180/3180/3180
f 3309/3309/3309 3308/3308/3308 3306/3306/3306
f 3309/3309/3309 3306/3306/3306 3405/3405/3405
f 3478/3478/3478 3127/3127/3127 3308/3308/3308
f 3478/3478/3478 3308/3308/3308 3309/3309/3309
f 3130/3130/3130 3129/3129/3129 3127/3127/3127
f 3449/3449/3449 3478/3478/3478 3309/3309/3309
f 3130/3130/3130 3127/3127/3127 3434/3434/3434
f 3127/3127/3127 3478/3478/3478 3434/3434/3434
f 3478/3478/3478 3449/3449/3449 3450/3450/3450
f 3434/3434/3434 3478/3478/3478 3450/3450/3450
f 3450/3450/3450 3449/3449/3449 3448/3448/3448
f 3434/3434/3434 3450/3450/3450 3448/3448/3448
f 3449/3449/3449 3309/3309/3309 3448/3448/3448
f 3130/3130/3130 3434/3434/3434 3219/3219/3219
f 3219/3219/3219 3434/3434/3434 3448/3448/3448
f 3129/3129/3129 3130/3130/3130 3220/3220/3220
f 3220/3220/3220 3130/3130/3130 3219/3219/3219
f 3473/3473/3473 3129/3129/3129 3220/3220/3220
f 3220/3220/3220 3219/3219/3219 3218/3218/3218
f 3129/3129/3129 3473/3473/3473 3469/3469/3469
f 3180/3180/3180 3129/3129/3129 3469/3469/3469
f 3473/3473/3473 3220/3220/3220 3221/3221/3221
f 3221/3221/3221 3220/3220/3220 3218/3218/3218
f 3469/3469/3469 3473/3473/3473 3221/3221/3221
f 3218/3218/3218 3219/3219/3219 3430/3430/3430
f 3219/3219/3219 3448/3448/3448 3430/3430/3430
f 3221/3221/3221 3218/3218/3218 3431/3431/3431
f 3218/3218/3218 3430/3430/3430 3266/3266/3266
f 3431/3431/3431 3218/3218/3218 3266/3266/3266
f 3266/3266/3266 3430/3430/3430 3448/3448/3448
f 3483/3483/3483 3221/3221/3221 3431/3431/3431
f 3469/3469/3469 3221/3221/3221 3483/3483/3483
f 3431/3431/3431 3266/3266/3266 3485/3485/3485
f 3468/3468/3468 3469/3469/3469 3483/3483/3483
f 3483/3483/3483 3431/3431/3431 3482/3482/3482
f 3431/3431/3431 3485/3485/3485 3482/3482/3482
f 3468/3468/3468 3483/3483/3483 3467/3467/3467
f 3469/3469/3469 3468/3468/3468 3467/3467/3467
f 3483/3483/3483 3482/3482/3482 3467/3467/3467
f 3299/3299/3299 3180/3180/3180 3469/3469/3469
f 3299/3299/3299 3469/3469/3469 3467/3467/3467
f 3180/3180/3180 3299/3299/3299 3298/3298/3298
f 3298/3298/3298 3299/3299/3299 3467/3467/3467
f 3183/3183/3183 3180/3180/3180 3298/3298/3298
f 3183/3183/3183 3182/3182/3182 3180/3180/3180
f 3300/3300/3300 3183/3183/3183 3298/3298/3298
f 3183/3183/3183 3300/3300/3300 3182/3182/3182
f 3298/3298/3298 3467/3467/3467 3377/3377/3377
f 3300/3300/3300 3376/3376/3376 3182/3182/3182
f 3376/3376/3376 3300/3300/3300 3298/3298/3298
f 3467/3467/3467 3429/3429/3429 3377/3377/3377
f 3467/3467/3467 3482/3482/3482 3429/3429/3429
f 3377/3377/3377 3171/3171/3171 3298/3298/3298
f 3171/3171/3171 3376/3376/3376 3298/3298/3298
f 3377/3377/3377 3429/3429/3429 3171/3171/3171
f 3376/3376/3376 3383/3383/3383 3182/3182/3182
f 3383/3383/3383 3376/3376/3376 3171/3171/3171
f 3482/3482/3482 3140/3140/3140 3429/3429/3429
f 3482/3482/3482 3485/3485/3485 3140/3140/3140
f 3429/3429/3429 3326/3326/3326 3171/3171/3171
f 3429/3429/3429 3140/3140/3140 3326/3326/3326
f 3383/3383/3383 3381/3381/3381 3182/3182/3182
f 3381/3381/3381 3291/3291/3291 3182/3182/3182
f 3278/3278/3278 3383/3383/3383 3171/3171/3171
f 3383/3383/3383 3278/3278/3278 3381/3381/3381
f 3326/3326/3326 3170/3170/3170 3171/3171/3171
f 3140/3140/3140 3137/3137/3137 3326/3326/3326
f 3326/3326/3326 3137/3137/3137 3170/3170/3170
f 3485/3485/3485 3139/3139/3139 3140/3140/3140
f 3140/3140/3140 3139/3139/3139 3137/3137/3137
f 3171/3171/3171 3170/3170/3170 3167/3167/3167
f 3167/3167/3167 3278/3278/3278 3171/3171/3171
f 3485/3485/3485 3267/3267/3267 3139/3139/3139
f 3266/3266/3266 3267/3267/3267 3485/3485/3485
f 3170/3170/3170 3169/3169/3169 3167/3167/3167
f 3267/3267/3267 3237/3237/3237 3139/3139/3139
f 3137/3137/3137 3325/3325/3325 3170/3170/3170
f 3170/3170/3170 3325/3325/3325 3169/3169/3169
f 3139/3139/3139 3138/3138/3138 3137/3137/3137
f 3137/3137/3137 3138/3138/3138 3325/3325/3325
f 3139/3139/3139 3237/3237/3237 3138/3138/3138
f 3169/3169/3169 3168/3168/3168 3167/3167/3167
f 3278/3278/3278 3167/3167/3167 3168/3168/3168
f 3325/3325/3325 3428/3428/3428 3169/3169/3169
f 3169/3169/3169 3428/3428/3428 3168/3168/3168
f 3138/3138/3138 3324/3324/3324 3325/3325/3325
f 3325/3325/3325 3324/3324/3324 3428/3428/3428
f 3237/3237/3237 3236/3236/3236 3138/3138/3138
f 3138/3138/3138 3236/3236/3236 3324/3324/3324
f 3237/3237/3237 3267/3267/3267 3265/3265/3265
f 3236/3236/3236 3237/3237/3237 3265/3265/3265
f 3267/3267/3267 3266/3266/3266 3265/3265/3265
f 3236/3236/3236 3268/3268/3268 3324/3324/3324
f 3268/3268/3268 3236/3236/3236 3265/3265/3265
f 3265/3265/3265 3266/3266/3266 3448/3448/3448
f 3324/3324/3324 3268/3268/3268 3323/3323/3323
f 3324/3324/3324 3323/3323/3323 3428/3428/3428
f 3268/3268/3268 3269/3269/3269 3323/3323/3323
f 3269/3269/3269 3268/3268/3268 3265/3265/3265
f 3428/3428/3428 3323/3323/3323 3484/3484/3484
f 3428/3428/3428 3484/3484/3484 3168/3168/3168
f 3323/3323/3323 3269/3269/3269 3225/3225/3225
f 3323/3323/3323 3225/3225/3225 3484/3484/3484
f 3168/3168/3168 3484/3484/3484 3217/3217/3217
f 3269/3269/3269 3224/3224/3224 3225/3225/3225
f 3224/3224/3224 3269/3269/3269 3265/3265/3265
f 3484/3484/3484 3225/3225/3225 3216/3216/3216
f 3484/3484/3484 3216/3216/3216 3217/3217/3217
f 3217/3217/3217 3214/3214/3214 3168/3168/3168
f 3217/3217/3217 3216/3216/3216 3214/3214/3214
f 3214/3214/3214 3278/3278/3278 3168/3168/3168
f 3225/3225/3225 3222/3222/3222 3216/3216/3216
f 3225/3225/3225 3224/3224/3224 3222/3222/3222
f 3216/3216/3216 3215/3215/3215 3214/3214/3214
f 3216/3216/3216 3222/3222/3222 3215/3215/3215
f 3278/3278/3278 3214/3214/3214 3382/3382/3382
f 3278/3278/3278 3382/3382/3382 3381/3381/3381
f 3214/3214/3214 3215/3215/3215 3205/3205/3205
f 3214/3214/3214 3205/3205/3205 3382/3382/3382
f 3222/3222/3222 3427/3427/3427 3215/3215/3215
f 3382/3382/3382 3286/3286/3286 3381/3381/3381
f 3215/3215/3215 3204/3204/3204 3205/3205/3205
f 3215/3215/3215 3427/3427/3427 3204/3204/3204
f 3205/3205/3205 3202/3202/3202 3382/3382/3382
f 3205/3205/3205 3204/3204/3204 3202/3202/3202
f 3382/3382/3382 3202/3202/3202 3286/3286/3286
f 3222/3222/3222 3223/3223/3223 3427/3427/3427
f 3224/3224/3224 3223/3223/3223 3222/3222/3222
f 3286/3286/3286 3283/3283/3283 3381/3381/3381
f 3291/3291/3291 3381/3381/3381 3283/3283/3283
f 3202/3202/3202 3285/3285/3285 3286/3286/3286
f 3286/3286/3286 3285/3285/3285 3283/3283/3283
f 3204/3204/3204 3203/3203/3203 3202/3202/3202
f 3202/3202/3202 3203/3203/3203 3285/3285/3285
f 3427/3427/3427 3426/3426/3426 3204/3204/3204
f 3204/3204/3204 3426/3426/3426 3203/3203/3203
f 3223/3223/3223 3242/3242/3242 3427/3427/3427
f 3427/3427/3427 3242/3242/3242 3426/3426/3426
f 3203/3203/3203 3423/3423/3423 3285/3285/3285
f 3242/3242/3242 3243/3243/3243 3426/3426/3426
f 3426/3426/3426 3422/3422/3422 3203/3203/3203
f 3426/3426/3426 3243/3243/3243 3422/3422/3422
f 3203/3203/3203 3422/3422/3422 3423/3423/3423
f 3242/3242/3242 3223/3223/3223 3133/3133/3133
f 3243/3243/3243 3242/3242/3242 3133/3133/3133
f 3223/3223/3223 3224/3224/3224 3133/3133/3133
f 3243/3243/3243 3244/3244/3244 3422/3422/3422
f 3244/3244/3244 3243/3243/3243 3133/3133/3133
f 3422/3422/3422 3244/3244/3244 3421/3421/3421
f 3422/3422/3422 3421/3421/3421 3423/3423/3423
f 3244/3244/3244 3245/3245/3245 3421/3421/3421
f 3245/3245/3245 3244/3244/3244 3133/3133/3133
f 3285/3285/3285 3423/3423/3423 3284/3284/3284
f 3285/3285/3285 3284/3284/3284 3283/3283/3283
f 3423/3423/3423 3421/3421/3421 3313/3313/3313
f 3423/3423/3423 3313/3313/3313 3284/3284/3284
f 3421/3421/3421 3245/3245/3245 3481/3481/3481
f 3421/3421/3421 3481/3481/3481 3313/3313/3313
f 3284/3284/3284 3276/3276/3276 3283/3283/3283
f 3284/3284/3284 3313/3313/3313 3276/3276/3276
f 3245/3245/3245 3246/3246/3246 3481/3481/3481
f 3246/3246/3246 3245/3245/3245 3133/3133/3133
f 3313/3313/3313 3481/3481/3481 3312/3312/3312
f 3313/3313/3313 3312/3312/3312 3276/3276/3276
f 3481/3481/3481 3246/3246/3246 3413/3413/3413
f 3481/3481/3481 3413/3413/3413 3312/3312/3312
f 3276/3276/3276 3277/3277/3277 3283/3283/3283
f 3246/3246/3246 3247/3247/3247 3413/3413/3413
f 3247/3247/3247 3246/3246/3246 3133/3133/3133
f 3277/3277/3277 3274/3274/3274 3283/3283/3283
f 3277/3277/3277 3276/3276/3276 3274/3274/3274
f 3274/3274/3274 3291/3291/3291 3283/3283/3283
f 3291/3291/3291 3274/3274/3274 3073/3073/3073
f 3276/3276/3276 3312/3312/3312 3275/3275/3275
f 3276/3276/3276 3275/3275/3275 3274/3274/3274
f 3077/3077/3077 3073/3073/3073 3274/3274/3274
f 3275/3275/3275 3077/3077/3077 3274/3274/3274
f 3077/3077/3077 3076/3076/3076 3073/3073/3073
f 3312/3312/3312 3311/3311/3311 3275/3275/3275
f 3275/3275/3275 3311/3311/3311 3077/3077/3077
f 3312/3312/3312 3413/3413/3413 3311/3311/3311
f 3077/3077/3077 3295/3295/3295 3076/3076/3076
f 3311/3311/3311 3295/3295/3295 3077/3077/3077
f 3295/3295/3295 3294/3294/3294 3076/3076/3076
f 3413/3413/3413 3132/3132/3132 3311/3311/3311
f 3311/3311/3311 3132/3132/3132 3295/3295/3295
f 3413/3413/3413 3247/3247/3247 3132/3132/3132
f 3295/3295/3295 3105/3105/3105 3294/3294/3294
f 3132/3132/3132 3105/3105/3105 3295/3295/3295
f 3247/3247/3247 3131/3131/3131 3132/3132/3132
f 3132/3132/3132 3131/3131/3131 3105/3105/3105
f 3131/3131/3131 3247/3247/3247 3133/3133/3133
f 3105/3105/3105 3102/3102/3102 3294/3294/3294
f 3294/3294/3294 3102/3102/3102 3411/3411/3411
f 3131/3131/3131 3104/3104/3104 3105/3105/3105
f 3105/3105/3105 3104/3104/3104 3102/3102/3102
f 3411/3411/3411 3102/3102/3102 3410/3410/3410
f 3411/3411/3411 3410/3410/3410 3477/3477/3477
f 3104/3104/3104 3103/3103/3103 3102/3102/3102
f 3102/3102/3102 3103/3103/3103 3410/3410/3410
f 3104/3104/3104 3131/3131/3131 3248/3248/3248
f 3103/3103/3103 3104/3104/3104 3248/3248/3248
f 3410/3410/3410 3103/3103/3103 3248/3248/3248
f 3477/3477/3477 3410/3410/3410 3248/3248/3248
f 3248/3248/3248 3131/3131/3131 3133/3133/3133
f 3433/3433/3433 3477/3477/3477 3248/3248/3248
f 3378/3378/3378 3433/3433/3433 3248/3248/3248
f 3433/3433/3433 3378/3378/3378 3405/3405/3405
f 3472/3472/3472 3378/3378/3378 3248/3248/3248
f 3378/3378/3378 3379/3379/3379 3405/3405/3405
f 3378/3378/3378 3472/3472/3472 3227/3227/3227
f 3379/3379/3379 3378/3378/3378 3227/3227/3227
f 3465/3465/3465 3472/3472/3472 3248/3248/3248
f 3380/3380/3380 3379/3379/3379 3227/3227/3227
f 3230/3230/3230 3472/3472/3472 3465/3465/3465
f 3472/3472/3472 3230/3230/3230 3227/3227/3227
f 3417/3417/3417 3379/3379/3379 3380/3380/3380
f 3379/3379/3379 3417/3417/3417 3405/3405/3405
f 3380/3380/3380 3227/3227/3227 3416/3416/3416
f 3416/3416/3416 3417/3417/3417 3380/3380/3380
f 3230/3230/3230 3229/3229/3229 3227/3227/3227
f 3418/3418/3418 3417/3417/3417 3416/3416/3416
f 3417/3417/3417 3418/3418/3418 3405/3405/3405
f 3227/3227/3227 3228/3228/3228 3416/3416/3416
f 3229/3229/3229 3228/3228/3228 3227/3227/3227
f 3419/3419/3419 3418/3418/3418 3416/3416/3416
f 3466/3466/3466 3230/3230/3230 3465/3465/3465
f 3229/3229/3229 3230/3230/3230 3466/3466/3466
f 3419/3419/3419 3416/3416/3416 3446/3446/3446
f 3228/3228/3228 3446/3446/3446 3416/3416/3416
f 3418/3418/3418 3419/3419/3419 3207/3207/3207
f 3207/3207/3207 3419/3419/3419 3446/3446/3446
f 3466/3466/3466 3465/3465/3465 3414/3414/3414
f 3414/3414/3414 3465/3465/3465 3248/3248/3248
f 3420/3420/3420 3418/3418/3418 3207/3207/3207
f 3418/3418/3418 3420/3420/3420 3405/3405/3405
f 3273/3273/3273 3420/3420/3420 3207/3207/3207
f 3420/3420/3420 3273/3273/3273 3405/3405/3405
f 3206/3206/3206 3207/3207/3207 3446/3446/3446
f 3446/3446/3446 3228/3228/3228 3206/3206/3206
f 3208/3208/3208 3273/3273/3273 3207/3207/3207
f 3208/3208/3208 3207/3207/3207 3206/3206/3206
f 3273/3273/3273 3120/3120/3120 3405/3405/3405
f 3273/3273/3273 3208/3208/3208 3119/3119/3119
f 3120/3120/3120 3273/3273/3273 3119/3119/3119
f 3119/3119/3119 3208/3208/3208 3206/3206/3206
f 3120/3120/3120 3121/3121/3121 3405/3405/3405
f 3121/3121/3121 3120/3120/3120 3119/3119/3119
f 3121/3121/3121 3290/3290/3290 3405/3405/3405
f 3290/3290/3290 3309/3309/3309 3405/3405/3405
f 3309/3309/3309 3290/3290/3290 3448/3448/3448
f 3122/3122/3122 3121/3121/3121 3119/3119/3119
f 3290/3290/3290 3121/3121/3121 3289/3289/3289
f 3121/3121/3121 3122/3122/3122 3289/3289/3289
f 3289/3289/3289 3400/3400/3400 3290/3290/3290
f 3289/3289/3289 3122/3122/3122 3400/3400/3400
f 3290/3290/3290 3397/3397/3397 3448/3448/3448
f 3400/3400/3400 3397/3397/3397 3290/3290/3290
f 3122/3122/3122 3119/3119/3119 3388/3388/3388
f 3122/3122/3122 3388/3388/3388 3400/3400/3400
f 3209/3209/3209 3119/3119/3119 3206/3206/3206
f 3119/3119/3119 3209/3209/3209 3388/3388/3388
f 3209/3209/3209 3206/3206/3206 3388/3388/3388
f 3400/3400/3400 3399/3399/3399 3397/3397/3397
f 3397/3397/3397 3398/3398/3398 3448/3448/3448
f 3399/3399/3399 3398/3398/3398 3397/3397/3397
f 3398/3398/3398 3281/3281/3281 3448/3448/3448
f 3399/3399/3399 3280/3280/3280 3398/3398/3398
f 3280/3280/3280 3281/3281/3281 3398/3398/3398
f 3281/3281/3281 3282/3282/3282 3448/3448/3448
f 3281/3281/3281 3280/3280/3280 3279/3279/3279
f 3280/3280/3280 3399/3399/3399 3279/3279/3279
f 3282/3282/3282 3281/3281/3281 3279/3279/3279
f 3282/3282/3282 3265/3265/3265 3448/3448/3448
f 3399/3399/3399 3400/3400/3400 3424/3424/3424
f 3399/3399/3399 3424/3424/3424 3279/3279/3279
f 3400/3400/3400 3425/3425/3425 3424/3424/3424
f 3388/3388/3388 3425/3425/3425 3400/3400/3400
f 3424/3424/3424 3425/3425/3425 3350/3350/3350
f 3424/3424/3424 3350/3350/3350 3279/3279/3279
f 3425/3425/3425 3388/3388/3388 3350/3350/3350
f 3282/3282/3282 3279/3279/3279 3339/3339/3339
f 3265/3265/3265 3282/3282/3282 3339/3339/3339
f 3350/3350/3350 3351/3351/3351 3279/3279/3279
f 3339/3339/3339 3279/3279/3279 3351/3351/3351
f 3388/3388/3388 3389/3389/3389 3350/3350/3350
f 3335/3335/3335 3339/3339/3339 3351/3351/3351
f 3390/3390/3390 3389/3389/3389 3388/3388/3388
f 3351/3351/3351 3350/3350/3350 3334/3334/3334
f 3335/3335/3335 3351/3351/3351 3334/3334/3334
f 3391/3391/3391 3390/3390/3390 3388/3388/3388
f 3206/3206/3206 3391/3391/3391 3388/3388/3388
f 3389/3389/3389 3442/3442/3442 3350/3350/3350
f 3441/3441/3441 3391/3391/3391 3206/3206/3206
f 3442/3442/3442 3349/3349/3349 3350/3350/3350
f 3350/3350/3350 3349/3349/3349 3334/3334/3334
f 3440/3440/3440 3441/3441/3441 3206/3206/3206
f 3442/3442/3442 3389/3389/3389 3112/3112/3112
f 3389/3389/3389 3390/3390/3390 3112/3112/3112
f 3390/3390/3390 3391/3391/3391 3112/3112/3112
f 3391/3391/3391 3441/3441/3441 3112/3112/3112
f 3441/3441/3441 3440/3440/3440 3112/3112/3112
f 3349/3349/3349 3442/3442/3442 3112/3112/3112
f 3439/3439/3439 3440/3440/3440 3206/3206/3206
f 3228/3228/3228 3439/3439/3439 3206/3206/3206
f 3440/3440/3440 3439/3439/3439 3112/3112/3112
f 3439/3439/3439 3228/3228/3228 3229/3229/3229
f 3438/3438/3438 3439/3439/3439 3229/3229/3229
f 3439/3439/3439 3438/3438/3438 3112/3112/3112
f 3444/3444/3444 3438/3438/3438 3229/3229/3229
f 3445/3445/3445 3444/3444/3444 3229/3229/3229
f 3445/3445/3445 3229/3229/3229 3466/3466/3466
f 3415/3415/3415 3445/3445/3445 3466/3466/3466
f 3415/3415/3415 3466/3466/3466 3414/3414/3414
f 3415/3415/3415 3414/3414/3414 3392/3392/3392
f 3392/3392/3392 3414/3414/3414 3248/3248/3248
f 3358/3358/3358 3445/3445/3445 3415/3415/3415
f 3357/3357/3357 3415/3415/3415 3392/3392/3392
f 3357/3357/3357 3358/3358/3358 3415/3415/3415
f 3392/3392/3392 3248/3248/3248 3357/3357/3357
f 3445/3445/3445 3358/3358/3358 3447/3447/3447
f 3444/3444/3444 3445/3445/3445 3447/3447/3447
f 3358/3358/3358 3357/3357/3357 3354/3354/3354
f 3358/3358/3358 3354/3354/3354 3447/3447/3447
f 3248/3248/3248 3356/3356/3356 3357/3357/3357
f 3357/3357/3357 3356/3356/3356 3354/3354/3354
f 3248/3248/3248 3249/3249/3249 3356/3356/3356
f 3462/3462/3462 3444/3444/3444 3447/3447/3447
f 3249/3249/3249 3248/3248/3248 3133/3133/3133
f 3444/3444/3444 3462/3462/3462 3319/3319/3319
f 3462/3462/3462 3447/3447/3447 3319/3319/3319
f 3438/3438/3438 3444/3444/3444 3319/3319/3319
f 3249/3249/3249 3355/3355/3355 3356/3356/3356
f 3356/3356/3356 3355/3355/3355 3354/3354/3354
f 3355/3355/3355 3249/3249/3249 3250/3250/3250
f 3250/3250/3250 3249/3249/3249 3133/3133/3133
f 3317/3317/3317 3447/3447/3447 3354/3354/3354
f 3447/3447/3447 3317/3317/3317 3319/3319/3319
f 3354/3354/3354 3355/3355/3355 3316/3316/3316
f 3316/3316/3316 3317/3317/3317 3354/3354/3354
f 3454/3454/3454 3355/3355/3355 3250/3250/3250
f 3355/3355/3355 3454/3454/3454 3316/3316/3316
f 3454/3454/3454 3250/3250/3250 3134/3134/3134
f 3134/3134/3134 3250/3250/3250 3133/3133/3133
f 3135/3135/3135 3454/3454/3454 3134/3134/3134
f 3454/3454/3454 3135/3135/3135 3316/3316/3316
f 3135/3135/3135 3134/3134/3134 3133/3133/3133
f 3317/3317/3317 3316/3316/3316 3315/3315/3315
f 3316/3316/3316 3135/3135/3135 3315/3315/3315
f 3318/3318/3318 3317/3317/3317 3315/3315/3315
f 3317/3317/3317 3318/3318/3318 3319/3319/3319
f 3319/3319/3319 3318/3318/3318 3315/3315/3315
f 3136/3136/3136 3135/3135/3135 3133/3133/3133
f 3135/3135/3135 3136/3136/3136 3315/3315/3315
f 3136/3136/3136 3133/3133/3133 3238/3238/3238
f 3322/3322/3322 3136/3136/3136 3238/3238/3238
f 3136/3136/3136 3322/3322/3322 3315/3315/3315
f 3239/3239/3239 3238/3238/3238 3133/3133/3133
f 3322/3322/3322 3238/3238/3238 3239/3239/3239
f 3315/3315/3315 3322/3322/3322 3348/3348/3348
f 3348/3348/3348 3322/3322/3322 3239/3239/3239
f 3240/3240/3240 3239/3239/3239 3133/3133/3133
f 3348/3348/3348 3239/3239/3239 3240/3240/3240
f 3241/3241/3241 3240/3240/3240 3133/3133/3133
f 3224/3224/3224 3241/3241/3241 3133/3133/3133
f 3353/3353/3353 3348/3348/3348 3240/3240/3240
f 3240/3240/3240 3241/3241/3241 3353/3353/3353
f 3241/3241/3241 3224/3224/3224 3265/3265/3265
f 3353/3353/3353 3321/3321/3321 3348/3348/3348
f 3321/3321/3321 3315/3315/3315 3348/3348/3348
f 3241/3241/3241 3352/3352/3352 3353/3353/3353
f 3321/3321/3321 3353/3353/3353 3352/3352/3352
f 3241/3241/3241 3270/3270/3270 3352/3352/3352
f 3270/3270/3270 3241/3241/3241 3265/3265/3265
f 3321/3321/3321 3320/3320/3320 3315/3315/3315
f 3320/3320/3320 3319/3319/3319 3315/3315/3315
f 3270/3270/3270 3150/3150/3150 3352/3352/3352
f 3151/3151/3151 3321/3321/3321 3352/3352/3352
f 3150/3150/3150 3151/3151/3151 3352/3352/3352
f 3320/3320/3320 3321/3321/3321 3455/3455/3455
f 3321/3321/3321 3151/3151/3151 3455/3455/3455
f 3150/3150/3150 3270/3270/3270 3271/3271/3271
f 3271/3271/3271 3270/3270/3270 3265/3265/3265
f 3456/3456/3456 3320/3320/3320 3455/3455/3455
f 3320/3320/3320 3456/3456/3456 3319/3319/3319
f 3456/3456/3456 3455/3455/3455 3319/3319/3319
f 3149/3149/3149 3150/3150/3150 3271/3271/3271
f 3151/3151/3151 3150/3150/3150 3149/3149/3149
f 3272/3272/3272 3271/3271/3271 3265/3265/3265
f 3271/3271/3271 3272/3272/3272 3149/3149/3149
f 3151/3151/3151 3152/3152/3152 3455/3455/3455
f 3152/3152/3152 3151/3151/3151 3149/3149/3149
f 3272/3272/3272 3153/3153/3153 3149/3149/3149
f 3153/3153/3153 3152/3152/3152 3149/3149/3149
f 3213/3213/3213 3272/3272/3272 3265/3265/3265
f 3272/3272/3272 3213/3213/3213 3153/3153/3153
f 3212/3212/3212 3213/3213/3213 3265/3265/3265
f 3212/3212/3212 3265/3265/3265 3339/3339/3339
f 3213/3213/3213 3210/3210/3210 3153/3153/3153
f 3213/3213/3213 3212/3212/3212 3210/3210/3210
f 3153/3153/3153 3210/3210/3210 3152/3152/3152
f 3211/3211/3211 3212/3212/3212 3339/3339/3339
f 3212/3212/3212 3211/3211/3211 3210/3210/3210
f 3211/3211/3211 3339/3339/3339 3210/3210/3210
f 3339/3339/3339 3335/3335/3335 3210/3210/3210
f 3335/3335/3335 3336/3336/3336 3210/3210/3210
f 3210/3210/3210 3336/3336/3336 3152/3152/3152
f 3336/3336/3336 3335/3335/3335 3152/3152/3152
f 3335/3335/3335 3334/3334/3334 3152/3152/3152
f 3152/3152/3152 3332/3332/3332 3455/3455/3455
f 3455/3455/3455 3332/3332/3332 3319/3319/3319
f 3333/3333/3333 3332/3332/3332 3152/3152/3152
f 3334/3334/3334 3333/3333/3333 3152/3152/3152
f 3332/3332/3332 3333/3333/3333 3319/3319/3319
f 3333/3333/3333 3334/3334/3334 3319/3319/3319
f 3334/3334/3334 3349/3349/3349 3319/3319/3319
f 3349/3349/3349 3113/3113/3113 3319/3319/3319
f 3113/3113/3113 3349/3349/3349 3112/3112/3112
f 3113/3113/3113 3464/3464/3464 3319/3319/3319
f 3464/3464/3464 3113/3113/3113 3110/3110/3110
f 3113/3113/3113 3112/3112/3112 3110/3110/3110
f 3384/3384/3384 3464/3464/3464 3110/3110/3110
f 3464/3464/3464 3384/3384/3384 3176/3176/3176
f 3464/3464/3464 3176/3176/3176 3319/3319/3319
f 3384/3384/3384 3385/3385/3385 3176/3176/3176
f 3385/3385/3385 3384/3384/3384 3373/3373/3373
f 3384/3384/3384 3110/3110/3110 3373/3373/3373
f 3385/3385/3385 3375/3375/3375 3176/3176/3176
f 3375/3375/3375 3385/3385/3385 3373/3373/3373
f 3375/3375/3375 3179/3179/3179 3176/3176/3176
f 3179/3179/3179 3375/3375/3375 3185/3185/3185
f 3185/3185/3185 3375/3375/3375 3373/3373/3373
f 3179/3179/3179 3178/3178/3178 3176/3176/3176
f 3179/3179/3179 3185/3185/3185 3178/3178/3178
f 3176/3176/3176 3177/3177/3177 3319/3319/3319
f 3178/3178/3178 3177/3177/3177 3176/3176/3176
f 3177/3177/3177 3458/3458/3458 3319/3319/3319
f 3458/3458/3458 3177/3177/3177 3178/3178/3178
f 3458/3458/3458 3459/3459/3459 3319/3319/3319
f 3457/3457/3457 3458/3458/3458 3178/3178/3178
f 3459/3459/3459 3458/3458/3458 3457/3457/3457
f 3459/3459/3459 3463/3463/3463 3319/3319/3319
f 3393/3393/3393 3459/3459/3459 3457/3457/3457
f 3463/3463/3463 3459/3459/3459 3393/3393/3393
f 3463/3463/3463 3437/3437/3437 3319/3319/3319
f 3437/3437/3437 3438/3438/3438 3319/3319/3319
f 3438/3438/3438 3437/3437/3437 3112/3112/3112
f 3436/3436/3436 3437/3437/3437 3463/3463/3463
f 3437/3437/3437 3436/3436/3436 3112/3112/3112
f 3143/3143/3143 3436/3436/3436 3463/3463/3463
f 3436/3436/3436 3435/3435/3435 3112/3112/3112
f 3436/3436/3436 3143/3143/3143 3435/3435/3435
f 3476/3476/3476 3143/3143/3143 3463/3463/3463
f 3435/3435/3435 3190/3190/3190 3112/3112/3112
f 3471/3471/3471 3476/3476/3476 3463/3463/3463
f 3471/3471/3471 3463/3463/3463 3393/3393/3393
f 3190/3190/3190 3189/3189/3189 3112/3112/3112
f 3190/3190/3190 3435/3435/3435 3314/3314/3314
f 3189/3189/3189 3190/3190/3190 3314/3314/3314
f 3189/3189/3189 3188/3188/3188 3112/3112/3112
f 3435/3435/3435 3474/3474/3474 3314/3314/3314
f 3188/3188/3188 3111/3111/3111 3112/3112/3112
f 3112/3112/3112 3111/3111/3111 3110/3110/3110
f 3189/3189/3189 3092/3092/3092 3188/3188/3188
f 3189/3189/3189 3314/3314/3314 3092/3092/3092
f 3188/3188/3188 3226/3226/3226 3111/3111/3111
f 3092/3092/3092 3226/3226/3226 3188/3188/3188
f 3110/3110/3110 3111/3111/3111 3403/3403/3403
f 3226/3226/3226 3403/3403/3403 3111/3111/3111
f 3314/3314/3314 3093/3093/3093 3092/3092/3092
f 3314/3314/3314 3474/3474/3474 3093/3093/3093
f 3092/3092/3092 3078/3078/3078 3226/3226/3226
f 3144/3144/3144 3474/3474/3474 3435/3435/3435
f 3143/3143/3143 3144/3144/3144 3435/3435/3435
f 3474/3474/3474 3144/3144/3144 3338/3338/3338
f 3474/3474/3474 3338/3338/3338 3093/3093/3093
f 3144/3144/3144 3143/3143/3143 3141/3141/3141
f 3144/3144/3144 3141/3141/3141 3338/3338/3338
f 3093/3093/3093 3081/3081/3081 3092/3092/3092
f 3081/3081/3081 3078/3078/3078 3092/3092/3092
f 3338/3338/3338 3234/3234/3234 3093/3093/3093
f 3234/3234/3234 3081/3081/3081 3093/3093/3093
f 3141/3141/3141 3337/3337/3337 3338/3338/3338
f 3337/3337/3337 3234/3234/3234 3338/3338/3338
f 3143/3143/3143 3142/3142/3142 3141/3141/3141
f 3143/3143/3143 3476/3476/3476 3142/3142/3142
f 3158/3158/3158 3337/3337/3337 3141/3141/3141
f 3142/3142/3142 3158/3158/3158 3141/3141/3141
f 3476/3476/3476 3159/3159/3159 3142/3142/3142
f 3476/3476/3476 3471/3471/3471 3159/3159/3159
f 3145/3145/3145 3158/3158/3158 3142/3142/3142
f 3159/3159/3159 3145/3145/3145 3142/3142/3142
f 3158/3158/3158 3343/3343/3343 3337/3337/3337
f 3471/3471/3471 3344/3344/3344 3159/3159/3159
f 3337/3337/3337 3342/3342/3342 3234/3234/3234
f 3343/3343/3343 3342/3342/3342 3337/3337/3337
f 3471/3471/3471 3394/3394/3394 3344/3344/3344
f 3394/3394/3394 3471/3471/3471 3393/3393/3393
f 3344/3344/3344 3148/3148/3148 3159/3159/3159
f 3148/3148/3148 3145/3145/3145 3159/3159/3159
f 3394/3394/3394 3346/3346/3346 3344/3344/3344
f 3394/3394/3394 3393/3393/3393 3346/3346/3346
f 3345/3345/3345 3148/3148/3148 3344/3344/3344
f 3346/3346/3346 3345/3345/3345 3344/3344/3344
f 3145/3145/3145 3146/3146/3146 3158/3158/3158
f 3146/3146/3146 3343/3343/3343 3158/3158/3158
f 3148/3148/3148 3147/3147/3147 3145/3145/3145
f 3147/3147/3147 3146/3146/3146 3145/3145/3145
f 3345/3345/3345 3451/3451/3451 3148/3148/3148
f 3451/3451/3451 3147/3147/3147 3148/3148/3148
f 3123/3123/3123 3345/3345/3345 3346/3346/3346
f 3147/3147/3147 3259/3259/3259 3146/3146/3146
f 3393/3393/3393 3347/3347/3347 3346/3346/3346
f 3347/3347/3347 3123/3123/3123 3346/3346/3346
f 3393/3393/3393 3460/3460/3460 3347/3347/3347
f 3460/3460/3460 3393/3393/3393 3457/3457/3457
f 3460/3460/3460 3363/3363/3363 3347/3347/3347
f 3460/3460/3460 3457/3457/3457 3363/3363/3363
f 3126/3126/3126 3123/3123/3123 3347/3347/3347
f 3363/3363/3363 3126/3126/3126 3347/3347/3347
f 3123/3123/3123 3124/3124/3124 3345/3345/3345
f 3124/3124/3124 3451/3451/3451 3345/3345/3345
f 3126/3126/3126 3125/3125/3125 3123/3123/3123
f 3125/3125/3125 3124/3124/3124 3123/3123/3123
f 3451/3451/3451 3086/3086/3086 3147/3147/3147
f 3086/3086/3086 3259/3259/3259 3147/3147/3147
f 3124/3124/3124 3089/3089/3089 3451/3451/3451
f 3089/3089/3089 3086/3086/3086 3451/3451/3451
f 3125/3125/3125 3091/3091/3091 3124/3124/3124
f 3091/3091/3091 3089/3089/3089 3124/3124/3124
f 3107/3107/3107 3125/3125/3125 3126/3126/3126
f 3089/3089/3089 3088/3088/3088 3086/3086/3086
f 3106/3106/3106 3126/3126/3126 3363/3363/3363
f 3106/3106/3106 3107/3107/3107 3126/3126/3126
f 3088/3088/3088 3087/3087/3087 3086/3086/3086
f 3086/3086/3086 3087/3087/3087 3259/3259/3259
f 3090/3090/3090 3088/3088/3088 3089/3089/3089
f 3091/3091/3091 3090/3090/3090 3089/3089/3089
f 3087/3087/3087 3260/3260/3260 3259/3259/3259
f 3258/3258/3258 3091/3091/3091 3125/3125/3125
f 3107/3107/3107 3258/3258/3258 3125/3125/3125
f 3254/3254/3254 3090/3090/3090 3091/3091/3091
f 3258/3258/3258 3254/3254/3254 3091/3091/3091
f 3088/3088/3088 3090/3090/3090 3255/3255/3255
f 3090/3090/3090 3254/3254/3254 3255/3255/3255
f 3087/3087/3087 3088/3088/3088 3452/3452/3452
f 3452/3452/3452 3088/3088/3088 3255/3255/3255
f 3260/3260/3260 3087/3087/3087 3452/3452/3452
f 3255/3255/3255 3254/3254/3254 3251/3251/3251
f 3259/3259/3259 3260/3260/3260 3163/3163/3163
f 3259/3259/3259 3163/3163/3163 3146/3146/3146
f 3146/3146/3146 3163/3163/3163 3343/3343/3343
f 3254/3254/3254 3253/3253/3253 3251/3251/3251
f 3253/3253/3253 3254/3254/3254 3258/3258/3258
f 3163/3163/3163 3160/3160/3160 3343/3343/3343
f 3343/3343/3343 3160/3160/3160 3342/3342/3342
f 3260/3260/3260 3162/3162/3162 3163/3163/3163
f 3163/3163/3163 3162/3162/3162 3160/3160/3160
f 3162/3162/3162 3260/3260/3260 3452/3452/3452
f 3164/3164/3164 3253/3253/3253 3258/3258/3258
f 3164/3164/3164 3258/3258/3258 3107/3107/3107
f 3253/3253/3253 3252/3252/3252 3251/3251/3251
f 3252/3252/3252 3253/3253/3253 3164/3164/3164
f 3108/3108/3108 3164/3164/3164 3107/3107/3107
f 3108/3108/3108 3107/3107/3107 3106/3106/3106
f 3165/3165/3165 3252/3252/3252 3164/3164/3164
f 3165/3165/3165 3164/3164/3164 3108/3108/3108
f 3251/3251/3251 3252/3252/3252 3370/3370/3370
f 3255/3255/3255 3251/3251/3251 3370/3370/3370
f 3452/3452/3452 3255/3255/3255 3370/3370/3370
f 3252/3252/3252 3165/3165/3165 3329/3329/3329
f 3252/3252/3252 3329/3329/3329 3370/3370/3370
f 3368/3368/3368 3162/3162/3162 3452/3452/3452
f 3368/3368/3368 3452/3452/3452 3370/3370/3370
f 3162/3162/3162 3368/3368/3368 3161/3161/3161
f 3162/3162/3162 3161/3161/3161 3160/3160/3160
f 3367/3367/3367 3368/3368/3368 3370/3370/3370
f 3368/3368/3368 3367/3367/3367 3161/3161/3161
f 3160/3160/3160 3341/3341/3341 3342/3342/3342
f 3160/3160/3160 3161/3161/3161 3341/3341/3341
f 3342/3342/3342 3341/3341/3341 3233/3233/3233
f 3342/3342/3342 3233/3233/3233 3234/3234/3234
f 3234/3234/3234 3233/3233/3233 3081/3081/3081
f 3161/3161/3161 3340/3340/3340 3341/3341/3341
f 3233/3233/3233 3080/3080/3080 3081/3081/3081
f 3341/3341/3341 3328/3328/3328 3233/3233/3233
f 3341/3341/3341 3340/3340/3340 3328/3328/3328
f 3233/3233/3233 3328/3328/3328 3080/3080/3080
f 3081/3081/3081 3080/3080/3080 3078/3078/3078
f 3327/3327/3327 3340/3340/3340 3161/3161/3161
f 3340/3340/3340 3327/3327/3327 3328/3328/3328
f 3367/3367/3367 3327/3327/3327 3161/3161/3161
f 3328/3328/3328 3232/3232/3232 3080/3080/3080
f 3328/3328/3328 3327/3327/3327 3232/3232/3232
f 3080/3080/3080 3079/3079/3079 3078/3078/3078
f 3080/3080/3080 3232/3232/3232 3079/3079/3079
f 3327/3327/3327 3367/3367/3367 3235/3235/3235
f 3327/3327/3327 3235/3235/3235 3232/3232/3232
f 3078/3078/3078 3079/3079/3079 3097/3097/3097
f 3078/3078/3078 3097/3097/3097 3226/3226/3226
f 3226/3226/3226 3097/3097/3097 3403/3403/3403
f 3232/3232/3232 3231/3231/3231 3079/3079/3079
f 3232/3232/3232 3235/3235/3235 3231/3231/3231
f 3079/3079/3079 3096/3096/3096 3097/3097/3097
f 3079/3079/3079 3231/3231/3231 3096/3096/3096
f 3097/3097/3097 3094/3094/3094 3403/3403/3403
f 3097/3097/3097 3096/3096/3096 3094/3094/3094
f 3235/3235/3235 3155/3155/3155 3231/3231/3231
f 3367/3367/3367 3154/3154/3154 3235/3235/3235
f 3154/3154/3154 3155/3155/3155 3235/3235/3235
f 3154/3154/3154 3367/3367/3367 3370/3370/3370
f 3231/3231/3231 3155/3155/3155 3331/3331/3331
f 3231/3231/3231 3331/3331/3331 3096/3096/3096
f 3156/3156/3156 3155/3155/3155 3154/3154/3154
f 3155/3155/3155 3156/3156/3156 3331/3331/3331
f 3096/3096/3096 3331/3331/3331 3095/3095/3095
f 3096/3096/3096 3095/3095/3095 3094/3094/3094
f 3331/3331/3331 3156/3156/3156 3115/3115/3115
f 3331/3331/3331 3115/3115/3115 3095/3095/3095
f 3114/3114/3114 3156/3156/3156 3154/3154/3154
f 3156/3156/3156 3114/3114/3114 3115/3115/3115
f 3157/3157/3157 3154/3154/3154 3370/3370/3370
f 3157/3157/3157 3114/3114/3114 3154/3154/3154
f 3095/3095/3095 3115/3115/3115 3443/3443/3443
f 3364/3364/3364 3157/3157/3157 3370/3370/3370
f 3114/3114/3114 3157/3157/3157 3364/3364/3364
f 3094/3094/3094 3095/3095/3095 3082/3082/3082
f 3095/3095/3095 3443/3443/3443 3082/3082/3082
f 3403/3403/3403 3094/3094/3094 3083/3083/3083
f 3094/3094/3094 3082/3082/3082 3083/3083/3083
f 3083/3083/3083 3084/3084/3084 3403/3403/3403
f 3084/3084/3084 3083/3083/3083 3082/3082/3082
f 3084/3084/3084 3110/3110/3110 3403/3403/3403
f 3110/3110/3110 3084/3084/3084 3373/3373/3373
f 3085/3085/3085 3084/3084/3084 3082/3082/3082
f 3085/3085/3085 3082/3082/3082 3443/3443/3443
f 3084/3084/3084 3085/3085/3085 3373/3373/3373
f 3115/3115/3115 3116/3116/3116 3443/3443/3443
f 3116/3116/3116 3115/3115/3115 3114/3114/3114
f 3461/3461/3461 3085/3085/3085 3443/3443/3443
f 3461/3461/3461 3443/3443/3443 3116/3116/3116
f 3085/3085/3085 3360/3360/3360 3373/3373/3373
f 3085/3085/3085 3461/3461/3461 3360/3360/3360
f 3117/3117/3117 3116/3116/3116 3114/3114/3114
f 3117/3117/3117 3461/3461/3461 3116/3116/3116
f 3118/3118/3118 3114/3114/3114 3364/3364/3364
f 3118/3118/3118 3117/3117/3117 3114/3114/3114
f 3461/3461/3461 3359/3359/3359 3360/3360/3360
f 3461/3461/3461 3117/3117/3117 3359/3359/3359
f 3118/3118/3118 3364/3364/3364 3365/3365/3365
f 3117/3117/3117 3118/3118/3118 3365/3365/3365
f 3366/3366/3366 3364/3364/3364 3370/3370/3370
f 3364/3364/3364 3366/3366/3366 3365/3365/3365
f 3370/3370/3370 3369/3369/3369 3366/3366/3366
f 3369/3369/3369 3365/3365/3365 3366/3366/3366
f 3329/3329/3329 3369/3369/3369 3370/3370/3370
f 3369/3369/3369 3329/3329/3329 3365/3365/3365
f 3371/3371/3371 3117/3117/3117 3365/3365/3365
f 3117/3117/3117 3371/3371/3371 3359/3359/3359
f 3329/3329/3329 3372/3372/3372 3365/3365/3365
f 3372/3372/3372 3371/3371/3371 3365/3365/3365
f 3371/3371/3371 3372/3372/3372 3330/3330/3330
f 3330/3330/3330 3372/3372/3372 3329/3329/3329
f 3359/3359/3359 3371/3371/3371 3330/3330/3330
f 3263/3263/3263 3330/3330/3330 3329/3329/3329
f 3165/3165/3165 3263/3263/3263 3329/3329/3329
f 3362/3362/3362 3359/3359/3359 3330/3330/3330
f 3263/3263/3263 3165/3165/3165 3166/3166/3166
f 3166/3166/3166 3165/3165/3165 3108/3108/3108
f 3263/3263/3263 3264/3264/3264 3330/3330/3330
f 3264/3264/3264 3263/3263/3263 3166/3166/3166
f 3361/3361/3361 3362/3362/3362 3330/3330/3330
f 3362/3362/3362 3361/3361/3361 3359/3359/3359
f 3264/3264/3264 3361/3361/3361 3330/3330/3330
f 3166/3166/3166 3108/3108/3108 3109/3109/3109
f 3109/3109/3109 3108/3108/3108 3106/3106/3106
f 3264/3264/3264 3166/3166/3166 3262/3262/3262
f 3262/3262/3262 3166/3166/3166 3109/3109/3109
f 3264/3264/3264 3187/3187/3187 3361/3361/3361
f 3187/3187/3187 3264/3264/3264 3262/3262/3262
f 3361/3361/3361 3184/3184/3184 3359/3359/3359
f 3187/3187/3187 3184/3184/3184 3361/3361/3361
f 3184/3184/3184 3360/3360/3360 3359/3359/3359
f 3373/3373/3373 3360/3360/3360 3184/3184/3184
f 3109/3109/3109 3106/3106/3106 3256/3256/3256
f 3256/3256/3256 3106/3106/3106 3363/3363/3363
f 3457/3457/3457 3256/3256/3256 3363/3363/3363
f 3262/3262/3262 3109/3109/3109 3257/3257/3257
f 3257/3257/3257 3109/3109/3109 3256/3256/3256
f 3457/3457/3457 3470/3470/3470 3256/3256/3256
f 3470/3470/3470 3257/3257/3257 3256/3256/3256
f 3470/3470/3470 3457/3457/3457 3178/3178/3178
f 3470/3470/3470 3178/3178/3178 3257/3257/3257
f 3261/3261/3261 3262/3262/3262 3257/3257/3257
f 3178/3178/3178 3261/3261/3261 3257/3257/3257
f 3187/3187/3187 3262/3262/3262 3261/3261/3261
f 3186/3186/3186 3261/3261/3261 3178/3178/3178
f 3186/3186/3186 3187/3187/3187 3261/3261/3261
f 3187/3187/3187 3186/3186/3186 3184/3184/3184
f 3185/3185/3185 3186/3186/3186 3178/3178/3178
f 3186/3186/3186 3185/3185/3185 3184/3184/3184
f 3185/3185/3185 3386/3386/3386 3184/3184/3184
f 3386/3386/3386 3185/3185/3185 3373/3373/3373
f 3387/3387/3387 3373/3373/3373 3184/3184/3184
f 3386/3386/3386 3387/3387/3387 3184/3184/3184
f 3387/3387/3387 3386/3386/3386 3373/3373/3373
f 3174/3174/3174 3173/3173/3173 3172/3172/3172
f 3174/3174/3174 3683/3683/3683 3173/3173/3173
f 3172/3172/3172 3173/3173/3173 3687/3687/3687
f 3697/3697/3697 3683/3683/3683 3174/3174/3174
f 3683/3683/3683 3682/3682/3682 3173/3173/3173
f 3830/3830/3830 3697/3697/3697 3174/3174/3174
f 3173/3173/3173 3682/3682/3682 3686/3686/3686
f 3173/3173/3173 3686/3686/3686 3687/3687/3687
f 3175/3175/3175 3174/3174/3174 3172/3172/3172
f 3830/3830/3830 3174/3174/3174 3175/3175/3175
f 3682/3682/3682 3698/3698/3698 3686/3686/3686
f 3175/3175/3175 3172/3172/3172 3818/3818/3818
f 3682/3682/3682 3683/3683/3683 3689/3689/3689
f 3683/3683/3683 3697/3697/3697 3689/3689/3689
f 3698/3698/3698 3682/3682/3682 3689/3689/3689
f 3696/3696/3696 3697/3697/3697 3830/3830/3830
f 3697/3697/3697 3696/3696/3696 3689/3689/3689
f 3828/3828/3828 3830/3830/3830 3175/3175/3175
f 3701/3701/3701 3696/3696/3696 3830/3830/3830
f 3701/3701/3701 3830/3830/3830 3828/3828/3828
f 3828/3828/3828 3175/3175/3175 3819/3819/3819
f 3819/3819/3819 3175/3175/3175 3818/3818/3818
f 3700/3700/3700 3701/3701/3701 3828/3828/3828
f 3829/3829/3829 3828/3828/3828 3819/3819/3819
f 3700/3700/3700 3828/3828/3828 3829/3829/3829
f 3819/3819/3819 3818/3818/3818 3508/3508/3508
f 3829/3829/3829 3819/3819/3819 3508/3508/3508
f 3818/3818/3818 3172/3172/3172 3769/3769/3769
f 3172/3172/3172 3687/3687/3687 3769/3769/3769
f 3508/3508/3508 3818/3818/3818 3513/3513/3513
f 3818/3818/3818 3769/3769/3769 3513/3513/3513
f 3513/3513/3513 3512/3512/3512 3508/3508/3508
f 3512/3512/3512 3513/3513/3513 3769/3769/3769
f 3769/3769/3769 3687/3687/3687 3771/3771/3771
f 3512/3512/3512 3511/3511/3511 3508/3508/3508
f 3687/3687/3687 3684/3684/3684 3771/3771/3771
f 3687/3687/3687 3686/3686/3686 3684/3684/3684
f 3770/3770/3770 3512/3512/3512 3769/3769/3769
f 3511/3511/3511 3512/3512/3512 3770/3770/3770
f 3771/3771/3771 3609/3609/3609 3769/3769/3769
f 3609/3609/3609 3770/3770/3770 3769/3769/3769
f 3771/3771/3771 3684/3684/3684 3609/3609/3609
f 3686/3686/3686 3685/3685/3685 3684/3684/3684
f 3686/3686/3686 3698/3698/3698 3685/3685/3685
f 3684/3684/3684 3608/3608/3608 3609/3609/3609
f 3684/3684/3684 3685/3685/3685 3608/3608/3608
f 3698/3698/3698 3699/3699/3699 3685/3685/3685
f 3699/3699/3699 3698/3698/3698 3689/3689/3689
f 3685/3685/3685 3699/3699/3699 3823/3823/3823
f 3685/3685/3685 3823/3823/3823 3608/3608/3608
f 3699/3699/3699 3689/3689/3689 3823/3823/3823
f 3609/3609/3609 3608/3608/3608 3606/3606/3606
f 3608/3608/3608 3823/3823/3823 3607/3607/3607
f 3608/3608/3608 3607/3607/3607 3606/3606/3606
f 3606/3606/3606 3516/3516/3516 3609/3609/3609
f 3606/3606/3606 3607/3607/3607 3516/3516/3516
f 3517/3517/3517 3770/3770/3770 3609/3609/3609
f 3516/3516/3516 3517/3517/3517 3609/3609/3609
f 3823/3823/3823 3822/3822/3822 3607/3607/3607
f 3823/3823/3823 3689/3689/3689 3822/3822/3822
f 3517/3517/3517 3780/3780/3780 3770/3770/3770
f 3780/3780/3780 3511/3511/3511 3770/3770/3770
f 3607/3607/3607 3822/3822/3822 3886/3886/3886
f 3607/3607/3607 3886/3886/3886 3516/3516/3516
f 3780/3780/3780 3517/3517/3517 3838/3838/3838
f 3517/3517/3517 3516/3516/3516 3514/3514/3514
f 3517/3517/3517 3514/3514/3514 3838/3838/3838
f 3516/3516/3516 3886/3886/3886 3515/3515/3515
f 3516/3516/3516 3515/3515/3515 3514/3514/3514
f 3780/3780/3780 3838/3838/3838 3660/3660/3660
f 3511/3511/3511 3780/3780/3780 3660/3660/3660
f 3659/3659/3659 3838/3838/3838 3514/3514/3514
f 3838/3838/3838 3659/3659/3659 3660/3660/3660
f 3886/3886/3886 3676/3676/3676 3515/3515/3515
f 3822/3822/3822 3820/3820/3820 3886/3886/3886
f 3886/3886/3886 3820/3820/3820 3676/3676/3676
f 3515/3515/3515 3489/3489/3489 3514/3514/3514
f 3515/3515/3515 3676/3676/3676 3489/3489/3489
f 3822/3822/3822 3690/3690/3690 3820/3820/3820
f 3689/3689/3689 3690/3690/3690 3822/3822/3822
f 3820/3820/3820 3885/3885/3885 3676/3676/3676
f 3690/3690/3690 3821/3821/3821 3820/3820/3820
f 3820/3820/3820 3821/3821/3821 3885/3885/3885
f 3676/3676/3676 3488/3488/3488 3489/3489/3489
f 3676/3676/3676 3885/3885/3885 3488/3488/3488
f 3866/3866/3866 3514/3514/3514 3489/3489/3489
f 3821/3821/3821 3858/3858/3858 3885/3885/3885
f 3866/3866/3866 3658/3658/3658 3514/3514/3514
f 3658/3658/3658 3659/3659/3659 3514/3514/3514
f 3789/3789/3789 3866/3866/3866 3489/3489/3489
f 3866/3866/3866 3789/3789/3789 3658/3658/3658
f 3489/3489/3489 3488/3488/3488 3486/3486/3486
f 3486/3486/3486 3789/3789/3789 3489/3489/3489
f 3885/3885/3885 3675/3675/3675 3488/3488/3488
f 3885/3885/3885 3858/3858/3858 3675/3675/3675
f 3488/3488/3488 3487/3487/3487 3486/3486/3486
f 3488/3488/3488 3675/3675/3675 3487/3487/3487
f 3486/3486/3486 3487/3487/3487 3789/3789/3789
f 3858/3858/3858 3817/3817/3817 3675/3675/3675
f 3675/3675/3675 3674/3674/3674 3487/3487/3487
f 3675/3675/3675 3817/3817/3817 3674/3674/3674
f 3487/3487/3487 3790/3790/3790 3789/3789/3789
f 3487/3487/3487 3674/3674/3674 3790/3790/3790
f 3858/3858/3858 3821/3821/3821 3615/3615/3615
f 3817/3817/3817 3858/3858/3858 3615/3615/3615
f 3821/3821/3821 3690/3690/3690 3615/3615/3615
f 3817/3817/3817 3816/3816/3816 3674/3674/3674
f 3816/3816/3816 3817/3817/3817 3615/3615/3615
f 3674/3674/3674 3884/3884/3884 3790/3790/3790
f 3674/3674/3674 3816/3816/3816 3884/3884/3884
f 3789/3789/3789 3790/3790/3790 3869/3869/3869
f 3789/3789/3789 3869/3869/3869 3658/3658/3658
f 3790/3790/3790 3884/3884/3884 3813/3813/3813
f 3790/3790/3790 3813/3813/3813 3869/3869/3869
f 3816/3816/3816 3868/3868/3868 3884/3884/3884
f 3658/3658/3658 3869/3869/3869 3657/3657/3657
f 3884/3884/3884 3868/3868/3868 3680/3680/3680
f 3884/3884/3884 3680/3680/3680 3813/3813/3813
f 3659/3659/3659 3658/3658/3658 3656/3656/3656
f 3658/3658/3658 3657/3657/3657 3656/3656/3656
f 3659/3659/3659 3656/3656/3656 3660/3660/3660
f 3869/3869/3869 3813/3813/3813 3809/3809/3809
f 3869/3869/3869 3809/3809/3809 3657/3657/3657
f 3813/3813/3813 3680/3680/3680 3811/3811/3811
f 3813/3813/3813 3811/3811/3811 3809/3809/3809
f 3657/3657/3657 3490/3490/3490 3656/3656/3656
f 3660/3660/3660 3656/3656/3656 3490/3490/3490
f 3809/3809/3809 3810/3810/3810 3657/3657/3657
f 3811/3811/3811 3807/3807/3807 3809/3809/3809
f 3807/3807/3807 3810/3810/3810 3809/3809/3809
f 3810/3810/3810 3494/3494/3494 3657/3657/3657
f 3494/3494/3494 3490/3490/3490 3657/3657/3657
f 3807/3807/3807 3786/3786/3786 3810/3810/3810
f 3786/3786/3786 3494/3494/3494 3810/3810/3810
f 3808/3808/3808 3807/3807/3807 3811/3811/3811
f 3796/3796/3796 3786/3786/3786 3807/3807/3807
f 3808/3808/3808 3796/3796/3796 3807/3807/3807
f 3680/3680/3680 3677/3677/3677 3811/3811/3811
f 3677/3677/3677 3808/3808/3808 3811/3811/3811
f 3868/3868/3868 3679/3679/3679 3680/3680/3680
f 3680/3680/3680 3679/3679/3679 3677/3677/3677
f 3798/3798/3798 3796/3796/3796 3808/3808/3808
f 3679/3679/3679 3678/3678/3678 3677/3677/3677
f 3812/3812/3812 3808/3808/3808 3677/3677/3677
f 3678/3678/3678 3812/3812/3812 3677/3677/3677
f 3812/3812/3812 3798/3798/3798 3808/3808/3808
f 3678/3678/3678 3679/3679/3679 3797/3797/3797
f 3812/3812/3812 3678/3678/3678 3797/3797/3797
f 3679/3679/3679 3868/3868/3868 3797/3797/3797
f 3798/3798/3798 3812/3812/3812 3797/3797/3797
f 3868/3868/3868 3816/3816/3816 3797/3797/3797
f 3798/3798/3798 3797/3797/3797 3796/3796/3796
f 3816/3816/3816 3615/3615/3615 3797/3797/3797
f 3796/3796/3796 3530/3530/3530 3786/3786/3786
f 3797/3797/3797 3530/3530/3530 3796/3796/3796
f 3786/3786/3786 3527/3527/3527 3494/3494/3494
f 3530/3530/3530 3527/3527/3527 3786/3786/3786
f 3527/3527/3527 3493/3493/3493 3494/3494/3494
f 3494/3494/3494 3493/3493/3493 3490/3490/3490
f 3530/3530/3530 3529/3529/3529 3527/3527/3527
f 3527/3527/3527 3528/3528/3528 3493/3493/3493
f 3529/3529/3529 3528/3528/3528 3527/3527/3527
f 3493/3493/3493 3492/3492/3492 3490/3490/3490
f 3528/3528/3528 3492/3492/3492 3493/3493/3493
f 3867/3867/3867 3529/3529/3529 3530/3530/3530
f 3797/3797/3797 3867/3867/3867 3530/3530/3530
f 3529/3529/3529 3617/3617/3617 3528/3528/3528
f 3867/3867/3867 3620/3620/3620 3529/3529/3529
f 3620/3620/3620 3617/3617/3617 3529/3529/3529
f 3617/3617/3617 3665/3665/3665 3528/3528/3528
f 3528/3528/3528 3665/3665/3665 3492/3492/3492
f 3620/3620/3620 3619/3619/3619 3617/3617/3617
f 3617/3617/3617 3618/3618/3618 3665/3665/3665
f 3619/3619/3619 3618/3618/3618 3617/3617/3617
f 3665/3665/3665 3666/3666/3666 3492/3492/3492
f 3619/3619/3619 3804/3804/3804 3618/3618/3618
f 3665/3665/3665 3671/3671/3671 3666/3666/3666
f 3618/3618/3618 3671/3671/3671 3665/3665/3665
f 3619/3619/3619 3620/3620/3620 3794/3794/3794
f 3620/3620/3620 3867/3867/3867 3794/3794/3794
f 3804/3804/3804 3619/3619/3619 3794/3794/3794
f 3618/3618/3618 3801/3801/3801 3671/3671/3671
f 3804/3804/3804 3801/3801/3801 3618/3618/3618
f 3671/3671/3671 3681/3681/3681 3666/3666/3666
f 3666/3666/3666 3681/3681/3681 3492/3492/3492
f 3801/3801/3801 3788/3788/3788 3671/3671/3671
f 3671/3671/3671 3788/3788/3788 3681/3681/3681
f 3804/3804/3804 3803/3803/3803 3801/3801/3801
f 3803/3803/3803 3804/3804/3804 3794/3794/3794
f 3801/3801/3801 3802/3802/3802 3788/3788/3788
f 3803/3803/3803 3802/3802/3802 3801/3801/3801
f 3788/3788/3788 3783/3783/3783 3681/3681/3681
f 3802/3802/3802 3881/3881/3881 3788/3788/3788
f 3788/3788/3788 3881/3881/3881 3783/3783/3783
f 3792/3792/3792 3802/3802/3802 3803/3803/3803
f 3881/3881/3881 3782/3782/3782 3783/3783/3783
f 3783/3783/3783 3782/3782/3782 3681/3681/3681
f 3880/3880/3880 3881/3881/3881 3802/3802/3802
f 3792/3792/3792 3880/3880/3880 3802/3802/3802
f 3881/3881/3881 3880/3880/3880 3782/3782/3782
f 3791/3791/3791 3792/3792/3792 3803/3803/3803
f 3791/3791/3791 3803/3803/3803 3794/3794/3794
f 3793/3793/3793 3792/3792/3792 3791/3791/3791
f 3794/3794/3794 3793/3793/3793 3791/3791/3791
f 3775/3775/3775 3880/3880/3880 3792/3792/3792
f 3793/3793/3793 3775/3775/3775 3792/3792/3792
f 3880/3880/3880 3873/3873/3873 3782/3782/3782
f 3880/3880/3880 3775/3775/3775 3873/3873/3873
f 3873/3873/3873 3772/3772/3772 3782/3782/3782
f 3775/3775/3775 3772/3772/3772 3873/3873/3873
f 3774/3774/3774 3775/3775/3775 3793/3793/3793
f 3775/3775/3775 3774/3774/3774 3772/3772/3772
f 3882/3882/3882 3774/3774/3774 3793/3793/3793
f 3882/3882/3882 3793/3793/3793 3794/3794/3794
f 3774/3774/3774 3773/3773/3773 3772/3772/3772
f 3772/3772/3772 3525/3525/3525 3782/3782/3782
f 3772/3772/3772 3773/3773/3773 3525/3525/3525
f 3782/3782/3782 3526/3526/3526 3681/3681/3681
f 3525/3525/3525 3526/3526/3526 3782/3782/3782
f 3774/3774/3774 3883/3883/3883 3773/3773/3773
f 3883/3883/3883 3774/3774/3774 3882/3882/3882
f 3526/3526/3526 3781/3781/3781 3681/3681/3681
f 3681/3681/3681 3781/3781/3781 3492/3492/3492
f 3781/3781/3781 3491/3491/3491 3492/3492/3492
f 3781/3781/3781 3526/3526/3526 3491/3491/3491
f 3492/3492/3492 3491/3491/3491 3490/3490/3490
f 3491/3491/3491 3660/3660/3660 3490/3490/3490
f 3526/3526/3526 3522/3522/3522 3491/3491/3491
f 3522/3522/3522 3660/3660/3660 3491/3491/3491
f 3526/3526/3526 3525/3525/3525 3522/3522/3522
f 3773/3773/3773 3875/3875/3875 3525/3525/3525
f 3883/3883/3883 3875/3875/3875 3773/3773/3773
f 3525/3525/3525 3524/3524/3524 3522/3522/3522
f 3875/3875/3875 3524/3524/3524 3525/3525/3525
f 3522/3522/3522 3523/3523/3523 3660/3660/3660
f 3524/3524/3524 3523/3523/3523 3522/3522/3522
f 3523/3523/3523 3839/3839/3839 3660/3660/3660
f 3839/3839/3839 3523/3523/3523 3524/3524/3524
f 3839/3839/3839 3510/3510/3510 3660/3660/3660
f 3510/3510/3510 3511/3511/3511 3660/3660/3660
f 3511/3511/3511 3510/3510/3510 3508/3508/3508
f 3510/3510/3510 3509/3509/3509 3508/3508/3508
f 3509/3509/3509 3829/3829/3829 3508/3508/3508
f 3510/3510/3510 3839/3839/3839 3871/3871/3871
f 3509/3509/3509 3510/3510/3510 3871/3871/3871
f 3766/3766/3766 3839/3839/3839 3524/3524/3524
f 3839/3839/3839 3766/3766/3766 3871/3871/3871
f 3829/3829/3829 3509/3509/3509 3707/3707/3707
f 3509/3509/3509 3871/3871/3871 3707/3707/3707
f 3765/3765/3765 3766/3766/3766 3524/3524/3524
f 3871/3871/3871 3766/3766/3766 3767/3767/3767
f 3767/3767/3767 3766/3766/3766 3765/3765/3765
f 3707/3707/3707 3871/3871/3871 3767/3767/3767
f 3768/3768/3768 3765/3765/3765 3524/3524/3524
f 3768/3768/3768 3767/3767/3767 3765/3765/3765
f 3875/3875/3875 3874/3874/3874 3524/3524/3524
f 3874/3874/3874 3768/3768/3768 3524/3524/3524
f 3704/3704/3704 3874/3874/3874 3875/3875/3875
f 3883/3883/3883 3704/3704/3704 3875/3875/3875
f 3705/3705/3705 3768/3768/3768 3874/3874/3874
f 3704/3704/3704 3705/3705/3705 3874/3874/3874
f 3835/3835/3835 3767/3767/3767 3768/3768/3768
f 3705/3705/3705 3835/3835/3835 3768/3768/3768
f 3709/3709/3709 3707/3707/3707 3767/3767/3767
f 3708/3708/3708 3709/3709/3709 3767/3767/3767
f 3709/3709/3709 3708/3708/3708 3707/3707/3707
f 3835/3835/3835 3708/3708/3708 3767/3767/3767
f 3872/3872/3872 3829/3829/3829 3707/3707/3707
f 3872/3872/3872 3700/3700/3700 3829/3829/3829
f 3707/3707/3707 3703/3703/3703 3872/3872/3872
f 3703/3703/3703 3700/3700/3700 3872/3872/3872
f 3708/3708/3708 3703/3703/3703 3707/3707/3707
f 3703/3703/3703 3702/3702/3702 3700/3700/3700
f 3702/3702/3702 3701/3701/3701 3700/3700/3700
f 3708/3708/3708 3831/3831/3831 3703/3703/3703
f 3831/3831/3831 3708/3708/3708 3835/3835/3835
f 3831/3831/3831 3702/3702/3702 3703/3703/3703
f 3832/3832/3832 3835/3835/3835 3705/3705/3705
f 3832/3832/3832 3831/3831/3831 3835/3835/3835
f 3702/3702/3702 3877/3877/3877 3701/3701/3701
f 3877/3877/3877 3696/3696/3696 3701/3701/3701
f 3831/3831/3831 3833/3833/3833 3702/3702/3702
f 3833/3833/3833 3877/3877/3877 3702/3702/3702
f 3833/3833/3833 3831/3831/3831 3832/3832/3832
f 3706/3706/3706 3832/3832/3832 3705/3705/3705
f 3706/3706/3706 3705/3705/3705 3704/3704/3704
f 3834/3834/3834 3833/3833/3833 3832/3832/3832
f 3834/3834/3834 3832/3832/3832 3706/3706/3706
f 3877/3877/3877 3833/3833/3833 3876/3876/3876
f 3833/3833/3833 3834/3834/3834 3876/3876/3876
f 3696/3696/3696 3877/3877/3877 3876/3876/3876
f 3876/3876/3876 3834/3834/3834 3706/3706/3706
f 3669/3669/3669 3706/3706/3706 3704/3704/3704
f 3669/3669/3669 3704/3704/3704 3883/3883/3883
f 3876/3876/3876 3706/3706/3706 3669/3669/3669
f 3668/3668/3668 3669/3669/3669 3883/3883/3883
f 3668/3668/3668 3883/3883/3883 3882/3882/3882
f 3668/3668/3668 3882/3882/3882 3878/3878/3878
f 3878/3878/3878 3882/3882/3882 3794/3794/3794
f 3669/3669/3669 3668/3668/3668 3667/3667/3667
f 3667/3667/3667 3668/3668/3668 3878/3878/3878
f 3667/3667/3667 3878/3878/3878 3876/3876/3876
f 3670/3670/3670 3669/3669/3669 3667/3667/3667
f 3670/3670/3670 3667/3667/3667 3876/3876/3876
f 3670/3670/3670 3876/3876/3876 3669/3669/3669
f 3878/3878/3878 3794/3794/3794 3876/3876/3876
f 3695/3695/3695 3696/3696/3696 3876/3876/3876
f 3696/3696/3696 3695/3695/3695 3689/3689/3689
f 3719/3719/3719 3695/3695/3695 3876/3876/3876
f 3719/3719/3719 3497/3497/3497 3695/3695/3695
f 3850/3850/3850 3719/3719/3719 3876/3876/3876
f 3719/3719/3719 3850/3850/3850 3497/3497/3497
f 3497/3497/3497 3498/3498/3498 3695/3695/3695
f 3695/3695/3695 3498/3498/3498 3694/3694/3694
f 3695/3695/3695 3694/3694/3694 3689/3689/3689
f 3498/3498/3498 3497/3497/3497 3495/3495/3495
f 3498/3498/3498 3499/3499/3499 3694/3694/3694
f 3499/3499/3499 3498/3498/3498 3495/3495/3495
f 3850/3850/3850 3655/3655/3655 3497/3497/3497
f 3497/3497/3497 3496/3496/3496 3495/3495/3495
f 3497/3497/3497 3655/3655/3655 3496/3496/3496
f 3499/3499/3499 3495/3495/3495 3711/3711/3711
f 3655/3655/3655 3850/3850/3850 3848/3848/3848
f 3499/3499/3499 3854/3854/3854 3694/3694/3694
f 3854/3854/3854 3499/3499/3499 3711/3711/3711
f 3850/3850/3850 3849/3849/3849 3848/3848/3848
f 3849/3849/3849 3850/3850/3850 3876/3876/3876
f 3655/3655/3655 3848/3848/3848 3654/3654/3654
f 3655/3655/3655 3654/3654/3654 3496/3496/3496
f 3848/3848/3848 3849/3849/3849 3737/3737/3737
f 3848/3848/3848 3737/3737/3737 3654/3654/3654
f 3495/3495/3495 3496/3496/3496 3710/3710/3710
f 3496/3496/3496 3654/3654/3654 3710/3710/3710
f 3711/3711/3711 3495/3495/3495 3710/3710/3710
f 3849/3849/3849 3736/3736/3736 3737/3737/3737
f 3736/3736/3736 3849/3849/3849 3876/3876/3876
f 3737/3737/3737 3741/3741/3741 3654/3654/3654
f 3726/3726/3726 3736/3736/3736 3876/3876/3876
f 3723/3723/3723 3737/3737/3737 3736/3736/3736
f 3726/3726/3726 3723/3723/3723 3736/3736/3736
f 3737/3737/3737 3723/3723/3723 3741/3741/3741
f 3725/3725/3725 3726/3726/3726 3876/3876/3876
f 3726/3726/3726 3725/3725/3725 3723/3723/3723
f 3654/3654/3654 3741/3741/3741 3585/3585/3585
f 3654/3654/3654 3585/3585/3585 3710/3710/3710
f 3723/3723/3723 3742/3742/3742 3741/3741/3741
f 3741/3741/3741 3742/3742/3742 3585/3585/3585
f 3725/3725/3725 3724/3724/3724 3723/3723/3723
f 3735/3735/3735 3725/3725/3725 3876/3876/3876
f 3725/3725/3725 3735/3735/3735 3724/3724/3724
f 3723/3723/3723 3724/3724/3724 3734/3734/3734
f 3735/3735/3735 3734/3734/3734 3724/3724/3724
f 3742/3742/3742 3723/3723/3723 3734/3734/3734
f 3825/3825/3825 3735/3735/3735 3876/3876/3876
f 3735/3735/3735 3825/3825/3825 3734/3734/3734
f 3794/3794/3794 3825/3825/3825 3876/3876/3876
f 3825/3825/3825 3824/3824/3824 3734/3734/3734
f 3825/3825/3825 3847/3847/3847 3824/3824/3824
f 3847/3847/3847 3825/3825/3825 3794/3794/3794
f 3734/3734/3734 3824/3824/3824 3750/3750/3750
f 3847/3847/3847 3750/3750/3750 3824/3824/3824
f 3859/3859/3859 3742/3742/3742 3734/3734/3734
f 3859/3859/3859 3734/3734/3734 3750/3750/3750
f 3717/3717/3717 3847/3847/3847 3794/3794/3794
f 3847/3847/3847 3717/3717/3717 3750/3750/3750
f 3742/3742/3742 3859/3859/3859 3580/3580/3580
f 3717/3717/3717 3716/3716/3716 3750/3750/3750
f 3722/3722/3722 3859/3859/3859 3750/3750/3750
f 3859/3859/3859 3722/3722/3722 3580/3580/3580
f 3717/3717/3717 3507/3507/3507 3716/3716/3716
f 3507/3507/3507 3717/3717/3717 3794/3794/3794
f 3750/3750/3750 3716/3716/3716 3504/3504/3504
f 3507/3507/3507 3504/3504/3504 3716/3716/3716
f 3722/3722/3722 3750/3750/3750 3504/3504/3504
f 3506/3506/3506 3507/3507/3507 3794/3794/3794
f 3507/3507/3507 3506/3506/3506 3504/3504/3504
f 3815/3815/3815 3506/3506/3506 3794/3794/3794
f 3506/3506/3506 3505/3505/3505 3504/3504/3504
f 3814/3814/3814 3815/3815/3815 3794/3794/3794
f 3867/3867/3867 3814/3814/3814 3794/3794/3794
f 3505/3505/3505 3506/3506/3506 3738/3738/3738
f 3506/3506/3506 3815/3815/3815 3738/3738/3738
f 3504/3504/3504 3505/3505/3505 3738/3738/3738
f 3814/3814/3814 3867/3867/3867 3797/3797/3797
f 3738/3738/3738 3815/3815/3815 3740/3740/3740
f 3815/3815/3815 3814/3814/3814 3740/3740/3740
f 3721/3721/3721 3504/3504/3504 3738/3738/3738
f 3721/3721/3721 3722/3722/3722 3504/3504/3504
f 3738/3738/3738 3740/3740/3740 3600/3600/3600
f 3740/3740/3740 3814/3814/3814 3600/3600/3600
f 3720/3720/3720 3721/3721/3721 3738/3738/3738
f 3720/3720/3720 3738/3738/3738 3600/3600/3600
f 3722/3722/3722 3721/3721/3721 3578/3578/3578
f 3721/3721/3721 3720/3720/3720 3578/3578/3578
f 3580/3580/3580 3722/3722/3722 3578/3578/3578
f 3814/3814/3814 3860/3860/3860 3600/3600/3600
f 3860/3860/3860 3814/3814/3814 3797/3797/3797
f 3720/3720/3720 3577/3577/3577 3578/3578/3578
f 3600/3600/3600 3860/3860/3860 3599/3599/3599
f 3577/3577/3577 3720/3720/3720 3601/3601/3601
f 3601/3601/3601 3720/3720/3720 3600/3600/3600
f 3860/3860/3860 3837/3837/3837 3599/3599/3599
f 3837/3837/3837 3860/3860/3860 3797/3797/3797
f 3600/3600/3600 3599/3599/3599 3598/3598/3598
f 3601/3601/3601 3600/3600/3600 3598/3598/3598
f 3837/3837/3837 3836/3836/3836 3599/3599/3599
f 3836/3836/3836 3598/3598/3598 3599/3599/3599
f 3836/3836/3836 3837/3837/3837 3797/3797/3797
f 3602/3602/3602 3601/3601/3601 3598/3598/3598
f 3598/3598/3598 3836/3836/3836 3648/3648/3648
f 3602/3602/3602 3598/3598/3598 3648/3648/3648
f 3842/3842/3842 3836/3836/3836 3797/3797/3797
f 3836/3836/3836 3842/3842/3842 3648/3648/3648
f 3841/3841/3841 3842/3842/3842 3797/3797/3797
f 3648/3648/3648 3842/3842/3842 3840/3840/3840
f 3842/3842/3842 3841/3841/3841 3840/3840/3840
f 3852/3852/3852 3841/3841/3841 3797/3797/3797
f 3841/3841/3841 3852/3852/3852 3840/3840/3840
f 3615/3615/3615 3852/3852/3852 3797/3797/3797
f 3648/3648/3648 3840/3840/3840 3751/3751/3751
f 3852/3852/3852 3751/3751/3751 3840/3840/3840
f 3649/3649/3649 3602/3602/3602 3648/3648/3648
f 3649/3649/3649 3648/3648/3648 3751/3751/3751
f 3601/3601/3601 3602/3602/3602 3574/3574/3574
f 3602/3602/3602 3649/3649/3649 3574/3574/3574
f 3751/3751/3751 3852/3852/3852 3612/3612/3612
f 3852/3852/3852 3615/3615/3615 3612/3612/3612
f 3729/3729/3729 3649/3649/3649 3751/3751/3751
f 3729/3729/3729 3751/3751/3751 3612/3612/3612
f 3649/3649/3649 3729/3729/3729 3573/3573/3573
f 3574/3574/3574 3649/3649/3649 3573/3573/3573
f 3688/3688/3688 3729/3729/3729 3612/3612/3612
f 3729/3729/3729 3688/3688/3688 3573/3573/3573
f 3576/3576/3576 3601/3601/3601 3574/3574/3574
f 3576/3576/3576 3577/3577/3577 3601/3601/3601
f 3575/3575/3575 3576/3576/3576 3574/3574/3574
f 3577/3577/3577 3576/3576/3576 3570/3570/3570
f 3576/3576/3576 3575/3575/3575 3570/3570/3570
f 3575/3575/3575 3574/3574/3574 3570/3570/3570
f 3574/3574/3574 3573/3573/3573 3570/3570/3570
f 3578/3578/3578 3577/3577/3577 3570/3570/3570
f 3688/3688/3688 3572/3572/3572 3573/3573/3573
f 3573/3573/3573 3572/3572/3572 3570/3570/3570
f 3565/3565/3565 3572/3572/3572 3688/3688/3688
f 3572/3572/3572 3565/3565/3565 3570/3570/3570
f 3612/3612/3612 3613/3613/3613 3688/3688/3688
f 3614/3614/3614 3613/3613/3613 3612/3612/3612
f 3615/3615/3615 3614/3614/3614 3612/3612/3612
f 3614/3614/3614 3857/3857/3857 3613/3613/3613
f 3857/3857/3857 3614/3614/3614 3615/3615/3615
f 3613/3613/3613 3861/3861/3861 3688/3688/3688
f 3857/3857/3857 3861/3861/3861 3613/3613/3613
f 3552/3552/3552 3857/3857/3857 3615/3615/3615
f 3861/3861/3861 3857/3857/3857 3552/3552/3552
f 3551/3551/3551 3552/3552/3552 3615/3615/3615
f 3690/3690/3690 3551/3551/3551 3615/3615/3615
f 3553/3553/3553 3861/3861/3861 3552/3552/3552
f 3553/3553/3553 3552/3552/3552 3551/3551/3551
f 3551/3551/3551 3690/3690/3690 3689/3689/3689
f 3553/3553/3553 3554/3554/3554 3861/3861/3861
f 3554/3554/3554 3553/3553/3553 3551/3551/3551
f 3861/3861/3861 3564/3564/3564 3688/3688/3688
f 3564/3564/3564 3565/3565/3565 3688/3688/3688
f 3551/3551/3551 3691/3691/3691 3554/3554/3554
f 3691/3691/3691 3551/3551/3551 3689/3689/3689
f 3554/3554/3554 3569/3569/3569 3861/3861/3861
f 3569/3569/3569 3564/3564/3564 3861/3861/3861
f 3691/3691/3691 3843/3843/3843 3554/3554/3554
f 3554/3554/3554 3843/3843/3843 3569/3569/3569
f 3691/3691/3691 3503/3503/3503 3843/3843/3843
f 3503/3503/3503 3691/3691/3691 3689/3689/3689
f 3843/3843/3843 3500/3500/3500 3569/3569/3569
f 3503/3503/3503 3500/3500/3500 3843/3843/3843
f 3569/3569/3569 3568/3568/3568 3564/3564/3564
f 3503/3503/3503 3502/3502/3502 3500/3500/3500
f 3502/3502/3502 3503/3503/3503 3689/3689/3689
f 3500/3500/3500 3865/3865/3865 3569/3569/3569
f 3865/3865/3865 3568/3568/3568 3569/3569/3569
f 3502/3502/3502 3501/3501/3501 3500/3500/3500
f 3500/3500/3500 3501/3501/3501 3865/3865/3865
f 3692/3692/3692 3502/3502/3502 3689/3689/3689
f 3502/3502/3502 3692/3692/3692 3501/3501/3501
f 3693/3693/3693 3692/3692/3692 3689/3689/3689
f 3694/3694/3694 3693/3693/3693 3689/3689/3689
f 3854/3854/3854 3693/3693/3693 3694/3694/3694
f 3853/3853/3853 3692/3692/3692 3693/3693/3693
f 3854/3854/3854 3853/3853/3853 3693/3693/3693
f 3692/3692/3692 3853/3853/3853 3501/3501/3501
f 3853/3853/3853 3854/3854/3854 3501/3501/3501
f 3854/3854/3854 3711/3711/3711 3501/3501/3501
f 3501/3501/3501 3862/3862/3862 3865/3865/3865
f 3711/3711/3711 3862/3862/3862 3501/3501/3501
f 3568/3568/3568 3865/3865/3865 3567/3567/3567
f 3865/3865/3865 3862/3862/3862 3567/3567/3567
f 3862/3862/3862 3711/3711/3711 3567/3567/3567
f 3568/3568/3568 3567/3567/3567 3564/3564/3564
f 3711/3711/3711 3710/3710/3710 3567/3567/3567
f 3567/3567/3567 3566/3566/3566 3564/3564/3564
f 3566/3566/3566 3565/3565/3565 3564/3564/3564
f 3566/3566/3566 3567/3567/3567 3710/3710/3710
f 3565/3565/3565 3566/3566/3566 3710/3710/3710
f 3710/3710/3710 3754/3754/3754 3567/3567/3567
f 3567/3567/3567 3754/3754/3754 3710/3710/3710
f 3571/3571/3571 3565/3565/3565 3710/3710/3710
f 3565/3565/3565 3571/3571/3571 3570/3570/3570
f 3755/3755/3755 3571/3571/3571 3710/3710/3710
f 3571/3571/3571 3755/3755/3755 3533/3533/3533
f 3570/3570/3570 3571/3571/3571 3533/3533/3533
f 3641/3641/3641 3755/3755/3755 3710/3710/3710
f 3532/3532/3532 3533/3533/3533 3755/3755/3755
f 3641/3641/3641 3540/3540/3540 3755/3755/3755
f 3540/3540/3540 3532/3532/3532 3755/3755/3755
f 3587/3587/3587 3641/3641/3641 3710/3710/3710
f 3641/3641/3641 3587/3587/3587 3540/3540/3540
f 3586/3586/3586 3587/3587/3587 3710/3710/3710
f 3585/3585/3585 3586/3586/3586 3710/3710/3710
f 3587/3587/3587 3586/3586/3586 3570/3570/3570
f 3586/3586/3586 3585/3585/3585 3570/3570/3570
f 3587/3587/3587 3544/3544/3544 3540/3540/3540
f 3585/3585/3585 3584/3584/3584 3570/3570/3570
f 3583/3583/3583 3584/3584/3584 3585/3585/3585
f 3584/3584/3584 3583/3583/3583 3570/3570/3570
f 3742/3742/3742 3583/3583/3583 3585/3585/3585
f 3583/3583/3583 3742/3742/3742 3580/3580/3580
f 3582/3582/3582 3583/3583/3583 3580/3580/3580
f 3583/3583/3583 3582/3582/3582 3570/3570/3570
f 3581/3581/3581 3582/3582/3582 3580/3580/3580
f 3582/3582/3582 3581/3581/3581 3570/3570/3570
f 3581/3581/3581 3580/3580/3580 3570/3570/3570
f 3579/3579/3579 3580/3580/3580 3578/3578/3578
f 3579/3579/3579 3578/3578/3578 3570/3570/3570
f 3580/3580/3580 3579/3579/3579 3570/3570/3570
f 3544/3544/3544 3543/3543/3543 3540/3540/3540
f 3546/3546/3546 3544/3544/3544 3587/3587/3587
f 3544/3544/3544 3546/3546/3546 3543/3543/3543
f 3588/3588/3588 3587/3587/3587 3570/3570/3570
f 3588/3588/3588 3546/3546/3546 3587/3587/3587
f 3543/3543/3543 3542/3542/3542 3540/3540/3540
f 3542/3542/3542 3541/3541/3541 3540/3540/3540
f 3532/3532/3532 3540/3540/3540 3541/3541/3541
f 3543/3543/3543 3520/3520/3520 3542/3542/3542
f 3531/3531/3531 3532/3532/3532 3541/3541/3541
f 3533/3533/3533 3532/3532/3532 3531/3531/3531
f 3541/3541/3541 3542/3542/3542 3521/3521/3521
f 3520/3520/3520 3521/3521/3521 3542/3542/3542
f 3531/3531/3531 3541/3541/3541 3673/3673/3673
f 3673/3673/3673 3541/3541/3541 3521/3521/3521
f 3543/3543/3543 3545/3545/3545 3520/3520/3520
f 3546/3546/3546 3545/3545/3545 3543/3543/3543
f 3521/3521/3521 3520/3520/3520 3518/3518/3518
f 3673/3673/3673 3521/3521/3521 3672/3672/3672
f 3521/3521/3521 3518/3518/3518 3672/3672/3672
f 3545/3545/3545 3556/3556/3556 3520/3520/3520
f 3520/3520/3520 3519/3519/3519 3518/3518/3518
f 3520/3520/3520 3556/3556/3556 3519/3519/3519
f 3556/3556/3556 3545/3545/3545 3555/3555/3555
f 3555/3555/3555 3545/3545/3545 3546/3546/3546
f 3518/3518/3518 3519/3519/3519 3806/3806/3806
f 3558/3558/3558 3555/3555/3555 3546/3546/3546
f 3518/3518/3518 3806/3806/3806 3805/3805/3805
f 3672/3672/3672 3518/3518/3518 3805/3805/3805
f 3519/3519/3519 3550/3550/3550 3806/3806/3806
f 3806/3806/3806 3550/3550/3550 3805/3805/3805
f 3556/3556/3556 3616/3616/3616 3519/3519/3519
f 3519/3519/3519 3616/3616/3616 3550/3550/3550
f 3557/3557/3557 3556/3556/3556 3555/3555/3555
f 3558/3558/3558 3557/3557/3557 3555/3555/3555
f 3556/3556/3556 3557/3557/3557 3616/3616/3616
f 3559/3559/3559 3558/3558/3558 3546/3546/3546
f 3558/3558/3558 3559/3559/3559 3557/3557/3557
f 3616/3616/3616 3549/3549/3549 3550/3550/3550
f 3559/3559/3559 3560/3560/3560 3557/3557/3557
f 3550/3550/3550 3549/3549/3549 3547/3547/3547
f 3550/3550/3550 3547/3547/3547 3805/3805/3805
f 3560/3560/3560 3795/3795/3795 3557/3557/3557
f 3547/3547/3547 3856/3856/3856 3805/3805/3805
f 3557/3557/3557 3795/3795/3795 3610/3610/3610
f 3557/3557/3557 3610/3610/3610 3616/3616/3616
f 3805/3805/3805 3856/3856/3856 3851/3851/3851
f 3610/3610/3610 3611/3611/3611 3616/3616/3616
f 3784/3784/3784 3805/3805/3805 3851/3851/3851
f 3672/3672/3672 3805/3805/3805 3784/3784/3784
f 3611/3611/3611 3603/3603/3603 3616/3616/3616
f 3611/3611/3611 3610/3610/3610 3603/3603/3603
f 3595/3595/3595 3549/3549/3549 3616/3616/3616
f 3603/3603/3603 3595/3595/3595 3616/3616/3616
f 3795/3795/3795 3749/3749/3749 3610/3610/3610
f 3610/3610/3610 3749/3749/3749 3603/3603/3603
f 3549/3549/3549 3595/3595/3595 3594/3594/3594
f 3595/3595/3595 3603/3603/3603 3594/3594/3594
f 3749/3749/3749 3746/3746/3746 3603/3603/3603
f 3603/3603/3603 3746/3746/3746 3594/3594/3594
f 3749/3749/3749 3795/3795/3795 3748/3748/3748
f 3749/3749/3749 3748/3748/3748 3746/3746/3746
f 3795/3795/3795 3560/3560/3560 3753/3753/3753
f 3795/3795/3795 3753/3753/3753 3748/3748/3748
f 3748/3748/3748 3747/3747/3747 3746/3746/3746
f 3746/3746/3746 3747/3747/3747 3594/3594/3594
f 3748/3748/3748 3753/3753/3753 3752/3752/3752
f 3748/3748/3748 3752/3752/3752 3747/3747/3747
f 3560/3560/3560 3561/3561/3561 3753/3753/3753
f 3561/3561/3561 3560/3560/3560 3559/3559/3559
f 3753/3753/3753 3647/3647/3647 3752/3752/3752
f 3753/3753/3753 3561/3561/3561 3647/3647/3647
f 3752/3752/3752 3756/3756/3756 3747/3747/3747
f 3752/3752/3752 3647/3647/3647 3863/3863/3863
f 3752/3752/3752 3863/3863/3863 3756/3756/3756
f 3561/3561/3561 3646/3646/3646 3647/3647/3647
f 3747/3747/3747 3756/3756/3756 3855/3855/3855
f 3747/3747/3747 3855/3855/3855 3594/3594/3594
f 3647/3647/3647 3637/3637/3637 3863/3863/3863
f 3647/3647/3647 3646/3646/3646 3637/3637/3637
f 3863/3863/3863 3718/3718/3718 3756/3756/3756
f 3561/3561/3561 3562/3562/3562 3646/3646/3646
f 3562/3562/3562 3561/3561/3561 3559/3559/3559
f 3756/3756/3756 3718/3718/3718 3864/3864/3864
f 3756/3756/3756 3864/3864/3864 3855/3855/3855
f 3863/3863/3863 3653/3653/3653 3718/3718/3718
f 3863/3863/3863 3637/3637/3637 3653/3653/3653
f 3718/3718/3718 3535/3535/3535 3864/3864/3864
f 3864/3864/3864 3535/3535/3535 3855/3855/3855
f 3653/3653/3653 3650/3650/3650 3718/3718/3718
f 3718/3718/3718 3650/3650/3650 3535/3535/3535
f 3637/3637/3637 3634/3634/3634 3653/3653/3653
f 3646/3646/3646 3636/3636/3636 3637/3637/3637
f 3637/3637/3637 3636/3636/3636 3634/3634/3634
f 3646/3646/3646 3743/3743/3743 3636/3636/3636
f 3562/3562/3562 3743/3743/3743 3646/3646/3646
f 3636/3636/3636 3635/3635/3635 3634/3634/3634
f 3634/3634/3634 3827/3827/3827 3653/3653/3653
f 3634/3634/3634 3635/3635/3635 3827/3827/3827
f 3743/3743/3743 3744/3744/3744 3636/3636/3636
f 3636/3636/3636 3744/3744/3744 3635/3635/3635
f 3827/3827/3827 3652/3652/3652 3653/3653/3653
f 3653/3653/3653 3652/3652/3652 3650/3650/3650
f 3635/3635/3635 3826/3826/3826 3827/3827/3827
f 3744/3744/3744 3799/3799/3799 3635/3635/3635
f 3635/3635/3635 3799/3799/3799 3826/3826/3826
f 3591/3591/3591 3744/3744/3744 3743/3743/3743
f 3744/3744/3744 3591/3591/3591 3799/3799/3799
f 3827/3827/3827 3826/3826/3826 3733/3733/3733
f 3827/3827/3827 3733/3733/3733 3652/3652/3652
f 3799/3799/3799 3800/3800/3800 3826/3826/3826
f 3590/3590/3590 3591/3591/3591 3743/3743/3743
f 3562/3562/3562 3590/3590/3590 3743/3743/3743
f 3591/3591/3591 3592/3592/3592 3799/3799/3799
f 3592/3592/3592 3800/3800/3800 3799/3799/3799
f 3591/3591/3591 3590/3590/3590 3570/3570/3570
f 3592/3592/3592 3591/3591/3591 3570/3570/3570
f 3589/3589/3589 3590/3590/3590 3562/3562/3562
f 3590/3590/3590 3589/3589/3589 3570/3570/3570
f 3563/3563/3563 3589/3589/3589 3562/3562/3562
f 3563/3563/3563 3562/3562/3562 3559/3559/3559
f 3589/3589/3589 3588/3588/3588 3570/3570/3570
f 3604/3604/3604 3563/3563/3563 3559/3559/3559
f 3563/3563/3563 3604/3604/3604 3589/3589/3589
f 3588/3588/3588 3589/3589/3589 3604/3604/3604
f 3604/3604/3604 3559/3559/3559 3546/3546/3546
f 3546/3546/3546 3588/3588/3588 3604/3604/3604
f 3605/3605/3605 3604/3604/3604 3546/3546/3546
f 3605/3605/3605 3546/3546/3546 3604/3604/3604
f 3593/3593/3593 3592/3592/3592 3570/3570/3570
f 3826/3826/3826 3800/3800/3800 3640/3640/3640
f 3826/3826/3826 3640/3640/3640 3733/3733/3733
f 3800/3800/3800 3592/3592/3592 3639/3639/3639
f 3800/3800/3800 3639/3639/3639 3640/3640/3640
f 3592/3592/3592 3593/3593/3593 3639/3639/3639
f 3733/3733/3733 3640/3640/3640 3624/3624/3624
f 3593/3593/3593 3570/3570/3570 3712/3712/3712
f 3712/3712/3712 3570/3570/3570 3533/3533/3533
f 3640/3640/3640 3639/3639/3639 3623/3623/3623
f 3640/3640/3640 3623/3623/3623 3624/3624/3624
f 3593/3593/3593 3713/3713/3713 3639/3639/3639
f 3713/3713/3713 3593/3593/3593 3712/3712/3712
f 3639/3639/3639 3638/3638/3638 3623/3623/3623
f 3713/3713/3713 3638/3638/3638 3639/3639/3639
f 3623/3623/3623 3638/3638/3638 3622/3622/3622
f 3638/3638/3638 3713/3713/3713 3622/3622/3622
f 3624/3624/3624 3623/3623/3623 3621/3621/3621
f 3623/3623/3623 3622/3622/3622 3621/3621/3621
f 3733/3733/3733 3624/3624/3624 3764/3764/3764
f 3733/3733/3733 3764/3764/3764 3652/3652/3652
f 3624/3624/3624 3621/3621/3621 3760/3760/3760
f 3624/3624/3624 3760/3760/3760 3764/3764/3764
f 3652/3652/3652 3764/3764/3764 3651/3651/3651
f 3652/3652/3652 3651/3651/3651 3650/3650/3650
f 3764/3764/3764 3760/3760/3760 3763/3763/3763
f 3764/3764/3764 3763/3763/3763 3651/3651/3651
f 3650/3650/3650 3651/3651/3651 3539/3539/3539
f 3650/3650/3650 3539/3539/3539 3535/3535/3535
f 3651/3651/3651 3538/3538/3538 3539/3539/3539
f 3539/3539/3539 3538/3538/3538 3535/3535/3535
f 3651/3651/3651 3763/3763/3763 3538/3538/3538
f 3621/3621/3621 3759/3759/3759 3760/3760/3760
f 3760/3760/3760 3757/3757/3757 3763/3763/3763
f 3760/3760/3760 3759/3759/3759 3757/3757/3757
f 3763/3763/3763 3844/3844/3844 3538/3538/3538
f 3763/3763/3763 3757/3757/3757 3844/3844/3844
f 3621/3621/3621 3762/3762/3762 3759/3759/3759
f 3621/3621/3621 3622/3622/3622 3762/3762/3762
f 3757/3757/3757 3787/3787/3787 3844/3844/3844
f 3844/3844/3844 3787/3787/3787 3538/3538/3538
f 3759/3759/3759 3758/3758/3758 3757/3757/3757
f 3757/3757/3757 3758/3758/3758 3787/3787/3787
f 3762/3762/3762 3761/3761/3761 3759/3759/3759
f 3759/3759/3759 3761/3761/3761 3758/3758/3758
f 3622/3622/3622 3739/3739/3739 3762/3762/3762
f 3622/3622/3622 3713/3713/3713 3739/3739/3739
f 3758/3758/3758 3630/3630/3630 3787/3787/3787
f 3787/3787/3787 3630/3630/3630 3538/3538/3538
f 3713/3713/3713 3714/3714/3714 3739/3739/3739
f 3714/3714/3714 3713/3713/3713 3712/3712/3712
f 3762/3762/3762 3739/3739/3739 3845/3845/3845
f 3762/3762/3762 3845/3845/3845 3761/3761/3761
f 3739/3739/3739 3714/3714/3714 3846/3846/3846
f 3739/3739/3739 3846/3846/3846 3845/3845/3845
f 3715/3715/3715 3714/3714/3714 3712/3712/3712
f 3714/3714/3714 3715/3715/3715 3846/3846/3846
f 3761/3761/3761 3870/3870/3870 3758/3758/3758
f 3758/3758/3758 3870/3870/3870 3630/3630/3630
f 3846/3846/3846 3715/3715/3715 3730/3730/3730
f 3715/3715/3715 3712/3712/3712 3730/3730/3730
f 3845/3845/3845 3846/3846/3846 3779/3779/3779
f 3846/3846/3846 3730/3730/3730 3779/3779/3779
f 3845/3845/3845 3879/3879/3879 3761/3761/3761
f 3845/3845/3845 3779/3779/3779 3879/3879/3879
f 3761/3761/3761 3879/3879/3879 3870/3870/3870
f 3779/3779/3779 3730/3730/3730 3778/3778/3778
f 3779/3779/3779 3664/3664/3664 3879/3879/3879
f 3779/3779/3779 3778/3778/3778 3664/3664/3664
f 3879/3879/3879 3745/3745/3745 3870/3870/3870
f 3879/3879/3879 3664/3664/3664 3745/3745/3745
f 3870/3870/3870 3629/3629/3629 3630/3630/3630
f 3870/3870/3870 3745/3745/3745 3629/3629/3629
f 3630/3630/3630 3629/3629/3629 3625/3625/3625
f 3630/3630/3630 3625/3625/3625 3538/3538/3538
f 3745/3745/3745 3628/3628/3628 3629/3629/3629
f 3629/3629/3629 3628/3628/3628 3625/3625/3625
f 3664/3664/3664 3661/3661/3661 3745/3745/3745
f 3745/3745/3745 3661/3661/3661 3628/3628/3628
f 3778/3778/3778 3663/3663/3663 3664/3664/3664
f 3664/3664/3664 3663/3663/3663 3661/3661/3661
f 3730/3730/3730 3728/3728/3728 3778/3778/3778
f 3730/3730/3730 3712/3712/3712 3728/3728/3728
f 3661/3661/3661 3627/3627/3627 3628/3628/3628
f 3628/3628/3628 3627/3627/3627 3625/3625/3625
f 3712/3712/3712 3727/3727/3727 3728/3728/3728
f 3727/3727/3727 3712/3712/3712 3533/3533/3533
f 3778/3778/3778 3728/3728/3728 3732/3732/3732
f 3778/3778/3778 3732/3732/3732 3663/3663/3663
f 3728/3728/3728 3727/3727/3727 3534/3534/3534
f 3727/3727/3727 3533/3533/3533 3534/3534/3534
f 3728/3728/3728 3534/3534/3534 3732/3732/3732
f 3534/3534/3534 3533/3533/3533 3531/3531/3531
f 3534/3534/3534 3531/3531/3531 3731/3731/3731
f 3732/3732/3732 3534/3534/3534 3731/3731/3731
f 3731/3731/3731 3531/3531/3531 3673/3673/3673
f 3732/3732/3732 3777/3777/3777 3663/3663/3663
f 3732/3732/3732 3731/3731/3731 3777/3777/3777
f 3731/3731/3731 3673/3673/3673 3785/3785/3785
f 3731/3731/3731 3785/3785/3785 3777/3777/3777
f 3673/3673/3673 3672/3672/3672 3785/3785/3785
f 3785/3785/3785 3672/3672/3672 3784/3784/3784
f 3663/3663/3663 3777/3777/3777 3662/3662/3662
f 3663/3663/3663 3662/3662/3662 3661/3661/3661
f 3661/3661/3661 3662/3662/3662 3627/3627/3627
f 3777/3777/3777 3785/3785/3785 3776/3776/3776
f 3777/3777/3777 3776/3776/3776 3662/3662/3662
f 3785/3785/3785 3784/3784/3784 3776/3776/3776
f 3662/3662/3662 3633/3633/3633 3627/3627/3627
f 3662/3662/3662 3776/3776/3776 3633/3633/3633
f 3776/3776/3776 3784/3784/3784 3632/3632/3632
f 3776/3776/3776 3632/3632/3632 3633/3633/3633
f 3784/3784/3784 3851/3851/3851 3632/3632/3632
f 3627/3627/3627 3633/3633/3633 3626/3626/3626
f 3633/3633/3633 3632/3632/3632 3626/3626/3626
f 3627/3627/3627 3626/3626/3626 3625/3625/3625
f 3851/3851/3851 3856/3856/3856 3632/3632/3632
f 3625/3625/3625 3626/3626/3626 3537/3537/3537
f 3625/3625/3625 3537/3537/3537 3538/3538/3538
f 3632/3632/3632 3631/3631/3631 3626/3626/3626
f 3626/3626/3626 3631/3631/3631 3537/3537/3537
f 3538/3538/3538 3537/3537/3537 3535/3535/3535
f 3645/3645/3645 3631/3631/3631 3632/3632/3632
f 3856/3856/3856 3645/3645/3645 3632/3632/3632
f 3631/3631/3631 3645/3645/3645 3537/3537/3537
f 3856/3856/3856 3547/3547/3547 3645/3645/3645
f 3537/3537/3537 3536/3536/3536 3535/3535/3535
f 3535/3535/3535 3536/3536/3536 3855/3855/3855
f 3547/3547/3547 3644/3644/3644 3645/3645/3645
f 3645/3645/3645 3644/3644/3644 3537/3537/3537
f 3536/3536/3536 3642/3642/3642 3855/3855/3855
f 3642/3642/3642 3536/3536/3536 3537/3537/3537
f 3855/3855/3855 3642/3642/3642 3597/3597/3597
f 3597/3597/3597 3642/3642/3642 3537/3537/3537
f 3594/3594/3594 3855/3855/3855 3597/3597/3597
f 3644/3644/3644 3643/3643/3643 3537/3537/3537
f 3643/3643/3643 3597/3597/3597 3537/3537/3537
f 3547/3547/3547 3548/3548/3548 3644/3644/3644
f 3548/3548/3548 3643/3643/3643 3644/3644/3644
f 3549/3549/3549 3548/3548/3548 3547/3547/3547
f 3548/3548/3548 3549/3549/3549 3594/3594/3594
f 3596/3596/3596 3597/3597/3597 3643/3643/3643
f 3596/3596/3596 3594/3594/3594 3597/3597/3597
f 3548/3548/3548 3596/3596/3596 3643/3643/3643
f 3596/3596/3596 3548/3548/3548 3594/3594/3594
