# VPXTOOL table OBJ file
# VPXTOOL OBJ file
# numVerts: 1279 numFaces: 2392
o PinCab_Buttons
v -0.998774 0.030929 -2.127478
v -1.014174 0.030853 -2.127566
v -1.014174 0.030867 -2.127511
v -0.998774 0.030909 -2.127615
v -0.998774 0.030792 -2.127452
v -1.014174 0.030829 -2.127518
v -0.998774 0.030772 -2.12759
v -1.014176 0.030869 -2.127556
v -1.01443 0.038217 -2.126617
v -1.014175 0.030867 -2.12751
v -1.014437 0.035598 -2.133056
v -1.014437 0.034135 -2.121034
v -1.014437 0.030304 -2.134796
v -1.014437 0.028578 -2.120615
v -1.014174 0.030828 -2.127549
v -1.014174 0.03083 -2.127517
v -1.014437 0.025329 -2.132282
v -1.01443 0.023696 -2.125561
v -1.015008 0.019033 -2.13124
v -1.015001 0.018619 -2.125272
v -1.015008 0.021203 -2.119766
v -1.015876 0.01533 -2.121105
v -1.015833 0.014243 -2.12598
v -1.015833 0.017905 -2.117015
v -1.015001 0.025935 -2.116107
v -1.015876 0.021517 -2.113565
v -1.015833 0.02593 -2.111595
v -1.015008 0.031949 -2.115197
v -1.015876 0.030851 -2.110734
v -1.015008 0.036586 -2.116556
v -1.015833 0.035614 -2.111548
v -1.015008 0.040351 -2.119587
v -1.015876 0.040184 -2.113565
v -1.015833 0.043693 -2.116889
v -1.015008 0.042669 -2.123827
v -1.015833 0.046789 -2.122613
v -1.015001 0.043083 -2.129795
v -1.015833 0.047459 -2.129087
v -1.015008 0.040498 -2.135301
v -1.015876 0.046371 -2.133962
v -1.015833 0.043797 -2.138052
v -1.015001 0.035766 -2.13896
v -1.015876 0.040184 -2.141502
v -1.015833 0.035771 -2.143472
v -1.015008 0.029752 -2.139871
v -1.015876 0.030851 -2.144333
v -1.015008 0.025115 -2.138511
v -1.015833 0.026087 -2.143519
v -1.015008 0.021351 -2.135481
v -1.015876 0.021517 -2.141502
v -1.015833 0.018009 -2.138179
v -1.015833 0.014913 -2.132454
v -1.017183 0.012249 -2.139971
v -1.017183 0.015033 -2.143361
v -1.017183 0.01018 -2.136103
v -1.017183 0.008905 -2.131906
v -1.017183 0.008474 -2.12754
v -1.017183 0.008903 -2.123175
v -1.017235 0.009871 -2.118973
v -1.017183 0.012241 -2.115107
v -1.017183 0.015022 -2.111715
v -1.017235 0.018163 -2.108761
v -1.017183 0.022281 -2.106862
v -1.017183 0.026478 -2.105587
v -1.017235 0.030731 -2.104876
v -1.017183 0.03521 -2.105585
v -1.017183 0.039408 -2.106857
v -1.017235 0.043339 -2.108628
v -1.017183 0.046669 -2.111706
v -1.017183 0.049453 -2.115096
v -1.017235 0.051739 -2.118752
v -1.017183 0.052796 -2.123162
v -1.017183 0.053228 -2.127527
v -1.017183 0.052799 -2.131893
v -1.017183 0.051527 -2.136091
v -1.017235 0.049758 -2.140023
v -1.017183 0.046678 -2.143352
v -1.017183 0.043288 -2.146136
v -1.017235 0.039633 -2.148422
v -1.017183 0.035223 -2.149479
v -1.017183 0.030857 -2.14991
v -1.017183 0.026492 -2.149482
v -1.017183 0.022294 -2.14821
v -1.017235 0.018362 -2.146441
v -1.017224 0.033436 -2.150396
v -1.017224 0.02449 -2.149645
v -1.017224 0.013278 -2.142385
v -1.017224 0.008932 -2.134529
v -1.017224 0.007924 -2.125609
v -1.017224 0.012856 -2.113196
v -1.017224 0.023854 -2.105615
v -1.017224 0.03721 -2.105422
v -1.017224 0.048423 -2.112682
v -1.017224 0.053713 -2.124949
v -1.017224 0.052962 -2.133895
v -1.017224 0.045701 -2.145107
v -1.017035 0.039975 -2.149561
v -1.017035 0.035502 -2.150918
v -1.017035 0.030851 -2.151376
v -1.017035 0.026199 -2.150918
v -1.017035 0.021727 -2.149561
v -1.017035 0.017605 -2.147358
v -1.016519 0.02605 -2.151668
v -1.017035 0.013992 -2.144392
v -1.016519 0.021434 -2.150268
v -1.016519 0.017179 -2.147994
v -1.017035 0.011027 -2.14078
v -1.016519 0.013451 -2.144934
v -1.017035 0.008824 -2.136658
v -1.016519 0.01039 -2.141205
v -1.017035 0.007467 -2.132185
v -1.016519 0.008116 -2.13695
v -1.017035 0.007009 -2.127534
v -1.016519 0.006716 -2.132334
v -1.017035 0.007467 -2.122882
v -1.016519 0.006243 -2.127534
v -1.017035 0.008824 -2.11841
v -1.016519 0.006716 -2.122733
v -1.017035 0.011027 -2.114288
v -1.016519 0.008116 -2.118117
v -1.017035 0.013992 -2.110675
v -1.016519 0.01039 -2.113863
v -1.017035 0.017605 -2.10771
v -1.016519 0.013451 -2.110133
v -1.017035 0.021727 -2.105506
v -1.016519 0.017179 -2.107073
v -1.017035 0.026199 -2.10415
v -1.016519 0.021434 -2.104799
v -1.017035 0.030851 -2.103692
v -1.016519 0.02605 -2.103399
v -1.017035 0.035502 -2.10415
v -1.016519 0.030851 -2.102926
v -1.017035 0.039975 -2.105506
v -1.016519 0.035651 -2.103399
v -1.017035 0.044097 -2.10771
v -1.016519 0.040268 -2.104799
v -1.017035 0.04771 -2.110675
v -1.016519 0.044522 -2.107073
v -1.017035 0.050675 -2.114288
v -1.016519 0.048251 -2.110133
v -1.017035 0.052878 -2.11841
v -1.016519 0.051311 -2.113863
v -1.017035 0.054235 -2.122882
v -1.016519 0.053585 -2.118117
v -1.017035 0.054693 -2.127534
v -1.016519 0.054985 -2.122733
v -1.017035 0.054235 -2.132185
v -1.016519 0.055458 -2.127534
v -1.017035 0.052878 -2.136658
v -1.016519 0.054985 -2.132334
v -1.017035 0.050675 -2.14078
v -1.016519 0.053585 -2.13695
v -1.017035 0.04771 -2.144392
v -1.016519 0.051311 -2.141205
v -1.017035 0.044097 -2.147358
v -1.016519 0.048251 -2.144934
v -1.016519 0.044522 -2.147994
v -1.016519 0.040268 -2.150268
v -1.015524 0.048724 -2.145343
v -1.016519 0.035651 -2.151668
v -1.015524 0.044907 -2.148487
v -1.015524 0.040549 -2.150827
v -1.016519 0.030851 -2.152141
v -1.015524 0.035818 -2.152271
v -1.015524 0.030897 -2.152765
v -1.015524 0.025973 -2.152289
v -1.015524 0.021237 -2.150862
v -1.015524 0.016871 -2.148538
v -0.998727 0.030851 -2.152867
v -0.998727 0.035793 -2.15238
v -0.998727 0.025909 -2.15238
v -0.998727 0.040545 -2.150938
v -0.998727 0.021156 -2.150938
v -0.998727 0.044925 -2.148597
v -0.998727 0.016777 -2.148597
v -0.998727 0.048764 -2.145447
v -0.998727 0.051914 -2.141608
v -1.015524 0.051855 -2.141513
v -0.998727 0.054255 -2.137228
v -1.015524 0.054179 -2.137147
v -0.998727 0.055697 -2.132476
v -1.014818 0.055679 -2.132472
v -0.998727 0.056184 -2.127534
v -1.015754 0.055492 -2.132435
v -1.015524 0.056082 -2.127488
v -0.998727 0.055697 -2.122591
v -1.015524 0.055588 -2.122566
v -0.998727 0.054255 -2.117839
v -1.014818 0.054238 -2.117846
v -0.998727 0.051914 -2.113459
v -1.015754 0.054063 -2.117919
v -1.015524 0.051804 -2.113478
v -0.998727 0.048764 -2.109621
v -1.015524 0.04866 -2.10966
v -0.998727 0.044925 -2.10647
v -1.015524 0.04483 -2.106529
v -0.998727 0.040545 -2.104129
v -1.015524 0.040464 -2.104205
v -0.998727 0.035793 -2.102687
v -1.015524 0.035728 -2.102778
v -0.998727 0.030851 -2.102201
v -1.015524 0.030805 -2.102302
v -0.998727 0.025909 -2.102687
v -1.015524 0.025883 -2.102796
v -0.998727 0.021156 -2.104129
v -1.015524 0.021153 -2.10424
v -0.998727 0.016777 -2.10647
v -1.015524 0.016795 -2.10658
v -0.998727 0.012938 -2.109621
v -1.015524 0.012977 -2.109725
v -0.998727 0.009787 -2.113459
v -1.015524 0.009846 -2.113554
v -0.998727 0.007446 -2.117839
v -1.015524 0.007523 -2.11792
v -0.998727 0.006005 -2.122591
v -1.014818 0.006023 -2.122595
v -0.998727 0.005518 -2.127534
v -1.015754 0.006209 -2.122632
v -1.015524 0.005619 -2.127579
v -0.998727 0.006005 -2.132476
v -1.015524 0.006113 -2.132501
v -0.998727 0.007446 -2.137228
v -1.014818 0.007463 -2.137221
v -0.998727 0.009787 -2.141608
v -1.015754 0.007639 -2.137148
v -1.015524 0.009897 -2.14159
v -0.998727 0.012938 -2.145447
v -1.015524 0.013042 -2.145407
v -0.998774 0.030944 -2.127534
v -0.998774 0.030909 -2.127463
v -0.998774 0.030909 -2.127605
v -0.998774 0.030851 -2.127443
v -0.998774 0.030851 -2.127625
v -0.998774 0.030792 -2.127463
v -0.998774 0.030792 -2.127605
v -0.998774 0.030758 -2.127534
v -0.99863 0.068068 -2.127533
v -0.998415 0.056896 -2.127533
v -0.998415 0.056393 -2.122422
v -0.99863 0.06735 -2.120243
v -0.99863 0.06735 -2.134825
v -0.998415 0.054902 -2.117507
v -0.998415 0.056393 -2.132645
v -0.99863 0.065224 -2.113232
v -0.99863 0.065224 -2.141835
v -0.998415 0.052481 -2.112977
v -0.998415 0.054902 -2.13756
v -0.99863 0.06177 -2.106771
v -0.99863 0.06177 -2.148296
v -0.998415 0.049223 -2.109007
v -0.998415 0.052481 -2.14209
v -0.99863 0.057122 -2.101107
v -0.99863 0.057122 -2.15396
v -0.998415 0.045252 -2.105749
v -0.998415 0.049223 -2.14606
v -0.99863 0.051459 -2.09646
v -0.99863 0.051459 -2.158607
v -0.998415 0.040723 -2.103328
v -0.998415 0.045252 -2.149318
v -0.99863 0.044998 -2.093006
v -0.99863 0.044998 -2.162061
v -0.998415 0.035808 -2.101837
v -0.998415 0.040723 -2.151739
v -0.99863 0.037987 -2.090879
v -0.99863 0.037987 -2.164188
v -0.998415 0.030696 -2.101333
v -0.998415 0.035808 -2.15323
v -0.99863 0.030696 -2.090161
v -0.99863 0.030696 -2.164906
v -0.998415 0.025585 -2.101837
v -0.998415 0.030696 -2.153734
v -0.99863 0.023405 -2.090879
v -0.99863 0.023405 -2.164188
v -0.998415 0.02067 -2.103328
v -0.998415 0.025585 -2.15323
v -0.99863 0.016394 -2.093006
v -0.99863 0.016394 -2.162061
v -0.998415 0.01614 -2.105749
v -0.998415 0.02067 -2.151739
v -0.99863 0.009933 -2.09646
v -0.99863 0.009933 -2.158607
v -0.998415 0.01217 -2.109007
v -0.998415 0.01614 -2.149318
v -0.99863 0.00427 -2.101107
v -0.99863 0.00427 -2.15396
v -0.998415 0.008911 -2.112977
v -0.998415 0.01217 -2.14606
v -0.99863 -0.000378 -2.106771
v -0.99863 -0.000378 -2.148296
v -0.998415 0.00649 -2.117507
v -0.998415 0.008911 -2.14209
v -0.99863 -0.003831 -2.113232
v -0.99863 -0.003831 -2.141835
v -0.998415 0.004999 -2.122422
v -0.998415 0.00649 -2.13756
v -0.99863 -0.005958 -2.120243
v -0.99863 -0.005958 -2.134825
v -0.998415 0.004496 -2.127533
v -0.998415 0.004999 -2.132645
v -0.99863 -0.006676 -2.127533
v -1.006002 0.056864 -2.127535
v -1.006002 0.056361 -2.122429
v -1.006002 0.054873 -2.11752
v -1.006002 0.056361 -2.13264
v -1.006003 0.052455 -2.112996
v -1.006002 0.054872 -2.137548
v -1.006002 0.0492 -2.109031
v -1.006002 0.052453 -2.142072
v -1.006002 0.045235 -2.105776
v -1.006002 0.049199 -2.146038
v -1.006002 0.040711 -2.103358
v -1.006002 0.045233 -2.149292
v -1.006002 0.035802 -2.101869
v -1.006002 0.040709 -2.15171
v -1.006002 0.030697 -2.101366
v -1.006002 0.0358 -2.153199
v -1.006002 0.025592 -2.101868
v -1.006002 0.030695 -2.153702
v -1.006002 0.020683 -2.103357
v -1.006002 0.02559 -2.153198
v -1.006002 0.016159 -2.105775
v -1.006002 0.020681 -2.151709
v -1.006002 0.012193 -2.109029
v -1.006002 0.016157 -2.149291
v -1.006002 0.008939 -2.112994
v -1.006002 0.012192 -2.146036
v -1.006002 0.006521 -2.117518
v -1.006002 0.008938 -2.142071
v -1.006002 0.005031 -2.122427
v -1.006002 0.00652 -2.137547
v -1.006002 0.004528 -2.127532
v -1.006002 0.005031 -2.132638
v -1.007058 0.011839 -2.146412
v -1.007058 0.015884 -2.149729
v -1.007058 0.020499 -2.152192
v -1.007058 0.025505 -2.153707
v -1.007058 0.030711 -2.154217
v -1.007058 0.035917 -2.153702
v -1.007058 0.040921 -2.15218
v -1.007058 0.045533 -2.149712
v -1.007058 0.049575 -2.146391
v -1.007058 0.052891 -2.142346
v -1.007058 0.055354 -2.137731
v -1.007058 0.05687 -2.132725
v -1.007058 0.05738 -2.127518
v -1.007058 0.056864 -2.122313
v -1.007058 0.055343 -2.117308
v -1.007058 0.052874 -2.112696
v -1.007058 0.049554 -2.108655
v -1.007058 0.045508 -2.105339
v -1.007058 0.040894 -2.102875
v -1.007058 0.035887 -2.10136
v -1.007058 0.030681 -2.10085
v -1.007058 0.025476 -2.101366
v -1.007058 0.020471 -2.102887
v -1.007058 0.015859 -2.105355
v -1.007058 0.011817 -2.108676
v -1.007058 0.008501 -2.112721
v -1.007058 0.006038 -2.117336
v -1.007058 0.004522 -2.122343
v -1.007058 0.004013 -2.127548
v -1.007058 0.004528 -2.132754
v -1.007058 0.006049 -2.137759
v -1.007058 0.008518 -2.14237
v -1.007377 0.011598 -2.146759
v -1.007377 0.015716 -2.150115
v -1.007377 0.020409 -2.152604
v -1.007377 0.025498 -2.154129
v -1.007377 0.030786 -2.154632
v -1.007377 0.036071 -2.154094
v -1.007377 0.04115 -2.152535
v -1.007377 0.045826 -2.150015
v -1.007377 0.049921 -2.146631
v -1.007377 0.053278 -2.142514
v -1.007377 0.055767 -2.137821
v -1.007377 0.057292 -2.132732
v -1.007377 0.057795 -2.127444
v -1.007377 0.057257 -2.122159
v -1.007377 0.055698 -2.11708
v -1.007377 0.053178 -2.112403
v -1.007377 0.049794 -2.108308
v -1.007377 0.045677 -2.104952
v -1.007377 0.040983 -2.102463
v -1.007377 0.035895 -2.100938
v -1.007377 0.030606 -2.100435
v -1.007377 0.025321 -2.100973
v -1.007377 0.020243 -2.102532
v -1.007377 0.015566 -2.105052
v -1.007377 0.011471 -2.108435
v -1.007377 0.008114 -2.112553
v -1.007377 0.005626 -2.117246
v -1.007377 0.004101 -2.122335
v -1.007377 0.003597 -2.127624
v -1.007377 0.004136 -2.132908
v -1.007377 0.005695 -2.137987
v -1.007377 0.008214 -2.142663
v -1.007331 0.012401 -2.15056
v -1.007331 0.022605 -2.155809
v -1.007331 0.034041 -2.156753
v -1.007331 0.044969 -2.153249
v -1.007331 0.053723 -2.145829
v -1.007329 0.057765 -2.138746
v -1.007331 0.060007 -2.129953
v -1.007329 0.059432 -2.121818
v -1.007331 0.056411 -2.113261
v -1.007331 0.048992 -2.104506
v -1.007329 0.041908 -2.100465
v -1.007331 0.033115 -2.098223
v -1.007331 0.021715 -2.099528
v -1.007331 0.011681 -2.105097
v -1.007329 0.006335 -2.111256
v -1.007331 0.002421 -2.119442
v -1.007329 0.001397 -2.127533
v -1.007331 0.002691 -2.136515
v -1.007054 -0.000467 -2.127533
v -1.007054 0.000132 -2.133613
v -1.007054 0.001905 -2.139459
v -1.007329 0.006335 -2.143811
v -1.007054 0.004785 -2.144847
v -1.007054 0.008661 -2.149569
v -1.007054 0.013383 -2.153444
v -1.006392 0.007456 -2.150774
v -1.007054 0.018771 -2.156324
v -1.006392 0.012436 -2.154861
v -1.006392 0.018119 -2.157899
v -1.007054 0.024617 -2.158098
v -1.006392 0.024284 -2.159769
v -1.007054 0.030696 -2.158696
v -1.006392 0.030696 -2.1604
v -1.007054 0.036776 -2.158098
v -1.006392 0.037108 -2.159769
v -1.007054 0.042622 -2.156324
v -1.006392 0.043274 -2.157899
v -1.007054 0.048009 -2.153444
v -1.006392 0.048956 -2.154861
v -1.007054 0.052731 -2.149569
v -1.006392 0.053937 -2.150774
v -1.007054 0.056607 -2.144847
v -1.006392 0.058024 -2.145793
v -1.007054 0.059487 -2.139459
v -1.006392 0.061061 -2.140111
v -1.007054 0.06126 -2.133613
v -1.006392 0.062932 -2.133945
v -1.007054 0.061859 -2.127533
v -1.006392 0.063563 -2.127533
v -1.007054 0.06126 -2.121454
v -1.006392 0.062932 -2.121121
v -1.007054 0.059487 -2.115608
v -1.006392 0.061061 -2.114956
v -1.007054 0.056607 -2.11022
v -1.006392 0.058024 -2.109273
v -1.007054 0.052731 -2.105498
v -1.006392 0.053937 -2.104293
v -1.007054 0.048009 -2.101623
v -1.006392 0.048956 -2.100206
v -1.007054 0.042622 -2.098743
v -1.006392 0.043274 -2.097168
v -1.007054 0.036776 -2.09697
v -1.006392 0.037108 -2.095298
v -1.007054 0.030696 -2.096371
v -1.006392 0.030696 -2.094666
v -1.007054 0.024617 -2.09697
v -1.006392 0.024284 -2.095298
v -1.007054 0.018771 -2.098743
v -1.006392 0.018119 -2.097168
v -1.007054 0.013383 -2.101623
v -1.006392 0.012436 -2.100206
v -1.007054 0.008661 -2.105498
v -1.006392 0.007456 -2.104293
v -1.007054 0.004785 -2.11022
v -1.006392 0.003368 -2.109274
v -1.007054 0.001905 -2.115608
v -1.006392 0.000331 -2.114956
v -1.007054 0.000132 -2.121454
v -1.006392 -0.001539 -2.121121
v -1.006392 -0.002171 -2.127533
v -1.006392 -0.001539 -2.133945
v -1.005393 -0.003669 -2.127533
v -1.006392 0.000331 -2.140111
v -1.005393 -0.003009 -2.134238
v -1.005393 -0.001053 -2.140685
v -1.006392 0.003368 -2.145793
v -1.005393 0.002122 -2.146626
v -1.005393 0.006396 -2.151834
v -1.005393 0.011604 -2.156107
v -1.004104 0.005515 -2.152714
v -1.005393 0.017545 -2.159283
v -1.004104 0.010912 -2.157143
v -1.004104 0.017068 -2.160434
v -1.005393 0.023992 -2.161238
v -1.004104 0.023749 -2.162461
v -1.005393 0.030696 -2.161899
v -1.004104 0.030696 -2.163145
v -1.005393 0.0374 -2.161238
v -1.004104 0.037644 -2.162461
v -1.005393 0.043847 -2.159283
v -1.004104 0.044324 -2.160434
v -1.005393 0.049788 -2.156107
v -1.004104 0.050481 -2.157143
v -1.005393 0.054996 -2.151834
v -1.004104 0.055877 -2.152714
v -1.005393 0.05927 -2.146626
v -1.004104 0.060306 -2.147318
v -1.005393 0.062446 -2.140685
v -1.004104 0.063597 -2.141161
v -1.005393 0.064401 -2.134238
v -1.004104 0.065623 -2.134481
v -1.005393 0.065061 -2.127533
v -1.004104 0.066307 -2.127533
v -1.005393 0.064401 -2.120829
v -1.004104 0.065623 -2.120586
v -1.005393 0.062446 -2.114383
v -1.004104 0.063597 -2.113906
v -1.005393 0.05927 -2.108441
v -1.004104 0.060306 -2.107749
v -1.005393 0.054996 -2.103234
v -1.004104 0.055877 -2.102352
v -1.005393 0.049788 -2.09896
v -1.004104 0.050481 -2.097924
v -1.005393 0.043847 -2.095784
v -1.004104 0.044324 -2.094633
v -1.005393 0.0374 -2.093828
v -1.004104 0.037644 -2.092606
v -1.005393 0.030696 -2.093168
v -1.004104 0.030696 -2.091922
v -1.005393 0.023992 -2.093828
v -1.004104 0.023749 -2.092606
v -1.005393 0.017545 -2.095784
v -1.004104 0.017068 -2.094633
v -1.005393 0.011604 -2.09896
v -1.004104 0.010912 -2.097924
v -1.005393 0.006396 -2.103234
v -1.004104 0.005515 -2.102352
v -1.005393 0.002122 -2.108441
v -1.004104 0.001086 -2.107749
v -1.005393 -0.001053 -2.114383
v -1.004104 -0.002204 -2.113906
v -1.005393 -0.003009 -2.120829
v -1.004104 -0.004231 -2.120586
v -1.004104 -0.004915 -2.127533
v -1.004104 -0.004231 -2.134481
v -1.002572 -0.005863 -2.127533
v -1.004104 -0.002204 -2.141161
v -1.002572 -0.00516 -2.134666
v -1.002572 -0.00308 -2.141524
v -1.004104 0.001086 -2.147318
v -1.002572 0.000299 -2.147844
v -1.002572 0.004845 -2.153384
v -1.002572 0.010385 -2.157931
v -1.000846 0.004419 -2.15381
v -1.002572 0.016706 -2.161309
v -1.000846 0.010051 -2.158432
v -1.000846 0.016475 -2.161866
v -1.002572 0.023564 -2.16339
v -1.000846 0.023446 -2.16398
v -1.002572 0.030696 -2.164092
v -1.000846 0.030696 -2.164695
v -1.002572 0.037828 -2.16339
v -1.000846 0.037946 -2.16398
v -1.002572 0.044687 -2.161309
v -1.000846 0.044917 -2.161866
v -1.002572 0.051007 -2.157931
v -1.000846 0.051342 -2.158432
v -1.002572 0.056547 -2.153384
v -1.000846 0.056973 -2.15381
v -1.002572 0.061094 -2.147844
v -1.000846 0.061595 -2.148179
v -1.002572 0.064472 -2.141524
v -1.000846 0.065029 -2.141754
v -1.002572 0.066552 -2.134666
v -1.000846 0.067143 -2.134783
v -1.002572 0.067255 -2.127533
v -1.000846 0.067857 -2.127533
v -1.002572 0.066552 -2.120401
v -1.000846 0.067143 -2.120284
v -1.002572 0.064472 -2.113543
v -1.000846 0.065029 -2.113312
v -1.002572 0.061094 -2.107223
v -1.000846 0.061595 -2.106888
v -1.002572 0.056547 -2.101683
v -1.000846 0.056973 -2.101257
v -1.002572 0.051007 -2.097136
v -1.000846 0.051342 -2.096635
v -1.002572 0.044687 -2.093758
v -1.000846 0.044917 -2.093201
v -1.002572 0.037828 -2.091677
v -1.000846 0.037946 -2.091086
v -1.002572 0.030696 -2.090975
v -1.000846 0.030696 -2.090372
v -1.002572 0.023564 -2.091677
v -1.000846 0.023446 -2.091086
v -1.002572 0.016706 -2.093758
v -1.000846 0.016475 -2.093201
v -1.002572 0.010385 -2.097136
v -1.000846 0.01005 -2.096635
v -1.002572 0.004845 -2.101683
v -1.000846 0.004419 -2.101257
v -1.002572 0.000299 -2.107223
v -1.000846 -0.000202 -2.106888
v -1.002572 -0.00308 -2.113543
v -1.000846 -0.003636 -2.113312
v -1.002572 -0.00516 -2.120401
v -1.000846 -0.005751 -2.120284
v -1.000846 -0.006465 -2.127533
v -1.000846 -0.005751 -2.134783
v -0.99863 -0.006689 -2.127504
v -1.000846 -0.003636 -2.141754
v -0.99863 -0.005976 -2.134798
v -0.99863 -0.003854 -2.141813
v -1.000846 -0.000202 -2.148179
v -0.99863 -0.000404 -2.148279
v -0.99863 -0.005965 -2.120211
v -0.99863 0.00424 -2.153948
v -0.99863 -0.003832 -2.1132
v -0.99863 0.009902 -2.158602
v -0.99863 -0.000372 -2.106739
v -0.99863 0.016363 -2.162061
v -0.99863 0.004282 -2.101078
v -0.99863 0.023374 -2.164194
v -0.99863 0.009951 -2.096433
v -0.99863 0.030667 -2.164918
v -0.99863 0.016417 -2.092983
v -0.99863 0.037961 -2.164206
v -0.99863 0.023432 -2.090861
v -0.99863 0.044976 -2.162084
v -0.99863 0.030726 -2.090149
v -0.99863 0.051442 -2.158634
v -0.99863 0.038018 -2.090873
v -0.99863 0.05711 -2.153989
v -0.99863 0.04503 -2.093006
v -0.99863 0.061764 -2.148328
v -0.99863 0.05149 -2.096466
v -0.99863 0.065224 -2.141867
v -0.99863 0.057152 -2.101119
v -0.99863 0.067357 -2.134856
v -0.99863 0.061797 -2.106788
v -0.99863 0.068081 -2.127563
v -0.99863 0.065246 -2.113254
v -0.99863 0.067368 -2.120269
v 0.038448 0.056896 -2.127533
v 0.046035 0.056361 -2.122429
v 0.046035 0.056864 -2.127535
v 0.038448 0.056393 -2.122422
v 0.038448 0.056393 -2.132645
v 0.046035 0.054872 -2.11752
v 0.038448 0.054902 -2.117507
v 0.046035 0.056361 -2.13264
v 0.038448 0.054902 -2.13756
v 0.046035 0.052454 -2.112996
v 0.038448 0.052481 -2.112977
v 0.046035 0.054872 -2.137548
v 0.038448 0.052481 -2.14209
v 0.046035 0.0492 -2.109031
v 0.038448 0.049222 -2.109007
v 0.046035 0.052453 -2.142072
v 0.038448 0.049223 -2.14606
v 0.046035 0.045235 -2.105776
v 0.038448 0.045252 -2.105749
v 0.046035 0.049199 -2.146038
v 0.038448 0.045252 -2.149318
v 0.046035 0.040711 -2.103358
v 0.038448 0.040722 -2.103328
v 0.046035 0.045233 -2.149292
v 0.038448 0.040723 -2.151739
v 0.046035 0.035802 -2.101869
v 0.038448 0.035807 -2.101837
v 0.046035 0.040709 -2.15171
v 0.038448 0.035807 -2.15323
v 0.046035 0.030697 -2.101366
v 0.038448 0.030696 -2.101333
v 0.046035 0.0358 -2.153199
v 0.038448 0.030696 -2.153734
v 0.046035 0.025592 -2.101868
v 0.038448 0.025585 -2.101837
v 0.046035 0.030695 -2.153701
v 0.038448 0.025585 -2.15323
v 0.046035 0.020683 -2.103357
v 0.038448 0.02067 -2.103328
v 0.046035 0.02559 -2.153198
v 0.038448 0.02067 -2.151739
v 0.046035 0.016159 -2.105775
v 0.038448 0.01614 -2.105749
v 0.046035 0.020681 -2.151709
v 0.038448 0.01614 -2.149318
v 0.046035 0.012193 -2.109029
v 0.038448 0.01217 -2.109007
v 0.046035 0.016157 -2.149291
v 0.038448 0.01217 -2.14606
v 0.046035 0.008939 -2.112994
v 0.038448 0.008911 -2.112977
v 0.046035 0.012192 -2.146036
v 0.038448 0.008911 -2.14209
v 0.046035 0.00652 -2.117518
v 0.038448 0.00649 -2.117507
v 0.046035 0.008938 -2.142071
v 0.038448 0.00649 -2.13756
v 0.046035 0.005031 -2.122427
v 0.038448 0.004999 -2.122422
v 0.046035 0.00652 -2.137547
v 0.038448 0.004999 -2.132645
v 0.046035 0.004528 -2.127532
v 0.038448 0.004496 -2.127533
v 0.046035 0.005031 -2.132638
v 0.047091 0.011839 -2.146412
v 0.047091 0.015884 -2.149728
v 0.047091 0.020499 -2.152191
v 0.047091 0.025505 -2.153707
v 0.047091 0.030711 -2.154217
v 0.047091 0.035916 -2.153701
v 0.047091 0.040921 -2.15218
v 0.047091 0.045533 -2.149712
v 0.047091 0.049575 -2.146391
v 0.047091 0.052891 -2.142346
v 0.047091 0.055354 -2.137731
v 0.047091 0.05687 -2.132725
v 0.047091 0.057379 -2.127519
v 0.047091 0.056864 -2.122313
v 0.047091 0.055343 -2.117308
v 0.047091 0.052874 -2.112696
v 0.047091 0.049553 -2.108655
v 0.047091 0.045508 -2.105339
v 0.047091 0.040894 -2.102875
v 0.047091 0.035887 -2.10136
v 0.047091 0.030681 -2.10085
v 0.047091 0.025476 -2.101366
v 0.047091 0.020471 -2.102887
v 0.047091 0.015859 -2.105355
v 0.047091 0.011817 -2.108676
v 0.047091 0.008501 -2.112721
v 0.047091 0.006038 -2.117336
v 0.047091 0.004522 -2.122342
v 0.047091 0.004012 -2.127548
v 0.047091 0.004528 -2.132754
v 0.047091 0.006049 -2.137759
v 0.047091 0.008518 -2.14237
v 0.04741 0.011598 -2.146759
v 0.04741 0.015716 -2.150115
v 0.04741 0.020409 -2.152604
v 0.04741 0.025498 -2.154129
v 0.04741 0.030786 -2.154632
v 0.04741 0.036071 -2.154094
v 0.04741 0.04115 -2.152535
v 0.04741 0.045826 -2.150015
v 0.04741 0.049921 -2.146631
v 0.04741 0.053278 -2.142514
v 0.04741 0.055766 -2.137821
v 0.04741 0.057292 -2.132732
v 0.04741 0.057795 -2.127444
v 0.04741 0.057257 -2.122159
v 0.04741 0.055698 -2.11708
v 0.04741 0.053178 -2.112403
v 0.04741 0.049794 -2.108308
v 0.04741 0.045676 -2.104952
v 0.04741 0.040983 -2.102463
v 0.04741 0.035894 -2.100938
v 0.04741 0.030606 -2.100435
v 0.04741 0.025321 -2.100973
v 0.04741 0.020243 -2.102532
v 0.04741 0.015566 -2.105052
v 0.04741 0.011471 -2.108435
v 0.04741 0.008114 -2.112553
v 0.04741 0.005626 -2.117246
v 0.04741 0.0041 -2.122335
v 0.04741 0.003597 -2.127624
v 0.04741 0.004136 -2.132909
v 0.04741 0.005695 -2.137987
v 0.04741 0.008214 -2.142663
v 0.047364 0.0124 -2.15056
v 0.047364 0.022605 -2.155809
v 0.047364 0.034041 -2.156753
v 0.047364 0.044969 -2.153249
v 0.047364 0.053723 -2.145829
v 0.047362 0.057765 -2.138746
v 0.047364 0.060007 -2.129953
v 0.047362 0.059432 -2.121818
v 0.047364 0.056411 -2.113261
v 0.047364 0.048992 -2.104507
v 0.047362 0.041908 -2.100465
v 0.047364 0.033116 -2.098223
v 0.047364 0.021715 -2.099528
v 0.047364 0.011681 -2.105096
v 0.047364 0.004543 -2.11408
v 0.047364 0.001385 -2.125114
v 0.047362 0.00196 -2.13325
v 0.047364 0.004981 -2.141806
v 0.047087 0.000132 -2.133613
v 0.047087 -0.000467 -2.127533
v 0.047087 0.001905 -2.139459
v 0.047087 0.004785 -2.144847
v 0.047087 0.008661 -2.149569
v 0.047087 0.013383 -2.153444
v 0.046426 0.007456 -2.150774
v 0.047087 0.018771 -2.156324
v 0.046426 0.012436 -2.154861
v 0.046426 0.018118 -2.157899
v 0.047087 0.024616 -2.158098
v 0.046426 0.024284 -2.159769
v 0.047087 0.030696 -2.158696
v 0.046426 0.030696 -2.1604
v 0.047087 0.036776 -2.158098
v 0.046426 0.037108 -2.159769
v 0.047087 0.042622 -2.156324
v 0.046426 0.043274 -2.157899
v 0.047087 0.048009 -2.153444
v 0.046426 0.048956 -2.154861
v 0.047087 0.052731 -2.149569
v 0.046426 0.053936 -2.150774
v 0.047087 0.056607 -2.144847
v 0.046426 0.058024 -2.145793
v 0.047087 0.059487 -2.139459
v 0.046426 0.061061 -2.140111
v 0.047087 0.06126 -2.133613
v 0.046426 0.062932 -2.133945
v 0.047087 0.061859 -2.127533
v 0.046426 0.063563 -2.127533
v 0.047087 0.06126 -2.121454
v 0.046426 0.062932 -2.121121
v 0.047087 0.059487 -2.115608
v 0.046426 0.061061 -2.114956
v 0.047087 0.056607 -2.11022
v 0.046426 0.058024 -2.109273
v 0.047087 0.052731 -2.105498
v 0.046426 0.053936 -2.104293
v 0.047087 0.048009 -2.101623
v 0.046426 0.048956 -2.100206
v 0.047087 0.042621 -2.098743
v 0.046426 0.043274 -2.097168
v 0.047087 0.036776 -2.09697
v 0.046426 0.037108 -2.095298
v 0.047087 0.030696 -2.096371
v 0.046426 0.030696 -2.094666
v 0.047087 0.024616 -2.09697
v 0.046426 0.024284 -2.095298
v 0.047087 0.018771 -2.098743
v 0.046426 0.018118 -2.097168
v 0.047087 0.013383 -2.101623
v 0.046426 0.012436 -2.100206
v 0.047087 0.008661 -2.105498
v 0.046426 0.007456 -2.104293
v 0.047087 0.004785 -2.11022
v 0.046426 0.003368 -2.109274
v 0.047087 0.001905 -2.115608
v 0.046426 0.000331 -2.114956
v 0.047087 0.000132 -2.121454
v 0.046426 -0.001539 -2.121121
v 0.046426 -0.002171 -2.127533
v 0.046426 -0.001539 -2.133945
v 0.045426 -0.003669 -2.127533
v 0.046426 0.000331 -2.140111
v 0.045426 -0.003009 -2.134238
v 0.045426 -0.001053 -2.140685
v 0.046426 0.003368 -2.145793
v 0.045426 0.002122 -2.146626
v 0.045426 0.006396 -2.151834
v 0.045426 0.011604 -2.156107
v 0.044137 0.005515 -2.152714
v 0.045426 0.017545 -2.159283
v 0.044137 0.010911 -2.157143
v 0.044137 0.017068 -2.160434
v 0.045426 0.023992 -2.161238
v 0.044137 0.023749 -2.162461
v 0.045426 0.030696 -2.161899
v 0.044137 0.030696 -2.163145
v 0.045426 0.0374 -2.161238
v 0.044137 0.037643 -2.162461
v 0.045426 0.043847 -2.159283
v 0.044137 0.044324 -2.160434
v 0.045426 0.049788 -2.156107
v 0.044137 0.050481 -2.157143
v 0.045426 0.054996 -2.151834
v 0.044137 0.055877 -2.152714
v 0.045426 0.05927 -2.146626
v 0.044137 0.060306 -2.147318
v 0.045426 0.062446 -2.140685
v 0.044137 0.063597 -2.141161
v 0.045426 0.064401 -2.134238
v 0.044137 0.065623 -2.134481
v 0.045426 0.065061 -2.127533
v 0.044137 0.066307 -2.127533
v 0.045426 0.064401 -2.120829
v 0.044137 0.065623 -2.120586
v 0.045426 0.062445 -2.114383
v 0.044137 0.063597 -2.113906
v 0.045426 0.05927 -2.108441
v 0.044137 0.060306 -2.107749
v 0.045426 0.054996 -2.103234
v 0.044137 0.055877 -2.102352
v 0.045426 0.049788 -2.09896
v 0.044137 0.050481 -2.097924
v 0.045426 0.043847 -2.095784
v 0.044137 0.044324 -2.094633
v 0.045426 0.0374 -2.093828
v 0.044137 0.037643 -2.092606
v 0.045426 0.030696 -2.093168
v 0.044137 0.030696 -2.091922
v 0.045426 0.023992 -2.093828
v 0.044137 0.023749 -2.092606
v 0.045426 0.017545 -2.095784
v 0.044137 0.017068 -2.094633
v 0.045426 0.011604 -2.09896
v 0.044137 0.010911 -2.097924
v 0.045426 0.006396 -2.103234
v 0.044137 0.005515 -2.102352
v 0.045426 0.002122 -2.108441
v 0.044137 0.001086 -2.107749
v 0.045426 -0.001053 -2.114383
v 0.044137 -0.002205 -2.113906
v 0.045426 -0.003009 -2.120829
v 0.044137 -0.004231 -2.120586
v 0.044137 -0.004915 -2.127533
v 0.044137 -0.004231 -2.134481
v 0.042605 -0.005863 -2.127533
v 0.044137 -0.002205 -2.141161
v 0.042605 -0.00516 -2.134666
v 0.042605 -0.00308 -2.141524
v 0.044137 0.001086 -2.147318
v 0.042605 0.000299 -2.147844
v 0.042605 0.004845 -2.153384
v 0.042605 0.010385 -2.157931
v 0.040879 0.004419 -2.15381
v 0.042605 0.016706 -2.161309
v 0.040879 0.01005 -2.158432
v 0.040879 0.016475 -2.161866
v 0.042605 0.023564 -2.16339
v 0.040879 0.023446 -2.16398
v 0.042605 0.030696 -2.164092
v 0.040879 0.030696 -2.164695
v 0.042605 0.037828 -2.16339
v 0.040879 0.037946 -2.16398
v 0.042605 0.044686 -2.161309
v 0.040879 0.044917 -2.161866
v 0.042605 0.051007 -2.157931
v 0.040879 0.051342 -2.158432
v 0.042605 0.056547 -2.153384
v 0.040879 0.056973 -2.15381
v 0.042605 0.061093 -2.147844
v 0.040879 0.061594 -2.148179
v 0.042605 0.064472 -2.141524
v 0.040879 0.065028 -2.141754
v 0.042605 0.066552 -2.134666
v 0.040879 0.067143 -2.134783
v 0.042605 0.067255 -2.127533
v 0.040879 0.067857 -2.127533
v 0.042605 0.066552 -2.120401
v 0.040879 0.067143 -2.120284
v 0.042605 0.064472 -2.113543
v 0.040879 0.065028 -2.113312
v 0.042605 0.061093 -2.107223
v 0.040879 0.061594 -2.106888
v 0.042605 0.056547 -2.101683
v 0.040879 0.056973 -2.101257
v 0.042605 0.051007 -2.097136
v 0.040879 0.051342 -2.096635
v 0.042605 0.044686 -2.093758
v 0.040879 0.044917 -2.093201
v 0.042605 0.037828 -2.091677
v 0.040879 0.037946 -2.091086
v 0.042605 0.030696 -2.090975
v 0.040879 0.030696 -2.090372
v 0.042605 0.023564 -2.091677
v 0.040879 0.023446 -2.091086
v 0.042605 0.016706 -2.093758
v 0.040879 0.016475 -2.093201
v 0.042605 0.010385 -2.097136
v 0.040879 0.01005 -2.096635
v 0.042605 0.004845 -2.101683
v 0.040879 0.004419 -2.101257
v 0.042605 0.000299 -2.107223
v 0.040879 -0.000202 -2.106888
v 0.042605 -0.00308 -2.113543
v 0.040879 -0.003636 -2.113312
v 0.042605 -0.00516 -2.120401
v 0.040879 -0.005751 -2.120284
v 0.040879 -0.006465 -2.127533
v 0.040879 -0.005751 -2.134783
v 0.038663 -0.006689 -2.127504
v 0.040879 -0.003636 -2.141754
v 0.038663 -0.005976 -2.134798
v 0.038663 -0.003854 -2.141813
v 0.040879 -0.000202 -2.148179
v 0.038663 -0.000405 -2.148279
v 0.038663 -0.005965 -2.120211
v 0.038663 0.00424 -2.153948
v 0.038663 -0.003832 -2.1132
v 0.038663 0.009902 -2.158602
v 0.038663 -0.000372 -2.106739
v 0.038663 0.016362 -2.162061
v 0.038663 0.004282 -2.101078
v 0.038663 0.023374 -2.164194
v 0.038663 0.009951 -2.096433
v 0.038663 0.030667 -2.164918
v 0.038663 0.016417 -2.092983
v 0.038663 0.037961 -2.164206
v 0.038663 0.023431 -2.090861
v 0.038663 0.044975 -2.162084
v 0.038663 0.030725 -2.090149
v 0.038663 0.051441 -2.158634
v 0.038663 0.038018 -2.090873
v 0.038663 0.05711 -2.153989
v 0.038663 0.04503 -2.093006
v 0.038663 0.061764 -2.148328
v 0.038663 0.05149 -2.096466
v 0.038663 0.065224 -2.141867
v 0.038663 0.057152 -2.101119
v 0.038663 0.067357 -2.134856
v 0.038663 0.061797 -2.106788
v 0.038663 0.068081 -2.127563
v 0.038663 0.065246 -2.113254
v 0.038663 0.067368 -2.120269
v 0.038663 0.068068 -2.127533
v 0.038663 0.06735 -2.120243
v 0.038663 0.06735 -2.134825
v 0.038663 0.065224 -2.113232
v 0.038663 0.065224 -2.141835
v 0.038663 0.06177 -2.106771
v 0.038663 0.06177 -2.148296
v 0.038663 0.057122 -2.101107
v 0.038663 0.057122 -2.15396
v 0.038663 0.051459 -2.09646
v 0.038663 0.051459 -2.158607
v 0.038663 0.044998 -2.093006
v 0.038663 0.044998 -2.162061
v 0.038663 0.037987 -2.090879
v 0.038663 0.037987 -2.164188
v 0.038663 0.030696 -2.090161
v 0.038663 0.030696 -2.164906
v 0.038663 0.023405 -2.090879
v 0.038663 0.023405 -2.164188
v 0.038663 0.016394 -2.093006
v 0.038663 0.016394 -2.162061
v 0.038663 0.009933 -2.09646
v 0.038663 0.009933 -2.158607
v 0.038663 0.00427 -2.101107
v 0.038663 0.00427 -2.15396
v 0.038663 -0.000378 -2.106771
v 0.038663 -0.000378 -2.148296
v 0.038663 -0.003831 -2.113232
v 0.038663 -0.003831 -2.141835
v 0.038663 -0.005958 -2.120243
v 0.038663 -0.005958 -2.134825
v 0.038663 -0.006676 -2.127533
v 0.038809 0.030929 -2.127477
v 0.054208 0.030867 -2.12756
v 0.038809 0.030876 -2.12764
v 0.054208 0.03086 -2.127506
v 0.038809 0.030765 -2.127468
v 0.054208 0.030822 -2.127532
v 0.054209 0.030873 -2.127519
v 0.054471 0.038113 -2.12808
v 0.054209 0.030874 -2.127546
v 0.054472 0.036772 -2.123403
v 0.054468 0.035084 -2.133545
v 0.054468 0.032108 -2.120289
v 0.054209 0.030845 -2.127507
v 0.054209 0.030843 -2.12756
v 0.054472 0.029585 -2.134642
v 0.054471 0.026103 -2.122012
v 0.054471 0.025329 -2.132281
v 0.054209 0.030824 -2.127531
v 0.054471 0.023588 -2.126987
v 0.055035 0.019424 -2.132449
v 0.055035 0.018619 -2.125272
v 0.055035 0.02408 -2.137969
v 0.055868 0.018008 -2.13818
v 0.055868 0.014911 -2.132454
v 0.055868 0.02306 -2.142284
v 0.055043 0.029752 -2.139871
v 0.055867 0.029297 -2.144142
v 0.055043 0.034557 -2.139352
v 0.055867 0.035771 -2.143472
v 0.055042 0.038799 -2.137033
v 0.055868 0.041496 -2.140376
v 0.055042 0.041828 -2.133269
v 0.055868 0.045601 -2.135325
v 0.055042 0.043188 -2.128632
v 0.055868 0.04746 -2.129087
v 0.055042 0.042669 -2.123827
v 0.055868 0.04679 -2.122613
v 0.055042 0.040351 -2.119587
v 0.055868 0.043694 -2.116888
v 0.055042 0.036586 -2.116556
v 0.05591 0.040184 -2.113565
v 0.055868 0.035615 -2.111547
v 0.055042 0.031949 -2.115197
v 0.05591 0.030851 -2.110734
v 0.055035 0.025935 -2.116107
v 0.055868 0.02593 -2.111594
v 0.05591 0.021517 -2.113565
v 0.055042 0.021203 -2.119766
v 0.055868 0.017904 -2.117014
v 0.05591 0.01533 -2.121105
v 0.055868 0.014242 -2.12598
v 0.057218 0.008905 -2.131906
v 0.057269 0.008192 -2.127653
v 0.057218 0.01018 -2.136103
v 0.057218 0.008902 -2.123174
v 0.057218 0.012249 -2.139971
v 0.057218 0.010175 -2.118976
v 0.057218 0.015032 -2.143361
v 0.057269 0.011944 -2.115045
v 0.057269 0.018362 -2.14644
v 0.057218 0.015023 -2.111715
v 0.057218 0.022294 -2.14821
v 0.057218 0.018413 -2.108931
v 0.057218 0.026492 -2.149482
v 0.057269 0.022069 -2.106646
v 0.057218 0.030857 -2.14991
v 0.057218 0.026479 -2.105588
v 0.057218 0.035223 -2.149479
v 0.057218 0.030844 -2.105156
v 0.057269 0.039632 -2.148421
v 0.057218 0.03521 -2.105585
v 0.057218 0.043288 -2.146136
v 0.057218 0.039408 -2.106857
v 0.057218 0.046678 -2.143352
v 0.057218 0.043277 -2.108924
v 0.057269 0.049757 -2.140022
v 0.057218 0.046669 -2.111706
v 0.057218 0.051527 -2.136091
v 0.057218 0.049453 -2.115096
v 0.057218 0.052799 -2.131892
v 0.057218 0.051522 -2.118964
v 0.057218 0.053228 -2.127527
v 0.057218 0.052797 -2.123162
v 0.057259 0.008932 -2.134529
v 0.057259 0.013278 -2.142385
v 0.057259 0.02449 -2.149645
v 0.057259 0.033436 -2.150395
v 0.057259 0.045702 -2.145106
v 0.057259 0.052962 -2.133894
v 0.057259 0.053713 -2.124948
v 0.057259 0.050983 -2.116396
v 0.057259 0.045188 -2.10954
v 0.057259 0.037211 -2.105422
v 0.057259 0.028265 -2.104671
v 0.057259 0.016 -2.109961
v 0.057259 0.00874 -2.121173
v 0.05707 0.007009 -2.127533
v 0.05707 0.007467 -2.132185
v 0.05707 0.008824 -2.136657
v 0.05707 0.007467 -2.122882
v 0.05707 0.011027 -2.140779
v 0.05707 0.008824 -2.11841
v 0.05707 0.013992 -2.144392
v 0.05707 0.011027 -2.114288
v 0.05707 0.017605 -2.147357
v 0.05707 0.013992 -2.110675
v 0.05707 0.021727 -2.149561
v 0.05707 0.017605 -2.107709
v 0.05707 0.026199 -2.150918
v 0.05707 0.021727 -2.105506
v 0.05707 0.030851 -2.151376
v 0.05707 0.026199 -2.10415
v 0.05707 0.035502 -2.150918
v 0.05707 0.030851 -2.103691
v 0.05707 0.039975 -2.149561
v 0.05707 0.035502 -2.10415
v 0.05707 0.044097 -2.147357
v 0.05707 0.039975 -2.105506
v 0.05707 0.04771 -2.144392
v 0.05707 0.044097 -2.107709
v 0.05707 0.050675 -2.140779
v 0.05707 0.04771 -2.110675
v 0.05707 0.052878 -2.136657
v 0.05707 0.050675 -2.114288
v 0.05707 0.054235 -2.132185
v 0.05707 0.052878 -2.118409
v 0.05707 0.054693 -2.127533
v 0.05707 0.054235 -2.122882
v 0.056554 0.055458 -2.127533
v 0.056554 0.054985 -2.122733
v 0.056554 0.053585 -2.118117
v 0.056554 0.051311 -2.113862
v 0.056554 0.048251 -2.110133
v 0.055789 0.054063 -2.117919
v 0.056554 0.044522 -2.107073
v 0.055558 0.051804 -2.113477
v 0.055558 0.04866 -2.10966
v 0.055558 0.04483 -2.106529
v 0.056554 0.040268 -2.104799
v 0.055558 0.040464 -2.104205
v 0.056554 0.035651 -2.103399
v 0.055558 0.035728 -2.102778
v 0.056554 0.030851 -2.102926
v 0.055558 0.030805 -2.102302
v 0.056554 0.02605 -2.103399
v 0.055558 0.025883 -2.102796
v 0.056554 0.021434 -2.104799
v 0.055558 0.021153 -2.10424
v 0.056554 0.017179 -2.107073
v 0.055558 0.016795 -2.10658
v 0.056554 0.013451 -2.110133
v 0.055558 0.012977 -2.109725
v 0.056554 0.01039 -2.113862
v 0.055558 0.009846 -2.113554
v 0.056554 0.008116 -2.118117
v 0.055558 0.007523 -2.11792
v 0.056554 0.006716 -2.122733
v 0.055789 0.006209 -2.122632
v 0.056554 0.006243 -2.127533
v 0.055558 0.005619 -2.127579
v 0.056554 0.006716 -2.132334
v 0.055789 0.006209 -2.132435
v 0.056554 0.008116 -2.13695
v 0.055789 0.007639 -2.137148
v 0.056554 0.01039 -2.141205
v 0.055558 0.009897 -2.141589
v 0.056554 0.013451 -2.144934
v 0.055558 0.013042 -2.145407
v 0.056554 0.01718 -2.147994
v 0.055558 0.016871 -2.148538
v 0.056554 0.021434 -2.150268
v 0.055558 0.021237 -2.150862
v 0.056554 0.02605 -2.151668
v 0.055558 0.025973 -2.152289
v 0.056554 0.030851 -2.152141
v 0.055558 0.030897 -2.152765
v 0.056554 0.035651 -2.151668
v 0.055558 0.035818 -2.152271
v 0.056554 0.040268 -2.150268
v 0.055558 0.040549 -2.150827
v 0.056554 0.044522 -2.147994
v 0.055558 0.044907 -2.148487
v 0.056554 0.048251 -2.144934
v 0.055558 0.048724 -2.145342
v 0.056554 0.051311 -2.141205
v 0.055558 0.051855 -2.141513
v 0.056554 0.053585 -2.13695
v 0.055558 0.054179 -2.137147
v 0.056554 0.054985 -2.132334
v 0.055789 0.055492 -2.132435
v 0.055558 0.056082 -2.127488
v 0.055789 0.055492 -2.122632
v 0.054853 0.055679 -2.122595
v 0.054853 0.054238 -2.117846
v 0.054853 0.055679 -2.132472
v 0.038761 0.055697 -2.122591
v 0.038761 0.054255 -2.117839
v 0.038761 0.056184 -2.127533
v 0.038761 0.051914 -2.113459
v 0.038761 0.055697 -2.132476
v 0.038761 0.048764 -2.10962
v 0.038761 0.054255 -2.137228
v 0.038761 0.044925 -2.10647
v 0.038761 0.051914 -2.141608
v 0.038761 0.040545 -2.104129
v 0.038761 0.048764 -2.145447
v 0.038761 0.035793 -2.102687
v 0.038761 0.044925 -2.148597
v 0.038761 0.030851 -2.102201
v 0.038761 0.040545 -2.150938
v 0.038761 0.025909 -2.102687
v 0.038761 0.035793 -2.15238
v 0.038761 0.021156 -2.104129
v 0.038761 0.030851 -2.152866
v 0.038761 0.016777 -2.10647
v 0.038761 0.025909 -2.15238
v 0.038761 0.012938 -2.10962
v 0.038761 0.021156 -2.150938
v 0.038761 0.009787 -2.113459
v 0.038761 0.016777 -2.148597
v 0.038761 0.007446 -2.117839
v 0.038761 0.012938 -2.145447
v 0.038761 0.006005 -2.122591
v 0.038761 0.009787 -2.141608
v 0.054853 0.006023 -2.122595
v 0.038761 0.005518 -2.127533
v 0.054853 0.007463 -2.137221
v 0.038761 0.007446 -2.137228
v 0.038761 0.006005 -2.132476
v 0.054853 0.006023 -2.132472
v 0.038809 0.030944 -2.127533
v 0.038809 0.030909 -2.127462
v 0.038809 0.030909 -2.127604
v 0.038809 0.030851 -2.127443
v 0.038809 0.030851 -2.127624
v 0.038809 0.030792 -2.127462
v 0.038809 0.030793 -2.127604
v 0.038809 0.030758 -2.127533
vt 0.002574 0.50133502
vt 0.835092 0.50001198
vt 0.835092 0.50025803
vt 0.002574 0.50089997
vt 0.002574 0.49909997
vt 0.835092 0.499624
vt 0.002574 0.498671
vt 0.835092 0.500274
vt 0.84944 0.63243598
vt 0.835092 0.500247
vt 0.84944 0.589805
vt 0.84944 0.56205302
vt 0.84944 0.48971498
vt 0.84944 0.456968
vt 0.835092 0.49961698
vt 0.835092 0.499636
vt 0.84944 0.39562404
vt 0.84944 0.37144697
vt 0.88041 0.268436
vt 0.88041 0.263327
vt 0.88041 0.310952
vt 0.927082 0.19366801
vt 0.927082 0.17145598
vt 0.927082 0.24390197
vt 0.88041 0.40477502
vt 0.927082 0.31578898
vt 0.927082 0.402669
vt 0.88041 0.521505
vt 0.927082 0.5
vt 0.88041 0.612373
vt 0.927082 0.59423798
vt 0.88041 0.68613797
vt 0.927082 0.68421102
vt 0.927082 0.75404698
vt 0.88041 0.731564
vt 0.927083 0.815296
vt 0.88041 0.736673
vt 0.927083 0.82854402
vt 0.88041 0.689048
vt 0.927083 0.80633199
vt 0.927083 0.75609899
vt 0.88041 0.59522498
vt 0.927083 0.68421102
vt 0.927082 0.597332
vt 0.88041 0.47849596
vt 0.927082 0.5
vt 0.88041 0.387627
vt 0.927082 0.405761
vt 0.88041 0.31386197
vt 0.927082 0.31578898
vt 0.927082 0.24595201
vt 0.927082 0.184704
vt 0.997127 0.13274503
vt 0.997127 0.187675
vt 0.997127 0.09192902
vt 0.997127 0.066793025
vt 0.997128 0.058305025
vt 0.997127 0.066793025
vt 0.998669 0.086779
vt 0.997132 0.13273597
vt 0.997135 0.18766403
vt 0.998667 0.251521
vt 0.997135 0.33096397
vt 0.997135 0.413827
vt 0.998667 0.5
vt 0.997135 0.586173
vt 0.997135 0.66903502
vt 0.998667 0.748478
vt 0.997135 0.81233603
vt 0.997135 0.86726803
vt 0.99867 0.913218975
vt 0.997127 0.933206975
vt 0.997128 0.941694975
vt 0.997127 0.933206975
vt 0.997127 0.90807098
vt 0.99867 0.871889
vt 0.997128 0.812325
vt 0.997127 0.74539202
vt 0.99867 0.671162
vt 0.997128 0.58617002
vt 0.997127 0.5
vt 0.997128 0.41383004
vt 0.997128 0.330971
vt 0.99867 0.251512
vt 1 0.55056602
vt 1 0.375625
vt 1 0.15635198
vt 0.999999 0.07136601
vt 0.999999 0.05163598
vt 0.999999 0.14808899
vt 1 0.36316204
vt 1 0.62435198
vt 1 0.84363002
vt 1 0.94709003
vt 1 0.932407975
vt 1 0.790434
vt 0.989772 0.680081
vt 0.989772 0.59180403
vt 0.989771 0.5
vt 0.989771 0.40819502
vt 0.989771 0.319919
vt 0.989771 0.238563
vt 0.961884 0.405248
vt 0.989771 0.16725397
vt 0.961884 0.31413698
vt 0.961884 0.230169
vt 0.989771 0.108731985
vt 0.961884 0.15657103
vt 0.989771 0.065245986
vt 0.961884 0.09617001
vt 0.989771 0.038468003
vt 0.961884 0.05128801
vt 0.989771 0.029425979
vt 0.961884 0.02364999
vt 0.989771 0.038468003
vt 0.961884 0.014317989
vt 0.989771 0.065245986
vt 0.961884 0.02364999
vt 0.989771 0.108731985
vt 0.961884 0.05128801
vt 0.989771 0.16725397
vt 0.961884 0.09617001
vt 0.989771 0.238563
vt 0.961884 0.15657103
vt 0.989771 0.319919
vt 0.961884 0.230169
vt 0.989771 0.40819597
vt 0.961884 0.31413698
vt 0.989771 0.5
vt 0.961884 0.405248
vt 0.989771 0.59180403
vt 0.961884 0.5
vt 0.989771 0.680081
vt 0.961884 0.594752
vt 0.989771 0.761437
vt 0.961884 0.68586302
vt 0.989772 0.83274603
vt 0.961884 0.769831
vt 0.989772 0.891268015
vt 0.961884 0.84342903
vt 0.989772 0.934754014
vt 0.961884 0.90382999
vt 0.989772 0.961531997
vt 0.961884 0.94871199
vt 0.989772 0.970574021
vt 0.961884 0.97635001
vt 0.989772 0.961531997
vt 0.961884 0.985682011
vt 0.989772 0.934754014
vt 0.961884 0.97635001
vt 0.989772 0.891268015
vt 0.961884 0.94871199
vt 0.989772 0.83274603
vt 0.961884 0.90382999
vt 0.989772 0.761437
vt 0.961884 0.84342903
vt 0.961884 0.769831
vt 0.961884 0.68586302
vt 0.907426 0.85132903
vt 0.961884 0.594752
vt 0.907427 0.77603698
vt 0.90743 0.69013798
vt 0.961884 0.5
vt 0.907428 0.59693098
vt 0.907429 0.5
vt 0.907428 0.403068
vt 0.907429 0.30986297
vt 0.907432 0.22396302
vt 0 0.5
vt 0 0.59754503
vt 0 0.40245497
vt 0.000001 0.691342
vt 0 0.308658
vt 0.000001 0.777785
vt 0 0.222215
vt 0.000001 0.85355401
vt 0.000001 0.91573501
vt 0.907435 0.913118005
vt 0.000001 0.96193999
vt 0.907421 0.959033012
vt 0.000001 0.990392983
vt 0.869917 0.990036011
vt 0.000001 1
vt 0.920534 0.98635298
vt 0.907421 0.9968540072
vt 0.000001 0.990392983
vt 0.90742 0.987307012
vt 0.000001 0.96193999
vt 0.869917 0.961604
vt 0.000001 0.91573501
vt 0.920534 0.958133996
vt 0.907436 0.913118005
vt 0.000001 0.853553
vt 0.907425 0.85132903
vt 0 0.777785
vt 0.907426 0.77603698
vt 0 0.691342
vt 0.90743 0.69013703
vt 0 0.59754503
vt 0.907428 0.59693098
vt 0 0.5
vt 0.907428 0.5
vt 0 0.40245497
vt 0.907427 0.403068
vt 0 0.308658
vt 0.907429 0.30986202
vt 0 0.222215
vt 0.907425 0.22396302
vt 0 0.146447
vt 0.907424 0.14867103
vt -0 0.08426499
vt 0.907434 0.086881995
vt 0 0.03806001
vt 0.90742 0.040965974
vt -0 0.009607017
vt 0.869916 0.009963989
vt -0 0
vt 0.920533 0.01364702
vt 0.90742 0.0031459928
vt -0 0.009607017
vt 0.907419 0.012692988
vt 0 0.03806001
vt 0.869916 0.038396
vt 0 0.08426499
vt 0.920533 0.04186499
vt 0.907435 0.086881995
vt 0 0.146447
vt 0.907426 0.14867198
vt 0.002574 0.50170302
vt 0.002574 0.501096
vt 0.002574 0.501096
vt 0.002574 0.499999
vt 0.002574 0.499999
vt 0.002574 0.498904
vt 0.002574 0.498904
vt 0.002574 0.49829698
vt 0.991687 0.999997973442
vt 0.991483 0.85053098
vt 0.991483 0.843795
vt 0.991687 0.990391016
vt 0.991687 0.990391016
vt 0.991483 0.82384801
vt 0.991483 0.843795
vt 0.991687 0.961938024
vt 0.991687 0.961938024
vt 0.991483 0.79145497
vt 0.991483 0.82384801
vt 0.991687 0.91573298
vt 0.991687 0.91573298
vt 0.991483 0.74786198
vt 0.991483 0.79145497
vt 0.991687 0.85355198
vt 0.991687 0.85355198
vt 0.991483 0.694744
vt 0.991483 0.74786198
vt 0.991687 0.77778399
vt 0.991687 0.77778399
vt 0.991483 0.63414198
vt 0.991483 0.694744
vt 0.991687 0.69134003
vt 0.991687 0.69134003
vt 0.991483 0.568384
vt 0.991483 0.63414198
vt 0.991687 0.597544
vt 0.991687 0.597544
vt 0.991483 0.499999
vt 0.991483 0.568384
vt 0.991687 0.499999
vt 0.991687 0.499999
vt 0.991483 0.43161404
vt 0.991483 0.499999
vt 0.991687 0.40245402
vt 0.991687 0.40245402
vt 0.991483 0.365856
vt 0.991483 0.43161404
vt 0.991687 0.308658
vt 0.991687 0.308658
vt 0.991483 0.30525398
vt 0.991483 0.365856
vt 0.991687 0.22221398
vt 0.991687 0.222215
vt 0.991483 0.252136
vt 0.991483 0.30525398
vt 0.991687 0.14644599
vt 0.991687 0.14644599
vt 0.991483 0.208543
vt 0.991483 0.252136
vt 0.991687 0.08426499
vt 0.991687 0.08426499
vt 0.991483 0.17614996
vt 0.991483 0.208543
vt 0.991687 0.03806001
vt 0.991687 0.03806001
vt 0.991483 0.15620303
vt 0.991483 0.17614996
vt 0.991687 0.009607017
vt 0.991687 0.009607017
vt 0.991483 0.14946699
vt 0.991483 0.15620303
vt 0.991687 0
vt 0.998664 0.85078698
vt 0.998664 0.844046
vt 0.998664 0.824085
vt 0.998664 0.844046
vt 0.998664 0.79166901
vt 0.998664 0.824085
vt 0.998664 0.748044
vt 0.998664 0.79166901
vt 0.998664 0.69488698
vt 0.998664 0.748044
vt 0.998664 0.63423997
vt 0.998664 0.69488698
vt 0.998664 0.568434
vt 0.998664 0.63423997
vt 0.998664 0.499999
vt 0.998664 0.568434
vt 0.998664 0.43156397
vt 0.998664 0.499999
vt 0.998664 0.365758
vt 0.998664 0.43156397
vt 0.998664 0.305112
vt 0.998664 0.365758
vt 0.998664 0.25195396
vt 0.998664 0.305112
vt 0.998664 0.20832902
vt 0.998664 0.25195503
vt 0.998664 0.17591202
vt 0.998664 0.20833004
vt 0.998664 0.15595102
vt 0.998664 0.17591202
vt 0.998664 0.14921099
vt 0.998664 0.15595001
vt 0.999667 0.24743497
vt 0.999667 0.301561
vt 0.999667 0.36331296
vt 0.999667 0.43031597
vt 0.999667 0.499999
vt 0.999667 0.569682
vt 0.999667 0.63668603
vt 0.999667 0.69843698
vt 0.999667 0.75256401
vt 0.999667 0.79698402
vt 0.999667 0.829988
vt 0.999667 0.85031301
vt 0.999667 0.857176
vt 0.999667 0.85031301
vt 0.999667 0.829988
vt 0.999667 0.796983
vt 0.999667 0.75256401
vt 0.999667 0.69843698
vt 0.999667 0.63668603
vt 0.999667 0.569682
vt 0.999667 0.499999
vt 0.999667 0.43031597
vt 0.999667 0.36331296
vt 0.999667 0.301561
vt 0.999667 0.24743599
vt 0.999667 0.20301598
vt 0.999667 0.17000699
vt 0.999667 0.14968097
vt 0.999667 0.14282101
vt 0.999667 0.14968199
vt 0.999667 0.17000699
vt 0.999667 0.20301598
vt 0.99996 0.24358797
vt 0.99996 0.29853797
vt 0.99996 0.36123097
vt 0.99996 0.42925596
vt 0.99996 0.499999
vt 0.99996 0.570742
vt 0.99996 0.63876802
vt 0.99996 0.70146
vt 0.99996 0.75641
vt 0.99996 0.801507
vt 0.99996 0.83501601
vt 0.99996 0.85565197
vt 0.99996 0.86261803
vt 0.99996 0.85565197
vt 0.99996 0.83501601
vt 0.99996 0.801507
vt 0.99996 0.75641
vt 0.99996 0.70146
vt 0.99996 0.63876802
vt 0.99996 0.570742
vt 0.99996 0.499999
vt 0.99996 0.42925596
vt 0.99996 0.36123002
vt 0.99996 0.29853797
vt 0.99996 0.24358797
vt 0.99996 0.19849199
vt 0.99996 0.16498202
vt 0.99996 0.144346
vt 0.99996 0.13737899
vt 0.99996 0.144346
vt 0.99996 0.16498202
vt 0.99996 0.19849199
vt 0.999934 0.25733697
vt 0.999934 0.39271498
vt 0.999934 0.54443002
vt 0.999934 0.689381
vt 0.999934 0.80549997
vt 0.999934 0.86214697
vt 0.999934 0.88882899
vt 0.999934 0.884453
vt 0.999934 0.84110099
vt 0.999934 0.742662
vt 0.999934 0.650006
vt 0.999934 0.532041
vt 0.999934 0.380803
vt 0.999934 0.24771202
vt 0.999934 0.174074
vt 0.999934 0.12489098
vt 0.999934 0.108012974
vt 0.999934 0.128506
vt 0.999673 0.083076
vt 0.999673 0.09108698
vt 0.999673 0.11481297
vt 0.999934 0.174074
vt 0.999673 0.15333998
vt 0.999673 0.20519
vt 0.999673 0.26836896
vt 0.999046 0.189067
vt 0.999673 0.34045
vt 0.999046 0.25570202
vt 0.999046 0.331724
vt 0.999673 0.418661
vt 0.999046 0.414213
vt 0.999673 0.499999
vt 0.999046 0.499999
vt 0.999673 0.58133698
vt 0.999046 0.58578497
vt 0.999673 0.659549
vt 0.999046 0.668274
vt 0.999673 0.731629
vt 0.999046 0.74429703
vt 0.999673 0.79480797
vt 0.999046 0.81093103
vt 0.999673 0.84665799
vt 0.999046 0.86561602
vt 0.999673 0.88518602
vt 0.999046 0.90625101
vt 0.999673 0.90891099
vt 0.999046 0.931274
vt 0.999673 0.91692197
vt 0.999046 0.939723015
vt 0.999673 0.90891099
vt 0.999046 0.931274
vt 0.999673 0.885185
vt 0.999046 0.90625101
vt 0.999673 0.84665799
vt 0.999046 0.86561602
vt 0.999673 0.79480797
vt 0.999046 0.81093103
vt 0.999673 0.731629
vt 0.999046 0.74429703
vt 0.999673 0.659549
vt 0.999046 0.668274
vt 0.999673 0.58133698
vt 0.999046 0.58578497
vt 0.999673 0.499999
vt 0.999046 0.499999
vt 0.999673 0.418661
vt 0.999046 0.414213
vt 0.999673 0.34044898
vt 0.999046 0.331724
vt 0.999673 0.26836896
vt 0.999046 0.255701
vt 0.999673 0.20519
vt 0.999046 0.189067
vt 0.999673 0.15333998
vt 0.999046 0.13438201
vt 0.999673 0.11481297
vt 0.999046 0.09374702
vt 0.999673 0.09108698
vt 0.999046 0.06872398
vt 0.999046 0.06027502
vt 0.999046 0.06872398
vt 0.998099 0.040229023
vt 0.999046 0.09374702
vt 0.998099 0.04906398
vt 0.998099 0.07522702
vt 0.999046 0.13438201
vt 0.998099 0.11771399
vt 0.998099 0.17489302
vt 0.998099 0.24456501
vt 0.996876 0.16310501
vt 0.998099 0.324053
vt 0.996876 0.23530298
vt 0.996876 0.31767297
vt 0.998099 0.41030204
vt 0.996876 0.40705
vt 0.998099 0.499999
vt 0.996876 0.499999
vt 0.998099 0.589696
vt 0.996876 0.59294802
vt 0.998099 0.67594498
vt 0.996876 0.682325
vt 0.998099 0.75543302
vt 0.996876 0.76469499
vt 0.998099 0.82510501
vt 0.996876 0.83689302
vt 0.998099 0.882283986
vt 0.996876 0.896144986
vt 0.998099 0.92477101
vt 0.996876 0.940172017
vt 0.998099 0.950933993
vt 0.996876 0.967284977
vt 0.998099 0.95976901
vt 0.996876 0.976439
vt 0.998099 0.950933993
vt 0.996876 0.967284024
vt 0.998099 0.92477101
vt 0.996876 0.940172017
vt 0.998099 0.882283986
vt 0.996876 0.896144986
vt 0.998099 0.82510501
vt 0.996876 0.83689302
vt 0.998099 0.75543302
vt 0.996876 0.76469499
vt 0.998099 0.67594498
vt 0.996876 0.682325
vt 0.998099 0.589696
vt 0.996876 0.59294802
vt 0.998099 0.499999
vt 0.996876 0.499999
vt 0.998099 0.41030204
vt 0.996876 0.40705
vt 0.998099 0.324053
vt 0.996876 0.31767297
vt 0.998099 0.24456501
vt 0.996876 0.23530298
vt 0.998099 0.17489302
vt 0.996876 0.16310501
vt 0.998099 0.11771399
vt 0.996876 0.10385299
vt 0.998099 0.07522702
vt 0.996876 0.059826016
vt 0.998099 0.04906398
vt 0.996876 0.03271401
vt 0.996876 0.023558974
vt 0.996876 0.03271401
vt 0.995424 0.010883987
vt 0.996876 0.059826016
vt 0.995424 0.02028203
vt 0.995424 0.04811597
vt 0.996876 0.103854
vt 0.995424 0.093315005
vt 0.995424 0.15414202
vt 0.995424 0.228261
vt 0.993788 0.14844298
vt 0.995424 0.312823
vt 0.993788 0.22378397
vt 0.993788 0.309739
vt 0.995424 0.40457702
vt 0.993788 0.403005
vt 0.995424 0.499999
vt 0.993788 0.499999
vt 0.995424 0.59542102
vt 0.993788 0.59699303
vt 0.995424 0.68717498
vt 0.993788 0.69026
vt 0.995424 0.77173698
vt 0.993788 0.77621502
vt 0.995424 0.84585601
vt 0.993788 0.85155499
vt 0.995424 0.90668303
vt 0.993788 0.913384974
vt 0.995424 0.951882005
vt 0.993788 0.95932901
vt 0.995424 0.979716003
vt 0.993788 0.987621009
vt 0.995424 0.9891139865
vt 0.993788 0.9971740246
vt 0.995424 0.979716003
vt 0.993788 0.987621009
vt 0.995424 0.951882005
vt 0.993788 0.95932901
vt 0.995424 0.90668303
vt 0.993788 0.913384974
vt 0.995424 0.84585601
vt 0.993788 0.85155499
vt 0.995424 0.77173698
vt 0.993788 0.776214
vt 0.995424 0.68717498
vt 0.993788 0.69026
vt 0.995424 0.59542102
vt 0.993788 0.59699303
vt 0.995424 0.499999
vt 0.993788 0.499999
vt 0.995424 0.40457702
vt 0.993788 0.403005
vt 0.995424 0.312823
vt 0.993788 0.30973804
vt 0.995424 0.228261
vt 0.993788 0.22378397
vt 0.995424 0.15414202
vt 0.993788 0.14844298
vt 0.995424 0.093315005
vt 0.993788 0.086613
vt 0.995424 0.04811597
vt 0.993788 0.040669024
vt 0.995424 0.02028203
vt 0.993788 0.012377024
vt 0.993788 0.0028240085
vt 0.993788 0.012377024
vt 0.991687 0
vt 0.993788 0.040669978
vt 0.991687 0.009607017
vt 0.991687 0.03806001
vt 0.993788 0.086613
vt 0.991687 0.08426499
vt 0.991687 0.009607017
vt 0.991687 0.14644599
vt 0.991687 0.03806001
vt 0.991687 0.222215
vt 0.991687 0.08426499
vt 0.991687 0.308658
vt 0.991687 0.14644599
vt 0.991687 0.40245402
vt 0.991687 0.22221398
vt 0.991687 0.499999
vt 0.991687 0.308658
vt 0.991687 0.597544
vt 0.991687 0.40245402
vt 0.991687 0.69134003
vt 0.991687 0.499999
vt 0.991687 0.77778399
vt 0.991687 0.597544
vt 0.991687 0.85355198
vt 0.991687 0.69134003
vt 0.991687 0.91573298
vt 0.991687 0.77778399
vt 0.991687 0.961938024
vt 0.991687 0.85355198
vt 0.991687 0.990391016
vt 0.991687 0.91573298
vt 0.991687 0.999997973442
vt 0.991687 0.961938024
vt 0.991687 0.990391016
vt 0.008517 0.85053301
vt 0.001336 0.84404802
vt 0.001336 0.850788
vt 0.008517 0.84379703
vt 0.008517 0.84379703
vt 0.001336 0.82408702
vt 0.008517 0.82384998
vt 0.001336 0.84404802
vt 0.008517 0.82384998
vt 0.001336 0.79167002
vt 0.008517 0.791457
vt 0.001336 0.82408702
vt 0.008517 0.791457
vt 0.001336 0.74804503
vt 0.008517 0.747864
vt 0.001336 0.79167098
vt 0.008517 0.747864
vt 0.001336 0.694888
vt 0.008517 0.69474602
vt 0.001336 0.74804598
vt 0.008517 0.69474602
vt 0.001336 0.634242
vt 0.008517 0.634144
vt 0.001336 0.694888
vt 0.008517 0.634144
vt 0.001336 0.56843603
vt 0.008517 0.56838602
vt 0.001336 0.634242
vt 0.008517 0.56838602
vt 0.001336 0.500001
vt 0.008517 0.500001
vt 0.001336 0.56843603
vt 0.008517 0.500001
vt 0.001336 0.431566
vt 0.008517 0.431616
vt 0.001336 0.500001
vt 0.008517 0.431616
vt 0.001336 0.36575997
vt 0.008517 0.36585796
vt 0.001336 0.431566
vt 0.008517 0.36585903
vt 0.001336 0.30511403
vt 0.008517 0.305256
vt 0.001336 0.36576104
vt 0.008517 0.305256
vt 0.001336 0.251957
vt 0.008517 0.25213802
vt 0.001336 0.30511403
vt 0.008517 0.25213802
vt 0.001336 0.208332
vt 0.008517 0.20854497
vt 0.001336 0.251956
vt 0.008517 0.20854497
vt 0.001336 0.175915
vt 0.008517 0.17615199
vt 0.001336 0.208332
vt 0.008517 0.17615199
vt 0.001336 0.15595299
vt 0.008517 0.156205
vt 0.001336 0.175915
vt 0.008517 0.156205
vt 0.001336 0.14921302
vt 0.008517 0.14946902
vt 0.001336 0.15595299
vt 0.000333 0.24743801
vt 0.000333 0.30156398
vt 0.000333 0.363315
vt 0.000333 0.430319
vt 0.000333 0.500001
vt 0.000333 0.56968302
vt 0.000333 0.63668698
vt 0.000333 0.698438
vt 0.000333 0.75256401
vt 0.000333 0.79698402
vt 0.000333 0.829988
vt 0.000333 0.85031402
vt 0.000333 0.857176
vt 0.000333 0.85031402
vt 0.000333 0.829988
vt 0.000333 0.79698402
vt 0.000333 0.752563
vt 0.000333 0.698438
vt 0.000333 0.63668698
vt 0.000333 0.56968302
vt 0.000333 0.500001
vt 0.000333 0.430319
vt 0.000333 0.363315
vt 0.000333 0.30156398
vt 0.000333 0.24743801
vt 0.000333 0.20301998
vt 0.000333 0.17001098
vt 0.000333 0.14968503
vt 0.000333 0.14282203
vt 0.000333 0.14968503
vt 0.000333 0.17001098
vt 0.000333 0.20301902
vt 0.00004 0.24359
vt 0.00004 0.29854
vt 0.00004 0.361233
vt 0.00004 0.429258
vt 0.00004 0.500001
vt 0.00004 0.570745
vt 0.00004 0.63876998
vt 0.00004 0.70146197
vt 0.00004 0.75641203
vt 0.00004 0.80150902
vt 0.00004 0.83501798
vt 0.00004 0.855654
vt 0.00004 0.86262101
vt 0.00004 0.855654
vt 0.00004 0.83501798
vt 0.00004 0.80150902
vt 0.00004 0.75641203
vt 0.00004 0.70146197
vt 0.00004 0.63876998
vt 0.00004 0.570745
vt 0.00004 0.500001
vt 0.00004 0.429258
vt 0.00004 0.36123204
vt 0.00004 0.29854
vt 0.00004 0.24359
vt 0.00004 0.19849402
vt 0.00004 0.16498399
vt 0.00004 0.14434803
vt 0.00004 0.13738203
vt 0.00004 0.14434803
vt 0.00004 0.16498399
vt 0.00004 0.19849402
vt 0.000066 0.257338
vt 0.000066 0.392716
vt 0.000066 0.54443002
vt 0.000066 0.689381
vt 0.000066 0.80550098
vt 0.000066 0.862149
vt 0.000066 0.88883102
vt 0.000066 0.884455025
vt 0.000066 0.84110302
vt 0.000066 0.74267
vt 0.000066 0.65000802
vt 0.000066 0.53205
vt 0.000066 0.380812
vt 0.000066 0.24772
vt 0.000066 0.15303701
vt 0.000066 0.11117101
vt 0.000066 0.115547
vt 0.000066 0.158898
vt 0.000327 0.09108901
vt 0.000327 0.08307803
vt 0.000327 0.114815
vt 0.000327 0.15334201
vt 0.000327 0.20519197
vt 0.000327 0.268371
vt 0.000954 0.18906903
vt 0.000327 0.34045196
vt 0.000954 0.255704
vt 0.000954 0.331726
vt 0.000327 0.41866302
vt 0.000954 0.41421497
vt 0.000327 0.500001
vt 0.000954 0.500001
vt 0.000327 0.581339
vt 0.000954 0.585787
vt 0.000327 0.65955102
vt 0.000954 0.668276
vt 0.000327 0.73163098
vt 0.000954 0.744299
vt 0.000327 0.79481
vt 0.000954 0.810933
vt 0.000327 0.84666002
vt 0.000954 0.86561799
vt 0.000327 0.88518798
vt 0.000954 0.90625298
vt 0.000327 0.90891302
vt 0.000954 0.93127602
vt 0.000327 0.916924
vt 0.000954 0.93972498
vt 0.000327 0.90891302
vt 0.000954 0.93127602
vt 0.000327 0.88518798
vt 0.000954 0.90625298
vt 0.000327 0.84666002
vt 0.000954 0.86561799
vt 0.000327 0.79481
vt 0.000954 0.810933
vt 0.000327 0.73163098
vt 0.000954 0.744299
vt 0.000327 0.65955102
vt 0.000954 0.668276
vt 0.000327 0.581339
vt 0.000954 0.585787
vt 0.000327 0.500001
vt 0.000954 0.500001
vt 0.000327 0.41866302
vt 0.000954 0.41421497
vt 0.000327 0.34045196
vt 0.000954 0.331726
vt 0.000327 0.268371
vt 0.000954 0.25570297
vt 0.000327 0.20519197
vt 0.000954 0.18906903
vt 0.000327 0.15334201
vt 0.000954 0.13438404
vt 0.000327 0.114815
vt 0.000954 0.09374899
vt 0.000327 0.09108901
vt 0.000954 0.068726
vt 0.000954 0.060276985
vt 0.000954 0.068726
vt 0.001901 0.04023099
vt 0.000954 0.09374899
vt 0.001901 0.049066007
vt 0.001901 0.07522899
vt 0.000954 0.13438404
vt 0.001901 0.11771703
vt 0.001901 0.17489499
vt 0.001901 0.24456704
vt 0.003124 0.16310698
vt 0.001901 0.32405496
vt 0.003124 0.23530501
vt 0.003124 0.317676
vt 0.001901 0.410304
vt 0.003124 0.40705204
vt 0.001901 0.500001
vt 0.003124 0.500001
vt 0.001901 0.58969802
vt 0.003124 0.59295
vt 0.001901 0.675947
vt 0.003124 0.68232697
vt 0.001901 0.755436
vt 0.003124 0.76469702
vt 0.001901 0.82510799
vt 0.003124 0.83689499
vt 0.001901 0.88228601
vt 0.003124 0.89614701
vt 0.001901 0.92477298
vt 0.003124 0.940173984
vt 0.001901 0.950936973
vt 0.003124 0.967287004
vt 0.001901 0.959770977
vt 0.003124 0.976441026
vt 0.001901 0.95093602
vt 0.003124 0.96728599
vt 0.001901 0.92477298
vt 0.003124 0.940173984
vt 0.001901 0.88228601
vt 0.003124 0.89614701
vt 0.001901 0.82510698
vt 0.003124 0.83689499
vt 0.001901 0.75543499
vt 0.003124 0.76469702
vt 0.001901 0.675947
vt 0.003124 0.68232697
vt 0.001901 0.58969802
vt 0.003124 0.59295
vt 0.001901 0.500001
vt 0.003124 0.500001
vt 0.001901 0.410304
vt 0.003124 0.40705204
vt 0.001901 0.32405496
vt 0.003124 0.317675
vt 0.001901 0.24456704
vt 0.003124 0.23530501
vt 0.001901 0.17489499
vt 0.003124 0.16310698
vt 0.001901 0.117716014
vt 0.003124 0.10385597
vt 0.001901 0.07522899
vt 0.003124 0.059827983
vt 0.001901 0.049066007
vt 0.003124 0.032715976
vt 0.003124 0.023561
vt 0.003124 0.032715976
vt 0.004576 0.0108860135
vt 0.003124 0.059827983
vt 0.004576 0.020283997
vt 0.004576 0.048117995
vt 0.003124 0.10385597
vt 0.004576 0.09331703
vt 0.004576 0.154145
vt 0.004576 0.22826302
vt 0.006212 0.14844596
vt 0.004576 0.31282496
vt 0.006212 0.223786
vt 0.006212 0.30974102
vt 0.004576 0.40457904
vt 0.006212 0.40300703
vt 0.004576 0.500001
vt 0.006212 0.500001
vt 0.004576 0.59542298
vt 0.006212 0.596995
vt 0.004576 0.687177
vt 0.006212 0.69026202
vt 0.004576 0.771739
vt 0.006212 0.77621698
vt 0.004576 0.84585798
vt 0.006212 0.85155702
vt 0.004576 0.906684995
vt 0.006212 0.913387
vt 0.004576 0.951884985
vt 0.006212 0.959330976
vt 0.004576 0.97971803
vt 0.006212 0.987622976
vt 0.004576 0.989116013
vt 0.006212 0.9971759915
vt 0.004576 0.97971803
vt 0.006212 0.987622976
vt 0.004576 0.951884985
vt 0.006212 0.959330976
vt 0.004576 0.906684995
vt 0.006212 0.913387
vt 0.004576 0.84585798
vt 0.006212 0.85155702
vt 0.004576 0.771739
vt 0.006212 0.77621698
vt 0.004576 0.687177
vt 0.006212 0.69026202
vt 0.004576 0.59542298
vt 0.006212 0.596995
vt 0.004576 0.500001
vt 0.006212 0.500001
vt 0.004576 0.40457904
vt 0.006212 0.40300703
vt 0.004576 0.31282496
vt 0.006212 0.30974102
vt 0.004576 0.22826302
vt 0.006212 0.223786
vt 0.004576 0.15414399
vt 0.006212 0.14844501
vt 0.004576 0.09331703
vt 0.006212 0.086615026
vt 0.004576 0.048117995
vt 0.006212 0.04067099
vt 0.004576 0.020283997
vt 0.006212 0.012378991
vt 0.006212 0.0028259754
vt 0.006212 0.012378991
vt 0.008313 0.000002026558
vt 0.006212 0.040672004
vt 0.008313 0.009608984
vt 0.008313 0.038061976
vt 0.006212 0.086615026
vt 0.008313 0.08426702
vt 0.008313 0.009608984
vt 0.008313 0.14644802
vt 0.008313 0.038061976
vt 0.008313 0.22221696
vt 0.008313 0.08426702
vt 0.008313 0.30866003
vt 0.008313 0.14644802
vt 0.008313 0.402456
vt 0.008313 0.22221696
vt 0.008313 0.500001
vt 0.008313 0.30866003
vt 0.008313 0.59754598
vt 0.008313 0.402456
vt 0.008313 0.691342
vt 0.008313 0.500001
vt 0.008313 0.77778602
vt 0.008313 0.59754598
vt 0.008313 0.85355401
vt 0.008313 0.691342
vt 0.008313 0.91573501
vt 0.008313 0.77778602
vt 0.008313 0.96193999
vt 0.008313 0.85355401
vt 0.008313 0.990392983
vt 0.008313 0.91573501
vt 0.008313 1
vt 0.008313 0.96193999
vt 0.008313 0.990392983
vt 0.008313 1
vt 0.008313 0.990392983
vt 0.008313 0.990392983
vt 0.008313 0.96193999
vt 0.008313 0.96193999
vt 0.008313 0.91573501
vt 0.008313 0.91573501
vt 0.008313 0.85355401
vt 0.008313 0.85355401
vt 0.008313 0.77778602
vt 0.008313 0.77778602
vt 0.008313 0.691342
vt 0.008313 0.691342
vt 0.008313 0.59754598
vt 0.008313 0.59754598
vt 0.008313 0.500001
vt 0.008313 0.500001
vt 0.008313 0.402456
vt 0.008313 0.402456
vt 0.008313 0.30866003
vt 0.008313 0.30866003
vt 0.008313 0.22221696
vt 0.008313 0.22221696
vt 0.008313 0.14644802
vt 0.008313 0.14644802
vt 0.008313 0.08426702
vt 0.008313 0.08426702
vt 0.008313 0.038061976
vt 0.008313 0.038061976
vt 0.008313 0.009608984
vt 0.008313 0.009608984
vt 0.008313 0.000002026558
vt 0.002574 0.501337
vt 0.835092 0.500194
vt 0.002574 0.50028503
vt 0.835092 0.50013202
vt 0.002574 0.498878
vt 0.835092 0.49956298
vt 0.835092 0.500399
vt 0.84944 0.63731903
vt 0.835092 0.50041503
vt 0.84944 0.61409098
vt 0.84944 0.57805598
vt 0.84944 0.523381
vt 0.835092 0.49990904
vt 0.835092 0.49987197
vt 0.84944 0.47554302
vt 0.84944 0.41017604
vt 0.84944 0.395621
vt 0.835092 0.49953103
vt 0.84944 0.36268103
vt 0.88041 0.27898204
vt 0.88041 0.263327
vt 0.88041 0.36912203
vt 0.927082 0.24595201
vt 0.927082 0.18470299
vt 0.927082 0.34588003
vt 0.88041 0.47848797
vt 0.927082 0.469262
vt 0.88041 0.57263398
vt 0.927082 0.59732902
vt 0.88041 0.655751
vt 0.927083 0.710581
vt 0.88041 0.715106
vt 0.927083 0.79177302
vt 0.88041 0.74173498
vt 0.927083 0.82854402
vt 0.88041 0.731564
vt 0.927083 0.815296
vt 0.88041 0.686139
vt 0.927082 0.75404799
vt 0.88041 0.61237502
vt 0.927082 0.68421102
vt 0.927082 0.594239
vt 0.88041 0.521506
vt 0.927082 0.5
vt 0.88041 0.40477502
vt 0.927082 0.40267003
vt 0.927082 0.31578898
vt 0.88041 0.31095302
vt 0.927082 0.24390298
vt 0.927082 0.19366801
vt 0.927082 0.17145598
vt 0.997125 0.06678802
vt 0.998666 0.052743018
vt 0.997126 0.091923
vt 0.997125 0.06678802
vt 0.997125 0.13274199
vt 0.997125 0.091925025
vt 0.997125 0.18767202
vt 0.998666 0.12812
vt 0.998666 0.251518
vt 0.997125 0.18767202
vt 0.997126 0.33096898
vt 0.997124 0.254606
vt 0.997126 0.41382897
vt 0.998666 0.32884204
vt 0.997125 0.5
vt 0.997125 0.41382897
vt 0.997126 0.58617097
vt 0.997125 0.5
vt 0.998667 0.67115802
vt 0.997126 0.58617097
vt 0.997125 0.745394
vt 0.997126 0.66903102
vt 0.997126 0.81232798
vt 0.997125 0.745394
vt 0.998666 0.87188
vt 0.997126 0.81232798
vt 0.997125 0.908074975
vt 0.997125 0.86725801
vt 0.997126 0.93321103
vt 0.997126 0.908077
vt 0.997126 0.94169998
vt 0.997125 0.93321103
vt 0.999999 0.071372986
vt 1 0.15636301
vt 1 0.37563896
vt 1 0.550579
vt 1 0.79044199
vt 1 0.932407975
vt 1 0.947085023
vt 1 0.89369601
vt 1 0.78037101
vt 1 0.62436002
vt 1 0.449421
vt 1 0.20955801
vt 0.999999 0.06759101
vt 0.989771 0.029425979
vt 0.989771 0.038468003
vt 0.989771 0.065245986
vt 0.989771 0.038468003
vt 0.989771 0.108731985
vt 0.989771 0.065245986
vt 0.989771 0.16725397
vt 0.989771 0.108731985
vt 0.989771 0.238563
vt 0.989771 0.16725397
vt 0.989771 0.319919
vt 0.989771 0.238563
vt 0.989771 0.40819502
vt 0.989771 0.319919
vt 0.989771 0.5
vt 0.989771 0.40819597
vt 0.989772 0.59180403
vt 0.989771 0.5
vt 0.989772 0.680081
vt 0.989771 0.59180403
vt 0.989772 0.761437
vt 0.989771 0.680081
vt 0.989772 0.83274603
vt 0.989771 0.761437
vt 0.989772 0.891268015
vt 0.989772 0.83274603
vt 0.989772 0.934754014
vt 0.989772 0.891268015
vt 0.989772 0.961531997
vt 0.989772 0.934754014
vt 0.989772 0.970574021
vt 0.989772 0.961531997
vt 0.961884 0.985682011
vt 0.961884 0.97635001
vt 0.961884 0.94871199
vt 0.961884 0.90382999
vt 0.961884 0.84342903
vt 0.920534 0.958133996
vt 0.961884 0.769831
vt 0.907441 0.913118005
vt 0.90743 0.85132802
vt 0.907435 0.77603698
vt 0.961884 0.68586302
vt 0.907435 0.69013703
vt 0.961884 0.594752
vt 0.907435 0.59693098
vt 0.961884 0.5
vt 0.907434 0.5
vt 0.961884 0.405248
vt 0.907434 0.40306902
vt 0.961884 0.31413698
vt 0.907434 0.30986202
vt 0.961884 0.230169
vt 0.907434 0.22396302
vt 0.961884 0.15657103
vt 0.907429 0.14867198
vt 0.961884 0.09617001
vt 0.90744 0.086881995
vt 0.961884 0.05128801
vt 0.907429 0.040966988
vt 0.961884 0.02364999
vt 0.920533 0.01364702
vt 0.961884 0.014317989
vt 0.907424 0.0031459928
vt 0.961884 0.02364999
vt 0.920533 0.01364702
vt 0.961884 0.05128801
vt 0.920533 0.04186499
vt 0.961884 0.09617001
vt 0.90744 0.086881995
vt 0.961884 0.15657103
vt 0.907429 0.14867198
vt 0.961884 0.230169
vt 0.90744 0.22396302
vt 0.961884 0.31413698
vt 0.907434 0.30986297
vt 0.961884 0.405248
vt 0.907435 0.40306902
vt 0.961884 0.5
vt 0.907435 0.5
vt 0.961884 0.594752
vt 0.907435 0.59693098
vt 0.961884 0.68586302
vt 0.907435 0.69013798
vt 0.961884 0.769831
vt 0.907435 0.77603698
vt 0.961884 0.84342903
vt 0.90743 0.85132802
vt 0.961884 0.90382999
vt 0.907441 0.913118005
vt 0.961884 0.94871199
vt 0.90743 0.959032
vt 0.961884 0.97635001
vt 0.920534 0.98635298
vt 0.90743 0.996852994
vt 0.920534 0.98635298
vt 0.869917 0.990036011
vt 0.869917 0.961604
vt 0.869917 0.990036011
vt 0.000001 0.990392983
vt 0.000001 0.96193999
vt 0.000001 1
vt 0.000001 0.91573501
vt 0.000001 0.990392983
vt 0.000001 0.853553
vt 0.000001 0.96193999
vt 0 0.777785
vt 0.000001 0.91573501
vt 0 0.691342
vt 0.000001 0.85355401
vt 0 0.59754503
vt 0.000001 0.777785
vt 0 0.5
vt 0.000001 0.691342
vt 0 0.40245497
vt 0 0.59754503
vt 0 0.308658
vt 0 0.5
vt 0 0.222215
vt 0 0.40245497
vt 0 0.146447
vt 0 0.308658
vt -0 0.08426499
vt 0 0.222215
vt 0 0.03806001
vt 0 0.146447
vt -0 0.009607017
vt 0 0.08426499
vt 0.869916 0.009963989
vt -0 0
vt 0.869916 0.038396
vt 0 0.03806001
vt -0 0.009607017
vt 0.869916 0.009963989
vt 0.002574 0.50170302
vt 0.002574 0.501096
vt 0.002574 0.501096
vt 0.002574 0.499999
vt 0.002574 0.499999
vt 0.002574 0.498904
vt 0.002574 0.498904
vt 0.002574 0.49829698
vn 0.0091 -0.812 -0.5836
vn 0.0117 -0.0909 0.9958
vn 0.0127 -0.7277 -0.6858
vn 0.0048 -0.5807 0.8141
vn 0.0046 0.5823 -0.813
vn 0.0155 0.8954 -0.4451
vn 0.0058 0.8139 0.5809
vn -0.999 -0.0284 0.0336
vn -0.997 -0.0764 -0.0093
vn -0.9989 -0.041 -0.0204
vn -0.9971 -0.052 0.0563
vn -0.9971 -0.0358 -0.0673
vn -0.997 0.0057 0.0767
vn -0.9971 0.0257 -0.0722
vn -0.9999 0.0101 0.0123
vn -0.9997 0.0033 -0.025
vn -0.9971 0.0589 0.0485
vn -0.997 0.0742 -0.0206
vn -0.9883 0.1464 0.0431
vn -0.988 0.1522 -0.0263
vn -0.9884 0.1163 -0.0975
vn -0.9779 0.1927 -0.0813
vn -0.9782 0.2072 -0.0145
vn -0.9784 0.1599 -0.1314
vn -0.9883 0.0617 -0.1393
vn -0.9783 0.117 -0.1711
vn -0.978 0.0597 -0.1997
vn -0.9885 -0.0103 -0.1512
vn -0.9778 0.0011 -0.2094
vn -0.9882 -0.0718 -0.135
vn -0.9779 -0.0594 -0.2004
vn -0.9885 -0.1167 -0.0959
vn -0.9777 -0.1177 -0.174
vn -0.9781 -0.1618 -0.1308
vn -0.9878 -0.1489 -0.0455
vn -0.9785 -0.1974 -0.0601
vn -0.9884 -0.1492 0.0283
vn -0.9782 -0.2072 0.0145
vn -0.9883 -0.1184 0.0959
vn -0.9777 -0.1933 0.0819
vn -0.9784 -0.1597 0.1311
vn -0.9883 -0.0606 0.1398
vn -0.9781 -0.1172 0.1719
vn -0.9781 -0.0597 0.1994
vn -0.9883 0.0105 0.1524
vn -0.9777 -0.0008 0.2102
vn -0.9885 0.0709 0.1337
vn -0.9779 0.0593 0.2006
vn -0.9881 0.1187 0.098
vn -0.9777 0.1177 0.174
vn -0.9781 0.1618 0.1308
vn -0.9784 0.1977 0.0603
vn -0.9811 0.166 0.0995
vn -0.9849 0.1164 0.1284
vn -0.9857 0.1523 0.0716
vn -0.9811 0.1915 0.0283
vn -0.9857 0.1682 0.0078
vn -0.9808 0.1897 -0.0461
vn -0.9999 0.0149 -0.0071
vn -0.9849 0.1483 -0.089
vn -0.9808 0.1319 -0.1434
vn -0.9999 0.0086 -0.0144
vn -0.9849 0.074 -0.1564
vn -0.9808 0.03 -0.1927
vn -0.9999 -0.0008 -0.0159
vn -0.9849 -0.0254 -0.1711
vn -0.9808 -0.0821 -0.1767
vn -0.9999 -0.0102 -0.0131
vn -0.985 -0.1159 -0.1278
vn -0.9811 -0.1658 -0.0998
vn -0.9999 -0.0145 -0.0075
vn -0.985 -0.1684 -0.039
vn -0.9811 -0.1936 0.0066
vn -0.9856 -0.1671 0.0277
vn -0.9811 -0.1756 0.0817
vn -0.9999 -0.0143 0.0083
vn -0.9848 -0.1271 0.1185
vn -0.981 -0.1008 0.1657
vn -0.9999 -0.0073 0.0149
vn -0.9847 -0.04 0.1694
vn -0.9811 0.0088 0.1935
vn -0.9857 0.0251 0.1664
vn -0.9808 0.082 0.1769
vn -0.9999 0.0098 0.0132
vn -0.9948 0.0112 -0.1008
vn -0.995 -0.0278 -0.096
vn -0.9949 -0.0773 -0.0646
vn -0.9946 -0.0993 -0.0311
vn -0.9948 -0.1011 0.0094
vn -0.9952 -0.077 0.0601
vn -0.9947 -0.0306 0.0979
vn -0.9949 0.0283 0.097
vn -0.995 0.0784 0.0615
vn -0.9946 0.1026 0.0164
vn -0.9957 0.0879 -0.0296
vn -0.9951 0.0615 -0.0778
vn -0.924 0.146 -0.3534
vn -0.9217 0.0812 -0.3792
vn -0.9241 -0.0047 -0.382
vn -0.9217 -0.0701 -0.3814
vn -0.9238 -0.1507 -0.352
vn -0.924 -0.2127 -0.3178
vn -0.6887 -0.1422 -0.7109
vn -0.9217 -0.2703 -0.2782
vn -0.6885 -0.2783 -0.6697
vn -0.6887 -0.4035 -0.6024
vn -0.9241 -0.3203 -0.2083
vn -0.6887 -0.513 -0.5123
vn -0.9217 -0.3562 -0.1536
vn -0.6886 -0.6033 -0.4022
vn -0.9242 -0.3755 -0.0699
vn -0.7006 -0.6585 -0.275
vn -0.9217 -0.3878 -0.0056
vn -0.6894 -0.7109 -0.1388
vn -0.9239 -0.3744 0.0791
vn -0.6886 -0.7251 0.0008
vn -0.924 -0.3532 0.1467
vn -0.7006 -0.7003 0.1372
vn -0.9217 -0.3255 0.2108
vn -0.6894 -0.6683 0.2795
vn -0.9239 -0.2673 0.2737
vn -0.6887 -0.6024 0.4035
vn -0.924 -0.2122 0.3182
vn -0.6886 -0.5122 0.5133
vn -0.9218 -0.1535 0.3561
vn -0.6886 -0.4022 0.6034
vn -0.9239 -0.0702 0.3762
vn -0.6886 -0.2768 0.6702
vn -0.924 0.0003 0.3824
vn -0.6887 -0.1407 0.7113
vn -0.9218 0.0702 0.3813
vn -0.6886 0.0008 0.7251
vn -0.9239 0.1506 0.3518
vn -0.6886 0.1423 0.711
vn -0.924 0.2127 0.3177
vn -0.6885 0.2783 0.6697
vn -0.9218 0.2702 0.2781
vn -0.6888 0.4034 0.6024
vn -0.9239 0.3207 0.2088
vn -0.6885 0.5134 0.5122
vn -0.924 0.3535 0.1461
vn -0.6886 0.6034 0.4022
vn -0.9217 0.3792 0.0811
vn -0.7006 0.6585 0.275
vn -0.9242 0.382 -0.0047
vn -0.6894 0.7109 0.1388
vn -0.9217 0.3815 -0.0702
vn -0.6886 0.7251 -0.0008
vn -0.9239 0.3518 -0.1507
vn -0.7005 0.7003 -0.1372
vn -0.924 0.3178 -0.2128
vn -0.6894 0.6683 -0.2796
vn -0.9217 0.2782 -0.2702
vn -0.6887 0.6024 -0.4035
vn -0.9238 0.2089 -0.3208
vn -0.6886 0.5122 -0.5133
vn -0.6886 0.4022 -0.6034
vn -0.6887 0.2768 -0.6702
vn -0.275 0.6816 -0.6781
vn -0.6887 0.1407 -0.7112
vn -0.275 0.5362 -0.7981
vn -0.2751 0.3702 -0.8873
vn -0.6886 -0.0008 -0.7251
vn -0.2751 0.1899 -0.9425
vn -0.275 0.0024 -0.9614
vn -0.2752 -0.1852 -0.9434
vn -0.2751 -0.3657 -0.8892
vn -0.2751 -0.5321 -0.8007
vn 0.6842 -0 -0.7293
vn 0.6842 0.1423 -0.7153
vn 0.6842 -0.1423 -0.7153
vn 0.6842 0.2791 -0.6738
vn 0.6842 -0.2791 -0.6737
vn 0.6842 0.4052 -0.6064
vn 0.6842 -0.4052 -0.6064
vn 0.6842 0.5157 -0.5157
vn 0.6842 0.6064 -0.4052
vn -0.2752 0.8007 -0.5321
vn 0.6842 0.6737 -0.2791
vn -0.2755 0.8872 -0.3701
vn 0.6852 0.7141 -0.1431
vn -0.0923 0.9766 -0.1944
vn 0.6849 0.7286 0.001
vn -0.3874 0.9047 -0.1774
vn -0.2772 0.9608 0.0058
vn 0.6842 0.7153 0.1423
vn -0.2754 0.9433 0.1852
vn 0.6852 0.6733 0.2777
vn -0.0922 0.92 0.3809
vn 0.6849 0.6053 0.4057
vn -0.3874 0.8508 0.3551
vn -0.2773 0.7956 0.5386
vn 0.6842 0.5157 0.5157
vn -0.2749 0.6782 0.6815
vn 0.6842 0.4052 0.6064
vn -0.2752 0.5321 0.8007
vn 0.6842 0.2791 0.6737
vn -0.275 0.3657 0.8892
vn 0.6842 0.1423 0.7153
vn -0.2751 0.1852 0.9434
vn 0.6842 0 0.7293
vn -0.275 -0.0024 0.9614
vn 0.6842 -0.1423 0.7153
vn -0.2752 -0.1899 0.9424
vn 0.6842 -0.2791 0.6738
vn -0.2751 -0.3702 0.8873
vn 0.6842 -0.4051 0.6064
vn -0.2751 -0.5362 0.798
vn 0.6842 -0.5157 0.5157
vn -0.2749 -0.6816 0.6781
vn 0.6842 -0.6064 0.4052
vn -0.2752 -0.8007 0.5321
vn 0.6842 -0.6738 0.2791
vn -0.2755 -0.8872 0.3701
vn 0.6852 -0.7141 0.1431
vn -0.0923 -0.9766 0.1944
vn 0.6849 -0.7286 -0.001
vn -0.3874 -0.9047 0.1774
vn -0.2772 -0.9608 -0.0058
vn 0.6842 -0.7153 -0.1423
vn -0.2755 -0.9433 -0.1852
vn 0.6853 -0.6733 -0.2778
vn -0.0922 -0.92 -0.3809
vn 0.6849 -0.6053 -0.4057
vn -0.3873 -0.8508 -0.3551
vn -0.2773 -0.7956 -0.5386
vn 0.6842 -0.5157 -0.5157
vn -0.275 -0.6781 -0.6815
vn 1 -0.0026 -0.0016
vn 1 -0.0025 -0.0096
vn 1 -0.0037 -0.0013
vn 0.9999 0.002 -0.01
vn 1 -0.0073 0.005
vn 1 0.0021 0.0002
vn 1 0.0048 0.0059
vn 1 0.0039 0
vn 0.9998 0.0192 -0
vn 0.7382 -0.6745 -0
vn 0.7382 -0.6616 -0.1316
vn 0.9998 0.0188 0.0037
vn 0.9998 0.0188 -0.0038
vn 0.7382 -0.6232 -0.2581
vn 0.7382 -0.6616 0.1316
vn 0.9998 0.0178 0.0074
vn 0.9998 0.0178 -0.0074
vn 0.7382 -0.5608 -0.3748
vn 0.7383 -0.6232 0.2581
vn 0.9998 0.016 0.0107
vn 0.9998 0.016 -0.0107
vn 0.7382 -0.477 -0.477
vn 0.7382 -0.5609 0.3747
vn 0.9998 0.0136 0.0136
vn 0.9998 0.0136 -0.0136
vn 0.7383 -0.3748 -0.5608
vn 0.7383 -0.477 0.4769
vn 0.9998 0.0107 0.016
vn 0.9998 0.0107 -0.016
vn 0.7383 -0.2581 -0.6232
vn 0.7383 -0.3748 0.5608
vn 0.9998 0.0073 0.0178
vn 0.9998 0.0074 -0.0178
vn 0.7382 -0.1316 -0.6616
vn 0.7382 -0.2581 0.6232
vn 0.9998 0.0037 0.0188
vn 0.9998 0.0038 -0.0189
vn 0.7382 -0 -0.6745
vn 0.7382 -0.1316 0.6616
vn 0.9998 0 0.0192
vn 0.9998 -0 -0.0192
vn 0.7382 0.1316 -0.6616
vn 0.7382 -0 0.6745
vn 0.9998 -0.0038 0.0188
vn 0.9998 -0.0038 -0.0189
vn 0.7383 0.2581 -0.6232
vn 0.7383 0.1316 0.6616
vn 0.9998 -0.0074 0.0178
vn 0.9998 -0.0074 -0.0178
vn 0.7383 0.3747 -0.5608
vn 0.7383 0.2581 0.6232
vn 0.9998 -0.0107 0.016
vn 0.9998 -0.0107 -0.016
vn 0.7382 0.477 -0.477
vn 0.7382 0.3747 0.5609
vn 0.9998 -0.0136 0.0136
vn 0.9998 -0.0136 -0.0136
vn 0.7382 0.5608 -0.3747
vn 0.7382 0.477 0.477
vn 0.9998 -0.016 0.0107
vn 0.9998 -0.016 -0.0107
vn 0.7382 0.6232 -0.2581
vn 0.7383 0.5608 0.3747
vn 0.9998 -0.0177 0.0074
vn 0.9998 -0.0178 -0.0074
vn 0.7382 0.6616 -0.1316
vn 0.7382 0.6232 0.2581
vn 0.9998 -0.0188 0.0037
vn 0.9998 -0.0189 -0.0038
vn 0.7382 0.6745 0
vn 0.7383 0.6616 0.1316
vn 0.9998 -0.0192 -0
vn -0.2262 -0.9741 0.0003
vn -0.2262 -0.9554 -0.1897
vn -0.2263 -0.9 -0.3725
vn -0.2262 -0.9553 0.1903
vn -0.2262 -0.8101 -0.5409
vn -0.2262 -0.8998 0.3731
vn -0.2262 -0.689 -0.6885
vn -0.2263 -0.8097 0.5414
vn -0.2262 -0.5414 -0.8097
vn -0.2262 -0.6885 0.689
vn -0.2262 -0.3731 -0.8998
vn -0.2262 -0.5408 0.8101
vn -0.2263 -0.1903 -0.9553
vn -0.2262 -0.3724 0.9001
vn -0.2263 -0.0003 -0.9741
vn -0.2262 -0.1897 0.9554
vn -0.2262 0.1897 -0.9554
vn -0.2262 0.0003 0.9741
vn -0.2262 0.3724 -0.9001
vn -0.2261 0.1904 0.9553
vn -0.2261 0.5409 -0.8101
vn -0.2263 0.3731 0.8998
vn -0.2263 0.6885 -0.689
vn -0.2262 0.5415 0.8097
vn -0.2263 0.8097 -0.5414
vn -0.2261 0.689 0.6885
vn -0.2263 0.8998 -0.3731
vn -0.2262 0.8101 0.5409
vn -0.2262 0.9553 -0.1904
vn -0.2263 0.9 0.3725
vn -0.2262 0.9741 -0.0003
vn -0.2263 0.9554 0.1897
vn -0.639 0.5454 0.5425
vn -0.6391 0.429 0.6384
vn -0.6392 0.2962 0.7097
vn -0.6391 0.152 0.7539
vn -0.6391 0.002 0.7691
vn -0.6391 -0.148 0.7547
vn -0.6391 -0.2924 0.7114
vn -0.6391 -0.4256 0.6406
vn -0.6391 -0.5423 0.5454
vn -0.6392 -0.6384 0.4289
vn -0.6391 -0.7098 0.2962
vn -0.6391 -0.754 0.152
vn -0.639 -0.7692 0.002
vn -0.6391 -0.7547 -0.1481
vn -0.639 -0.7114 -0.2925
vn -0.6392 -0.6405 -0.4256
vn -0.6391 -0.5453 -0.5424
vn -0.6391 -0.429 -0.6383
vn -0.639 -0.2963 -0.7098
vn -0.6393 -0.152 -0.7538
vn -0.6391 -0.0021 -0.7691
vn -0.6391 0.1481 -0.7547
vn -0.6391 0.2925 -0.7113
vn -0.639 0.4256 -0.6407
vn -0.6391 0.5424 -0.5453
vn -0.6393 0.6382 -0.4291
vn -0.6393 0.7096 -0.2962
vn -0.6391 0.754 -0.152
vn -0.6391 0.7691 -0.002
vn -0.6392 0.7547 0.1481
vn -0.6391 0.7113 0.2925
vn -0.639 0.6406 0.4257
vn -0.9567 0.2028 0.2086
vn -0.9565 0.1603 0.2437
vn -0.9568 0.1076 0.2702
vn -0.9566 0.0547 0.2863
vn -0.9568 -0.004 0.2909
vn -0.9566 -0.059 0.2855
vn -0.9568 -0.115 0.2672
vn -0.9565 -0.1639 0.2413
vn -0.9567 -0.2085 0.2029
vn -0.9564 -0.2443 0.1601
vn -0.9564 -0.2708 0.1091
vn -0.9567 -0.2862 0.0528
vn -0.9564 -0.2922 -0.0026
vn -0.9564 -0.2859 -0.0599
vn -0.9567 -0.2673 -0.1151
vn -0.9566 -0.2411 -0.1639
vn -0.9567 -0.203 -0.2085
vn -0.9564 -0.1601 -0.2442
vn -0.9564 -0.1091 -0.2708
vn -0.9568 -0.0528 -0.2859
vn -0.9565 0.0022 -0.2916
vn -0.9567 0.0607 -0.2845
vn -0.9566 0.1137 -0.2685
vn -0.9567 0.165 -0.2397
vn -0.9564 0.2083 -0.2047
vn -0.9564 0.2443 -0.1598
vn -0.9568 0.2702 -0.1076
vn -0.9564 0.287 -0.0544
vn -0.9564 0.292 0.0029
vn -0.9568 0.2845 0.0607
vn -0.9564 0.2688 0.1142
vn -0.9564 0.2411 0.1647
vn -0.9955 -0.0592 -0.0744
vn -0.9955 -0.0265 -0.0913
vn -0.9955 0.0105 -0.0945
vn -0.9955 0.0459 -0.0833
vn -0.9955 0.0741 -0.0597
vn -0.9961 0.0815 -0.0345
vn -0.9955 0.0948 -0.0081
vn -0.9961 0.0869 0.0166
vn -0.9955 0.0832 0.0461
vn -0.9955 0.0597 0.0741
vn -0.9961 0.0345 0.0815
vn -0.9955 0.0078 0.0948
vn -0.9955 -0.0287 0.0907
vn -0.9955 -0.061 0.073
vn -0.9961 -0.0732 0.0497
vn -0.9955 -0.0914 0.0265
vn -0.9961 -0.0885 0.0007
vn -0.9955 -0.0907 -0.0288
vn -0.9652 -0.2615 0.0007
vn -0.9662 -0.2533 -0.0483
vn -0.9659 -0.2377 -0.1022
vn -0.9961 -0.0739 -0.0486
vn -0.9652 -0.2177 -0.1447
vn -0.9662 -0.1838 -0.1808
vn -0.966 -0.1408 -0.217
vn -0.8846 -0.3298 -0.3298
vn -0.9669 -0.1005 -0.2347
vn -0.8846 -0.2591 -0.3878
vn -0.8845 -0.1785 -0.4309
vn -0.966 -0.0471 -0.2544
vn -0.8846 -0.091 -0.4574
vn -0.9669 -0.0031 -0.2553
vn -0.8846 0 -0.4664
vn -0.966 0.0539 -0.253
vn -0.8846 0.091 -0.4574
vn -0.9669 0.0948 -0.237
vn -0.8845 0.1785 -0.431
vn -0.966 0.1466 -0.2131
vn -0.8846 0.2591 -0.3878
vn -0.9669 0.1783 -0.1827
vn -0.8846 0.3298 -0.3298
vn -0.9659 0.217 -0.1408
vn -0.8846 0.3878 -0.2591
vn -0.9652 0.2413 -0.1007
vn -0.8846 0.4309 -0.1785
vn -0.9662 0.2525 -0.0523
vn -0.8846 0.4574 -0.091
vn -0.966 0.2587 0.0035
vn -0.8846 0.4664 -0
vn -0.9652 0.2566 0.0503
vn -0.8846 0.4574 0.091
vn -0.9662 0.239 0.0968
vn -0.8846 0.4309 0.1785
vn -0.9659 0.2132 0.1466
vn -0.8846 0.3878 0.2591
vn -0.9669 0.1827 0.1783
vn -0.8846 0.3298 0.3298
vn -0.9659 0.1409 0.217
vn -0.8846 0.2591 0.3878
vn -0.9652 0.1007 0.2413
vn -0.8846 0.1785 0.4309
vn -0.9662 0.0523 0.2525
vn -0.8846 0.091 0.4574
vn -0.966 -0.0035 0.2587
vn -0.8846 0 0.4664
vn -0.9669 -0.0468 0.251
vn -0.8846 -0.091 0.4574
vn -0.966 -0.1022 0.2377
vn -0.8846 -0.1785 0.4309
vn -0.9669 -0.1393 0.214
vn -0.8846 -0.2591 0.3878
vn -0.966 -0.1854 0.1805
vn -0.8846 -0.3298 0.3298
vn -0.9652 -0.217 0.1459
vn -0.8846 -0.3878 0.2591
vn -0.9662 -0.2374 0.1006
vn -0.8846 -0.4309 0.1785
vn -0.966 -0.2544 0.0471
vn -0.8846 -0.4574 0.091
vn -0.8846 -0.4664 -0
vn -0.8846 -0.4575 -0.091
vn -0.7645 -0.6446 0
vn -0.8846 -0.4309 -0.1785
vn -0.7645 -0.6322 -0.1258
vn -0.7645 -0.5955 -0.2467
vn -0.8846 -0.3878 -0.2591
vn -0.7645 -0.536 -0.3581
vn -0.7645 -0.4558 -0.4558
vn -0.7646 -0.3581 -0.5359
vn -0.6108 -0.5599 -0.5599
vn -0.7645 -0.2467 -0.5956
vn -0.6108 -0.4399 -0.6584
vn -0.6107 -0.303 -0.7316
vn -0.7645 -0.1257 -0.6322
vn -0.6108 -0.1545 -0.7766
vn -0.7645 0 -0.6446
vn -0.6108 0 -0.7918
vn -0.7645 0.1258 -0.6322
vn -0.6108 0.1545 -0.7766
vn -0.7645 0.2467 -0.5956
vn -0.6107 0.303 -0.7316
vn -0.7645 0.3581 -0.536
vn -0.6108 0.4399 -0.6584
vn -0.7645 0.4558 -0.4558
vn -0.6108 0.5599 -0.5599
vn -0.7645 0.536 -0.3581
vn -0.6107 0.6584 -0.4399
vn -0.7645 0.5955 -0.2467
vn -0.6108 0.7315 -0.303
vn -0.7645 0.6322 -0.1257
vn -0.6108 0.7766 -0.1545
vn -0.7645 0.6446 -0
vn -0.6107 0.7918 0
vn -0.7645 0.6322 0.1258
vn -0.6107 0.7766 0.1545
vn -0.7645 0.5955 0.2467
vn -0.6108 0.7315 0.303
vn -0.7645 0.536 0.3581
vn -0.6107 0.6584 0.4399
vn -0.7645 0.4558 0.4558
vn -0.6107 0.5599 0.5599
vn -0.7645 0.3581 0.5359
vn -0.6108 0.4399 0.6584
vn -0.7646 0.2466 0.5955
vn -0.6108 0.303 0.7315
vn -0.7645 0.1258 0.6322
vn -0.6108 0.1545 0.7766
vn -0.7645 -0 0.6446
vn -0.6107 -0 0.7918
vn -0.7645 -0.1258 0.6322
vn -0.6107 -0.1545 0.7766
vn -0.7646 -0.2467 0.5955
vn -0.6107 -0.303 0.7316
vn -0.7645 -0.3581 0.5359
vn -0.6107 -0.4399 0.6584
vn -0.7645 -0.4558 0.4558
vn -0.6107 -0.5599 0.5599
vn -0.7645 -0.536 0.3581
vn -0.6107 -0.6584 0.4399
vn -0.7645 -0.5955 0.2467
vn -0.6108 -0.7315 0.303
vn -0.7645 -0.6322 0.1258
vn -0.6107 -0.7766 0.1545
vn -0.6108 -0.7918 0
vn -0.6108 -0.7766 -0.1545
vn -0.4277 -0.9039 -0
vn -0.6107 -0.7316 -0.303
vn -0.4277 -0.8865 -0.1763
vn -0.4277 -0.8351 -0.3459
vn -0.6107 -0.6584 -0.4399
vn -0.4277 -0.7516 -0.5022
vn -0.4277 -0.6392 -0.6392
vn -0.4278 -0.5022 -0.7516
vn -0.2151 -0.6904 -0.6907
vn -0.4277 -0.3459 -0.8351
vn -0.2151 -0.5423 -0.8122
vn -0.2151 -0.3735 -0.9024
vn -0.4278 -0.1763 -0.8865
vn -0.215 -0.1903 -0.9579
vn -0.4277 -0 -0.9039
vn -0.215 0.0003 -0.9766
vn -0.4277 0.1764 -0.8866
vn -0.215 0.1908 -0.9578
vn -0.4276 0.3459 -0.8351
vn -0.215 0.374 -0.9022
vn -0.4278 0.5022 -0.7516
vn -0.215 0.5428 -0.8119
vn -0.4277 0.6391 -0.6392
vn -0.215 0.6907 -0.6904
vn -0.4277 0.7516 -0.5022
vn -0.215 0.8122 -0.5424
vn -0.4278 0.8351 -0.3459
vn -0.2151 0.9024 -0.3735
vn -0.4277 0.8865 -0.1763
vn -0.215 0.9579 -0.1903
vn -0.4277 0.9039 0
vn -0.2151 0.9766 0.0003
vn -0.4278 0.8865 0.1763
vn -0.2151 0.9578 0.1908
vn -0.4278 0.8351 0.3459
vn -0.215 0.9022 0.374
vn -0.4278 0.7515 0.5022
vn -0.2151 0.8119 0.5428
vn -0.4277 0.6392 0.6392
vn -0.215 0.6904 0.6908
vn -0.4278 0.5022 0.7516
vn -0.2151 0.5424 0.8122
vn -0.4276 0.3459 0.8351
vn -0.215 0.3735 0.9024
vn -0.4278 0.1763 0.8865
vn -0.2151 0.1903 0.9579
vn -0.4277 0 0.9039
vn -0.215 -0.0003 0.9766
vn -0.4277 -0.1763 0.8865
vn -0.215 -0.1908 0.9578
vn -0.4276 -0.3459 0.8352
vn -0.215 -0.374 0.9022
vn -0.4278 -0.5022 0.7516
vn -0.2151 -0.5428 0.8119
vn -0.4277 -0.6392 0.6392
vn -0.2151 -0.6907 0.6904
vn -0.4278 -0.7516 0.5022
vn -0.215 -0.8122 0.5424
vn -0.4277 -0.8351 0.3459
vn -0.2151 -0.9024 0.3735
vn -0.4277 -0.8866 0.1763
vn -0.215 -0.9579 0.1903
vn -0.2151 -0.9766 -0.0003
vn -0.2151 -0.9578 -0.1908
vn -0.1001 -0.995 0.0013
vn -0.215 -0.9022 -0.374
vn -0.1002 -0.9761 -0.1929
vn -0.1001 -0.9197 -0.3796
vn -0.2151 -0.8119 -0.5428
vn -0.1002 -0.828 -0.5517
vn -0.1001 -0.9756 0.1953
vn -0.1004 -0.7044 -0.7026
vn -0.1002 -0.9187 0.3819
vn -0.1002 -0.5538 -0.8266
vn -0.1 -0.8266 0.5538
vn -0.1001 -0.3819 -0.9188
vn -0.1002 -0.7027 0.7044
vn -0.1 -0.1953 -0.9756
vn -0.1001 -0.5517 0.828
vn -0.1001 -0.0013 -0.995
vn -0.1003 -0.3796 0.9197
vn -0.1002 0.1929 -0.9761
vn -0.1001 -0.1929 0.9761
vn -0.1002 0.3796 -0.9197
vn -0.1 0.0013 0.995
vn -0.1001 0.5517 -0.828
vn -0.1002 0.1954 0.9756
vn -0.1002 0.7027 -0.7044
vn -0.1002 0.3819 0.9188
vn -0.1002 0.8266 -0.5538
vn -0.1002 0.5538 0.8266
vn -0.1002 0.9187 -0.3819
vn -0.1001 0.7045 0.7027
vn -0.1002 0.9756 -0.1954
vn -0.1001 0.828 0.5517
vn -0.1002 0.995 -0.0013
vn -0.1001 0.9197 0.3796
vn -0.1001 0.9761 0.1929
vn -0.7382 -0.6745 -0
vn 0.2262 -0.9554 -0.1897
vn 0.2262 -0.9741 0.0003
vn -0.7382 -0.6616 -0.1316
vn -0.7382 -0.6616 0.1316
vn 0.2262 -0.9001 -0.3725
vn -0.7382 -0.6232 -0.2581
vn 0.2262 -0.9553 0.1904
vn -0.7382 -0.6232 0.2581
vn 0.2262 -0.8101 -0.5409
vn -0.7383 -0.5608 -0.3748
vn 0.2261 -0.8998 0.3731
vn -0.7382 -0.5609 0.3747
vn 0.2261 -0.689 -0.6886
vn -0.7382 -0.477 -0.477
vn 0.2263 -0.8097 0.5414
vn -0.7383 -0.477 0.477
vn 0.2261 -0.5415 -0.8097
vn -0.7382 -0.3748 -0.5609
vn 0.2262 -0.6885 0.689
vn -0.7383 -0.3747 0.5608
vn 0.2262 -0.3731 -0.8998
vn -0.7382 -0.2581 -0.6232
vn 0.2262 -0.5409 0.8101
vn -0.7382 -0.2581 0.6232
vn 0.2264 -0.1903 -0.9553
vn -0.7383 -0.1316 -0.6616
vn 0.2263 -0.3725 0.9
vn -0.7383 -0.1316 0.6616
vn 0.2262 -0.0003 -0.9741
vn -0.7383 -0 -0.6745
vn 0.2262 -0.1897 0.9554
vn -0.7382 -0 0.6745
vn 0.2262 0.1897 -0.9554
vn -0.7382 0.1316 -0.6616
vn 0.2263 0.0003 0.9741
vn -0.7382 0.1316 0.6616
vn 0.2262 0.3725 -0.9001
vn -0.7383 0.2581 -0.6232
vn 0.2262 0.1904 0.9553
vn -0.7382 0.2581 0.6232
vn 0.2261 0.5409 -0.8101
vn -0.7383 0.3747 -0.5608
vn 0.2262 0.3731 0.8998
vn -0.7382 0.3747 0.5609
vn 0.2263 0.6885 -0.689
vn -0.7382 0.477 -0.477
vn 0.2261 0.5415 0.8097
vn -0.7382 0.477 0.477
vn 0.2262 0.8097 -0.5415
vn -0.7383 0.5608 -0.3747
vn 0.2263 0.689 0.6885
vn -0.7383 0.5608 0.3747
vn 0.2262 0.8998 -0.3731
vn -0.7382 0.6232 -0.2581
vn 0.2262 0.8101 0.5409
vn -0.7382 0.6232 0.2581
vn 0.2262 0.9553 -0.1904
vn -0.7382 0.6616 -0.1316
vn 0.2263 0.9001 0.3724
vn -0.7382 0.6616 0.1316
vn 0.2263 0.9741 -0.0003
vn -0.7382 0.6745 0
vn 0.2262 0.9554 0.1897
vn 0.639 0.5454 0.5425
vn 0.639 0.4291 0.6385
vn 0.639 0.2962 0.7099
vn 0.6389 0.1521 0.7541
vn 0.639 0.002 0.7692
vn 0.639 -0.148 0.7548
vn 0.6389 -0.2925 0.7115
vn 0.6392 -0.4256 0.6406
vn 0.639 -0.5425 0.5454
vn 0.6391 -0.6384 0.429
vn 0.639 -0.7099 0.2963
vn 0.639 -0.754 0.1521
vn 0.639 -0.7692 0.002
vn 0.6388 -0.755 -0.148
vn 0.639 -0.7114 -0.2925
vn 0.6391 -0.6406 -0.4256
vn 0.639 -0.5454 -0.5425
vn 0.6391 -0.429 -0.6384
vn 0.6391 -0.2962 -0.7098
vn 0.639 -0.1521 -0.754
vn 0.639 -0.0021 -0.7692
vn 0.639 0.1481 -0.7548
vn 0.639 0.2925 -0.7114
vn 0.6391 0.4256 -0.6406
vn 0.6391 0.5424 -0.5453
vn 0.6391 0.6384 -0.429
vn 0.639 0.7099 -0.2962
vn 0.6391 0.7539 -0.152
vn 0.6391 0.7692 -0.002
vn 0.6391 0.7547 0.1481
vn 0.6391 0.7114 0.2925
vn 0.639 0.6407 0.4257
vn 0.9567 0.203 0.2087
vn 0.9565 0.1602 0.2438
vn 0.9567 0.1077 0.2704
vn 0.9565 0.0547 0.2865
vn 0.9567 -0.004 0.291
vn 0.9565 -0.0591 0.2856
vn 0.9567 -0.1151 0.2675
vn 0.9566 -0.1638 0.2411
vn 0.9567 -0.2086 0.203
vn 0.9564 -0.2444 0.1602
vn 0.9564 -0.2708 0.1091
vn 0.9567 -0.2863 0.0528
vn 0.9564 -0.2922 -0.0026
vn 0.9564 -0.2858 -0.0598
vn 0.9567 -0.2674 -0.1151
vn 0.9565 -0.2412 -0.1639
vn 0.9567 -0.2029 -0.2086
vn 0.9564 -0.1601 -0.2443
vn 0.9565 -0.1089 -0.2707
vn 0.9567 -0.0529 -0.2863
vn 0.9565 0.0022 -0.2916
vn 0.9567 0.0607 -0.2846
vn 0.9565 0.1137 -0.2686
vn 0.9567 0.165 -0.2397
vn 0.9565 0.2081 -0.2046
vn 0.9567 0.2441 -0.1583
vn 0.9565 0.2703 -0.1096
vn 0.9567 0.2862 -0.0528
vn 0.9564 0.2922 0.0026
vn 0.9564 0.2857 0.0598
vn 0.9567 0.2673 0.1151
vn 0.9565 0.2414 0.164
vn 0.9955 -0.0594 -0.0742
vn 0.9955 -0.0265 -0.0913
vn 0.9955 0.0105 -0.0945
vn 0.9955 0.0458 -0.0833
vn 0.9955 0.0741 -0.0597
vn 0.9961 0.0815 -0.0345
vn 0.9955 0.0948 -0.0081
vn 0.9961 0.0869 0.0166
vn 0.9955 0.0832 0.0462
vn 0.9955 0.0597 0.0741
vn 0.9961 0.0345 0.0816
vn 0.9955 0.0078 0.0948
vn 0.9955 -0.0287 0.0907
vn 0.9955 -0.0612 0.0728
vn 0.9955 -0.0844 0.0438
vn 0.9955 -0.0948 0.0085
vn 0.9961 -0.0869 -0.0166
vn 0.9955 -0.0832 -0.0461
vn 0.9652 -0.2566 -0.0503
vn 0.966 -0.2587 -0.0035
vn 0.9662 -0.239 -0.0967
vn 0.966 -0.2132 -0.1466
vn 0.9669 -0.1827 -0.1783
vn 0.966 -0.1408 -0.217
vn 0.8846 -0.3298 -0.3298
vn 0.9669 -0.1005 -0.2347
vn 0.8846 -0.2591 -0.3878
vn 0.8846 -0.1785 -0.4309
vn 0.966 -0.0471 -0.2544
vn 0.8846 -0.091 -0.4574
vn 0.9669 -0.0031 -0.2553
vn 0.8846 0 -0.4664
vn 0.966 0.0539 -0.253
vn 0.8846 0.091 -0.4574
vn 0.9669 0.0948 -0.237
vn 0.8846 0.1785 -0.4309
vn 0.966 0.1466 -0.2131
vn 0.8846 0.2591 -0.3878
vn 0.9669 0.1783 -0.1827
vn 0.8846 0.3298 -0.3298
vn 0.966 0.217 -0.1408
vn 0.8846 0.3878 -0.2591
vn 0.9652 0.2413 -0.1007
vn 0.8846 0.4309 -0.1785
vn 0.9662 0.2525 -0.0523
vn 0.8846 0.4574 -0.091
vn 0.966 0.2587 0.0035
vn 0.8846 0.4664 -0
vn 0.9652 0.2566 0.0503
vn 0.8846 0.4574 0.091
vn 0.9662 0.239 0.0967
vn 0.8846 0.4309 0.1785
vn 0.966 0.2131 0.1466
vn 0.8846 0.3878 0.2591
vn 0.9669 0.1827 0.1783
vn 0.8846 0.3298 0.3298
vn 0.966 0.1408 0.217
vn 0.8846 0.2591 0.3878
vn 0.9652 0.1007 0.2413
vn 0.8846 0.1785 0.4308
vn 0.9662 0.0523 0.2525
vn 0.8846 0.091 0.4574
vn 0.966 -0.0035 0.2587
vn 0.8846 0 0.4664
vn 0.9669 -0.0468 0.251
vn 0.8846 -0.091 0.4574
vn 0.966 -0.1022 0.2377
vn 0.8846 -0.1785 0.4308
vn 0.9669 -0.1393 0.214
vn 0.8846 -0.2591 0.3877
vn 0.966 -0.1853 0.1804
vn 0.8846 -0.3298 0.3298
vn 0.9669 -0.2106 0.1444
vn 0.8846 -0.3878 0.2591
vn 0.966 -0.2403 0.0958
vn 0.8846 -0.4309 0.1785
vn 0.9669 -0.2498 0.0528
vn 0.8846 -0.4574 0.091
vn 0.8846 -0.4664 -0
vn 0.8846 -0.4574 -0.091
vn 0.7645 -0.6446 -0
vn 0.8846 -0.4309 -0.1785
vn 0.7645 -0.6322 -0.1258
vn 0.7645 -0.5955 -0.2467
vn 0.8846 -0.3878 -0.2591
vn 0.7645 -0.536 -0.3581
vn 0.7645 -0.4558 -0.4558
vn 0.7645 -0.3581 -0.5359
vn 0.6107 -0.5599 -0.5599
vn 0.7645 -0.2467 -0.5956
vn 0.6108 -0.4399 -0.6584
vn 0.6107 -0.303 -0.7316
vn 0.7645 -0.1258 -0.6322
vn 0.6108 -0.1545 -0.7766
vn 0.7645 0 -0.6446
vn 0.6107 -0 -0.7918
vn 0.7645 0.1257 -0.6322
vn 0.6107 0.1545 -0.7766
vn 0.7645 0.2467 -0.5956
vn 0.6107 0.303 -0.7316
vn 0.7645 0.3581 -0.536
vn 0.6107 0.4399 -0.6584
vn 0.7645 0.4558 -0.4558
vn 0.6108 0.5599 -0.5599
vn 0.7645 0.536 -0.3581
vn 0.6107 0.6584 -0.4399
vn 0.7645 0.5956 -0.2467
vn 0.6107 0.7316 -0.303
vn 0.7645 0.6322 -0.1258
vn 0.6107 0.7766 -0.1545
vn 0.7645 0.6446 -0
vn 0.6107 0.7918 0
vn 0.7645 0.6322 0.1258
vn 0.6107 0.7766 0.1545
vn 0.7645 0.5956 0.2467
vn 0.6107 0.7315 0.303
vn 0.7645 0.536 0.3581
vn 0.6107 0.6584 0.4399
vn 0.7645 0.4558 0.4558
vn 0.6107 0.5599 0.5599
vn 0.7645 0.3581 0.536
vn 0.6107 0.4399 0.6584
vn 0.7646 0.2466 0.5954
vn 0.6108 0.303 0.7315
vn 0.7645 0.1258 0.6322
vn 0.6107 0.1545 0.7766
vn 0.7645 0 0.6446
vn 0.6107 0 0.7918
vn 0.7645 -0.1258 0.6322
vn 0.6107 -0.1545 0.7766
vn 0.7645 -0.2467 0.5955
vn 0.6107 -0.303 0.7316
vn 0.7645 -0.3581 0.536
vn 0.6107 -0.4399 0.6584
vn 0.7645 -0.4558 0.4558
vn 0.6107 -0.5599 0.5599
vn 0.7645 -0.536 0.3581
vn 0.6108 -0.6584 0.4399
vn 0.7645 -0.5955 0.2467
vn 0.6108 -0.7315 0.303
vn 0.7645 -0.6322 0.1258
vn 0.6107 -0.7766 0.1545
vn 0.6107 -0.7918 0
vn 0.6107 -0.7766 -0.1545
vn 0.4277 -0.9039 -0
vn 0.6107 -0.7316 -0.303
vn 0.4277 -0.8865 -0.1763
vn 0.4277 -0.8351 -0.3459
vn 0.6107 -0.6584 -0.4399
vn 0.4277 -0.7516 -0.5022
vn 0.4277 -0.6392 -0.6392
vn 0.4278 -0.5022 -0.7516
vn 0.2151 -0.6904 -0.6907
vn 0.4277 -0.3459 -0.8351
vn 0.2151 -0.5424 -0.8122
vn 0.215 -0.3735 -0.9024
vn 0.4277 -0.1764 -0.8865
vn 0.2151 -0.1903 -0.9579
vn 0.4277 -0 -0.9039
vn 0.2149 0.0003 -0.9766
vn 0.4277 0.1763 -0.8866
vn 0.215 0.1908 -0.9578
vn 0.4277 0.3459 -0.8351
vn 0.215 0.374 -0.9022
vn 0.4277 0.5022 -0.7516
vn 0.215 0.5428 -0.8119
vn 0.4277 0.6392 -0.6392
vn 0.2151 0.6907 -0.6904
vn 0.4277 0.7516 -0.5022
vn 0.215 0.8122 -0.5424
vn 0.4277 0.8351 -0.3459
vn 0.215 0.9024 -0.3735
vn 0.4277 0.8865 -0.1763
vn 0.215 0.9579 -0.1903
vn 0.4277 0.9039 -0
vn 0.215 0.9766 0.0003
vn 0.4277 0.8865 0.1763
vn 0.215 0.9578 0.1908
vn 0.4277 0.8351 0.3459
vn 0.215 0.9022 0.374
vn 0.4277 0.7516 0.5022
vn 0.215 0.8119 0.5428
vn 0.4277 0.6392 0.6392
vn 0.2151 0.6904 0.6907
vn 0.4277 0.5022 0.7516
vn 0.215 0.5424 0.8122
vn 0.4276 0.3459 0.8351
vn 0.2151 0.3735 0.9024
vn 0.4278 0.1763 0.8865
vn 0.2151 0.1903 0.9579
vn 0.4277 0 0.9039
vn 0.215 -0.0003 0.9766
vn 0.4277 -0.1763 0.8865
vn 0.2151 -0.1908 0.9578
vn 0.4276 -0.3459 0.8352
vn 0.215 -0.374 0.9022
vn 0.4277 -0.5022 0.7516
vn 0.2151 -0.5428 0.8119
vn 0.4277 -0.6392 0.6392
vn 0.215 -0.6907 0.6904
vn 0.4278 -0.7516 0.5022
vn 0.2151 -0.8122 0.5424
vn 0.4277 -0.8351 0.3459
vn 0.215 -0.9024 0.3735
vn 0.4277 -0.8866 0.1763
vn 0.215 -0.9579 0.1903
vn 0.215 -0.9766 -0.0003
vn 0.2151 -0.9578 -0.1908
vn 0.1001 -0.995 0.0013
vn 0.215 -0.9022 -0.374
vn 0.1002 -0.9761 -0.1929
vn 0.1001 -0.9197 -0.3796
vn 0.2151 -0.8119 -0.5428
vn 0.1002 -0.828 -0.5517
vn 0.1001 -0.9756 0.1953
vn 0.1003 -0.7044 -0.7026
vn 0.1001 -0.9188 0.3819
vn 0.1002 -0.5538 -0.8266
vn 0.1001 -0.8266 0.5538
vn 0.1 -0.3819 -0.9188
vn 0.1002 -0.7027 0.7044
vn 0.1002 -0.1953 -0.9756
vn 0.1002 -0.5517 0.828
vn 0.1 -0.0013 -0.995
vn 0.1003 -0.3796 0.9197
vn 0.1001 0.1929 -0.9761
vn 0.1002 -0.1929 0.9761
vn 0.1002 0.3796 -0.9197
vn 0.1 0.0013 0.995
vn 0.1001 0.5517 -0.828
vn 0.1002 0.1954 0.9756
vn 0.1002 0.7026 -0.7044
vn 0.1003 0.3819 0.9187
vn 0.1002 0.8266 -0.5538
vn 0.1001 0.5538 0.8266
vn 0.1002 0.9187 -0.3819
vn 0.1002 0.7044 0.7027
vn 0.1002 0.9756 -0.1954
vn 0.1001 0.828 0.5517
vn 0.1002 0.995 -0.0013
vn 0.1001 0.9197 0.3796
vn 0.1001 0.9761 0.1929
vn -0.9998 0.0192 -0
vn -0.9998 0.0189 0.0038
vn -0.9998 0.0189 -0.0038
vn -0.9998 0.0178 0.0074
vn -0.9998 0.0178 -0.0074
vn -0.9998 0.016 0.0107
vn -0.9998 0.016 -0.0107
vn -0.9998 0.0136 0.0136
vn -0.9998 0.0136 -0.0136
vn -0.9998 0.0107 0.016
vn -0.9998 0.0107 -0.016
vn -0.9998 0.0074 0.0178
vn -0.9998 0.0074 -0.0178
vn -0.9998 0.0038 0.0189
vn -0.9998 0.0038 -0.0189
vn -0.9998 0 0.0192
vn -0.9998 -0 -0.0192
vn -0.9998 -0.0038 0.0189
vn -0.9998 -0.0038 -0.0189
vn -0.9998 -0.0074 0.0178
vn -0.9998 -0.0074 -0.0178
vn -0.9998 -0.0107 0.016
vn -0.9998 -0.0107 -0.016
vn -0.9998 -0.0136 0.0136
vn -0.9998 -0.0136 -0.0136
vn -0.9998 -0.016 0.0107
vn -0.9998 -0.016 -0.0107
vn -0.9998 -0.0178 0.0074
vn -0.9998 -0.0178 -0.0074
vn -0.9998 -0.0189 0.0038
vn -0.9998 -0.0189 -0.0038
vn -0.9998 -0.0192 -0
vn -0.0035 -0.8274 -0.5615
vn -0.01 -0.5362 0.8441
vn -0.0022 -0.127 0.9919
vn -0.0124 -0.4045 -0.9145
vn -0.0045 0.863 -0.5051
vn -0.0087 0.9997 0.0237
vn 0.9994 -0.0274 -0.0216
vn 0.9971 -0.0762 0.0074
vn 0.9995 -0.0275 0.0176
vn 0.9971 -0.0619 -0.0449
vn 0.997 -0.0447 0.0624
vn 0.997 -0.0123 -0.0761
vn 0.9992 0.0126 -0.0381
vn 0.9991 -0.0029 0.0424
vn 0.997 0.012 0.0758
vn 0.997 0.0507 -0.0579
vn 0.997 0.0592 0.0496
vn 0.9996 0.0279 0.0003
vn 0.997 0.0776 -0.0068
vn 0.9883 0.1409 0.0591
vn 0.9884 0.1493 -0.0264
vn 0.9881 0.0834 0.129
vn 0.9784 0.1591 0.1318
vn 0.9783 0.1987 0.0589
vn 0.9783 0.0944 0.1842
vn 0.988 0.0155 0.1534
vn 0.9784 0.0199 0.2057
vn 0.9882 -0.045 0.1466
vn 0.9783 -0.0609 0.1979
vn 0.9879 -0.1002 0.1186
vn 0.9783 -0.1321 0.1598
vn 0.9883 -0.1352 0.0707
vn 0.9784 -0.1831 0.0963
vn 0.988 -0.1541 0.0137
vn 0.9782 -0.2066 0.0193
vn 0.9881 -0.1466 -0.046
vn 0.9782 -0.1982 -0.0612
vn 0.9882 -0.1174 -0.0978
vn 0.9781 -0.1618 -0.1311
vn 0.9884 -0.072 -0.1334
vn 0.9775 -0.1184 -0.1744
vn 0.9779 -0.0593 -0.2006
vn 0.9882 -0.0097 -0.153
vn 0.9777 0.0008 -0.2102
vn 0.9884 0.0602 -0.1394
vn 0.9781 0.0597 -0.1994
vn 0.9781 0.1172 -0.1718
vn 0.9883 0.1184 -0.0959
vn 0.9784 0.1597 -0.1311
vn 0.9777 0.1933 -0.0819
vn 0.9783 0.2068 -0.0146
vn 0.981 0.1916 0.0288
vn 0.9999 0.0166 0.0011
vn 0.9858 0.1522 0.0715
vn 0.9848 0.1717 -0.0279
vn 0.9811 0.1662 0.0995
vn 0.9811 0.1756 -0.0816
vn 0.9849 0.1164 0.1283
vn 0.9999 0.0146 -0.0085
vn 0.9999 0.0108 0.0129
vn 0.9848 0.1273 -0.1186
vn 0.981 0.0794 0.177
vn 0.9811 0.1006 -0.1654
vn 0.9858 0.0282 0.1656
vn 0.9999 0.0074 -0.0151
vn 0.9811 0.0064 0.1936
vn 0.9848 0.0399 -0.1693
vn 0.985 -0.039 0.1683
vn 0.9811 -0.0087 -0.1933
vn 0.9999 -0.0073 0.0149
vn 0.9857 -0.0251 -0.1664
vn 0.9811 -0.0999 0.1659
vn 0.9808 -0.0826 -0.1764
vn 0.9849 -0.1283 0.1163
vn 0.9858 -0.0886 -0.1426
vn 0.9999 -0.0099 0.0096
vn 0.9811 -0.1414 -0.1323
vn 0.981 -0.1771 0.0795
vn 0.9858 -0.137 -0.0972
vn 0.9858 -0.1656 0.0282
vn 0.9811 -0.1813 -0.0681
vn 0.9811 -0.1932 0.0064
vn 0.9858 -0.1637 -0.0373
vn 0.995 -0.0949 -0.0313
vn 0.9949 -0.0776 -0.0652
vn 0.9949 -0.0275 -0.0966
vn 0.9949 0.0105 -0.1
vn 0.995 0.0642 -0.0767
vn 0.995 0.0962 -0.0254
vn 0.9949 0.1 0.0106
vn 0.9948 0.0885 0.0508
vn 0.9947 0.0634 0.0805
vn 0.9947 0.0287 0.0984
vn 0.9951 -0.0106 0.0984
vn 0.9949 -0.0653 0.0767
vn 0.9946 -0.0995 0.029
vn 0.924 -0.3824 0.0003
vn 0.9239 -0.3762 -0.0702
vn 0.9218 -0.3561 -0.1535
vn 0.9218 -0.3813 0.0701
vn 0.9242 -0.3202 -0.2083
vn 0.9239 -0.3518 0.1506
vn 0.9218 -0.2702 -0.2781
vn 0.924 -0.3178 0.2127
vn 0.924 -0.2127 -0.3177
vn 0.9217 -0.2781 0.2702
vn 0.9239 -0.1506 -0.3517
vn 0.9239 -0.2088 0.3207
vn 0.9218 -0.0702 -0.3814
vn 0.924 -0.146 0.3534
vn 0.9242 -0.0047 -0.3819
vn 0.9217 -0.0811 0.3792
vn 0.9217 0.0812 -0.3792
vn 0.9242 0.0047 0.3819
vn 0.9241 0.146 -0.3533
vn 0.9218 0.0701 0.3813
vn 0.9239 0.2088 -0.3206
vn 0.9242 0.1505 0.351
vn 0.9218 0.2781 -0.2702
vn 0.9217 0.2108 0.3255
vn 0.924 0.3178 -0.2127
vn 0.9242 0.2734 0.2668
vn 0.9239 0.3517 -0.1506
vn 0.9218 0.3193 0.2201
vn 0.9217 0.3814 -0.0702
vn 0.9242 0.3547 0.1418
vn 0.9242 0.3819 -0.0047
vn 0.9217 0.3792 0.0811
vn 0.6894 0.7244 -0.0025
vn 0.7016 0.6989 0.139
vn 0.7006 0.6584 0.275
vn 0.6887 0.6033 0.4022
vn 0.6886 0.5133 0.5122
vn 0.3856 0.8527 0.3525
vn 0.6887 0.4035 0.6024
vn 0.2773 0.7956 0.5386
vn 0.2751 0.6781 0.6815
vn 0.2751 0.5321 0.8007
vn 0.6886 0.2783 0.6697
vn 0.2749 0.3657 0.8892
vn 0.6887 0.1422 0.7109
vn 0.2751 0.1852 0.9434
vn 0.6886 0.0008 0.7251
vn 0.275 -0.0024 0.9614
vn 0.6886 -0.1407 0.7113
vn 0.2751 -0.1899 0.9425
vn 0.6886 -0.2767 0.6702
vn 0.2751 -0.3701 0.8873
vn 0.6886 -0.4022 0.6034
vn 0.275 -0.5361 0.7981
vn 0.6886 -0.5122 0.5133
vn 0.275 -0.6815 0.6781
vn 0.6887 -0.6024 0.4035
vn 0.2751 -0.8007 0.5321
vn 0.6894 -0.6683 0.2796
vn 0.2755 -0.8872 0.3701
vn 0.7006 -0.7002 0.1372
vn 0.3874 -0.9047 0.1774
vn 0.6894 -0.7244 0.0025
vn 0.2776 -0.9607 -0.0009
vn 0.7016 -0.6989 -0.139
vn 0.3846 -0.9048 -0.1831
vn 0.7006 -0.6584 -0.275
vn 0.3856 -0.8527 -0.3525
vn 0.6886 -0.6034 -0.4022
vn 0.2773 -0.7956 -0.5386
vn 0.6886 -0.5134 -0.5122
vn 0.275 -0.6782 -0.6815
vn 0.6886 -0.4035 -0.6025
vn 0.275 -0.5321 -0.8007
vn 0.6887 -0.2782 -0.6696
vn 0.2751 -0.3657 -0.8892
vn 0.6887 -0.1422 -0.711
vn 0.2751 -0.1852 -0.9434
vn 0.6886 -0.0008 -0.7251
vn 0.275 0.0024 -0.9614
vn 0.6885 0.1407 -0.7114
vn 0.275 0.1899 -0.9425
vn 0.6887 0.2767 -0.6701
vn 0.2751 0.3702 -0.8873
vn 0.6887 0.4022 -0.6033
vn 0.2752 0.5361 -0.798
vn 0.6886 0.5122 -0.5133
vn 0.275 0.6815 -0.6781
vn 0.6886 0.6025 -0.4035
vn 0.2751 0.8007 -0.5321
vn 0.6894 0.6682 -0.2796
vn 0.2755 0.8872 -0.3701
vn 0.7006 0.7003 -0.1372
vn 0.3874 0.9047 -0.1774
vn 0.2776 0.9607 0.0009
vn 0.3846 0.9048 0.1831
vn 0.0956 0.9766 0.1928
vn 0.0968 0.919 0.3821
vn 0.0923 0.9766 -0.1944
vn -0.6852 0.7145 0.1411
vn -0.6859 0.6723 0.2785
vn -0.6849 0.7286 0.001
vn -0.6849 0.6053 0.4057
vn -0.6852 0.7141 -0.1431
vn -0.6842 0.5157 0.5157
vn -0.6842 0.6738 -0.2791
vn -0.6842 0.4052 0.6064
vn -0.6842 0.6064 -0.4052
vn -0.6842 0.2791 0.6738
vn -0.6842 0.5157 -0.5157
vn -0.6842 0.1423 0.7153
vn -0.6842 0.4052 -0.6064
vn -0.6842 0 0.7293
vn -0.6842 0.2791 -0.6737
vn -0.6842 -0.1423 0.7153
vn -0.6842 0.1423 -0.7153
vn -0.6842 -0.2791 0.6738
vn -0.6842 -0 -0.7293
vn -0.6842 -0.4052 0.6064
vn -0.6842 -0.1423 -0.7153
vn -0.6842 -0.5157 0.5157
vn -0.6842 -0.2791 -0.6738
vn -0.6842 -0.6064 0.4052
vn -0.6842 -0.4052 -0.6064
vn -0.6842 -0.6738 0.2791
vn -0.6842 -0.5157 -0.5157
vn -0.6852 -0.7141 0.1431
vn -0.6849 -0.6053 -0.4057
vn 0.0923 -0.9766 0.1944
vn -0.6849 -0.7286 -0.001
vn 0.0968 -0.919 -0.3821
vn -0.6859 -0.6723 -0.2785
vn -0.6852 -0.7145 -0.1411
vn 0.0956 -0.9766 -0.1927
vn -1 -0.0018 0.0001
vn -1 -0.004 0.0011
vn -1 -0.0015 0.003
vn -1 -0.0026 -0.0004
vn -1 0.0003 0.0034
vn -1 -0.0004 -0.0039
vn -1 0.005 0.0015
vn -1 0.0029 -0.0013
f 1/1/1 2/2/2 4/4/4
f 4/4/4 2/2/2 7/7/7
f 3/3/3 2/2/2 1/1/1
f 2/2/2 6/6/6 7/7/7
f 5/5/5 3/3/3 1/1/1
f 7/7/7 6/6/6 5/5/5
f 6/6/6 3/3/3 5/5/5
f 10/10/10 9/9/9 8/8/8
f 9/9/9 11/11/11 8/8/8
f 12/12/12 9/9/9 10/10/10
f 11/11/11 13/13/13 8/8/8
f 8/8/8 13/13/13 15/15/15
f 14/14/14 12/12/12 10/10/10
f 16/16/16 14/14/14 10/10/10
f 15/15/15 18/18/18 16/16/16
f 18/18/18 14/14/14 16/16/16
f 13/13/13 17/17/17 15/15/15
f 17/17/17 18/18/18 15/15/15
f 11/11/11 42/42/42 13/13/13
f 17/17/17 19/19/19 18/18/18
f 13/13/13 47/47/47 17/17/17
f 49/49/49 19/19/19 17/17/17
f 47/47/47 49/49/49 17/17/17
f 45/45/45 47/47/47 13/13/13
f 42/42/42 45/45/45 13/13/13
f 47/47/47 50/50/50 49/49/49
f 45/45/45 48/48/48 47/47/47
f 48/48/48 50/50/50 47/47/47
f 49/49/49 51/51/51 19/19/19
f 50/50/50 51/51/51 49/49/49
f 19/19/19 20/20/20 18/18/18
f 48/48/48 83/83/83 50/50/50
f 20/20/20 21/21/21 18/18/18
f 18/18/18 21/21/21 14/14/14
f 19/19/19 52/52/52 20/20/20
f 51/51/51 52/52/52 19/19/19
f 20/20/20 22/22/22 21/21/21
f 50/50/50 84/84/84 51/51/51
f 83/83/83 84/84/84 50/50/50
f 23/23/23 22/22/22 20/20/20
f 52/52/52 23/23/23 20/20/20
f 21/21/21 25/25/25 14/14/14
f 22/22/22 24/24/24 21/21/21
f 21/21/21 24/24/24 25/25/25
f 23/23/23 58/58/58 22/22/22
f 25/25/25 28/28/28 14/14/14
f 14/14/14 28/28/28 12/12/12
f 58/58/58 59/59/59 22/22/22
f 22/22/22 59/59/59 24/24/24
f 57/57/57 58/58/58 23/23/23
f 24/24/24 26/26/26 25/25/25
f 56/56/56 57/57/57 23/23/23
f 52/52/52 56/56/56 23/23/23
f 57/57/57 89/89/89 58/58/58
f 58/58/58 89/89/89 59/59/59
f 56/56/56 88/88/88 57/57/57
f 88/88/88 89/89/89 57/57/57
f 55/55/55 56/56/56 52/52/52
f 55/55/55 88/88/88 56/56/56
f 53/53/53 55/55/55 52/52/52
f 51/51/51 53/53/53 52/52/52
f 54/54/54 53/53/53 51/51/51
f 84/84/84 54/54/54 51/51/51
f 53/53/53 87/87/87 55/55/55
f 54/54/54 87/87/87 53/53/53
f 87/87/87 88/88/88 55/55/55
f 84/84/84 87/87/87 54/54/54
f 26/26/26 27/27/27 25/25/25
f 25/25/25 27/27/27 28/28/28
f 24/24/24 61/61/61 26/26/26
f 60/60/60 61/61/61 24/24/24
f 59/59/59 60/60/60 24/24/24
f 61/61/61 62/62/62 26/26/26
f 26/26/26 62/62/62 27/27/27
f 60/60/60 90/90/90 61/61/61
f 59/59/59 90/90/90 60/60/60
f 61/61/61 90/90/90 62/62/62
f 27/27/27 29/29/29 28/28/28
f 59/59/59 117/117/117 90/90/90
f 27/27/27 64/64/64 29/29/29
f 115/115/115 117/117/117 59/59/59
f 89/89/89 115/115/115 59/59/59
f 63/63/63 64/64/64 27/27/27
f 62/62/62 63/63/63 27/27/27
f 63/63/63 91/91/91 64/64/64
f 62/62/62 91/91/91 63/63/63
f 64/64/64 65/65/65 29/29/29
f 64/64/64 91/91/91 65/65/65
f 29/29/29 31/31/31 28/28/28
f 29/29/29 65/65/65 31/31/31
f 28/28/28 31/31/31 30/30/30
f 28/28/28 30/30/30 12/12/12
f 30/30/30 32/32/32 12/12/12
f 12/12/12 32/32/32 9/9/9
f 31/31/31 33/33/33 30/30/30
f 30/30/30 33/33/33 32/32/32
f 65/65/65 66/66/66 31/31/31
f 32/32/32 35/35/35 9/9/9
f 66/66/66 67/67/67 31/31/31
f 31/31/31 67/67/67 33/33/33
f 35/35/35 37/37/37 9/9/9
f 9/9/9 37/37/37 11/11/11
f 32/32/32 34/34/34 35/35/35
f 33/33/33 34/34/34 32/32/32
f 37/37/37 39/39/39 11/11/11
f 39/39/39 42/42/42 11/11/11
f 35/35/35 36/36/36 37/37/37
f 34/34/34 36/36/36 35/35/35
f 37/37/37 40/40/40 39/39/39
f 67/67/67 68/68/68 33/33/33
f 33/33/33 68/68/68 34/34/34
f 66/66/66 92/92/92 67/67/67
f 67/67/67 92/92/92 68/68/68
f 65/65/65 92/92/92 66/66/66
f 68/68/68 69/69/69 34/34/34
f 69/69/69 70/70/70 34/34/34
f 34/34/34 70/70/70 36/36/36
f 68/68/68 93/93/93 69/69/69
f 69/69/69 93/93/93 70/70/70
f 36/36/36 38/38/38 37/37/37
f 38/38/38 40/40/40 37/37/37
f 70/70/70 71/71/71 36/36/36
f 70/70/70 93/93/93 71/71/71
f 36/36/36 72/72/72 38/38/38
f 71/71/71 72/72/72 36/36/36
f 72/72/72 73/73/73 38/38/38
f 73/73/73 74/74/74 38/38/38
f 38/38/38 74/74/74 40/40/40
f 72/72/72 94/94/94 73/73/73
f 73/73/73 94/94/94 74/74/74
f 71/71/71 94/94/94 72/72/72
f 74/74/74 75/75/75 40/40/40
f 40/40/40 41/41/41 39/39/39
f 40/40/40 75/75/75 41/41/41
f 39/39/39 41/41/41 42/42/42
f 74/74/74 95/95/95 75/75/75
f 94/94/94 95/95/95 74/74/74
f 75/75/75 76/76/76 41/41/41
f 75/75/75 95/95/95 76/76/76
f 41/41/41 43/43/43 42/42/42
f 76/76/76 77/77/77 41/41/41
f 41/41/41 77/77/77 43/43/43
f 43/43/43 44/44/44 42/42/42
f 42/42/42 44/44/44 45/45/45
f 77/77/77 78/78/78 43/43/43
f 43/43/43 78/78/78 44/44/44
f 77/77/77 96/96/96 78/78/78
f 76/76/76 96/96/96 77/77/77
f 44/44/44 46/46/46 45/45/45
f 46/46/46 48/48/48 45/45/45
f 78/78/78 79/79/79 44/44/44
f 78/78/78 96/96/96 79/79/79
f 44/44/44 80/80/80 46/46/46
f 79/79/79 80/80/80 44/44/44
f 46/46/46 81/81/81 48/48/48
f 80/80/80 81/81/81 46/46/46
f 81/81/81 82/82/82 48/48/48
f 82/82/82 83/83/83 48/48/48
f 80/80/80 85/85/85 81/81/81
f 81/81/81 85/85/85 82/82/82
f 79/79/79 85/85/85 80/80/80
f 82/82/82 86/86/86 83/83/83
f 85/85/85 86/86/86 82/82/82
f 83/83/83 86/86/86 84/84/84
f 79/79/79 97/97/97 85/85/85
f 86/86/86 101/101/101 84/84/84
f 155/155/155 97/97/97 79/79/79
f 96/96/96 155/155/155 79/79/79
f 101/101/101 102/102/102 84/84/84
f 84/84/84 102/102/102 87/87/87
f 100/100/100 101/101/101 86/86/86
f 102/102/102 104/104/104 87/87/87
f 85/85/85 99/99/99 86/86/86
f 99/99/99 100/100/100 86/86/86
f 104/104/104 107/107/107 87/87/87
f 87/87/87 107/107/107 88/88/88
f 98/98/98 99/99/99 85/85/85
f 97/97/97 98/98/98 85/85/85
f 99/99/99 163/163/163 100/100/100
f 98/98/98 160/160/160 99/99/99
f 160/160/160 163/163/163 99/99/99
f 97/97/97 158/158/158 98/98/98
f 158/158/158 160/160/160 98/98/98
f 163/163/163 103/103/103 100/100/100
f 100/100/100 103/103/103 101/101/101
f 160/160/160 164/164/164 163/163/163
f 103/103/103 105/105/105 101/101/101
f 101/101/101 105/105/105 102/102/102
f 163/163/163 165/165/165 103/103/103
f 164/164/164 165/165/165 163/163/163
f 103/103/103 166/166/166 105/105/105
f 165/165/165 166/166/166 103/103/103
f 105/105/105 106/106/106 102/102/102
f 102/102/102 106/106/106 104/104/104
f 166/166/166 167/167/167 105/105/105
f 105/105/105 167/167/167 106/106/106
f 106/106/106 108/108/108 104/104/104
f 104/104/104 108/108/108 107/107/107
f 167/167/167 168/168/168 106/106/106
f 106/106/106 168/168/168 108/108/108
f 166/166/166 171/171/171 167/167/167
f 108/108/108 110/110/110 107/107/107
f 169/169/169 171/171/171 166/166/166
f 165/165/165 169/169/169 166/166/166
f 171/171/171 173/173/173 167/167/167
f 167/167/167 173/173/173 168/168/168
f 169/169/169 233/233/233 171/171/171
f 171/171/171 233/233/233 173/173/173
f 170/170/170 169/169/169 165/165/165
f 170/170/170 233/233/233 169/169/169
f 164/164/164 170/170/170 165/165/165
f 233/233/233 235/235/235 173/173/173
f 231/231/231 233/233/233 170/170/170
f 173/173/173 175/175/175 168/168/168
f 173/173/173 235/235/235 175/175/175
f 168/168/168 228/228/228 108/108/108
f 168/168/168 175/175/175 228/228/228
f 108/108/108 228/228/228 110/110/110
f 175/175/175 235/235/235 227/227/227
f 175/175/175 227/227/227 228/228/228
f 172/172/172 170/170/170 164/164/164
f 172/172/172 231/231/231 170/170/170
f 228/228/228 227/227/227 226/226/226
f 228/228/228 226/226/226 110/110/110
f 227/227/227 235/235/235 224/224/224
f 227/227/227 224/224/224 226/226/226
f 224/224/224 235/235/235 222/222/222
f 235/235/235 236/236/236 222/222/222
f 226/226/226 224/224/224 223/223/223
f 224/224/224 222/222/222 223/223/223
f 110/110/110 226/226/226 112/112/112
f 226/226/226 223/223/223 225/225/225
f 226/226/226 225/225/225 112/112/112
f 223/223/223 222/222/222 221/221/221
f 225/225/225 223/223/223 221/221/221
f 110/110/110 112/112/112 109/109/109
f 107/107/107 110/110/110 109/109/109
f 107/107/107 109/109/109 88/88/88
f 112/112/112 225/225/225 114/114/114
f 225/225/225 221/221/221 114/114/114
f 109/109/109 112/112/112 111/111/111
f 109/109/109 111/111/111 88/88/88
f 112/112/112 114/114/114 111/111/111
f 88/88/88 111/111/111 89/89/89
f 111/111/111 113/113/113 89/89/89
f 111/111/111 114/114/114 113/113/113
f 113/113/113 115/115/115 89/89/89
f 114/114/114 116/116/116 113/113/113
f 113/113/113 116/116/116 115/115/115
f 114/114/114 221/221/221 116/116/116
f 116/116/116 118/118/118 115/115/115
f 115/115/115 118/118/118 117/117/117
f 221/221/221 219/219/219 116/116/116
f 116/116/116 219/219/219 118/118/118
f 222/222/222 220/220/220 221/221/221
f 221/221/221 220/220/220 219/219/219
f 222/222/222 236/236/236 220/220/220
f 220/220/220 217/217/217 219/219/219
f 220/220/220 236/236/236 217/217/217
f 219/219/219 218/218/218 118/118/118
f 219/219/219 217/217/217 216/216/216
f 219/219/219 216/216/216 218/218/218
f 217/217/217 236/236/236 215/215/215
f 217/217/217 215/215/215 216/216/216
f 118/118/118 218/218/218 120/120/120
f 118/118/118 120/120/120 117/117/117
f 218/218/218 216/216/216 214/214/214
f 216/216/216 215/215/215 214/214/214
f 218/218/218 214/214/214 120/120/120
f 215/215/215 236/236/236 213/213/213
f 215/215/215 213/213/213 214/214/214
f 117/117/117 120/120/120 119/119/119
f 117/117/117 119/119/119 90/90/90
f 120/120/120 214/214/214 122/122/122
f 120/120/120 122/122/122 119/119/119
f 119/119/119 121/121/121 90/90/90
f 119/119/119 122/122/122 121/121/121
f 90/90/90 121/121/121 62/62/62
f 214/214/214 212/212/212 122/122/122
f 214/214/214 213/213/213 212/212/212
f 122/122/122 124/124/124 121/121/121
f 122/122/122 212/212/212 124/124/124
f 121/121/121 123/123/123 62/62/62
f 121/121/121 124/124/124 123/123/123
f 62/62/62 123/123/123 91/91/91
f 213/213/213 236/236/236 211/211/211
f 213/213/213 211/211/211 212/212/212
f 236/236/236 234/234/234 211/211/211
f 212/212/212 210/210/210 124/124/124
f 212/212/212 211/211/211 210/210/210
f 124/124/124 126/126/126 123/123/123
f 124/124/124 210/210/210 126/126/126
f 123/123/123 125/125/125 91/91/91
f 123/123/123 126/126/126 125/125/125
f 211/211/211 209/209/209 210/210/210
f 211/211/211 234/234/234 209/209/209
f 210/210/210 208/208/208 126/126/126
f 210/210/210 209/209/209 208/208/208
f 126/126/126 128/128/128 125/125/125
f 126/126/126 208/208/208 128/128/128
f 125/125/125 127/127/127 91/91/91
f 125/125/125 128/128/128 127/127/127
f 91/91/91 127/127/127 65/65/65
f 209/209/209 207/207/207 208/208/208
f 209/209/209 234/234/234 207/207/207
f 127/127/127 129/129/129 65/65/65
f 65/65/65 129/129/129 92/92/92
f 208/208/208 207/207/207 206/206/206
f 208/208/208 206/206/206 128/128/128
f 207/207/207 234/234/234 205/205/205
f 207/207/207 205/205/205 206/206/206
f 128/128/128 130/130/130 127/127/127
f 128/128/128 206/206/206 130/130/130
f 127/127/127 130/130/130 129/129/129
f 206/206/206 205/205/205 204/204/204
f 206/206/206 204/204/204 130/130/130
f 205/205/205 234/234/234 203/203/203
f 205/205/205 203/203/203 204/204/204
f 234/234/234 232/232/232 203/203/203
f 130/130/130 204/204/204 132/132/132
f 130/130/130 132/132/132 129/129/129
f 204/204/204 203/203/203 202/202/202
f 204/204/204 202/202/202 132/132/132
f 203/203/203 232/232/232 201/201/201
f 203/203/203 201/201/201 202/202/202
f 129/129/129 132/132/132 131/131/131
f 129/129/129 131/131/131 92/92/92
f 132/132/132 202/202/202 134/134/134
f 132/132/132 134/134/134 131/131/131
f 131/131/131 133/133/133 92/92/92
f 131/131/131 134/134/134 133/133/133
f 92/92/92 133/133/133 68/68/68
f 202/202/202 200/200/200 134/134/134
f 202/202/202 201/201/201 200/200/200
f 134/134/134 136/136/136 133/133/133
f 134/134/134 200/200/200 136/136/136
f 133/133/133 135/135/135 68/68/68
f 133/133/133 136/136/136 135/135/135
f 68/68/68 135/135/135 93/93/93
f 201/201/201 199/199/199 200/200/200
f 201/201/201 232/232/232 199/199/199
f 200/200/200 198/198/198 136/136/136
f 200/200/200 199/199/199 198/198/198
f 199/199/199 232/232/232 197/197/197
f 199/199/199 197/197/197 198/198/198
f 232/232/232 230/230/230 197/197/197
f 136/136/136 198/198/198 138/138/138
f 136/136/136 138/138/138 135/135/135
f 198/198/198 197/197/197 196/196/196
f 198/198/198 196/196/196 138/138/138
f 135/135/135 137/137/137 93/93/93
f 135/135/135 138/138/138 137/137/137
f 197/197/197 195/195/195 196/196/196
f 197/197/197 230/230/230 195/195/195
f 138/138/138 196/196/196 140/140/140
f 138/138/138 140/140/140 137/137/137
f 196/196/196 195/195/195 194/194/194
f 196/196/196 194/194/194 140/140/140
f 137/137/137 139/139/139 93/93/93
f 137/137/137 140/140/140 139/139/139
f 93/93/93 139/139/139 71/71/71
f 140/140/140 194/194/194 142/142/142
f 140/140/140 142/142/142 139/139/139
f 139/139/139 141/141/141 71/71/71
f 139/139/139 142/142/142 141/141/141
f 71/71/71 141/141/141 94/94/94
f 195/195/195 193/193/193 194/194/194
f 195/195/195 230/230/230 193/193/193
f 194/194/194 192/192/192 142/142/142
f 194/194/194 193/193/193 192/192/192
f 142/142/142 144/144/144 141/141/141
f 142/142/142 192/192/192 144/144/144
f 193/193/193 230/230/230 190/190/190
f 193/193/193 190/190/190 192/192/192
f 141/141/141 143/143/143 94/94/94
f 141/141/141 144/144/144 143/143/143
f 190/190/190 230/230/230 188/188/188
f 143/143/143 145/145/145 94/94/94
f 230/230/230 229/229/229 188/188/188
f 94/94/94 145/145/145 95/95/95
f 190/190/190 188/188/188 189/189/189
f 192/192/192 190/190/190 189/189/189
f 144/144/144 146/146/146 143/143/143
f 143/143/143 146/146/146 145/145/145
f 192/192/192 191/191/191 144/144/144
f 192/192/192 189/189/189 191/191/191
f 144/144/144 191/191/191 146/146/146
f 191/191/191 189/189/189 187/187/187
f 191/191/191 187/187/187 146/146/146
f 189/189/189 188/188/188 187/187/187
f 146/146/146 148/148/148 145/145/145
f 146/146/146 187/187/187 148/148/148
f 145/145/145 147/147/147 95/95/95
f 145/145/145 148/148/148 147/147/147
f 188/188/188 186/186/186 187/187/187
f 188/188/188 229/229/229 186/186/186
f 187/187/187 185/185/185 148/148/148
f 187/187/187 186/186/186 185/185/185
f 148/148/148 150/150/150 147/147/147
f 148/148/148 185/185/185 150/150/150
f 147/147/147 149/149/149 95/95/95
f 147/147/147 150/150/150 149/149/149
f 95/95/95 149/149/149 76/76/76
f 186/186/186 183/183/183 185/185/185
f 186/186/186 229/229/229 183/183/183
f 149/149/149 151/151/151 76/76/76
f 76/76/76 151/151/151 96/96/96
f 150/150/150 152/152/152 149/149/149
f 149/149/149 152/152/152 151/151/151
f 185/185/185 184/184/184 150/150/150
f 150/150/150 184/184/184 152/152/152
f 151/151/151 153/153/153 96/96/96
f 153/153/153 155/155/155 96/96/96
f 152/152/152 154/154/154 151/151/151
f 151/151/151 154/154/154 153/153/153
f 185/185/185 182/182/182 184/184/184
f 185/185/185 183/183/183 182/182/182
f 184/184/184 180/180/180 152/152/152
f 184/184/184 182/182/182 180/180/180
f 152/152/152 180/180/180 154/154/154
f 183/183/183 181/181/181 182/182/182
f 182/182/182 181/181/181 180/180/180
f 183/183/183 229/229/229 181/181/181
f 181/181/181 179/179/179 180/180/180
f 181/181/181 229/229/229 179/179/179
f 180/180/180 178/178/178 154/154/154
f 180/180/180 179/179/179 178/178/178
f 154/154/154 156/156/156 153/153/153
f 154/154/154 178/178/178 156/156/156
f 153/153/153 156/156/156 155/155/155
f 179/179/179 229/229/229 177/177/177
f 179/179/179 177/177/177 178/178/178
f 229/229/229 231/231/231 177/177/177
f 178/178/178 159/159/159 156/156/156
f 178/178/178 177/177/177 159/159/159
f 156/156/156 157/157/157 155/155/155
f 156/156/156 159/159/159 157/157/157
f 155/155/155 157/157/157 97/97/97
f 157/157/157 158/158/158 97/97/97
f 177/177/177 176/176/176 159/159/159
f 177/177/177 231/231/231 176/176/176
f 159/159/159 161/161/161 157/157/157
f 159/159/159 176/176/176 161/161/161
f 157/157/157 161/161/161 158/158/158
f 176/176/176 231/231/231 174/174/174
f 176/176/176 174/174/174 161/161/161
f 174/174/174 231/231/231 172/172/172
f 161/161/161 162/162/162 158/158/158
f 161/161/161 174/174/174 162/162/162
f 174/174/174 172/172/172 162/162/162
f 158/158/158 162/162/162 160/160/160
f 162/162/162 172/172/172 164/164/164
f 162/162/162 164/164/164 160/160/160
f 239/239/239 238/238/238 237/237/237
f 237/237/237 238/238/238 241/241/241
f 240/240/240 239/239/239 237/237/237
f 238/238/238 243/243/243 241/241/241
f 241/241/241 243/243/243 245/245/245
f 242/242/242 239/239/239 240/240/240
f 244/244/244 242/242/242 240/240/240
f 243/243/243 247/247/247 245/245/245
f 245/245/245 247/247/247 249/249/249
f 246/246/246 242/242/242 244/244/244
f 248/248/248 246/246/246 244/244/244
f 247/247/247 251/251/251 249/249/249
f 249/249/249 251/251/251 253/253/253
f 250/250/250 246/246/246 248/248/248
f 252/252/252 250/250/250 248/248/248
f 251/251/251 255/255/255 253/253/253
f 253/253/253 255/255/255 257/257/257
f 254/254/254 250/250/250 252/252/252
f 256/256/256 254/254/254 252/252/252
f 255/255/255 259/259/259 257/257/257
f 257/257/257 259/259/259 261/261/261
f 258/258/258 254/254/254 256/256/256
f 260/260/260 258/258/258 256/256/256
f 259/259/259 263/263/263 261/261/261
f 261/261/261 263/263/263 265/265/265
f 262/262/262 258/258/258 260/260/260
f 264/264/264 262/262/262 260/260/260
f 263/263/263 267/267/267 265/265/265
f 265/265/265 267/267/267 269/269/269
f 266/266/266 262/262/262 264/264/264
f 268/268/268 266/266/266 264/264/264
f 267/267/267 271/271/271 269/269/269
f 269/269/269 271/271/271 273/273/273
f 270/270/270 266/266/266 268/268/268
f 272/272/272 270/270/270 268/268/268
f 271/271/271 275/275/275 273/273/273
f 273/273/273 275/275/275 277/277/277
f 274/274/274 270/270/270 272/272/272
f 276/276/276 274/274/274 272/272/272
f 275/275/275 279/279/279 277/277/277
f 277/277/277 279/279/279 281/281/281
f 278/278/278 274/274/274 276/276/276
f 280/280/280 278/278/278 276/276/276
f 279/279/279 283/283/283 281/281/281
f 281/281/281 283/283/283 285/285/285
f 282/282/282 278/278/278 280/280/280
f 284/284/284 282/282/282 280/280/280
f 283/283/283 287/287/287 285/285/285
f 285/285/285 287/287/287 289/289/289
f 286/286/286 282/282/282 284/284/284
f 288/288/288 286/286/286 284/284/284
f 287/287/287 291/291/291 289/289/289
f 289/289/289 291/291/291 293/293/293
f 290/290/290 286/286/286 288/288/288
f 292/292/292 290/290/290 288/288/288
f 291/291/291 295/295/295 293/293/293
f 293/293/293 295/295/295 297/297/297
f 294/294/294 290/290/290 292/292/292
f 296/296/296 294/294/294 292/292/292
f 295/295/295 299/299/299 297/297/297
f 297/297/297 299/299/299 300/300/300
f 300/300/300 298/298/298 296/296/296
f 299/299/299 298/298/298 300/300/300
f 298/298/298 294/294/294 296/296/296
f 295/295/295 330/330/330 299/299/299
f 299/299/299 332/332/332 298/298/298
f 330/330/330 332/332/332 299/299/299
f 298/298/298 331/331/331 294/294/294
f 332/332/332 331/331/331 298/298/298
f 294/294/294 329/329/329 290/290/290
f 331/331/331 329/329/329 294/294/294
f 290/290/290 327/327/327 286/286/286
f 329/329/329 327/327/327 290/290/290
f 327/327/327 325/325/325 286/286/286
f 286/286/286 325/325/325 282/282/282
f 329/329/329 360/360/360 327/327/327
f 325/325/325 323/323/323 282/282/282
f 282/282/282 323/323/323 278/278/278
f 327/327/327 359/359/359 325/325/325
f 360/360/360 359/359/359 327/327/327
f 325/325/325 358/358/358 323/323/323
f 359/359/359 358/358/358 325/325/325
f 323/323/323 321/321/321 278/278/278
f 278/278/278 321/321/321 274/274/274
f 358/358/358 357/357/357 323/323/323
f 323/323/323 357/357/357 321/321/321
f 321/321/321 319/319/319 274/274/274
f 274/274/274 319/319/319 270/270/270
f 357/357/357 356/356/356 321/321/321
f 321/321/321 356/356/356 319/319/319
f 319/319/319 317/317/317 270/270/270
f 270/270/270 317/317/317 266/266/266
f 356/356/356 355/355/355 319/319/319
f 319/319/319 355/355/355 317/317/317
f 317/317/317 315/315/315 266/266/266
f 266/266/266 315/315/315 262/262/262
f 355/355/355 354/354/354 317/317/317
f 317/317/317 354/354/354 315/315/315
f 315/315/315 313/313/313 262/262/262
f 262/262/262 313/313/313 258/258/258
f 354/354/354 353/353/353 315/315/315
f 315/315/315 353/353/353 313/313/313
f 313/313/313 311/311/311 258/258/258
f 258/258/258 311/311/311 254/254/254
f 353/353/353 352/352/352 313/313/313
f 313/313/313 352/352/352 311/311/311
f 311/311/311 309/309/309 254/254/254
f 254/254/254 309/309/309 250/250/250
f 352/352/352 351/351/351 311/311/311
f 311/311/311 351/351/351 309/309/309
f 309/309/309 307/307/307 250/250/250
f 250/250/250 307/307/307 246/246/246
f 351/351/351 350/350/350 309/309/309
f 309/309/309 350/350/350 307/307/307
f 307/307/307 305/305/305 246/246/246
f 246/246/246 305/305/305 242/242/242
f 350/350/350 349/349/349 307/307/307
f 307/307/307 349/349/349 305/305/305
f 305/305/305 303/303/303 242/242/242
f 242/242/242 303/303/303 239/239/239
f 349/349/349 348/348/348 305/305/305
f 305/305/305 348/348/348 303/303/303
f 303/303/303 302/302/302 239/239/239
f 239/239/239 302/302/302 238/238/238
f 348/348/348 347/347/347 303/303/303
f 303/303/303 347/347/347 302/302/302
f 302/302/302 301/301/301 238/238/238
f 238/238/238 301/301/301 243/243/243
f 347/347/347 346/346/346 302/302/302
f 302/302/302 346/346/346 301/301/301
f 301/301/301 304/304/304 243/243/243
f 243/243/243 304/304/304 247/247/247
f 346/346/346 345/345/345 301/301/301
f 301/301/301 345/345/345 304/304/304
f 304/304/304 306/306/306 247/247/247
f 247/247/247 306/306/306 251/251/251
f 345/345/345 344/344/344 304/304/304
f 304/304/304 344/344/344 306/306/306
f 306/306/306 308/308/308 251/251/251
f 251/251/251 308/308/308 255/255/255
f 344/344/344 343/343/343 306/306/306
f 306/306/306 343/343/343 308/308/308
f 308/308/308 310/310/310 255/255/255
f 255/255/255 310/310/310 259/259/259
f 343/343/343 342/342/342 308/308/308
f 308/308/308 342/342/342 310/310/310
f 310/310/310 312/312/312 259/259/259
f 259/259/259 312/312/312 263/263/263
f 342/342/342 341/341/341 310/310/310
f 310/310/310 341/341/341 312/312/312
f 312/312/312 314/314/314 263/263/263
f 263/263/263 314/314/314 267/267/267
f 341/341/341 340/340/340 312/312/312
f 312/312/312 340/340/340 314/314/314
f 314/314/314 316/316/316 267/267/267
f 267/267/267 316/316/316 271/271/271
f 340/340/340 339/339/339 314/314/314
f 314/314/314 339/339/339 316/316/316
f 316/316/316 318/318/318 271/271/271
f 271/271/271 318/318/318 275/275/275
f 339/339/339 338/338/338 316/316/316
f 316/316/316 338/338/338 318/318/318
f 318/318/318 320/320/320 275/275/275
f 275/275/275 320/320/320 279/279/279
f 338/338/338 337/337/337 318/318/318
f 318/318/318 337/337/337 320/320/320
f 320/320/320 322/322/322 279/279/279
f 279/279/279 322/322/322 283/283/283
f 337/337/337 336/336/336 320/320/320
f 320/320/320 336/336/336 322/322/322
f 322/322/322 324/324/324 283/283/283
f 283/283/283 324/324/324 287/287/287
f 336/336/336 335/335/335 322/322/322
f 322/322/322 335/335/335 324/324/324
f 324/324/324 326/326/326 287/287/287
f 287/287/287 326/326/326 291/291/291
f 335/335/335 334/334/334 324/324/324
f 324/324/324 334/334/334 326/326/326
f 326/326/326 328/328/328 291/291/291
f 291/291/291 328/328/328 295/295/295
f 328/328/328 330/330/330 295/295/295
f 334/334/334 333/333/333 326/326/326
f 326/326/326 333/333/333 328/328/328
f 328/328/328 364/364/364 330/330/330
f 333/333/333 364/364/364 328/328/328
f 335/335/335 367/367/367 334/334/334
f 364/364/364 363/363/363 330/330/330
f 330/330/330 363/363/363 332/332/332
f 334/334/334 366/366/366 333/333/333
f 367/367/367 366/366/366 334/334/334
f 333/333/333 365/365/365 364/364/364
f 366/366/366 365/365/365 333/333/333
f 368/368/368 367/367/367 335/335/335
f 336/336/336 368/368/368 335/335/335
f 365/365/365 396/396/396 364/364/364
f 364/364/364 396/396/396 363/363/363
f 369/369/369 368/368/368 336/336/336
f 337/337/337 369/369/369 336/336/336
f 368/368/368 398/398/398 367/367/367
f 367/367/367 398/398/398 366/366/366
f 370/370/370 369/369/369 337/337/337
f 338/338/338 370/370/370 337/337/337
f 369/369/369 399/399/399 368/368/368
f 370/370/370 399/399/399 369/369/369
f 399/399/399 398/398/398 368/368/368
f 371/371/371 370/370/370 338/338/338
f 339/339/339 371/371/371 338/338/338
f 366/366/366 397/397/397 365/365/365
f 398/398/398 397/397/397 366/366/366
f 365/365/365 397/397/397 396/396/396
f 372/372/372 371/371/371 339/339/339
f 340/340/340 372/372/372 339/339/339
f 371/371/371 400/400/400 370/370/370
f 372/372/372 400/400/400 371/371/371
f 400/400/400 399/399/399 370/370/370
f 373/373/373 372/372/372 340/340/340
f 341/341/341 373/373/373 340/340/340
f 373/373/373 401/401/401 372/372/372
f 401/401/401 400/400/400 372/372/372
f 374/374/374 373/373/373 341/341/341
f 374/374/374 401/401/401 373/373/373
f 342/342/342 374/374/374 341/341/341
f 375/375/375 374/374/374 342/342/342
f 343/343/343 375/375/375 342/342/342
f 402/402/402 401/401/401 374/374/374
f 375/375/375 402/402/402 374/374/374
f 376/376/376 375/375/375 343/343/343
f 344/344/344 376/376/376 343/343/343
f 403/403/403 402/402/402 375/375/375
f 376/376/376 403/403/403 375/375/375
f 377/377/377 376/376/376 344/344/344
f 377/377/377 403/403/403 376/376/376
f 345/345/345 377/377/377 344/344/344
f 378/378/378 377/377/377 345/345/345
f 346/346/346 378/378/378 345/345/345
f 404/404/404 403/403/403 377/377/377
f 378/378/378 404/404/404 377/377/377
f 379/379/379 378/378/378 346/346/346
f 347/347/347 379/379/379 346/346/346
f 405/405/405 404/404/404 378/378/378
f 379/379/379 405/405/405 378/378/378
f 380/380/380 379/379/379 347/347/347
f 380/380/380 405/405/405 379/379/379
f 348/348/348 380/380/380 347/347/347
f 381/381/381 380/380/380 348/348/348
f 349/349/349 381/381/381 348/348/348
f 381/381/381 406/406/406 380/380/380
f 406/406/406 405/405/405 380/380/380
f 382/382/382 381/381/381 349/349/349
f 382/382/382 406/406/406 381/381/381
f 350/350/350 382/382/382 349/349/349
f 383/383/383 382/382/382 350/350/350
f 351/351/351 383/383/383 350/350/350
f 407/407/407 406/406/406 382/382/382
f 383/383/383 407/407/407 382/382/382
f 384/384/384 383/383/383 351/351/351
f 352/352/352 384/384/384 351/351/351
f 408/408/408 407/407/407 383/383/383
f 384/384/384 408/408/408 383/383/383
f 385/385/385 384/384/384 352/352/352
f 385/385/385 408/408/408 384/384/384
f 353/353/353 385/385/385 352/352/352
f 386/386/386 385/385/385 353/353/353
f 354/354/354 386/386/386 353/353/353
f 386/386/386 409/409/409 385/385/385
f 409/409/409 408/408/408 385/385/385
f 387/387/387 386/386/386 354/354/354
f 387/387/387 409/409/409 386/386/386
f 355/355/355 387/387/387 354/354/354
f 388/388/388 387/387/387 355/355/355
f 356/356/356 388/388/388 355/355/355
f 388/388/388 410/410/410 387/387/387
f 410/410/410 409/409/409 387/387/387
f 389/389/389 388/388/388 356/356/356
f 389/389/389 410/410/410 388/388/388
f 357/357/357 389/389/389 356/356/356
f 390/390/390 389/389/389 357/357/357
f 358/358/358 390/390/390 357/357/357
f 411/411/411 410/410/410 389/389/389
f 390/390/390 411/411/411 389/389/389
f 391/391/391 390/390/390 358/358/358
f 359/359/359 391/391/391 358/358/358
f 412/412/412 411/411/411 390/390/390
f 391/391/391 412/412/412 390/390/390
f 392/392/392 391/391/391 359/359/359
f 392/392/392 412/412/412 391/391/391
f 360/360/360 392/392/392 359/359/359
f 412/412/412 472/472/472 411/411/411
f 393/393/393 392/392/392 360/360/360
f 472/472/472 470/470/470 411/411/411
f 411/411/411 470/470/470 410/410/410
f 413/413/413 412/412/412 392/392/392
f 393/393/393 413/413/413 392/392/392
f 470/470/470 468/468/468 410/410/410
f 361/361/361 393/393/393 360/360/360
f 361/361/361 360/360/360 329/329/329
f 331/331/331 361/361/361 329/329/329
f 468/468/468 466/466/466 410/410/410
f 410/410/410 466/466/466 409/409/409
f 362/362/362 361/361/361 331/331/331
f 332/332/332 362/362/362 331/331/331
f 363/363/363 362/362/362 332/332/332
f 394/394/394 393/393/393 361/361/361
f 362/362/362 394/394/394 361/361/361
f 363/363/363 395/395/395 362/362/362
f 395/395/395 394/394/394 362/362/362
f 396/396/396 395/395/395 363/363/363
f 394/394/394 414/414/414 393/393/393
f 395/395/395 414/414/414 394/394/394
f 414/414/414 413/413/413 393/393/393
f 396/396/396 418/418/418 395/395/395
f 418/418/418 414/414/414 395/395/395
f 397/397/397 418/418/418 396/396/396
f 414/414/414 416/416/416 413/413/413
f 397/397/397 420/420/420 418/418/418
f 416/416/416 415/415/415 413/413/413
f 413/413/413 415/415/415 412/412/412
f 418/418/418 419/419/419 414/414/414
f 420/420/420 419/419/419 418/418/418
f 415/415/415 474/474/474 412/412/412
f 474/474/474 472/472/472 412/412/412
f 419/419/419 417/417/417 414/414/414
f 417/417/417 416/416/416 414/414/414
f 474/474/474 475/475/475 472/472/472
f 417/417/417 479/479/479 416/416/416
f 415/415/415 476/476/476 474/474/474
f 476/476/476 475/475/475 474/474/474
f 416/416/416 477/477/477 415/415/415
f 477/477/477 476/476/476 415/415/415
f 479/479/479 477/477/477 416/416/416
f 419/419/419 482/482/482 417/417/417
f 482/482/482 479/479/479 417/417/417
f 422/422/422 482/482/482 419/419/419
f 420/420/420 422/422/422 419/419/419
f 482/482/482 483/483/483 479/479/479
f 479/479/479 481/481/481 477/477/477
f 483/483/483 481/481/481 479/479/479
f 477/477/477 480/480/480 476/476/476
f 481/481/481 480/480/480 477/477/477
f 484/484/484 483/483/483 482/482/482
f 422/422/422 484/484/484 482/482/482
f 480/480/480 478/478/478 476/476/476
f 476/476/476 478/478/478 475/475/475
f 481/481/481 543/543/543 480/480/480
f 475/475/475 473/473/473 472/472/472
f 472/472/472 473/473/473 470/470/470
f 478/478/478 538/538/538 475/475/475
f 475/475/475 538/538/538 473/473/473
f 480/480/480 541/541/541 478/478/478
f 543/543/543 541/541/541 480/480/480
f 473/473/473 471/471/471 470/470/470
f 470/470/470 471/471/471 468/468/468
f 538/538/538 536/536/536 473/473/473
f 473/473/473 536/536/536 471/471/471
f 478/478/478 540/540/540 538/538/538
f 541/541/541 540/540/540 478/478/478
f 471/471/471 469/469/469 468/468/468
f 468/468/468 469/469/469 466/466/466
f 536/536/536 534/534/534 471/471/471
f 471/471/471 534/534/534 469/469/469
f 538/538/538 539/539/539 536/536/536
f 540/540/540 539/539/539 538/538/538
f 536/536/536 537/537/537 534/534/534
f 539/539/539 537/537/537 536/536/536
f 534/534/534 532/532/532 469/469/469
f 469/469/469 467/467/467 466/466/466
f 469/469/469 532/532/532 467/467/467
f 537/537/537 535/535/535 534/534/534
f 534/534/534 535/535/535 532/532/532
f 466/466/466 467/467/467 464/464/464
f 466/466/466 464/464/464 409/409/409
f 532/532/532 530/530/530 467/467/467
f 464/464/464 462/462/462 409/409/409
f 467/467/467 465/465/465 464/464/464
f 464/464/464 465/465/465 462/462/462
f 467/467/467 530/530/530 465/465/465
f 409/409/409 462/462/462 408/408/408
f 532/532/532 533/533/533 530/530/530
f 535/535/535 533/533/533 532/532/532
f 462/462/462 460/460/460 408/408/408
f 465/465/465 463/463/463 462/462/462
f 462/462/462 463/463/463 460/460/460
f 530/530/530 528/528/528 465/465/465
f 465/465/465 528/528/528 463/463/463
f 460/460/460 458/458/458 408/408/408
f 408/408/408 458/458/458 407/407/407
f 463/463/463 461/461/461 460/460/460
f 460/460/460 461/461/461 458/458/458
f 528/528/528 526/526/526 463/463/463
f 463/463/463 526/526/526 461/461/461
f 458/458/458 456/456/456 407/407/407
f 407/407/407 456/456/456 406/406/406
f 461/461/461 459/459/459 458/458/458
f 458/458/458 459/459/459 456/456/456
f 526/526/526 524/524/524 461/461/461
f 461/461/461 524/524/524 459/459/459
f 456/456/456 454/454/454 406/406/406
f 459/459/459 457/457/457 456/456/456
f 456/456/456 457/457/457 454/454/454
f 524/524/524 522/522/522 459/459/459
f 459/459/459 522/522/522 457/457/457
f 454/454/454 452/452/452 406/406/406
f 406/406/406 452/452/452 405/405/405
f 457/457/457 455/455/455 454/454/454
f 454/454/454 455/455/455 452/452/452
f 522/522/522 520/520/520 457/457/457
f 457/457/457 520/520/520 455/455/455
f 452/452/452 450/450/450 405/405/405
f 455/455/455 453/453/453 452/452/452
f 452/452/452 453/453/453 450/450/450
f 520/520/520 518/518/518 455/455/455
f 455/455/455 518/518/518 453/453/453
f 450/450/450 448/448/448 405/405/405
f 405/405/405 448/448/448 404/404/404
f 453/453/453 451/451/451 450/450/450
f 450/450/450 451/451/451 448/448/448
f 518/518/518 516/516/516 453/453/453
f 453/453/453 516/516/516 451/451/451
f 448/448/448 446/446/446 404/404/404
f 404/404/404 446/446/446 403/403/403
f 451/451/451 449/449/449 448/448/448
f 448/448/448 449/449/449 446/446/446
f 516/516/516 514/514/514 451/451/451
f 451/451/451 514/514/514 449/449/449
f 446/446/446 444/444/444 403/403/403
f 449/449/449 447/447/447 446/446/446
f 446/446/446 447/447/447 444/444/444
f 514/514/514 512/512/512 449/449/449
f 449/449/449 512/512/512 447/447/447
f 444/444/444 442/442/442 403/403/403
f 403/403/403 442/442/442 402/402/402
f 447/447/447 445/445/445 444/444/444
f 444/444/444 445/445/445 442/442/442
f 512/512/512 510/510/510 447/447/447
f 447/447/447 510/510/510 445/445/445
f 442/442/442 440/440/440 402/402/402
f 402/402/402 440/440/440 401/401/401
f 445/445/445 443/443/443 442/442/442
f 442/442/442 443/443/443 440/440/440
f 510/510/510 508/508/508 445/445/445
f 445/445/445 508/508/508 443/443/443
f 440/440/440 438/438/438 401/401/401
f 443/443/443 441/441/441 440/440/440
f 440/440/440 441/441/441 438/438/438
f 508/508/508 506/506/506 443/443/443
f 443/443/443 506/506/506 441/441/441
f 438/438/438 436/436/436 401/401/401
f 401/401/401 436/436/436 400/400/400
f 441/441/441 439/439/439 438/438/438
f 438/438/438 439/439/439 436/436/436
f 506/506/506 504/504/504 441/441/441
f 441/441/441 504/504/504 439/439/439
f 436/436/436 434/434/434 400/400/400
f 439/439/439 437/437/437 436/436/436
f 436/436/436 437/437/437 434/434/434
f 504/504/504 502/502/502 439/439/439
f 439/439/439 502/502/502 437/437/437
f 434/434/434 432/432/432 400/400/400
f 400/400/400 432/432/432 399/399/399
f 437/437/437 435/435/435 434/434/434
f 434/434/434 435/435/435 432/432/432
f 502/502/502 500/500/500 437/437/437
f 437/437/437 500/500/500 435/435/435
f 432/432/432 430/430/430 399/399/399
f 435/435/435 433/433/433 432/432/432
f 432/432/432 433/433/433 430/430/430
f 500/500/500 498/498/498 435/435/435
f 435/435/435 498/498/498 433/433/433
f 430/430/430 428/428/428 399/399/399
f 399/399/399 428/428/428 398/398/398
f 433/433/433 431/431/431 430/430/430
f 430/430/430 431/431/431 428/428/428
f 498/498/498 496/496/496 433/433/433
f 433/433/433 496/496/496 431/431/431
f 428/428/428 426/426/426 398/398/398
f 431/431/431 429/429/429 428/428/428
f 428/428/428 429/429/429 426/426/426
f 496/496/496 494/494/494 431/431/431
f 431/431/431 494/494/494 429/429/429
f 426/426/426 423/423/423 398/398/398
f 398/398/398 423/423/423 397/397/397
f 429/429/429 427/427/427 426/426/426
f 426/426/426 427/427/427 423/423/423
f 423/423/423 421/421/421 397/397/397
f 421/421/421 420/420/420 397/397/397
f 427/427/427 425/425/425 423/423/423
f 423/423/423 425/425/425 421/421/421
f 421/421/421 424/424/424 420/420/420
f 425/425/425 424/424/424 421/421/421
f 424/424/424 422/422/422 420/420/420
f 429/429/429 492/492/492 427/427/427
f 494/494/494 492/492/492 429/429/429
f 427/427/427 490/490/490 425/425/425
f 492/492/492 490/490/490 427/427/427
f 425/425/425 487/487/487 424/424/424
f 490/490/490 487/487/487 425/425/425
f 424/424/424 485/485/485 422/422/422
f 487/487/487 485/485/485 424/424/424
f 485/485/485 484/484/484 422/422/422
f 490/490/490 491/491/491 487/487/487
f 487/487/487 489/489/489 485/485/485
f 491/491/491 489/489/489 487/487/487
f 485/485/485 488/488/488 484/484/484
f 489/489/489 488/488/488 485/485/485
f 492/492/492 493/493/493 490/490/490
f 493/493/493 491/491/491 490/490/490
f 494/494/494 495/495/495 492/492/492
f 495/495/495 493/493/493 492/492/492
f 488/488/488 486/486/486 484/484/484
f 484/484/484 486/486/486 483/483/483
f 497/497/497 495/495/495 494/494/494
f 496/496/496 497/497/497 494/494/494
f 486/486/486 546/546/546 483/483/483
f 483/483/483 546/546/546 481/481/481
f 546/546/546 543/543/543 481/481/481
f 499/499/499 497/497/497 496/496/496
f 498/498/498 499/499/499 496/496/496
f 546/546/546 547/547/547 543/543/543
f 501/501/501 499/499/499 498/498/498
f 500/500/500 501/501/501 498/498/498
f 486/486/486 548/548/548 546/546/546
f 548/548/548 547/547/547 546/546/546
f 503/503/503 501/501/501 500/500/500
f 502/502/502 503/503/503 500/500/500
f 549/549/549 548/548/548 486/486/486
f 488/488/488 549/549/549 486/486/486
f 505/505/505 503/503/503 502/502/502
f 504/504/504 505/505/505 502/502/502
f 551/551/551 549/549/549 488/488/488
f 489/489/489 551/551/551 488/488/488
f 507/507/507 505/505/505 504/504/504
f 506/506/506 507/507/507 504/504/504
f 554/554/554 551/551/551 489/489/489
f 491/491/491 554/554/554 489/489/489
f 509/509/509 507/507/507 506/506/506
f 508/508/508 509/509/509 506/506/506
f 556/556/556 554/554/554 491/491/491
f 493/493/493 556/556/556 491/491/491
f 511/511/511 509/509/509 508/508/508
f 510/510/510 511/511/511 508/508/508
f 558/558/558 556/556/556 493/493/493
f 495/495/495 558/558/558 493/493/493
f 513/513/513 511/511/511 510/510/510
f 512/512/512 513/513/513 510/510/510
f 560/560/560 558/558/558 495/495/495
f 497/497/497 560/560/560 495/495/495
f 515/515/515 513/513/513 512/512/512
f 514/514/514 515/515/515 512/512/512
f 562/562/562 560/560/560 497/497/497
f 499/499/499 562/562/562 497/497/497
f 517/517/517 515/515/515 514/514/514
f 516/516/516 517/517/517 514/514/514
f 564/564/564 562/562/562 499/499/499
f 501/501/501 564/564/564 499/499/499
f 519/519/519 517/517/517 516/516/516
f 518/518/518 519/519/519 516/516/516
f 566/566/566 564/564/564 501/501/501
f 503/503/503 566/566/566 501/501/501
f 521/521/521 519/519/519 518/518/518
f 520/520/520 521/521/521 518/518/518
f 568/568/568 566/566/566 503/503/503
f 505/505/505 568/568/568 503/503/503
f 523/523/523 521/521/521 520/520/520
f 522/522/522 523/523/523 520/520/520
f 570/570/570 568/568/568 505/505/505
f 507/507/507 570/570/570 505/505/505
f 525/525/525 523/523/523 522/522/522
f 524/524/524 525/525/525 522/522/522
f 572/572/572 570/570/570 507/507/507
f 509/509/509 572/572/572 507/507/507
f 527/527/527 525/525/525 524/524/524
f 526/526/526 527/527/527 524/524/524
f 574/574/574 572/572/572 509/509/509
f 511/511/511 574/574/574 509/509/509
f 529/529/529 527/527/527 526/526/526
f 528/528/528 529/529/529 526/526/526
f 576/576/576 574/574/574 511/511/511
f 513/513/513 576/576/576 511/511/511
f 531/531/531 529/529/529 528/528/528
f 530/530/530 531/531/531 528/528/528
f 533/533/533 531/531/531 530/530/530
f 578/578/578 576/576/576 513/513/513
f 515/515/515 578/578/578 513/513/513
f 533/533/533 596/596/596 531/531/531
f 580/580/580 578/578/578 515/515/515
f 517/517/517 580/580/580 515/515/515
f 531/531/531 594/594/594 529/529/529
f 596/596/596 594/594/594 531/531/531
f 582/582/582 580/580/580 517/517/517
f 519/519/519 582/582/582 517/517/517
f 594/594/594 592/592/592 529/529/529
f 529/529/529 592/592/592 527/527/527
f 584/584/584 582/582/582 519/519/519
f 521/521/521 584/584/584 519/519/519
f 592/592/592 590/590/590 527/527/527
f 527/527/527 590/590/590 525/525/525
f 586/586/586 584/584/584 521/521/521
f 523/523/523 586/586/586 521/521/521
f 525/525/525 588/588/588 523/523/523
f 588/588/588 586/586/586 523/523/523
f 590/590/590 588/588/588 525/525/525
f 586/586/586 587/587/587 584/584/584
f 588/588/588 589/589/589 586/586/586
f 589/589/589 587/587/587 586/586/586
f 590/590/590 591/591/591 588/588/588
f 591/591/591 589/589/589 588/588/588
f 592/592/592 593/593/593 590/590/590
f 593/593/593 591/591/591 590/590/590
f 591/591/591 624/624/624 589/589/589
f 624/624/624 626/626/626 589/589/589
f 589/589/589 626/626/626 587/587/587
f 622/622/622 624/624/624 591/591/591
f 593/593/593 622/622/622 591/591/591
f 626/626/626 628/628/628 587/587/587
f 620/620/620 622/622/622 593/593/593
f 587/587/587 628/628/628 585/585/585
f 587/587/587 585/585/585 584/584/584
f 584/584/584 585/585/585 582/582/582
f 628/628/628 630/630/630 585/585/585
f 595/595/595 620/620/620 593/593/593
f 595/595/595 593/593/593 592/592/592
f 594/594/594 595/595/595 592/592/592
f 618/618/618 620/620/620 595/595/595
f 585/585/585 630/630/630 583/583/583
f 585/585/585 583/583/583 582/582/582
f 582/582/582 583/583/583 580/580/580
f 630/630/630 632/632/632 583/583/583
f 597/597/597 618/618/618 595/595/595
f 597/597/597 595/595/595 594/594/594
f 616/616/616 618/618/618 597/597/597
f 596/596/596 597/597/597 594/594/594
f 583/583/583 632/632/632 581/581/581
f 583/583/583 581/581/581 580/580/580
f 580/580/580 581/581/581 578/578/578
f 632/632/632 634/634/634 581/581/581
f 581/581/581 579/579/579 578/578/578
f 581/581/581 634/634/634 579/579/579
f 578/578/578 579/579/579 576/576/576
f 634/634/634 636/636/636 579/579/579
f 579/579/579 577/577/577 576/576/576
f 579/579/579 636/636/636 577/577/577
f 576/576/576 577/577/577 574/574/574
f 636/636/636 638/638/638 577/577/577
f 577/577/577 575/575/575 574/574/574
f 577/577/577 638/638/638 575/575/575
f 574/574/574 575/575/575 572/572/572
f 638/638/638 639/639/639 575/575/575
f 575/575/575 573/573/573 572/572/572
f 575/575/575 639/639/639 573/573/573
f 572/572/572 573/573/573 570/570/570
f 639/639/639 637/637/637 573/573/573
f 573/573/573 571/571/571 570/570/570
f 573/573/573 637/637/637 571/571/571
f 570/570/570 571/571/571 568/568/568
f 637/637/637 635/635/635 571/571/571
f 571/571/571 569/569/569 568/568/568
f 571/571/571 635/635/635 569/569/569
f 568/568/568 569/569/569 566/566/566
f 635/635/635 633/633/633 569/569/569
f 569/569/569 567/567/567 566/566/566
f 569/569/569 633/633/633 567/567/567
f 566/566/566 567/567/567 564/564/564
f 633/633/633 631/631/631 567/567/567
f 567/567/567 565/565/565 564/564/564
f 567/567/567 631/631/631 565/565/565
f 564/564/564 565/565/565 562/562/562
f 631/631/631 629/629/629 565/565/565
f 565/565/565 563/563/563 562/562/562
f 565/565/565 629/629/629 563/563/563
f 562/562/562 563/563/563 560/560/560
f 629/629/629 627/627/627 563/563/563
f 563/563/563 561/561/561 560/560/560
f 563/563/563 627/627/627 561/561/561
f 560/560/560 561/561/561 558/558/558
f 627/627/627 625/625/625 561/561/561
f 561/561/561 559/559/559 558/558/558
f 561/561/561 625/625/625 559/559/559
f 558/558/558 559/559/559 556/556/556
f 625/625/625 623/623/623 559/559/559
f 559/559/559 557/557/557 556/556/556
f 559/559/559 623/623/623 557/557/557
f 556/556/556 557/557/557 554/554/554
f 623/623/623 621/621/621 557/557/557
f 557/557/557 555/555/555 554/554/554
f 557/557/557 621/621/621 555/555/555
f 554/554/554 555/555/555 551/551/551
f 621/621/621 619/619/619 555/555/555
f 555/555/555 553/553/553 551/551/551
f 555/555/555 619/619/619 553/553/553
f 551/551/551 553/553/553 549/549/549
f 619/619/619 617/617/617 553/553/553
f 553/553/553 552/552/552 549/549/549
f 553/553/553 617/617/617 552/552/552
f 549/549/549 552/552/552 548/548/548
f 617/617/617 615/615/615 552/552/552
f 552/552/552 550/550/550 548/548/548
f 552/552/552 615/615/615 550/550/550
f 548/548/548 550/550/550 547/547/547
f 615/615/615 613/613/613 550/550/550
f 550/550/550 613/613/613 610/610/610
f 550/550/550 610/610/610 547/547/547
f 613/613/613 611/611/611 610/610/610
f 547/547/547 610/610/610 545/545/545
f 547/547/547 545/545/545 543/543/543
f 543/543/543 545/545/545 541/541/541
f 610/610/610 611/611/611 607/607/607
f 610/610/610 607/607/607 545/545/545
f 611/611/611 609/609/609 607/607/607
f 545/545/545 544/544/544 541/541/541
f 545/545/545 607/607/607 544/544/544
f 541/541/541 544/544/544 540/540/540
f 607/607/607 609/609/609 605/605/605
f 607/607/607 605/605/605 544/544/544
f 609/609/609 608/608/608 605/605/605
f 544/544/544 542/542/542 540/540/540
f 544/544/544 605/605/605 542/542/542
f 540/540/540 542/542/542 539/539/539
f 605/605/605 608/608/608 604/604/604
f 605/605/605 604/604/604 542/542/542
f 608/608/608 606/606/606 604/604/604
f 542/542/542 602/602/602 539/539/539
f 542/542/542 604/604/604 602/602/602
f 539/539/539 602/602/602 537/537/537
f 604/604/604 606/606/606 603/603/603
f 604/604/604 603/603/603 602/602/602
f 606/606/606 612/612/612 603/603/603
f 602/602/602 600/600/600 537/537/537
f 602/602/602 603/603/603 600/600/600
f 537/537/537 600/600/600 535/535/535
f 603/603/603 612/612/612 601/601/601
f 603/603/603 601/601/601 600/600/600
f 612/612/612 614/614/614 601/601/601
f 600/600/600 598/598/598 535/535/535
f 600/600/600 601/601/601 598/598/598
f 535/535/535 598/598/598 533/533/533
f 598/598/598 596/596/596 533/533/533
f 601/601/601 614/614/614 599/599/599
f 601/601/601 599/599/599 598/598/598
f 598/598/598 599/599/599 596/596/596
f 614/614/614 616/616/616 599/599/599
f 599/599/599 597/597/597 596/596/596
f 599/599/599 616/616/616 597/597/597
f 642/642/642 641/641/641 640/640/640
f 641/641/641 643/643/643 640/640/640
f 640/640/640 643/643/643 1010/1010/1010
f 640/640/640 1010/1010/1010 1012/1012/1012
f 643/643/643 1011/1011/1011 1010/1010/1010
f 644/644/644 640/640/640 1012/1012/1012
f 642/642/642 640/640/640 644/644/644
f 644/644/644 1012/1012/1012 1014/1014/1014
f 643/643/643 646/646/646 1011/1011/1011
f 646/646/646 1013/1013/1013 1011/1011/1011
f 648/648/648 644/644/644 1014/1014/1014
f 648/648/648 1014/1014/1014 1016/1016/1016
f 646/646/646 650/650/650 1013/1013/1013
f 650/650/650 1015/1015/1015 1013/1013/1013
f 645/645/645 646/646/646 643/643/643
f 641/641/641 645/645/645 643/643/643
f 649/649/649 650/650/650 646/646/646
f 645/645/645 649/649/649 646/646/646
f 650/650/650 654/654/654 1015/1015/1015
f 654/654/654 1017/1017/1017 1015/1015/1015
f 649/649/649 653/653/653 650/650/650
f 653/653/653 654/654/654 650/650/650
f 654/654/654 658/658/658 1017/1017/1017
f 658/658/658 1019/1019/1019 1017/1017/1017
f 653/653/653 657/657/657 654/654/654
f 657/657/657 658/658/658 654/654/654
f 658/658/658 662/662/662 1019/1019/1019
f 662/662/662 1021/1021/1021 1019/1019/1019
f 657/657/657 661/661/661 658/658/658
f 661/661/661 662/662/662 658/658/658
f 662/662/662 666/666/666 1021/1021/1021
f 666/666/666 1023/1023/1023 1021/1021/1021
f 661/661/661 665/665/665 662/662/662
f 665/665/665 666/666/666 662/662/662
f 666/666/666 670/670/670 1023/1023/1023
f 670/670/670 1025/1025/1025 1023/1023/1023
f 665/665/665 669/669/669 666/666/666
f 669/669/669 670/670/670 666/666/666
f 670/670/670 674/674/674 1025/1025/1025
f 674/674/674 1027/1027/1027 1025/1025/1025
f 669/669/669 673/673/673 670/670/670
f 673/673/673 674/674/674 670/670/670
f 674/674/674 678/678/678 1027/1027/1027
f 678/678/678 1029/1029/1029 1027/1027/1027
f 673/673/673 677/677/677 674/674/674
f 677/677/677 678/678/678 674/674/674
f 678/678/678 682/682/682 1029/1029/1029
f 682/682/682 1031/1031/1031 1029/1029/1029
f 677/677/677 681/681/681 678/678/678
f 681/681/681 682/682/682 678/678/678
f 682/682/682 686/686/686 1031/1031/1031
f 686/686/686 1033/1033/1033 1031/1031/1031
f 681/681/681 685/685/685 682/682/682
f 685/685/685 686/686/686 682/682/682
f 686/686/686 690/690/690 1033/1033/1033
f 690/690/690 1035/1035/1035 1033/1033/1033
f 685/685/685 689/689/689 686/686/686
f 689/689/689 690/690/690 686/686/686
f 690/690/690 694/694/694 1035/1035/1035
f 694/694/694 1037/1037/1037 1035/1035/1035
f 689/689/689 693/693/693 690/690/690
f 693/693/693 694/694/694 690/690/690
f 694/694/694 698/698/698 1037/1037/1037
f 698/698/698 1039/1039/1039 1037/1037/1037
f 693/693/693 697/697/697 694/694/694
f 697/697/697 698/698/698 694/694/694
f 698/698/698 702/702/702 1039/1039/1039
f 702/702/702 1041/1041/1041 1039/1039/1039
f 697/697/697 701/701/701 698/698/698
f 701/701/701 702/702/702 698/698/698
f 702/702/702 700/700/700 1041/1041/1041
f 700/700/700 1040/1040/1040 1041/1041/1041
f 701/701/701 703/703/703 702/702/702
f 703/703/703 700/700/700 702/702/702
f 700/700/700 696/696/696 1040/1040/1040
f 696/696/696 1038/1038/1038 1040/1040/1040
f 703/703/703 699/699/699 700/700/700
f 699/699/699 696/696/696 700/700/700
f 696/696/696 692/692/692 1038/1038/1038
f 692/692/692 1036/1036/1036 1038/1038/1038
f 699/699/699 695/695/695 696/696/696
f 695/695/695 692/692/692 696/696/696
f 692/692/692 688/688/688 1036/1036/1036
f 688/688/688 1034/1034/1034 1036/1036/1036
f 695/695/695 691/691/691 692/692/692
f 691/691/691 688/688/688 692/692/692
f 688/688/688 684/684/684 1034/1034/1034
f 684/684/684 1032/1032/1032 1034/1034/1034
f 691/691/691 687/687/687 688/688/688
f 687/687/687 684/684/684 688/688/688
f 684/684/684 680/680/680 1032/1032/1032
f 680/680/680 1030/1030/1030 1032/1032/1032
f 687/687/687 683/683/683 684/684/684
f 683/683/683 680/680/680 684/684/684
f 680/680/680 676/676/676 1030/1030/1030
f 676/676/676 1028/1028/1028 1030/1030/1030
f 683/683/683 679/679/679 680/680/680
f 679/679/679 676/676/676 680/680/680
f 676/676/676 672/672/672 1028/1028/1028
f 672/672/672 1026/1026/1026 1028/1028/1028
f 679/679/679 675/675/675 676/676/676
f 675/675/675 672/672/672 676/676/676
f 672/672/672 668/668/668 1026/1026/1026
f 668/668/668 1024/1024/1024 1026/1026/1026
f 675/675/675 671/671/671 672/672/672
f 671/671/671 668/668/668 672/672/672
f 668/668/668 664/664/664 1024/1024/1024
f 664/664/664 1022/1022/1022 1024/1024/1024
f 671/671/671 667/667/667 668/668/668
f 667/667/667 664/664/664 668/668/668
f 664/664/664 660/660/660 1022/1022/1022
f 660/660/660 1020/1020/1020 1022/1022/1022
f 667/667/667 663/663/663 664/664/664
f 663/663/663 660/660/660 664/664/664
f 660/660/660 656/656/656 1020/1020/1020
f 656/656/656 1018/1018/1018 1020/1020/1020
f 663/663/663 659/659/659 660/660/660
f 659/659/659 656/656/656 660/660/660
f 656/656/656 652/652/652 1018/1018/1018
f 652/652/652 1016/1016/1016 1018/1018/1018
f 652/652/652 648/648/648 1016/1016/1016
f 659/659/659 655/655/655 656/656/656
f 655/655/655 652/652/652 656/656/656
f 651/651/651 648/648/648 652/652/652
f 655/655/655 651/651/651 652/652/652
f 651/651/651 647/647/647 648/648/648
f 647/647/647 644/644/644 648/648/648
f 647/647/647 642/642/642 644/644/644
f 714/714/714 651/651/651 655/655/655
f 715/715/715 647/647/647 651/651/651
f 714/714/714 715/715/715 651/651/651
f 716/716/716 642/642/642 647/647/647
f 715/715/715 716/716/716 647/647/647
f 713/713/713 655/655/655 659/659/659
f 713/713/713 714/714/714 655/655/655
f 716/716/716 717/717/717 642/642/642
f 717/717/717 641/641/641 642/642/642
f 712/712/712 713/713/713 659/659/659
f 712/712/712 659/659/659 663/663/663
f 717/717/717 718/718/718 641/641/641
f 718/718/718 645/645/645 641/641/641
f 711/711/711 712/712/712 663/663/663
f 711/711/711 663/663/663 667/667/667
f 718/718/718 719/719/719 645/645/645
f 719/719/719 649/649/649 645/645/645
f 710/710/710 711/711/711 667/667/667
f 710/710/710 667/667/667 671/671/671
f 719/719/719 720/720/720 649/649/649
f 720/720/720 653/653/653 649/649/649
f 709/709/709 710/710/710 671/671/671
f 709/709/709 671/671/671 675/675/675
f 720/720/720 721/721/721 653/653/653
f 721/721/721 657/657/657 653/653/653
f 708/708/708 709/709/709 675/675/675
f 708/708/708 675/675/675 679/679/679
f 721/721/721 722/722/722 657/657/657
f 722/722/722 661/661/661 657/657/657
f 707/707/707 708/708/708 679/679/679
f 707/707/707 679/679/679 683/683/683
f 722/722/722 723/723/723 661/661/661
f 723/723/723 665/665/665 661/661/661
f 706/706/706 707/707/707 683/683/683
f 706/706/706 683/683/683 687/687/687
f 723/723/723 724/724/724 665/665/665
f 724/724/724 669/669/669 665/665/665
f 705/705/705 706/706/706 687/687/687
f 705/705/705 687/687/687 691/691/691
f 724/724/724 725/725/725 669/669/669
f 725/725/725 673/673/673 669/669/669
f 704/704/704 705/705/705 691/691/691
f 704/704/704 691/691/691 695/695/695
f 725/725/725 726/726/726 673/673/673
f 726/726/726 677/677/677 673/673/673
f 735/735/735 704/704/704 695/695/695
f 735/735/735 695/695/695 699/699/699
f 726/726/726 727/727/727 677/677/677
f 727/727/727 681/681/681 677/677/677
f 734/734/734 735/735/735 699/699/699
f 734/734/734 699/699/699 703/703/703
f 727/727/727 728/728/728 681/681/681
f 728/728/728 685/685/685 681/681/681
f 733/733/733 734/734/734 703/703/703
f 733/733/733 703/703/703 701/701/701
f 728/728/728 729/729/729 685/685/685
f 729/729/729 689/689/689 685/685/685
f 732/732/732 733/733/733 701/701/701
f 732/732/732 701/701/701 697/697/697
f 729/729/729 730/730/730 689/689/689
f 730/730/730 693/693/693 689/689/689
f 731/731/731 697/697/697 693/693/693
f 730/730/730 731/731/731 693/693/693
f 731/731/731 732/732/732 697/697/697
f 762/762/762 730/730/730 729/729/729
f 763/763/763 731/731/731 730/730/730
f 762/762/762 763/763/763 730/730/730
f 764/764/764 732/732/732 731/731/731
f 763/763/763 764/764/764 731/731/731
f 765/765/765 733/733/733 732/732/732
f 764/764/764 765/765/765 732/732/732
f 766/766/766 734/734/734 733/733/733
f 765/765/765 766/766/766 733/733/733
f 766/766/766 767/767/767 734/734/734
f 767/767/767 735/735/735 734/734/734
f 785/785/785 766/766/766 765/765/765
f 785/785/785 767/767/767 766/766/766
f 784/784/784 765/765/765 764/764/764
f 784/784/784 785/785/785 765/765/765
f 783/783/783 764/764/764 763/763/763
f 783/783/783 784/784/784 764/764/764
f 783/783/783 763/763/763 762/762/762
f 767/767/767 736/736/736 735/735/735
f 736/736/736 704/704/704 735/735/735
f 761/761/761 762/762/762 729/729/729
f 761/761/761 729/729/729 728/728/728
f 736/736/736 737/737/737 704/704/704
f 737/737/737 705/705/705 704/704/704
f 768/768/768 736/736/736 767/767/767
f 768/768/768 737/737/737 736/736/736
f 785/785/785 768/768/768 767/767/767
f 737/737/737 738/738/738 705/705/705
f 738/738/738 706/706/706 705/705/705
f 760/760/760 761/761/761 728/728/728
f 760/760/760 728/728/728 727/727/727
f 782/782/782 762/762/762 761/761/761
f 782/782/782 761/761/761 760/760/760
f 782/782/782 783/783/783 762/762/762
f 759/759/759 760/760/760 727/727/727
f 759/759/759 727/727/727 726/726/726
f 738/738/738 739/739/739 706/706/706
f 739/739/739 707/707/707 706/706/706
f 758/758/758 759/759/759 726/726/726
f 758/758/758 726/726/726 725/725/725
f 781/781/781 760/760/760 759/759/759
f 781/781/781 759/759/759 758/758/758
f 781/781/781 782/782/782 760/760/760
f 757/757/757 758/758/758 725/725/725
f 757/757/757 725/725/725 724/724/724
f 780/780/780 758/758/758 757/757/757
f 780/780/780 781/781/781 758/758/758
f 756/756/756 757/757/757 724/724/724
f 780/780/780 757/757/757 756/756/756
f 756/756/756 724/724/724 723/723/723
f 755/755/755 756/756/756 723/723/723
f 755/755/755 723/723/723 722/722/722
f 779/779/779 756/756/756 755/755/755
f 779/779/779 780/780/780 756/756/756
f 754/754/754 755/755/755 722/722/722
f 779/779/779 755/755/755 754/754/754
f 754/754/754 722/722/722 721/721/721
f 753/753/753 754/754/754 721/721/721
f 753/753/753 721/721/721 720/720/720
f 778/778/778 779/779/779 754/754/754
f 778/778/778 754/754/754 753/753/753
f 752/752/752 753/753/753 720/720/720
f 752/752/752 720/720/720 719/719/719
f 777/777/777 778/778/778 753/753/753
f 777/777/777 753/753/753 752/752/752
f 751/751/751 752/752/752 719/719/719
f 777/777/777 752/752/752 751/751/751
f 751/751/751 719/719/719 718/718/718
f 750/750/750 751/751/751 718/718/718
f 750/750/750 718/718/718 717/717/717
f 776/776/776 751/751/751 750/750/750
f 776/776/776 777/777/777 751/751/751
f 749/749/749 750/750/750 717/717/717
f 776/776/776 750/750/750 749/749/749
f 749/749/749 717/717/717 716/716/716
f 748/748/748 749/749/749 716/716/716
f 748/748/748 716/716/716 715/715/715
f 775/775/775 776/776/776 749/749/749
f 775/775/775 749/749/749 748/748/748
f 747/747/747 748/748/748 715/715/715
f 747/747/747 715/715/715 714/714/714
f 774/774/774 775/775/775 748/748/748
f 774/774/774 748/748/748 747/747/747
f 746/746/746 747/747/747 714/714/714
f 774/774/774 747/747/747 746/746/746
f 746/746/746 714/714/714 713/713/713
f 745/745/745 746/746/746 713/713/713
f 745/745/745 713/713/713 712/712/712
f 773/773/773 774/774/774 746/746/746
f 773/773/773 746/746/746 745/745/745
f 744/744/744 745/745/745 712/712/712
f 744/744/744 712/712/712 711/711/711
f 772/772/772 773/773/773 745/745/745
f 772/772/772 745/745/745 744/744/744
f 743/743/743 744/744/744 711/711/711
f 772/772/772 744/744/744 743/743/743
f 743/743/743 711/711/711 710/710/710
f 742/742/742 743/743/743 710/710/710
f 742/742/742 710/710/710 709/709/709
f 771/771/771 743/743/743 742/742/742
f 771/771/771 772/772/772 743/743/743
f 741/741/741 742/742/742 709/709/709
f 771/771/771 742/742/742 741/741/741
f 741/741/741 709/709/709 708/708/708
f 740/740/740 741/741/741 708/708/708
f 740/740/740 708/708/708 707/707/707
f 739/739/739 740/740/740 707/707/707
f 770/770/770 741/741/741 740/740/740
f 770/770/770 740/740/740 739/739/739
f 770/770/770 771/771/771 741/741/741
f 769/769/769 770/770/770 739/739/739
f 769/769/769 739/739/739 738/738/738
f 769/769/769 738/738/738 737/737/737
f 768/768/768 769/769/769 737/737/737
f 802/802/802 771/771/771 770/770/770
f 793/793/793 769/769/769 768/768/768
f 800/800/800 802/802/802 770/770/770
f 798/798/798 770/770/770 769/769/769
f 798/798/798 800/800/800 770/770/770
f 793/793/793 796/796/796 769/769/769
f 796/796/796 798/798/798 769/769/769
f 791/791/791 793/793/793 768/768/768
f 799/799/799 798/798/798 796/796/796
f 790/790/790 791/791/791 768/768/768
f 790/790/790 768/768/768 785/785/785
f 797/797/797 796/796/796 793/793/793
f 797/797/797 799/799/799 796/796/796
f 795/795/795 793/793/793 791/791/791
f 795/795/795 797/797/797 793/793/793
f 794/794/794 791/791/791 790/790/790
f 794/794/794 795/795/795 791/791/791
f 789/789/789 790/790/790 785/785/785
f 860/860/860 797/797/797 795/795/795
f 788/788/788 789/789/789 785/785/785
f 788/788/788 785/785/785 784/784/784
f 792/792/792 790/790/790 789/789/789
f 792/792/792 794/794/794 790/790/790
f 852/852/852 789/789/789 788/788/788
f 852/852/852 792/792/792 789/789/789
f 786/786/786 788/788/788 784/784/784
f 786/786/786 784/784/784 783/783/783
f 849/849/849 852/852/852 788/788/788
f 849/849/849 788/788/788 786/786/786
f 857/857/857 795/795/795 794/794/794
f 857/857/857 860/860/860 795/795/795
f 855/855/855 794/794/794 792/792/792
f 855/855/855 857/857/857 794/794/794
f 854/854/854 792/792/792 852/852/852
f 854/854/854 855/855/855 792/792/792
f 853/853/853 852/852/852 849/849/849
f 853/853/853 854/854/854 852/852/852
f 859/859/859 857/857/857 855/855/855
f 858/858/858 855/855/855 854/854/854
f 858/858/858 859/859/859 855/855/855
f 856/856/856 854/854/854 853/853/853
f 856/856/856 858/858/858 854/854/854
f 859/859/859 861/861/861 857/857/857
f 861/861/861 860/860/860 857/857/857
f 921/921/921 859/859/859 858/858/858
f 860/860/860 862/862/862 797/797/797
f 862/862/862 799/799/799 797/797/797
f 861/861/861 863/863/863 860/860/860
f 863/863/863 862/862/862 860/860/860
f 924/924/924 861/861/861 859/859/859
f 921/921/921 924/924/924 859/859/859
f 926/926/926 863/863/863 861/861/861
f 924/924/924 926/926/926 861/861/861
f 863/863/863 865/865/865 862/862/862
f 862/862/862 864/864/864 799/799/799
f 865/865/865 864/864/864 862/862/862
f 926/926/926 928/928/928 863/863/863
f 928/928/928 865/865/865 863/863/863
f 864/864/864 801/801/801 799/799/799
f 799/799/799 801/801/801 798/798/798
f 801/801/801 800/800/800 798/798/798
f 865/865/865 867/867/867 864/864/864
f 801/801/801 803/803/803 800/800/800
f 803/803/803 802/802/802 800/800/800
f 864/864/864 866/866/866 801/801/801
f 866/866/866 803/803/803 801/801/801
f 867/867/867 866/866/866 864/864/864
f 803/803/803 805/805/805 802/802/802
f 866/866/866 868/868/868 803/803/803
f 868/868/868 805/805/805 803/803/803
f 867/867/867 869/869/869 866/866/866
f 869/869/869 868/868/868 866/866/866
f 930/930/930 867/867/867 865/865/865
f 928/928/928 930/930/930 865/865/865
f 932/932/932 869/869/869 867/867/867
f 930/930/930 932/932/932 867/867/867
f 869/869/869 871/871/871 868/868/868
f 931/931/931 930/930/930 928/928/928
f 871/871/871 870/870/870 868/868/868
f 868/868/868 870/870/870 805/805/805
f 934/934/934 871/871/871 869/869/869
f 932/932/932 934/934/934 869/869/869
f 805/805/805 804/804/804 802/802/802
f 802/802/802 804/804/804 771/771/771
f 805/805/805 807/807/807 804/804/804
f 870/870/870 807/807/807 805/805/805
f 804/804/804 806/806/806 771/771/771
f 807/807/807 806/806/806 804/804/804
f 806/806/806 772/772/772 771/771/771
f 870/870/870 872/872/872 807/807/807
f 806/806/806 808/808/808 772/772/772
f 807/807/807 809/809/809 806/806/806
f 809/809/809 808/808/808 806/806/806
f 872/872/872 809/809/809 807/807/807
f 808/808/808 810/810/810 772/772/772
f 810/810/810 773/773/773 772/772/772
f 809/809/809 811/811/811 808/808/808
f 811/811/811 810/810/810 808/808/808
f 872/872/872 874/874/874 809/809/809
f 874/874/874 811/811/811 809/809/809
f 810/810/810 812/812/812 773/773/773
f 812/812/812 774/774/774 773/773/773
f 811/811/811 813/813/813 810/810/810
f 813/813/813 812/812/812 810/810/810
f 874/874/874 876/876/876 811/811/811
f 876/876/876 813/813/813 811/811/811
f 812/812/812 814/814/814 774/774/774
f 813/813/813 815/815/815 812/812/812
f 815/815/815 814/814/814 812/812/812
f 876/876/876 878/878/878 813/813/813
f 878/878/878 815/815/815 813/813/813
f 814/814/814 816/816/816 774/774/774
f 816/816/816 775/775/775 774/774/774
f 815/815/815 817/817/817 814/814/814
f 817/817/817 816/816/816 814/814/814
f 878/878/878 880/880/880 815/815/815
f 880/880/880 817/817/817 815/815/815
f 816/816/816 818/818/818 775/775/775
f 818/818/818 776/776/776 775/775/775
f 817/817/817 819/819/819 816/816/816
f 819/819/819 818/818/818 816/816/816
f 880/880/880 882/882/882 817/817/817
f 882/882/882 819/819/819 817/817/817
f 818/818/818 820/820/820 776/776/776
f 819/819/819 821/821/821 818/818/818
f 821/821/821 820/820/820 818/818/818
f 882/882/882 884/884/884 819/819/819
f 884/884/884 821/821/821 819/819/819
f 820/820/820 822/822/822 776/776/776
f 822/822/822 777/777/777 776/776/776
f 821/821/821 823/823/823 820/820/820
f 823/823/823 822/822/822 820/820/820
f 884/884/884 886/886/886 821/821/821
f 886/886/886 823/823/823 821/821/821
f 822/822/822 824/824/824 777/777/777
f 823/823/823 825/825/825 822/822/822
f 825/825/825 824/824/824 822/822/822
f 886/886/886 888/888/888 823/823/823
f 888/888/888 825/825/825 823/823/823
f 824/824/824 826/826/826 777/777/777
f 826/826/826 778/778/778 777/777/777
f 825/825/825 827/827/827 824/824/824
f 827/827/827 826/826/826 824/824/824
f 888/888/888 890/890/890 825/825/825
f 890/890/890 827/827/827 825/825/825
f 826/826/826 828/828/828 778/778/778
f 828/828/828 779/779/779 778/778/778
f 827/827/827 829/829/829 826/826/826
f 829/829/829 828/828/828 826/826/826
f 890/890/890 892/892/892 827/827/827
f 892/892/892 829/829/829 827/827/827
f 828/828/828 830/830/830 779/779/779
f 829/829/829 831/831/831 828/828/828
f 831/831/831 830/830/830 828/828/828
f 892/892/892 894/894/894 829/829/829
f 894/894/894 831/831/831 829/829/829
f 830/830/830 832/832/832 779/779/779
f 832/832/832 780/780/780 779/779/779
f 831/831/831 833/833/833 830/830/830
f 833/833/833 832/832/832 830/830/830
f 894/894/894 896/896/896 831/831/831
f 896/896/896 833/833/833 831/831/831
f 832/832/832 834/834/834 780/780/780
f 833/833/833 835/835/835 832/832/832
f 835/835/835 834/834/834 832/832/832
f 896/896/896 898/898/898 833/833/833
f 898/898/898 835/835/835 833/833/833
f 834/834/834 836/836/836 780/780/780
f 836/836/836 781/781/781 780/780/780
f 835/835/835 837/837/837 834/834/834
f 837/837/837 836/836/836 834/834/834
f 898/898/898 900/900/900 835/835/835
f 900/900/900 837/837/837 835/835/835
f 836/836/836 838/838/838 781/781/781
f 837/837/837 839/839/839 836/836/836
f 839/839/839 838/838/838 836/836/836
f 900/900/900 902/902/902 837/837/837
f 902/902/902 839/839/839 837/837/837
f 838/838/838 840/840/840 781/781/781
f 840/840/840 782/782/782 781/781/781
f 839/839/839 841/841/841 838/838/838
f 841/841/841 840/840/840 838/838/838
f 902/902/902 904/904/904 839/839/839
f 904/904/904 841/841/841 839/839/839
f 840/840/840 842/842/842 782/782/782
f 841/841/841 843/843/843 840/840/840
f 843/843/843 842/842/842 840/840/840
f 904/904/904 906/906/906 841/841/841
f 906/906/906 843/843/843 841/841/841
f 842/842/842 844/844/844 782/782/782
f 844/844/844 783/783/783 782/782/782
f 843/843/843 845/845/845 842/842/842
f 845/845/845 844/844/844 842/842/842
f 844/844/844 787/787/787 783/783/783
f 787/787/787 786/786/786 783/783/783
f 845/845/845 846/846/846 844/844/844
f 846/846/846 787/787/787 844/844/844
f 847/847/847 786/786/786 787/787/787
f 846/846/846 847/847/847 787/787/787
f 847/847/847 849/849/849 786/786/786
f 908/908/908 845/845/845 843/843/843
f 906/906/906 908/908/908 843/843/843
f 848/848/848 846/846/846 845/845/845
f 908/908/908 848/848/848 845/845/845
f 850/850/850 847/847/847 846/846/846
f 848/848/848 850/850/850 846/846/846
f 851/851/851 849/849/849 847/847/847
f 850/850/850 851/851/851 847/847/847
f 851/851/851 853/853/853 849/849/849
f 911/911/911 850/850/850 848/848/848
f 916/916/916 853/853/853 851/851/851
f 916/916/916 856/856/856 853/853/853
f 913/913/913 851/851/851 850/850/850
f 913/913/913 916/916/916 851/851/851
f 911/911/911 913/913/913 850/850/850
f 910/910/910 848/848/848 908/908/908
f 910/910/910 911/911/911 848/848/848
f 909/909/909 908/908/908 906/906/906
f 909/909/909 910/910/910 908/908/908
f 907/907/907 909/909/909 906/906/906
f 907/907/907 906/906/906 904/904/904
f 912/912/912 910/910/910 909/909/909
f 905/905/905 907/907/907 904/904/904
f 905/905/905 904/904/904 902/902/902
f 972/972/972 909/909/909 907/907/907
f 972/972/972 912/912/912 909/909/909
f 970/970/970 907/907/907 905/905/905
f 970/970/970 972/972/972 907/907/907
f 903/903/903 905/905/905 902/902/902
f 903/903/903 902/902/902 900/900/900
f 968/968/968 970/970/970 905/905/905
f 968/968/968 905/905/905 903/903/903
f 901/901/901 903/903/903 900/900/900
f 901/901/901 900/900/900 898/898/898
f 966/966/966 968/968/968 903/903/903
f 966/966/966 903/903/903 901/901/901
f 899/899/899 901/901/901 898/898/898
f 899/899/899 898/898/898 896/896/896
f 964/964/964 966/966/966 901/901/901
f 964/964/964 901/901/901 899/899/899
f 897/897/897 899/899/899 896/896/896
f 897/897/897 896/896/896 894/894/894
f 962/962/962 964/964/964 899/899/899
f 962/962/962 899/899/899 897/897/897
f 895/895/895 897/897/897 894/894/894
f 895/895/895 894/894/894 892/892/892
f 960/960/960 962/962/962 897/897/897
f 960/960/960 897/897/897 895/895/895
f 893/893/893 895/895/895 892/892/892
f 893/893/893 892/892/892 890/890/890
f 958/958/958 960/960/960 895/895/895
f 958/958/958 895/895/895 893/893/893
f 891/891/891 893/893/893 890/890/890
f 891/891/891 890/890/890 888/888/888
f 956/956/956 958/958/958 893/893/893
f 956/956/956 893/893/893 891/891/891
f 889/889/889 891/891/891 888/888/888
f 889/889/889 888/888/888 886/886/886
f 954/954/954 956/956/956 891/891/891
f 954/954/954 891/891/891 889/889/889
f 887/887/887 889/889/889 886/886/886
f 887/887/887 886/886/886 884/884/884
f 952/952/952 954/954/954 889/889/889
f 952/952/952 889/889/889 887/887/887
f 885/885/885 887/887/887 884/884/884
f 885/885/885 884/884/884 882/882/882
f 950/950/950 952/952/952 887/887/887
f 950/950/950 887/887/887 885/885/885
f 883/883/883 885/885/885 882/882/882
f 883/883/883 882/882/882 880/880/880
f 948/948/948 950/950/950 885/885/885
f 948/948/948 885/885/885 883/883/883
f 881/881/881 883/883/883 880/880/880
f 881/881/881 880/880/880 878/878/878
f 946/946/946 948/948/948 883/883/883
f 946/946/946 883/883/883 881/881/881
f 879/879/879 881/881/881 878/878/878
f 879/879/879 878/878/878 876/876/876
f 944/944/944 946/946/946 881/881/881
f 944/944/944 881/881/881 879/879/879
f 877/877/877 879/879/879 876/876/876
f 877/877/877 876/876/876 874/874/874
f 942/942/942 944/944/944 879/879/879
f 942/942/942 879/879/879 877/877/877
f 875/875/875 877/877/877 874/874/874
f 875/875/875 874/874/874 872/872/872
f 940/940/940 942/942/942 877/877/877
f 940/940/940 877/877/877 875/875/875
f 873/873/873 875/875/875 872/872/872
f 873/873/873 872/872/872 870/870/870
f 871/871/871 873/873/873 870/870/870
f 938/938/938 940/940/940 875/875/875
f 938/938/938 875/875/875 873/873/873
f 936/936/936 873/873/873 871/871/871
f 936/936/936 938/938/938 873/873/873
f 934/934/934 936/936/936 871/871/871
f 941/941/941 940/940/940 938/938/938
f 939/939/939 938/938/938 936/936/936
f 939/939/939 941/941/941 938/938/938
f 937/937/937 936/936/936 934/934/934
f 937/937/937 939/939/939 936/936/936
f 941/941/941 943/943/943 940/940/940
f 943/943/943 942/942/942 940/940/940
f 1005/1005/1005 941/941/941 939/939/939
f 1003/1003/1003 1005/1005/1005 939/939/939
f 1003/1003/1003 939/939/939 937/937/937
f 1005/1005/1005 1007/1007/1007 941/941/941
f 1007/1007/1007 943/943/943 941/941/941
f 1001/1001/1001 1003/1003/1003 937/937/937
f 1007/1007/1007 1009/1009/1009 943/943/943
f 1001/1001/1001 937/937/937 935/935/935
f 935/935/935 937/937/937 934/934/934
f 999/999/999 1001/1001/1001 935/935/935
f 935/935/935 934/934/934 932/932/932
f 1009/1009/1009 945/945/945 943/943/943
f 943/943/943 945/945/945 942/942/942
f 945/945/945 944/944/944 942/942/942
f 1009/1009/1009 1008/1008/1008 945/945/945
f 933/933/933 935/935/935 932/932/932
f 999/999/999 935/935/935 933/933/933
f 933/933/933 932/932/932 930/930/930
f 997/997/997 999/999/999 933/933/933
f 931/931/931 933/933/933 930/930/930
f 997/997/997 933/933/933 931/931/931
f 995/995/995 997/997/997 931/931/931
f 1008/1008/1008 947/947/947 945/945/945
f 945/945/945 947/947/947 944/944/944
f 947/947/947 946/946/946 944/944/944
f 1008/1008/1008 1006/1006/1006 947/947/947
f 995/995/995 931/931/931 929/929/929
f 929/929/929 931/931/931 928/928/928
f 993/993/993 995/995/995 929/929/929
f 929/929/929 928/928/928 926/926/926
f 1006/1006/1006 949/949/949 947/947/947
f 947/947/947 949/949/949 946/946/946
f 1006/1006/1006 1004/1004/1004 949/949/949
f 949/949/949 948/948/948 946/946/946
f 927/927/927 929/929/929 926/926/926
f 993/993/993 929/929/929 927/927/927
f 927/927/927 926/926/926 924/924/924
f 991/991/991 993/993/993 927/927/927
f 949/949/949 951/951/951 948/948/948
f 1004/1004/1004 951/951/951 949/949/949
f 951/951/951 950/950/950 948/948/948
f 1004/1004/1004 1002/1002/1002 951/951/951
f 991/991/991 927/927/927 925/925/925
f 925/925/925 927/927/927 924/924/924
f 989/989/989 991/991/991 925/925/925
f 925/925/925 924/924/924 921/921/921
f 1002/1002/1002 953/953/953 951/951/951
f 951/951/951 953/953/953 950/950/950
f 1002/1002/1002 1000/1000/1000 953/953/953
f 953/953/953 952/952/952 950/950/950
f 1000/1000/1000 955/955/955 953/953/953
f 953/953/953 955/955/955 952/952/952
f 1000/1000/1000 998/998/998 955/955/955
f 955/955/955 954/954/954 952/952/952
f 998/998/998 957/957/957 955/955/955
f 955/955/955 957/957/957 954/954/954
f 998/998/998 996/996/996 957/957/957
f 957/957/957 956/956/956 954/954/954
f 996/996/996 959/959/959 957/957/957
f 957/957/957 959/959/959 956/956/956
f 996/996/996 994/994/994 959/959/959
f 959/959/959 958/958/958 956/956/956
f 994/994/994 961/961/961 959/959/959
f 959/959/959 961/961/961 958/958/958
f 994/994/994 992/992/992 961/961/961
f 961/961/961 960/960/960 958/958/958
f 992/992/992 963/963/963 961/961/961
f 961/961/961 963/963/963 960/960/960
f 992/992/992 990/990/990 963/963/963
f 963/963/963 962/962/962 960/960/960
f 990/990/990 965/965/965 963/963/963
f 963/963/963 965/965/965 962/962/962
f 990/990/990 988/988/988 965/965/965
f 965/965/965 964/964/964 962/962/962
f 988/988/988 967/967/967 965/965/965
f 965/965/965 967/967/967 964/964/964
f 988/988/988 986/986/986 967/967/967
f 967/967/967 966/966/966 964/964/964
f 986/986/986 969/969/969 967/967/967
f 967/967/967 969/969/969 966/966/966
f 986/986/986 984/984/984 969/969/969
f 969/969/969 968/968/968 966/966/966
f 984/984/984 971/971/971 969/969/969
f 969/969/969 971/971/971 968/968/968
f 984/984/984 982/982/982 971/971/971
f 971/971/971 970/970/970 968/968/968
f 982/982/982 973/973/973 971/971/971
f 971/971/971 973/973/973 970/970/970
f 982/982/982 976/976/976 973/973/973
f 973/973/973 972/972/972 970/970/970
f 976/976/976 974/974/974 973/973/973
f 973/973/973 974/974/974 972/972/972
f 976/976/976 978/978/978 974/974/974
f 974/974/974 912/912/912 972/972/972
f 978/978/978 975/975/975 974/974/974
f 974/974/974 975/975/975 912/912/912
f 978/978/978 979/979/979 975/975/975
f 975/975/975 914/914/914 912/912/912
f 912/912/912 914/914/914 910/910/910
f 914/914/914 911/911/911 910/910/910
f 979/979/979 977/977/977 975/975/975
f 975/975/975 977/977/977 914/914/914
f 979/979/979 981/981/981 977/977/977
f 914/914/914 915/915/915 911/911/911
f 977/977/977 915/915/915 914/914/914
f 915/915/915 913/913/913 911/911/911
f 981/981/981 980/980/980 977/977/977
f 977/977/977 980/980/980 915/915/915
f 981/981/981 983/983/983 980/980/980
f 915/915/915 917/917/917 913/913/913
f 980/980/980 917/917/917 915/915/915
f 917/917/917 916/916/916 913/913/913
f 983/983/983 920/920/920 980/980/980
f 980/980/980 920/920/920 917/917/917
f 983/983/983 985/985/985 920/920/920
f 917/917/917 918/918/918 916/916/916
f 920/920/920 918/918/918 917/917/917
f 918/918/918 856/856/856 916/916/916
f 985/985/985 922/922/922 920/920/920
f 920/920/920 922/922/922 918/918/918
f 985/985/985 987/987/987 922/922/922
f 918/918/918 919/919/919 856/856/856
f 922/922/922 919/919/919 918/918/918
f 919/919/919 858/858/858 856/856/856
f 919/919/919 921/921/921 858/858/858
f 987/987/987 923/923/923 922/922/922
f 922/922/922 923/923/923 919/919/919
f 923/923/923 921/921/921 919/919/919
f 987/987/987 989/989/989 923/923/923
f 923/923/923 925/925/925 921/921/921
f 989/989/989 925/925/925 923/923/923
f 1044/1044/1044 1043/1043/1043 1042/1042/1042
f 1042/1042/1042 1043/1043/1043 1045/1045/1045
f 1044/1044/1044 1047/1047/1047 1043/1043/1043
f 1042/1042/1042 1045/1045/1045 1046/1046/1046
f 1046/1046/1046 1047/1047/1047 1044/1044/1044
f 1046/1046/1046 1045/1045/1045 1047/1047/1047
f 1050/1050/1050 1049/1049/1049 1048/1048/1048
f 1050/1050/1050 1052/1052/1052 1049/1049/1049
f 1055/1055/1055 1052/1052/1052 1050/1050/1050
f 1048/1048/1048 1049/1049/1049 1051/1051/1051
f 1055/1055/1055 1056/1056/1056 1052/1052/1052
f 1048/1048/1048 1051/1051/1051 1053/1053/1053
f 1048/1048/1048 1053/1053/1053 1054/1054/1054
f 1055/1055/1055 1058/1058/1058 1056/1056/1056
f 1059/1059/1059 1058/1058/1058 1055/1055/1055
f 1054/1054/1054 1057/1057/1057 1059/1059/1059
f 1054/1054/1054 1053/1053/1053 1057/1057/1057
f 1059/1059/1059 1060/1060/1060 1058/1058/1058
f 1059/1059/1059 1057/1057/1057 1060/1060/1060
f 1060/1060/1060 1061/1061/1061 1058/1058/1058
f 1057/1057/1057 1062/1062/1062 1060/1060/1060
f 1060/1060/1060 1062/1062/1062 1061/1061/1061
f 1058/1058/1058 1063/1063/1063 1056/1056/1056
f 1058/1058/1058 1061/1061/1061 1063/1063/1063
f 1057/1057/1057 1089/1089/1089 1062/1062/1062
f 1056/1056/1056 1063/1063/1063 1067/1067/1067
f 1057/1057/1057 1086/1086/1086 1089/1089/1089
f 1053/1053/1053 1086/1086/1086 1057/1057/1057
f 1056/1056/1056 1067/1067/1067 1069/1069/1069
f 1056/1056/1056 1069/1069/1069 1052/1052/1052
f 1063/1063/1063 1068/1068/1068 1067/1067/1067
f 1052/1052/1052 1069/1069/1069 1071/1071/1071
f 1067/1067/1067 1070/1070/1070 1069/1069/1069
f 1067/1067/1067 1068/1068/1068 1070/1070/1070
f 1052/1052/1052 1071/1071/1071 1073/1073/1073
f 1052/1052/1052 1073/1073/1073 1049/1049/1049
f 1069/1069/1069 1072/1072/1072 1071/1071/1071
f 1069/1069/1069 1070/1070/1070 1072/1072/1072
f 1071/1071/1071 1074/1074/1074 1073/1073/1073
f 1071/1071/1071 1072/1072/1072 1074/1074/1074
f 1049/1049/1049 1073/1073/1073 1075/1075/1075
f 1073/1073/1073 1074/1074/1074 1076/1076/1076
f 1073/1073/1073 1076/1076/1076 1075/1075/1075
f 1049/1049/1049 1075/1075/1075 1077/1077/1077
f 1049/1049/1049 1077/1077/1077 1051/1051/1051
f 1075/1075/1075 1076/1076/1076 1078/1078/1078
f 1075/1075/1075 1078/1078/1078 1077/1077/1077
f 1051/1051/1051 1077/1077/1077 1079/1079/1079
f 1077/1077/1077 1078/1078/1078 1080/1080/1080
f 1077/1077/1077 1080/1080/1080 1079/1079/1079
f 1051/1051/1051 1079/1079/1079 1081/1081/1081
f 1051/1051/1051 1081/1081/1081 1053/1053/1053
f 1079/1079/1079 1080/1080/1080 1082/1082/1082
f 1079/1079/1079 1082/1082/1082 1081/1081/1081
f 1053/1053/1053 1081/1081/1081 1084/1084/1084
f 1053/1053/1053 1084/1084/1084 1086/1086/1086
f 1081/1081/1081 1082/1082/1082 1083/1083/1083
f 1081/1081/1081 1083/1083/1083 1084/1084/1084
f 1080/1080/1080 1116/1116/1116 1082/1082/1082
f 1082/1082/1082 1114/1114/1114 1083/1083/1083
f 1082/1082/1082 1116/1116/1116 1114/1114/1114
f 1084/1084/1084 1083/1083/1083 1085/1085/1085
f 1080/1080/1080 1118/1118/1118 1116/1116/1116
f 1084/1084/1084 1085/1085/1085 1087/1087/1087
f 1084/1084/1084 1087/1087/1087 1086/1086/1086
f 1080/1080/1080 1120/1120/1120 1118/1118/1118
f 1078/1078/1078 1120/1120/1120 1080/1080/1080
f 1118/1118/1118 1133/1133/1133 1116/1116/1116
f 1120/1120/1120 1133/1133/1133 1118/1118/1118
f 1116/1116/1116 1134/1134/1134 1114/1114/1114
f 1116/1116/1116 1133/1133/1133 1134/1134/1134
f 1083/1083/1083 1114/1114/1114 1112/1112/1112
f 1114/1114/1114 1134/1134/1134 1112/1112/1112
f 1083/1083/1083 1110/1110/1110 1085/1085/1085
f 1083/1083/1083 1112/1112/1112 1110/1110/1110
f 1085/1085/1085 1110/1110/1110 1108/1108/1108
f 1085/1085/1085 1108/1108/1108 1087/1087/1087
f 1112/1112/1112 1135/1135/1135 1110/1110/1110
f 1110/1110/1110 1135/1135/1135 1108/1108/1108
f 1112/1112/1112 1134/1134/1134 1135/1135/1135
f 1087/1087/1087 1108/1108/1108 1106/1106/1106
f 1108/1108/1108 1135/1135/1135 1106/1106/1106
f 1086/1086/1086 1087/1087/1087 1088/1088/1088
f 1087/1087/1087 1106/1106/1106 1104/1104/1104
f 1087/1087/1087 1104/1104/1104 1088/1088/1088
f 1086/1086/1086 1088/1088/1088 1090/1090/1090
f 1086/1086/1086 1090/1090/1090 1089/1089/1089
f 1088/1088/1088 1104/1104/1104 1102/1102/1102
f 1088/1088/1088 1102/1102/1102 1090/1090/1090
f 1104/1104/1104 1136/1136/1136 1102/1102/1102
f 1106/1106/1106 1136/1136/1136 1104/1104/1104
f 1090/1090/1090 1102/1102/1102 1100/1100/1100
f 1102/1102/1102 1136/1136/1136 1100/1100/1100
f 1089/1089/1089 1090/1090/1090 1091/1091/1091
f 1089/1089/1089 1091/1091/1091 1062/1062/1062
f 1090/1090/1090 1100/1100/1100 1098/1098/1098
f 1090/1090/1090 1098/1098/1098 1091/1091/1091
f 1062/1062/1062 1091/1091/1091 1092/1092/1092
f 1091/1091/1091 1098/1098/1098 1096/1096/1096
f 1091/1091/1091 1096/1096/1096 1092/1092/1092
f 1100/1100/1100 1137/1137/1137 1098/1098/1098
f 1098/1098/1098 1137/1137/1137 1096/1096/1096
f 1062/1062/1062 1092/1092/1092 1065/1065/1065
f 1062/1062/1062 1065/1065/1065 1061/1061/1061
f 1092/1092/1092 1096/1096/1096 1094/1094/1094
f 1096/1096/1096 1137/1137/1137 1094/1094/1094
f 1092/1092/1092 1093/1093/1093 1065/1065/1065
f 1092/1092/1092 1094/1094/1094 1093/1093/1093
f 1061/1061/1061 1065/1065/1065 1064/1064/1064
f 1061/1061/1061 1064/1064/1064 1063/1063/1063
f 1065/1065/1065 1093/1093/1093 1095/1095/1095
f 1063/1063/1063 1064/1064/1064 1066/1066/1066
f 1063/1063/1063 1066/1066/1066 1068/1068/1068
f 1065/1065/1065 1097/1097/1097 1064/1064/1064
f 1065/1065/1065 1095/1095/1095 1097/1097/1097
f 1064/1064/1064 1097/1097/1097 1099/1099/1099
f 1093/1093/1093 1125/1125/1125 1095/1095/1095
f 1094/1094/1094 1125/1125/1125 1093/1093/1093
f 1095/1095/1095 1126/1126/1126 1097/1097/1097
f 1097/1097/1097 1126/1126/1126 1099/1099/1099
f 1095/1095/1095 1125/1125/1125 1126/1126/1126
f 1064/1064/1064 1099/1099/1099 1101/1101/1101
f 1099/1099/1099 1126/1126/1126 1101/1101/1101
f 1064/1064/1064 1101/1101/1101 1066/1066/1066
f 1094/1094/1094 1139/1139/1139 1125/1125/1125
f 1066/1066/1066 1101/1101/1101 1103/1103/1103
f 1094/1094/1094 1138/1138/1138 1139/1139/1139
f 1137/1137/1137 1138/1138/1138 1094/1094/1094
f 1066/1066/1066 1103/1103/1103 1105/1105/1105
f 1066/1066/1066 1105/1105/1105 1068/1068/1068
f 1101/1101/1101 1127/1127/1127 1103/1103/1103
f 1103/1103/1103 1127/1127/1127 1105/1105/1105
f 1068/1068/1068 1105/1105/1105 1107/1107/1107
f 1068/1068/1068 1107/1107/1107 1109/1109/1109
f 1068/1068/1068 1109/1109/1109 1070/1070/1070
f 1105/1105/1105 1128/1128/1128 1107/1107/1107
f 1107/1107/1107 1128/1128/1128 1109/1109/1109
f 1105/1105/1105 1127/1127/1127 1128/1128/1128
f 1070/1070/1070 1109/1109/1109 1111/1111/1111
f 1109/1109/1109 1128/1128/1128 1111/1111/1111
f 1070/1070/1070 1111/1111/1111 1113/1113/1113
f 1070/1070/1070 1113/1113/1113 1072/1072/1072
f 1072/1072/1072 1113/1113/1113 1115/1115/1115
f 1111/1111/1111 1129/1129/1129 1113/1113/1113
f 1113/1113/1113 1129/1129/1129 1115/1115/1115
f 1072/1072/1072 1115/1115/1115 1117/1117/1117
f 1115/1115/1115 1129/1129/1129 1117/1117/1117
f 1072/1072/1072 1117/1117/1117 1074/1074/1074
f 1111/1111/1111 1158/1158/1158 1129/1129/1129
f 1074/1074/1074 1117/1117/1117 1119/1119/1119
f 1111/1111/1111 1156/1156/1156 1158/1158/1158
f 1128/1128/1128 1156/1156/1156 1111/1111/1111
f 1074/1074/1074 1119/1119/1119 1121/1121/1121
f 1074/1074/1074 1121/1121/1121 1076/1076/1076
f 1117/1117/1117 1130/1130/1130 1119/1119/1119
f 1119/1119/1119 1130/1130/1130 1121/1121/1121
f 1076/1076/1076 1121/1121/1121 1123/1123/1123
f 1129/1129/1129 1162/1162/1162 1117/1117/1117
f 1076/1076/1076 1123/1123/1123 1124/1124/1124
f 1076/1076/1076 1124/1124/1124 1078/1078/1078
f 1121/1121/1121 1131/1131/1131 1123/1123/1123
f 1123/1123/1123 1131/1131/1131 1124/1124/1124
f 1121/1121/1121 1130/1130/1130 1131/1131/1131
f 1078/1078/1078 1124/1124/1124 1122/1122/1122
f 1078/1078/1078 1122/1122/1122 1120/1120/1120
f 1124/1124/1124 1132/1132/1132 1122/1122/1122
f 1122/1122/1122 1132/1132/1132 1120/1120/1120
f 1124/1124/1124 1131/1131/1131 1132/1132/1132
f 1120/1120/1120 1132/1132/1132 1133/1133/1133
f 1117/1117/1117 1164/1164/1164 1130/1130/1130
f 1117/1117/1117 1162/1162/1162 1164/1164/1164
f 1130/1130/1130 1168/1168/1168 1131/1131/1131
f 1130/1130/1130 1164/1164/1164 1166/1166/1166
f 1130/1130/1130 1166/1166/1166 1168/1168/1168
f 1129/1129/1129 1160/1160/1160 1162/1162/1162
f 1129/1129/1129 1158/1158/1158 1160/1160/1160
f 1162/1162/1162 1228/1228/1228 1164/1164/1164
f 1160/1160/1160 1226/1226/1226 1162/1162/1162
f 1162/1162/1162 1226/1226/1226 1228/1228/1228
f 1158/1158/1158 1224/1224/1224 1160/1160/1160
f 1160/1160/1160 1224/1224/1224 1226/1226/1226
f 1164/1164/1164 1230/1230/1230 1166/1166/1166
f 1164/1164/1164 1228/1228/1228 1230/1230/1230
f 1158/1158/1158 1222/1222/1222 1224/1224/1224
f 1156/1156/1156 1222/1222/1222 1158/1158/1158
f 1166/1166/1166 1230/1230/1230 1170/1170/1170
f 1166/1166/1166 1170/1170/1170 1168/1168/1168
f 1228/1228/1228 1231/1231/1231 1230/1230/1230
f 1168/1168/1168 1170/1170/1170 1171/1171/1171
f 1230/1230/1230 1231/1231/1231 1232/1232/1232
f 1230/1230/1230 1232/1232/1232 1170/1170/1170
f 1228/1228/1228 1229/1229/1229 1231/1231/1231
f 1226/1226/1226 1229/1229/1229 1228/1228/1228
f 1231/1231/1231 1236/1236/1236 1232/1232/1232
f 1229/1229/1229 1236/1236/1236 1231/1231/1231
f 1224/1224/1224 1227/1227/1227 1226/1226/1226
f 1226/1226/1226 1227/1227/1227 1229/1229/1229
f 1224/1224/1224 1225/1225/1225 1227/1227/1227
f 1222/1222/1222 1225/1225/1225 1224/1224/1224
f 1227/1227/1227 1243/1243/1243 1229/1229/1229
f 1229/1229/1229 1241/1241/1241 1236/1236/1236
f 1229/1229/1229 1243/1243/1243 1241/1241/1241
f 1236/1236/1236 1241/1241/1241 1239/1239/1239
f 1236/1236/1236 1239/1239/1239 1232/1232/1232
f 1243/1243/1243 1272/1272/1272 1241/1241/1241
f 1241/1241/1241 1272/1272/1272 1239/1239/1239
f 1227/1227/1227 1245/1245/1245 1243/1243/1243
f 1245/1245/1245 1272/1272/1272 1243/1243/1243
f 1225/1225/1225 1245/1245/1245 1227/1227/1227
f 1239/1239/1239 1272/1272/1272 1237/1237/1237
f 1232/1232/1232 1239/1239/1239 1237/1237/1237
f 1225/1225/1225 1247/1247/1247 1245/1245/1245
f 1232/1232/1232 1237/1237/1237 1234/1234/1234
f 1245/1245/1245 1274/1274/1274 1272/1272/1272
f 1247/1247/1247 1274/1274/1274 1245/1245/1245
f 1237/1237/1237 1272/1272/1272 1238/1238/1238
f 1234/1234/1234 1237/1237/1237 1238/1238/1238
f 1238/1238/1238 1272/1272/1272 1273/1273/1273
f 1232/1232/1232 1234/1234/1234 1233/1233/1233
f 1170/1170/1170 1232/1232/1232 1233/1233/1233
f 1170/1170/1170 1233/1233/1233 1171/1171/1171
f 1234/1234/1234 1238/1238/1238 1235/1235/1235
f 1233/1233/1233 1234/1234/1234 1235/1235/1235
f 1238/1238/1238 1273/1273/1273 1240/1240/1240
f 1235/1235/1235 1238/1238/1238 1240/1240/1240
f 1171/1171/1171 1233/1233/1233 1175/1175/1175
f 1233/1233/1233 1235/1235/1235 1175/1175/1175
f 1235/1235/1235 1240/1240/1240 1177/1177/1177
f 1175/1175/1175 1235/1235/1235 1177/1177/1177
f 1240/1240/1240 1273/1273/1273 1242/1242/1242
f 1177/1177/1177 1240/1240/1240 1242/1242/1242
f 1171/1171/1171 1175/1175/1175 1172/1172/1172
f 1172/1172/1172 1175/1175/1175 1177/1177/1177
f 1168/1168/1168 1171/1171/1171 1169/1169/1169
f 1169/1169/1169 1171/1171/1171 1172/1172/1172
f 1131/1131/1131 1168/1168/1168 1169/1169/1169
f 1131/1131/1131 1169/1169/1169 1167/1167/1167
f 1169/1169/1169 1172/1172/1172 1167/1167/1167
f 1131/1131/1131 1167/1167/1167 1132/1132/1132
f 1172/1172/1172 1177/1177/1177 1173/1173/1173
f 1167/1167/1167 1172/1172/1172 1173/1173/1173
f 1177/1177/1177 1242/1242/1242 1178/1178/1178
f 1173/1173/1173 1177/1177/1177 1178/1178/1178
f 1132/1132/1132 1167/1167/1167 1165/1165/1165
f 1167/1167/1167 1173/1173/1173 1165/1165/1165
f 1178/1178/1178 1242/1242/1242 1244/1244/1244
f 1242/1242/1242 1273/1273/1273 1244/1244/1244
f 1173/1173/1173 1178/1178/1178 1174/1174/1174
f 1165/1165/1165 1173/1173/1173 1174/1174/1174
f 1178/1178/1178 1244/1244/1244 1179/1179/1179
f 1174/1174/1174 1178/1178/1178 1179/1179/1179
f 1244/1244/1244 1273/1273/1273 1246/1246/1246
f 1179/1179/1179 1244/1244/1244 1246/1246/1246
f 1246/1246/1246 1273/1273/1273 1275/1275/1275
f 1132/1132/1132 1165/1165/1165 1163/1163/1163
f 1165/1165/1165 1174/1174/1174 1163/1163/1163
f 1132/1132/1132 1163/1163/1163 1133/1133/1133
f 1174/1174/1174 1179/1179/1179 1176/1176/1176
f 1163/1163/1163 1174/1174/1174 1176/1176/1176
f 1179/1179/1179 1246/1246/1246 1181/1181/1181
f 1176/1176/1176 1179/1179/1179 1181/1181/1181
f 1133/1133/1133 1163/1163/1163 1161/1161/1161
f 1163/1163/1163 1176/1176/1176 1161/1161/1161
f 1181/1181/1181 1246/1246/1246 1248/1248/1248
f 1246/1246/1246 1275/1275/1275 1248/1248/1248
f 1176/1176/1176 1181/1181/1181 1180/1180/1180
f 1161/1161/1161 1176/1176/1176 1180/1180/1180
f 1181/1181/1181 1248/1248/1248 1183/1183/1183
f 1180/1180/1180 1181/1181/1181 1183/1183/1183
f 1133/1133/1133 1161/1161/1161 1159/1159/1159
f 1161/1161/1161 1180/1180/1180 1159/1159/1159
f 1133/1133/1133 1159/1159/1159 1134/1134/1134
f 1248/1248/1248 1275/1275/1275 1250/1250/1250
f 1183/1183/1183 1248/1248/1248 1250/1250/1250
f 1159/1159/1159 1180/1180/1180 1182/1182/1182
f 1180/1180/1180 1183/1183/1183 1182/1182/1182
f 1134/1134/1134 1159/1159/1159 1157/1157/1157
f 1159/1159/1159 1182/1182/1182 1157/1157/1157
f 1183/1183/1183 1250/1250/1250 1185/1185/1185
f 1182/1182/1182 1183/1183/1183 1185/1185/1185
f 1250/1250/1250 1275/1275/1275 1252/1252/1252
f 1185/1185/1185 1250/1250/1250 1252/1252/1252
f 1252/1252/1252 1275/1275/1275 1277/1277/1277
f 1182/1182/1182 1185/1185/1185 1184/1184/1184
f 1157/1157/1157 1182/1182/1182 1184/1184/1184
f 1185/1185/1185 1252/1252/1252 1187/1187/1187
f 1184/1184/1184 1185/1185/1185 1187/1187/1187
f 1134/1134/1134 1157/1157/1157 1155/1155/1155
f 1157/1157/1157 1184/1184/1184 1155/1155/1155
f 1134/1134/1134 1155/1155/1155 1135/1135/1135
f 1184/1184/1184 1187/1187/1187 1186/1186/1186
f 1155/1155/1155 1184/1184/1184 1186/1186/1186
f 1187/1187/1187 1252/1252/1252 1254/1254/1254
f 1252/1252/1252 1277/1277/1277 1254/1254/1254
f 1135/1135/1135 1155/1155/1155 1153/1153/1153
f 1155/1155/1155 1186/1186/1186 1153/1153/1153
f 1187/1187/1187 1254/1254/1254 1189/1189/1189
f 1186/1186/1186 1187/1187/1187 1189/1189/1189
f 1135/1135/1135 1153/1153/1153 1151/1151/1151
f 1135/1135/1135 1151/1151/1151 1106/1106/1106
f 1153/1153/1153 1186/1186/1186 1188/1188/1188
f 1153/1153/1153 1188/1188/1188 1151/1151/1151
f 1186/1186/1186 1189/1189/1189 1188/1188/1188
f 1106/1106/1106 1151/1151/1151 1149/1149/1149
f 1106/1106/1106 1149/1149/1149 1136/1136/1136
f 1151/1151/1151 1188/1188/1188 1190/1190/1190
f 1151/1151/1151 1190/1190/1190 1149/1149/1149
f 1188/1188/1188 1189/1189/1189 1191/1191/1191
f 1188/1188/1188 1191/1191/1191 1190/1190/1190
f 1189/1189/1189 1254/1254/1254 1256/1256/1256
f 1189/1189/1189 1256/1256/1256 1191/1191/1191
f 1254/1254/1254 1277/1277/1277 1256/1256/1256
f 1191/1191/1191 1256/1256/1256 1258/1258/1258
f 1256/1256/1256 1277/1277/1277 1258/1258/1258
f 1190/1190/1190 1191/1191/1191 1193/1193/1193
f 1191/1191/1191 1258/1258/1258 1193/1193/1193
f 1258/1258/1258 1277/1277/1277 1260/1260/1260
f 1193/1193/1193 1258/1258/1258 1260/1260/1260
f 1260/1260/1260 1277/1277/1277 1279/1279/1279
f 1190/1190/1190 1193/1193/1193 1192/1192/1192
f 1149/1149/1149 1190/1190/1190 1192/1192/1192
f 1193/1193/1193 1260/1260/1260 1195/1195/1195
f 1192/1192/1192 1193/1193/1193 1195/1195/1195
f 1149/1149/1149 1192/1192/1192 1147/1147/1147
f 1136/1136/1136 1149/1149/1149 1147/1147/1147
f 1195/1195/1195 1260/1260/1260 1262/1262/1262
f 1260/1260/1260 1279/1279/1279 1262/1262/1262
f 1192/1192/1192 1195/1195/1195 1194/1194/1194
f 1147/1147/1147 1192/1192/1192 1194/1194/1194
f 1195/1195/1195 1262/1262/1262 1197/1197/1197
f 1194/1194/1194 1195/1195/1195 1197/1197/1197
f 1136/1136/1136 1147/1147/1147 1145/1145/1145
f 1147/1147/1147 1194/1194/1194 1145/1145/1145
f 1136/1136/1136 1145/1145/1145 1100/1100/1100
f 1145/1145/1145 1194/1194/1194 1196/1196/1196
f 1194/1194/1194 1197/1197/1197 1196/1196/1196
f 1100/1100/1100 1145/1145/1145 1143/1143/1143
f 1145/1145/1145 1196/1196/1196 1143/1143/1143
f 1100/1100/1100 1143/1143/1143 1137/1137/1137
f 1197/1197/1197 1262/1262/1262 1264/1264/1264
f 1262/1262/1262 1279/1279/1279 1264/1264/1264
f 1137/1137/1137 1143/1143/1143 1141/1141/1141
f 1137/1137/1137 1141/1141/1141 1138/1138/1138
f 1143/1143/1143 1196/1196/1196 1198/1198/1198
f 1143/1143/1143 1198/1198/1198 1141/1141/1141
f 1196/1196/1196 1197/1197/1197 1199/1199/1199
f 1196/1196/1196 1199/1199/1199 1198/1198/1198
f 1197/1197/1197 1264/1264/1264 1266/1266/1266
f 1197/1197/1197 1266/1266/1266 1199/1199/1199
f 1141/1141/1141 1198/1198/1198 1200/1200/1200
f 1141/1141/1141 1200/1200/1200 1138/1138/1138
f 1198/1198/1198 1199/1199/1199 1201/1201/1201
f 1199/1199/1199 1266/1266/1266 1201/1201/1201
f 1198/1198/1198 1201/1201/1201 1200/1200/1200
f 1266/1266/1266 1264/1264/1264 1267/1267/1267
f 1266/1266/1266 1267/1267/1267 1201/1201/1201
f 1264/1264/1264 1279/1279/1279 1267/1267/1267
f 1138/1138/1138 1200/1200/1200 1202/1202/1202
f 1267/1267/1267 1279/1279/1279 1270/1270/1270
f 1201/1201/1201 1267/1267/1267 1270/1270/1270
f 1138/1138/1138 1202/1202/1202 1139/1139/1139
f 1270/1270/1270 1279/1279/1279 1269/1269/1269
f 1269/1269/1269 1279/1279/1279 1278/1278/1278
f 1201/1201/1201 1270/1270/1270 1271/1271/1271
f 1271/1271/1271 1270/1270/1270 1269/1269/1269
f 1200/1200/1200 1201/1201/1201 1203/1203/1203
f 1201/1201/1201 1271/1271/1271 1203/1203/1203
f 1200/1200/1200 1203/1203/1203 1202/1202/1202
f 1271/1271/1271 1269/1269/1269 1268/1268/1268
f 1203/1203/1203 1271/1271/1271 1268/1268/1268
f 1202/1202/1202 1203/1203/1203 1205/1205/1205
f 1203/1203/1203 1268/1268/1268 1205/1205/1205
f 1139/1139/1139 1202/1202/1202 1204/1204/1204
f 1202/1202/1202 1205/1205/1205 1204/1204/1204
f 1268/1268/1268 1269/1269/1269 1265/1265/1265
f 1269/1269/1269 1278/1278/1278 1265/1265/1265
f 1205/1205/1205 1268/1268/1268 1207/1207/1207
f 1268/1268/1268 1265/1265/1265 1207/1207/1207
f 1204/1204/1204 1205/1205/1205 1207/1207/1207
f 1265/1265/1265 1278/1278/1278 1263/1263/1263
f 1207/1207/1207 1265/1265/1265 1263/1263/1263
f 1139/1139/1139 1204/1204/1204 1140/1140/1140
f 1125/1125/1125 1139/1139/1139 1140/1140/1140
f 1204/1204/1204 1207/1207/1207 1206/1206/1206
f 1140/1140/1140 1204/1204/1204 1206/1206/1206
f 1125/1125/1125 1140/1140/1140 1142/1142/1142
f 1140/1140/1140 1206/1206/1206 1142/1142/1142
f 1125/1125/1125 1142/1142/1142 1126/1126/1126
f 1206/1206/1206 1207/1207/1207 1209/1209/1209
f 1207/1207/1207 1263/1263/1263 1209/1209/1209
f 1142/1142/1142 1206/1206/1206 1208/1208/1208
f 1206/1206/1206 1209/1209/1209 1208/1208/1208
f 1126/1126/1126 1142/1142/1142 1144/1144/1144
f 1142/1142/1142 1208/1208/1208 1144/1144/1144
f 1209/1209/1209 1263/1263/1263 1261/1261/1261
f 1263/1263/1263 1278/1278/1278 1261/1261/1261
f 1208/1208/1208 1209/1209/1209 1211/1211/1211
f 1209/1209/1209 1261/1261/1261 1211/1211/1211
f 1261/1261/1261 1278/1278/1278 1259/1259/1259
f 1211/1211/1211 1261/1261/1261 1259/1259/1259
f 1259/1259/1259 1278/1278/1278 1276/1276/1276
f 1208/1208/1208 1211/1211/1211 1210/1210/1210
f 1144/1144/1144 1208/1208/1208 1210/1210/1210
f 1211/1211/1211 1259/1259/1259 1213/1213/1213
f 1210/1210/1210 1211/1211/1211 1213/1213/1213
f 1126/1126/1126 1144/1144/1144 1146/1146/1146
f 1144/1144/1144 1210/1210/1210 1146/1146/1146
f 1126/1126/1126 1146/1146/1146 1101/1101/1101
f 1210/1210/1210 1213/1213/1213 1212/1212/1212
f 1146/1146/1146 1210/1210/1210 1212/1212/1212
f 1101/1101/1101 1146/1146/1146 1148/1148/1148
f 1146/1146/1146 1212/1212/1212 1148/1148/1148
f 1101/1101/1101 1148/1148/1148 1127/1127/1127
f 1213/1213/1213 1259/1259/1259 1257/1257/1257
f 1259/1259/1259 1276/1276/1276 1257/1257/1257
f 1212/1212/1212 1213/1213/1213 1215/1215/1215
f 1213/1213/1213 1257/1257/1257 1215/1215/1215
f 1148/1148/1148 1212/1212/1212 1214/1214/1214
f 1212/1212/1212 1215/1215/1215 1214/1214/1214
f 1257/1257/1257 1276/1276/1276 1255/1255/1255
f 1215/1215/1215 1257/1257/1257 1255/1255/1255
f 1127/1127/1127 1148/1148/1148 1150/1150/1150
f 1148/1148/1148 1214/1214/1214 1150/1150/1150
f 1215/1215/1215 1255/1255/1255 1217/1217/1217
f 1214/1214/1214 1215/1215/1215 1217/1217/1217
f 1255/1255/1255 1276/1276/1276 1253/1253/1253
f 1217/1217/1217 1255/1255/1255 1253/1253/1253
f 1253/1253/1253 1276/1276/1276 1274/1274/1274
f 1214/1214/1214 1217/1217/1217 1216/1216/1216
f 1150/1150/1150 1214/1214/1214 1216/1216/1216
f 1217/1217/1217 1253/1253/1253 1219/1219/1219
f 1216/1216/1216 1217/1217/1217 1219/1219/1219
f 1127/1127/1127 1150/1150/1150 1152/1152/1152
f 1150/1150/1150 1216/1216/1216 1152/1152/1152
f 1127/1127/1127 1152/1152/1152 1128/1128/1128
f 1253/1253/1253 1274/1274/1274 1251/1251/1251
f 1219/1219/1219 1253/1253/1253 1251/1251/1251
f 1128/1128/1128 1152/1152/1152 1154/1154/1154
f 1128/1128/1128 1154/1154/1154 1156/1156/1156
f 1152/1152/1152 1216/1216/1216 1218/1218/1218
f 1152/1152/1152 1218/1218/1218 1154/1154/1154
f 1216/1216/1216 1219/1219/1219 1218/1218/1218
f 1154/1154/1154 1220/1220/1220 1156/1156/1156
f 1154/1154/1154 1218/1218/1218 1220/1220/1220
f 1156/1156/1156 1220/1220/1220 1222/1222/1222
f 1218/1218/1218 1219/1219/1219 1221/1221/1221
f 1218/1218/1218 1221/1221/1221 1220/1220/1220
f 1219/1219/1219 1251/1251/1251 1221/1221/1221
f 1220/1220/1220 1223/1223/1223 1222/1222/1222
f 1220/1220/1220 1221/1221/1221 1223/1223/1223
f 1222/1222/1222 1223/1223/1223 1225/1225/1225
f 1223/1223/1223 1247/1247/1247 1225/1225/1225
f 1221/1221/1221 1251/1251/1251 1249/1249/1249
f 1221/1221/1221 1249/1249/1249 1223/1223/1223
f 1223/1223/1223 1249/1249/1249 1247/1247/1247
f 1251/1251/1251 1274/1274/1274 1249/1249/1249
f 1249/1249/1249 1274/1274/1274 1247/1247/1247
