# VPXTOOL table OBJ file
# VPXTOOL OBJ file
# numVerts: 1109 numFaces: 2144
o PinCab_Shooter
v -0.917005 0.038954 -2.379335
v -0.915448 0.038923 -2.380475
v -0.918048 0.039061 -2.379745
v -0.916221 0.039117 -2.382241
v -0.918408 0.039207 -2.381328
v -0.917825 0.043583 -2.380494
v -0.917583 0.04258 -2.381659
v -0.914985 0.043791 -2.379389
v -0.91606 0.044277 -2.381962
v -0.914518 0.043462 -2.380482
v -0.91497 0.043607 -2.381553
v -0.916997 0.044242 -2.379348
v -0.915124 0.045875 -2.378758
v -0.915838 0.046658 -2.381312
v -0.911877 0.048216 -2.381116
v -0.914964 0.048525 -2.380049
v -0.914724 0.048021 -2.379004
v -0.912626 0.046539 -2.380201
v -0.910035 0.049366 -2.378814
v -0.91291 0.049997 -2.380969
v -0.910623 0.050535 -2.38132
v -0.911483 0.051482 -2.379699
v -0.911398 0.050906 -2.378668
v -0.909768 0.050618 -2.37821
v -0.90911 0.049366 -2.379856
v -0.909089 0.052267 -2.380634
v -0.905304 0.053131 -2.378182
v -0.907253 0.053215 -2.379359
v -0.904951 0.051208 -2.380555
v -0.903579 0.052318 -2.380786
v -0.90474 0.053245 -2.380308
v -0.904742 0.050519 -2.379525
v -0.902776 0.05095 -2.378271
v -0.903804 0.051966 -2.377762
v -0.902699 0.053551 -2.37903
v -0.900294 0.052827 -2.379991
v -0.901141 0.050217 -2.379268
v -0.896959 0.049981 -2.377267
v -0.89676 0.051205 -2.377571
v -0.897558 0.049539 -2.380027
v -0.896525 0.050269 -2.380276
v -0.898266 0.052461 -2.378711
v -0.896192 0.05105 -2.379685
v -0.897808 0.048813 -2.37902
v -0.895996 0.047966 -2.377764
v -0.89439 0.050053 -2.378402
v -0.892833 0.048081 -2.379388
v -0.895072 0.046445 -2.37878
v -0.892539 0.043809 -2.379526
v -0.891245 0.043742 -2.379725
v -0.891451 0.046564 -2.378103
v -0.891012 0.044646 -2.376997
v -0.891882 0.043712 -2.376737
v -0.892974 0.043384 -2.377401
v -0.890561 0.04422 -2.379096
v -0.893205 0.043348 -2.378545
v -0.889735 0.042332 -2.377808
v -0.892179 0.039788 -2.377163
v -0.892387 0.039817 -2.378313
v -0.889592 0.039834 -2.378808
v -0.890849 0.035326 -2.379188
v -0.891852 0.036186 -2.379039
v -0.889416 0.037785 -2.377517
v -0.890227 0.03599 -2.376443
v -0.891501 0.035707 -2.376225
v -0.892537 0.03612 -2.376929
v -0.892704 0.036206 -2.378081
v -0.89003 0.035356 -2.378521
v -0.89052 0.033359 -2.377224
v -0.894123 0.032867 -2.377847
v -0.89401 0.03275 -2.376691
v -0.891833 0.031234 -2.37823
v -0.894669 0.028562 -2.375882
v -0.892941 0.029496 -2.376927
v -0.895898 0.029069 -2.375707
v -0.895801 0.029589 -2.37854
v -0.895525 0.028275 -2.378637
v -0.894828 0.027867 -2.377933
v -0.896506 0.030135 -2.377608
v -0.896453 0.030003 -2.37645
v -0.896432 0.026578 -2.376623
v -0.898721 0.02559 -2.377628
v -0.900445 0.027914 -2.3773
v -0.899618 0.028154 -2.376202
v -0.903318 0.026328 -2.375163
v -0.902603 0.025188 -2.375292
v -0.902922 0.026564 -2.37801
v -0.903489 0.025337 -2.378052
v -0.90065 0.024887 -2.376311
v -0.903139 0.024629 -2.377312
v -0.903195 0.027376 -2.375946
v -0.904994 0.027484 -2.376978
v -0.90518 0.024584 -2.375988
v -0.908604 0.025314 -2.376914
v -0.907669 0.02794 -2.37562
v -0.9108 0.028382 -2.37742
v -0.90864 0.028402 -2.376705
v -0.911945 0.027673 -2.377409
v -0.909631 0.025699 -2.375655
v -0.911244 0.027172 -2.374644
v -0.911176 0.028499 -2.374566
v -0.911832 0.030187 -2.376431
v -0.913697 0.028044 -2.376483
v -0.913526 0.027881 -2.37532
v -0.911873 0.03019 -2.375265
v -0.916834 0.031491 -2.376133
v -0.917526 0.034161 -2.376768
v -0.915047 0.032426 -2.376982
v -0.916696 0.031293 -2.37497
v -0.917098 0.033334 -2.374007
v -0.916298 0.034449 -2.373978
v -0.914408 0.032977 -2.374982
v -0.914392 0.032945 -2.376148
v -0.918673 0.035595 -2.374614
v -0.91877 0.035821 -2.375778
v -0.915975 0.03648 -2.374694
v -0.915998 0.03644 -2.37586
v -0.917101 0.037066 -2.376601
v -0.918285 0.042312 -2.373332
v -0.919214 0.040364 -2.374257
v -0.919264 0.040605 -2.375418
v -0.916977 0.042739 -2.373359
v -0.916376 0.040371 -2.374402
v -0.916439 0.040333 -2.375567
v -0.918267 0.043258 -2.376089
v -0.916907 0.043407 -2.376131
v -0.918224 0.045125 -2.373899
v -0.91553 0.04425 -2.374111
v -0.915627 0.044243 -2.375274
v -0.918223 0.045379 -2.375058
v -0.913484 0.047729 -2.373822
v -0.91248 0.050021 -2.372749
v -0.913785 0.050452 -2.372666
v -0.913602 0.047763 -2.374983
v -0.91373 0.049116 -2.375663
v -0.913307 0.051287 -2.375416
v -0.915709 0.049651 -2.374704
v -0.915769 0.049393 -2.373546
v -0.910524 0.050526 -2.374697
v -0.910401 0.050439 -2.373538
v -0.911934 0.052971 -2.374357
v -0.911052 0.053411 -2.373114
v -0.908145 0.052822 -2.375209
v -0.906673 0.05222 -2.374418
v -0.906574 0.052077 -2.373263
v -0.904282 0.054924 -2.374775
v -0.907253 0.054974 -2.374019
v -0.905125 0.05442 -2.372034
v -0.904341 0.053301 -2.372171
v -0.904933 0.055201 -2.372704
v -0.901319 0.053567 -2.374775
v -0.902429 0.052634 -2.374148
v -0.902115 0.055424 -2.373695
v -0.90237 0.052444 -2.372997
v -0.898583 0.05465 -2.372308
v -0.897034 0.054236 -2.373381
v -0.897081 0.053528 -2.374331
v -0.895584 0.052422 -2.371448
v -0.895636 0.051074 -2.371636
v -0.898207 0.051472 -2.372741
v -0.898199 0.051692 -2.373889
v -0.894762 0.051035 -2.374364
v -0.892856 0.051464 -2.371938
v -0.892528 0.051497 -2.373081
v -0.892777 0.050846 -2.374043
v -0.894499 0.049217 -2.372494
v -0.893572 0.048781 -2.373575
v -0.888972 0.045002 -2.370906
v -0.888689 0.046439 -2.371579
v -0.889054 0.047437 -2.372791
v -0.889819 0.043985 -2.37114
v -0.891646 0.045879 -2.372255
v -0.890002 0.045667 -2.373973
v -0.88948 0.046907 -2.373764
v -0.889983 0.043087 -2.373215
v -0.889957 0.041773 -2.372022
v -0.887556 0.042088 -2.373492
v -0.887002 0.042454 -2.372507
v -0.886887 0.039973 -2.371234
v -0.88834 0.039746 -2.373652
v -0.889625 0.037302 -2.371792
v -0.889042 0.037152 -2.370782
v -0.887925 0.036178 -2.370448
v -0.889385 0.03626 -2.372863
v -0.887223 0.036838 -2.373223
v -0.886598 0.037028 -2.372227
v -0.887284 0.034614 -2.370959
v -0.888941 0.033643 -2.37334
v -0.890713 0.032902 -2.37156
v -0.890222 0.032581 -2.370541
v -0.888553 0.031705 -2.372952
v -0.887914 0.031699 -2.371947
v -0.889347 0.029602 -2.370683
v -0.890831 0.029063 -2.370055
v -0.891458 0.03078 -2.372568
v -0.893709 0.026264 -2.372888
v -0.893141 0.02902 -2.371325
v -0.891441 0.027199 -2.372677
v -0.890851 0.027001 -2.371662
v -0.89279 0.02857 -2.370297
v -0.892891 0.025456 -2.370401
v -0.894509 0.027209 -2.372325
v -0.895636 0.023776 -2.372393
v -0.895141 0.023422 -2.371368
v -0.897872 0.023381 -2.369579
v -0.896503 0.025538 -2.370045
v -0.896694 0.026055 -2.371083
v -0.899609 0.024273 -2.372007
v -0.897573 0.022604 -2.370108
v -0.90037 0.021341 -2.371064
v -0.900726 0.021814 -2.372098
v -0.903219 0.022376 -2.372332
v -0.901003 0.0238 -2.369785
v -0.901026 0.024333 -2.370831
v -0.902955 0.021337 -2.369805
v -0.906027 0.020991 -2.370747
v -0.906217 0.021532 -2.37179
v -0.90572 0.02241 -2.36914
v -0.905862 0.023547 -2.369512
v -0.905715 0.024041 -2.370567
v -0.905662 0.023655 -2.371672
v -0.908495 0.021814 -2.369489
v -0.912039 0.024208 -2.368758
v -0.91154 0.022426 -2.370417
v -0.910589 0.024828 -2.369228
v -0.9103 0.025233 -2.370293
v -0.910373 0.02483 -2.371392
v -0.912153 0.024395 -2.371803
v -0.91156 0.022981 -2.371469
v -0.913633 0.024002 -2.36916
v -0.914698 0.027529 -2.368934
v -0.914315 0.027812 -2.370007
v -0.914524 0.027435 -2.371099
v -0.916228 0.026046 -2.371135
v -0.916365 0.025524 -2.370074
v -0.917861 0.027703 -2.36882
v -0.918905 0.030749 -2.37124
v -0.918817 0.030583 -2.368193
v -0.917349 0.031537 -2.369713
v -0.917783 0.031399 -2.368632
v -0.917684 0.031236 -2.370796
v -0.919739 0.030452 -2.37079
v -0.920008 0.030001 -2.36972
v -0.920734 0.032547 -2.368473
v -0.919514 0.035861 -2.370488
v -0.919082 0.036052 -2.369413
v -0.919516 0.036054 -2.368323
v -0.921711 0.035758 -2.370439
v -0.922086 0.035413 -2.369359
v -0.921964 0.038077 -2.36812
v -0.920983 0.039695 -2.36761
v -0.921101 0.041274 -2.37057
v -0.919816 0.040858 -2.370176
v -0.919325 0.040911 -2.36911
v -0.921937 0.041442 -2.370084
v -0.922377 0.041236 -2.368996
v -0.919715 0.041046 -2.368012
v -0.921409 0.043731 -2.367767
v -0.920372 0.046948 -2.369731
v -0.918539 0.045737 -2.369865
v -0.920835 0.046882 -2.368634
v -0.918197 0.048719 -2.367027
v -0.918345 0.04587 -2.367703
v -0.918036 0.045628 -2.368808
v -0.919117 0.04895 -2.367418
v -0.916541 0.051165 -2.369903
v -0.9176 0.051787 -2.368278
v -0.91715 0.051726 -2.369382
v -0.915531 0.050044 -2.367399
v -0.91533 0.049729 -2.36851
v -0.91579 0.050003 -2.369557
v -0.915297 0.053213 -2.367076
v -0.912977 0.055458 -2.367932
v -0.912585 0.055275 -2.369043
v -0.909651 0.055366 -2.366391
v -0.911542 0.053145 -2.367103
v -0.911465 0.0528 -2.36822
v -0.91183 0.053218 -2.369258
v -0.906889 0.056461 -2.369268
v -0.910327 0.056084 -2.366745
v -0.907427 0.057514 -2.367598
v -0.906773 0.054857 -2.366817
v -0.906811 0.054524 -2.36794
v -0.907034 0.055053 -2.368968
v -0.907114 0.057239 -2.368717
v -0.904697 0.057268 -2.366427
v -0.901693 0.055 -2.366544
v -0.898791 0.055633 -2.365807
v -0.901835 0.054715 -2.367672
v -0.901881 0.055305 -2.36869
v -0.901284 0.057403 -2.368402
v -0.902956 0.057802 -2.367357
v -0.89857 0.057153 -2.367122
v -0.898968 0.056639 -2.366124
v -0.89588 0.054968 -2.368685
v -0.897029 0.053344 -2.367415
v -0.896815 0.053553 -2.366283
v -0.896891 0.053935 -2.368424
v -0.895663 0.055736 -2.368102
v -0.893166 0.054636 -2.366823
v -0.893713 0.05426 -2.365835
v -0.892549 0.051068 -2.368169
v -0.89288 0.05054 -2.367169
v -0.892619 0.050657 -2.366034
v -0.890834 0.0524 -2.367815
v -0.889876 0.049386 -2.365273
v -0.889453 0.050356 -2.365556
v -0.889788 0.051633 -2.366608
v -0.88785 0.047176 -2.368148
v -0.88931 0.046985 -2.367923
v -0.889796 0.04657 -2.366932
v -0.887267 0.047711 -2.367537
v -0.887156 0.048045 -2.366396
v -0.889529 0.046597 -2.365793
v -0.886618 0.045322 -2.365288
v -0.88533 0.042127 -2.367265
v -0.887492 0.04208 -2.367682
v -0.885519 0.04382 -2.36619
v -0.886408 0.039062 -2.364774
v -0.887851 0.04177 -2.365559
v -0.888098 0.041832 -2.3667
v -0.885487 0.039651 -2.365024
v -0.884818 0.039425 -2.365985
v -0.885999 0.036077 -2.367635
v -0.885224 0.036213 -2.366997
v -0.887757 0.036651 -2.365326
v -0.888086 0.03554 -2.366412
v -0.887288 0.036842 -2.367444
v -0.886176 0.033905 -2.364762
v -0.885597 0.03348 -2.365712
v -0.886967 0.030545 -2.366725
v -0.889734 0.02871 -2.364277
v -0.889262 0.03176 -2.365092
v -0.888731 0.031774 -2.367204
v -0.89111 0.026003 -2.367114
v -0.890664 0.029749 -2.366123
v -0.888613 0.028669 -2.364495
v -0.888184 0.028075 -2.365435
v -0.892209 0.02758 -2.364853
v -0.89168 0.027407 -2.366959
v -0.890388 0.025698 -2.366447
v -0.892329 0.023739 -2.36515
v -0.894158 0.026092 -2.365883
v -0.892561 0.024447 -2.364221
v -0.896309 0.024528 -2.364606
v -0.89852 0.022365 -2.363752
v -0.895851 0.024165 -2.366704
v -0.895154 0.022149 -2.36616
v -0.89761 0.02091 -2.364854
v -0.897613 0.02167 -2.363938
v -0.901221 0.020907 -2.366553
v -0.898615 0.023705 -2.365633
v -0.901143 0.022906 -2.364348
v -0.900823 0.022383 -2.366437
v -0.900786 0.02026 -2.36586
v -0.903504 0.019865 -2.364544
v -0.90327 0.020604 -2.363641
v -0.903593 0.022821 -2.365372
v -0.906101 0.022236 -2.36616
v -0.906236 0.022866 -2.364078
v -0.906727 0.020217 -2.365546
v -0.909302 0.022458 -2.36318
v -0.908967 0.021348 -2.363331
v -0.909424 0.020705 -2.364221
v -0.912392 0.022793 -2.365939
v -0.908595 0.023527 -2.365098
v -0.913446 0.024812 -2.365725
v -0.912383 0.022022 -2.365216
v -0.911082 0.024409 -2.363797
v -0.913127 0.025756 -2.364814
v -0.914136 0.023823 -2.363008
v -0.914776 0.023339 -2.363884
v -0.917191 0.025491 -2.364875
v -0.917881 0.028878 -2.362563
v -0.915197 0.027378 -2.363505
v -0.916738 0.02928 -2.364519
v -0.918264 0.02777 -2.362675
v -0.919039 0.027502 -2.363536
v -0.920263 0.030922 -2.365276
v -0.920678 0.030281 -2.364522
v -0.918173 0.031468 -2.363204
v -0.919913 0.033161 -2.3651
v -0.919064 0.033742 -2.364217
v -0.920955 0.032802 -2.362333
v -0.921784 0.032768 -2.363179
v -0.9225 0.035912 -2.364164
v -0.920967 0.039053 -2.361918
v -0.919726 0.036265 -2.362899
v -0.921791 0.042103 -2.364588
v -0.919886 0.038693 -2.36391
v -0.922001 0.041066 -2.361824
v -0.922753 0.038612 -2.362817
v -0.919525 0.042576 -2.362517
v -0.920187 0.043692 -2.364458
v -0.922477 0.041818 -2.363803
v -0.921857 0.04445 -2.362457
v -0.919128 0.043642 -2.363605
v -0.917464 0.048984 -2.361279
v -0.919949 0.04878 -2.363357
v -0.919199 0.049699 -2.362101
v -0.917117 0.051208 -2.361142
v -0.916422 0.051986 -2.363909
v -0.916871 0.048102 -2.363303
v -0.916065 0.049213 -2.362064
v -0.914197 0.052313 -2.363828
v -0.915053 0.053847 -2.361752
v -0.914871 0.054024 -2.362919
v -0.913351 0.051623 -2.363008
v -0.911132 0.052915 -2.361699
v -0.908855 0.054854 -2.360672
v -0.907276 0.056438 -2.360501
v -0.90985 0.056483 -2.361416
v -0.909631 0.056615 -2.362581
v -0.909182 0.055924 -2.363433
v -0.90893 0.053865 -2.362721
v -0.90431 0.0557 -2.363235
v -0.906419 0.05438 -2.36142
v -0.904048 0.054615 -2.362447
v -0.904108 0.057367 -2.361093
v -0.903864 0.057446 -2.362258
v -0.903643 0.056665 -2.363122
v -0.898574 0.054499 -2.360113
v -0.901509 0.054304 -2.361152
v -0.899196 0.053815 -2.362185
v -0.896374 0.054844 -2.359911
v -0.898405 0.056426 -2.360784
v -0.896723 0.05599 -2.361874
v -0.898173 0.055647 -2.362827
v -0.89579 0.052155 -2.360837
v -0.894397 0.052595 -2.362691
v -0.894857 0.051555 -2.361933
v -0.893307 0.052988 -2.362542
v -0.893304 0.05377 -2.360488
v -0.889838 0.050764 -2.361436
v -0.890605 0.048218 -2.359603
v -0.889533 0.048967 -2.362267
v -0.891455 0.048078 -2.36169
v -0.891515 0.047927 -2.360533
v -0.888632 0.047199 -2.359368
v -0.889312 0.04969 -2.360204
v -0.8883 0.044288 -2.362183
v -0.887204 0.043988 -2.362
v -0.88658 0.044418 -2.361084
v -0.8868 0.044597 -2.359926
v -0.889315 0.043737 -2.361454
v -0.889435 0.043606 -2.360299
v -0.887936 0.038603 -2.359118
v -0.885831 0.038776 -2.360808
v -0.886002 0.039019 -2.359653
v -0.886954 0.036611 -2.358848
v -0.886543 0.038564 -2.361734
v -0.888637 0.03898 -2.361221
v -0.88881 0.038893 -2.360068
v -0.888314 0.034077 -2.361687
v -0.886975 0.033503 -2.359378
v -0.886869 0.033216 -2.360531
v -0.887597 0.033234 -2.361469
v -0.889467 0.034277 -2.360988
v -0.889676 0.034254 -2.359837
v -0.891407 0.029434 -2.358634
v -0.891796 0.027254 -2.35832
v -0.891921 0.030153 -2.359602
v -0.889594 0.028605 -2.3591
v -0.88957 0.028286 -2.360248
v -0.890243 0.028521 -2.361197
v -0.8917 0.030101 -2.36075
v -0.894316 0.025962 -2.361173
v -0.895296 0.026989 -2.359361
v -0.8951 0.026849 -2.360505
v -0.893574 0.024798 -2.358813
v -0.893633 0.024476 -2.359957
v -0.894202 0.024889 -2.360917
v -0.897129 0.025227 -2.358254
v -0.89945 0.025049 -2.35911
v -0.899304 0.024835 -2.360251
v -0.901078 0.022685 -2.357757
v -0.898486 0.022445 -2.358516
v -0.89865 0.022133 -2.359655
v -0.899055 0.022687 -2.360626
v -0.901715 0.023968 -2.357987
v -0.903833 0.023038 -2.360617
v -0.903884 0.024236 -2.359986
v -0.904314 0.02211 -2.360321
v -0.903959 0.024505 -2.35885
v -0.903857 0.021742 -2.358206
v -0.904104 0.021475 -2.359339
v -0.906409 0.024198 -2.35771
v -0.909449 0.02319 -2.360004
v -0.909441 0.022539 -2.35901
v -0.90838 0.025084 -2.35971
v -0.908356 0.025382 -2.358579
v -0.911041 0.02449 -2.357147
v -0.909112 0.022735 -2.357883
v -0.910742 0.025856 -2.357423
v -0.913084 0.026297 -2.360011
v -0.913957 0.025794 -2.359674
v -0.914137 0.025189 -2.358669
v -0.913744 0.025286 -2.357548
v -0.912355 0.027272 -2.359424
v -0.912218 0.027559 -2.358298
v -0.914303 0.02875 -2.357126
v -0.91774 0.029133 -2.358317
v -0.917313 0.029111 -2.357205
v -0.917809 0.031699 -2.356497
v -0.917402 0.029648 -2.359334
v -0.915415 0.030554 -2.359129
v -0.915175 0.030795 -2.35801
v -0.917248 0.033648 -2.356746
v -0.918481 0.034284 -2.359367
v -0.919491 0.033813 -2.356854
v -0.919911 0.033953 -2.357959
v -0.91945 0.034325 -2.358988
v -0.917278 0.03458 -2.358829
v -0.916951 0.034741 -2.357717
v -0.918918 0.041259 -2.355831
v -0.917903 0.039081 -2.356366
v -0.917402 0.038983 -2.357422
v -0.920085 0.038888 -2.356501
v -0.920465 0.039154 -2.357597
v -0.919935 0.039363 -2.358638
v -0.917787 0.038935 -2.358527
v -0.918062 0.043727 -2.35871
v -0.916946 0.043334 -2.356061
v -0.916523 0.043089 -2.357128
v -0.916926 0.043173 -2.358226
v -0.91908 0.043832 -2.356149
v -0.919383 0.044207 -2.357236
v -0.918836 0.044252 -2.358288
v -0.914433 0.046674 -2.356839
v -0.914809 0.046894 -2.357926
v -0.914745 0.047017 -2.355762
v -0.91424 0.049362 -2.355177
v -0.916618 0.048157 -2.355803
v -0.916808 0.048622 -2.356879
v -0.916294 0.048507 -2.357943
v -0.912213 0.050903 -2.358065
v -0.911678 0.049732 -2.357635
v -0.912587 0.051725 -2.357604
v -0.911378 0.049383 -2.356557
v -0.911559 0.049784 -2.355471
v -0.912981 0.051452 -2.355464
v -0.913034 0.051971 -2.35653
v -0.908126 0.0536 -2.357275
v -0.908451 0.053953 -2.35619
v -0.905962 0.051939 -2.357214
v -0.907694 0.050978 -2.356284
v -0.907732 0.051392 -2.355189
v -0.905922 0.052951 -2.354561
v -0.90856 0.05342 -2.355134
v -0.903454 0.053109 -2.357456
v -0.903353 0.053985 -2.356956
v -0.903551 0.054398 -2.355862
v -0.90382 0.053903 -2.354817
v -0.903758 0.051337 -2.35602
v -0.902603 0.051655 -2.354851
v -0.898828 0.053308 -2.355546
v -0.899238 0.052898 -2.354511
v -0.89742 0.050936 -2.35399
v -0.897608 0.052417 -2.356572
v -0.898052 0.050279 -2.356687
v -0.899968 0.050464 -2.355767
v -0.897133 0.049348 -2.354467
v -0.895335 0.049743 -2.356887
v -0.89527 0.050555 -2.354215
v -0.894743 0.050836 -2.355238
v -0.896709 0.048492 -2.355522
v -0.89318 0.048777 -2.356203
v -0.892149 0.044754 -2.353474
v -0.893084 0.044294 -2.354058
v -0.894273 0.045655 -2.355284
v -0.892289 0.047156 -2.353928
v -0.891681 0.047268 -2.35494
v -0.892943 0.044643 -2.356206
v -0.890477 0.044046 -2.355858
v -0.891431 0.043692 -2.356431
v -0.892887 0.042349 -2.355054
v -0.890235 0.04203 -2.353575
v -0.889961 0.043173 -2.354655
v -0.892381 0.038585 -2.354814
v -0.891789 0.036817 -2.3557
v -0.89073 0.036111 -2.355943
v -0.892183 0.036594 -2.353565
v -0.891181 0.036402 -2.352936
v -0.889344 0.038548 -2.354359
v -0.889636 0.038335 -2.355488
v -0.890149 0.036589 -2.353229
v -0.890477 0.033942 -2.355201
v -0.893025 0.035025 -2.354582
v -0.890502 0.032978 -2.353991
v -0.892502 0.030608 -2.352812
v -0.894867 0.028795 -2.355398
v -0.892643 0.030012 -2.35491
v -0.895274 0.030032 -2.355207
v -0.894743 0.031836 -2.354347
v -0.894582 0.031663 -2.353204
v -0.895144 0.029389 -2.352413
v -0.893841 0.02834 -2.35362
v -0.895927 0.02694 -2.354612
v -0.897366 0.029334 -2.354107
v -0.89728 0.02914 -2.352959
v -0.89759 0.025746 -2.353313
v -0.899547 0.025528 -2.352231
v -0.90243 0.026106 -2.351867
v -0.900001 0.025038 -2.354305
v -0.902561 0.025331 -2.354821
v -0.902118 0.026582 -2.354687
v -0.90063 0.027771 -2.35386
v -0.900614 0.027583 -2.352708
v -0.901959 0.024443 -2.352997
v -0.904261 0.027135 -2.352449
v -0.904469 0.02449 -2.353987
v -0.904222 0.027293 -2.353605
v -0.906513 0.024557 -2.35267
v -0.908193 0.025569 -2.351613
v -0.910197 0.027753 -2.351288
v -0.907864 0.027838 -2.352181
v -0.908642 0.028229 -2.353272
v -0.908892 0.025355 -2.353658
v -0.910839 0.02709 -2.354203
v -0.909717 0.02783 -2.354128
v -0.910801 0.026075 -2.352334
v -0.911068 0.02962 -2.351905
v -0.91283 0.027547 -2.353319
v -0.914404 0.028844 -2.351986
v -0.915129 0.030675 -2.350958
v -0.91233 0.030904 -2.352928
v -0.915147 0.033342 -2.353534
v -0.916499 0.033421 -2.353548
v -0.913557 0.032305 -2.351623
v -0.915456 0.033632 -2.350679
v -0.915904 0.030861 -2.352971
v -0.916971 0.032595 -2.351633
v -0.914384 0.033902 -2.352646
v -0.917798 0.034963 -2.352616
v -0.915088 0.035618 -2.351337
v -0.91771 0.038858 -2.350284
v -0.918246 0.036945 -2.351276
v -0.915409 0.037396 -2.352359
v -0.917334 0.041907 -2.352875
v -0.918329 0.039454 -2.352258
v -0.916291 0.041042 -2.352919
v -0.915517 0.039244 -2.351048
v -0.916226 0.041432 -2.35006
v -0.9153 0.041038 -2.352071
v -0.91811 0.041478 -2.350917
v -0.917439 0.043895 -2.3519
v -0.914801 0.042819 -2.35076
v -0.914066 0.044467 -2.351784
v -0.916578 0.045736 -2.350561
v -0.914981 0.046947 -2.349613
v -0.912268 0.048146 -2.349452
v -0.915213 0.047847 -2.351546
v -0.912985 0.049279 -2.352207
v -0.912651 0.04797 -2.352307
v -0.913013 0.045995 -2.350475
v -0.911829 0.047348 -2.351501
v -0.9138 0.049314 -2.350209
v -0.910335 0.048455 -2.350197
v -0.911869 0.050917 -2.351198
v -0.9088 0.049401 -2.351224
v -0.910063 0.051845 -2.349867
v -0.908028 0.051855 -2.348967
v -0.905154 0.051218 -2.348876
v -0.907032 0.049961 -2.349925
v -0.90774 0.0528 -2.350859
v -0.905093 0.052683 -2.351568
v -0.905576 0.051439 -2.351718
v -0.905716 0.053097 -2.349534
v -0.905276 0.050413 -2.350954
v -0.903422 0.050372 -2.349662
v -0.903221 0.05331 -2.350529
v -0.901211 0.05294 -2.349212
v -0.899546 0.051708 -2.348362
v -0.901613 0.050283 -2.350693
v -0.897772 0.050053 -2.351163
v -0.89667 0.050776 -2.350965
v -0.899864 0.049644 -2.349408
v -0.89763 0.049516 -2.348339
v -0.898769 0.052397 -2.350211
v -0.896966 0.051391 -2.348901
v -0.89817 0.049026 -2.35044
v -0.894806 0.050142 -2.349902
v -0.896708 0.047849 -2.349162
v -0.892815 0.046598 -2.347797
v -0.893427 0.048616 -2.348601
v -0.895274 0.046757 -2.350195
v -0.890964 0.044249 -2.350396
v -0.891739 0.046775 -2.349601
v -0.892256 0.044287 -2.350636
v -0.894266 0.045168 -2.348924
v -0.892579 0.043743 -2.347835
v -0.893223 0.043702 -2.349955
v -0.890921 0.044884 -2.348308
v -0.889863 0.042617 -2.349307
v -0.892776 0.041866 -2.348689
v -0.892214 0.040147 -2.349718
v -0.889696 0.040567 -2.348019
v -0.890416 0.038526 -2.347256
v -0.891897 0.036133 -2.347348
v -0.889367 0.038087 -2.349015
v -0.89019 0.035576 -2.34984
v -0.891211 0.036314 -2.350121
v -0.892381 0.038267 -2.348459
v -0.892355 0.036461 -2.349482
v -0.889867 0.036077 -2.347732
v -0.893122 0.034721 -2.348226
v -0.890301 0.033613 -2.348722
v -0.894516 0.031408 -2.349121
v -0.891418 0.031873 -2.347444
v -0.893251 0.030629 -2.346716
v -0.895806 0.029613 -2.346855
v -0.894923 0.031582 -2.347991
v -0.893281 0.028729 -2.348351
v -0.894685 0.028081 -2.349273
v -0.894473 0.030003 -2.349662
v -0.894185 0.028366 -2.347151
v -0.897604 0.029158 -2.347751
v -0.897899 0.02589 -2.346851
v -0.897971 0.025495 -2.347967
v -0.900183 0.025968 -2.346154
v -0.90066 0.027259 -2.348623
v -0.900469 0.026213 -2.349184
v -0.900487 0.025212 -2.348827
v -0.900904 0.027683 -2.347503
v -0.900816 0.027136 -2.34647
v -0.902187 0.024687 -2.346541
v -0.902378 0.024308 -2.347648
v -0.905712 0.024848 -2.348472
v -0.905644 0.024355 -2.346928
v -0.905645 0.026753 -2.348644
v -0.90545 0.02646 -2.345847
v -0.9055 0.027334 -2.34723
v -0.91478 0.030643 -2.411609
v -0.902129 0.025256 -2.411633
v -0.905902 0.034912 -2.412058
v -0.913568 0.016061 -2.410633
v -0.909916 0.04177 -2.411952
v -0.919065 0.04004 -2.411429
v -0.914477 0.048893 -2.411433
v -0.903264 0.053208 -2.411469
v -0.897175 0.046248 -2.411815
v -0.898083 0.036344 -2.411994
v -0.888718 0.039739 -2.411431
v -0.893255 0.030342 -2.411611
v -0.880214 0.030027 -2.410431
v -0.884365 0.022999 -2.410484
v -0.906195 0.013953 -2.410552
v -0.898058 0.014532 -2.410549
v -0.890524 0.017651 -2.410524
v -0.887862 0.017834 -2.409755
v -0.883206 0.022161 -2.409729
v -0.893524 0.014506 -2.409788
v -0.901897 0.012495 -2.409802
v -0.899507 0.012296 -2.407926
v -0.895237 0.01335 -2.407917
v -0.903886 0.011941 -2.407928
v -0.891198 0.015073 -2.407905
v -0.88748 0.017426 -2.407887
v -0.884192 0.020341 -2.407865
v -0.878852 0.029596 -2.409674
v -0.87808 0.04118 -2.410278
v -0.877078 0.038025 -2.409609
v -0.880826 0.049949 -2.41028
v -0.885389 0.056706 -2.410228
v -0.878848 0.048704 -2.409522
v -0.881711 0.054385 -2.409485
v -0.894542 0.063411 -2.41011
v -0.887638 0.060632 -2.409438
v -0.903655 0.064697 -2.410167
v -0.893352 0.063872 -2.409406
v -0.911717 0.063465 -2.410177
v -0.901684 0.065943 -2.409391
v -0.908041 0.065793 -2.409399
v -0.918967 0.059752 -2.410205
v -0.916229 0.063116 -2.409418
v -0.926731 0.051469 -2.4102
v -0.921604 0.059343 -2.40944
v -0.925898 0.054654 -2.409483
v -0.929104 0.042576 -2.410336
v -0.928854 0.034435 -2.410398
v -0.930111 0.044682 -2.409554
v -0.930729 0.038352 -2.409606
v -0.926038 0.026781 -2.410455
v -0.929624 0.031878 -2.40965
v -0.920947 0.020412 -2.410503
v -0.927231 0.02599 -2.409701
v -0.921821 0.01928 -2.40975
v -0.916391 0.015596 -2.409774
v -0.910478 0.01324 -2.409797
v -0.90827 0.012293 -2.407926
v -0.912535 0.013343 -2.407917
v -0.916583 0.015066 -2.407905
v -0.920297 0.017412 -2.407887
v -0.923589 0.020327 -2.407864
v -0.926369 0.023729 -2.407837
v -0.928568 0.027534 -2.407809
v -0.930129 0.031646 -2.407779
v -0.93101 0.035951 -2.407746
v -0.931188 0.040345 -2.407715
v -0.93066 0.044709 -2.407681
v -0.92934 0.04897 -2.408751
v -0.927555 0.052903 -2.40762
v -0.92506 0.05652 -2.407592
v -0.922016 0.059692 -2.407568
v -0.918504 0.062333 -2.407547
v -0.91461 0.064377 -2.407532
v -0.910444 0.06577 -2.407519
v -0.906104 0.066477 -2.407515
v -0.901709 0.066479 -2.407515
v -0.897326 0.065688 -2.408625
v -0.893199 0.064384 -2.407532
v -0.889307 0.062343 -2.407547
v -0.885791 0.059703 -2.407568
v -0.882746 0.056535 -2.407592
v -0.880246 0.052917 -2.40762
v -0.878362 0.04895 -2.407648
v -0.877206 0.044658 -2.408783
v -0.876606 0.040364 -2.407712
v -0.876781 0.035969 -2.407747
v -0.877659 0.031665 -2.407779
v -0.879216 0.027553 -2.40781
v -0.881413 0.023745 -2.407839
v -0.893505 0.015063 -2.406195
v -0.888121 0.018264 -2.406182
v -0.877705 0.04472 -2.406371
v -0.883461 0.022661 -2.406137
v -0.879263 0.029982 -2.406081
v -0.877596 0.03826 -2.40602
v -0.897612 0.065254 -2.406217
v -0.880155 0.050597 -2.405926
v -0.884973 0.057529 -2.405873
v -0.891739 0.062582 -2.405836
v -0.903978 0.065556 -2.405812
v -0.928961 0.048616 -2.406342
v -0.912306 0.064178 -2.405823
v -0.917936 0.061418 -2.405856
v -0.922932 0.057414 -2.405874
v -0.926635 0.052354 -2.405924
v -0.930034 0.04234 -2.40599
v -0.929666 0.033898 -2.406052
v -0.927603 0.027978 -2.406107
v -0.924233 0.022537 -2.406138
v -0.905937 0.013003 -2.406211
v -0.917897 0.016954 -2.406182
v -0.912196 0.014341 -2.406212
v -0.887463 0.023534 -2.404024
v -0.896643 0.017703 -2.404063
v -0.89796 0.024946 -2.400842
v -0.882566 0.03117 -2.40406
v -0.892807 0.02837 -2.400803
v -0.881108 0.038334 -2.404008
v -0.889503 0.033613 -2.400775
v -0.882678 0.047337 -2.403841
v -0.888472 0.038454 -2.40074
v -0.888886 0.056275 -2.403774
v -0.889031 0.043372 -2.400701
v -0.890825 0.047504 -2.400705
v -0.896706 0.060874 -2.40384
v -0.893632 0.050802 -2.400627
v -0.90393 0.062033 -2.40383
v -0.898891 0.053805 -2.400621
v -0.911264 0.060574 -2.403756
v -0.903773 0.054641 -2.400616
v -0.917619 0.057443 -2.403864
v -0.923607 0.050526 -2.403818
v -0.909979 0.053447 -2.400607
v -0.914945 0.049989 -2.400652
v -0.926543 0.041953 -2.403982
v -0.918346 0.044813 -2.400677
v -0.925695 0.032845 -2.403949
v -0.919332 0.038701 -2.400738
v -0.92154 0.024772 -2.404111
v -0.917958 0.032673 -2.400771
v -0.91781 0.021601 -2.404007
v -0.912806 0.018234 -2.404159
v -0.912228 0.047258 -2.397472
v -0.914358 0.044207 -2.397496
v -0.909237 0.049482 -2.397455
v -0.904753 0.050806 -2.397435
v -0.900166 0.050168 -2.397451
v -0.896877 0.048419 -2.397463
v -0.89376 0.04494 -2.39748
v -0.892243 0.039572 -2.39752
v -0.893063 0.035009 -2.397565
v -0.894937 0.031797 -2.397591
v -0.897737 0.029338 -2.397609
v -0.898766 0.031124 -2.393378
v -0.896335 0.032955 -2.394001
v -0.901172 0.027894 -2.397619
v -0.901569 0.029913 -2.393386
v -0.896419 0.033955 -2.390656
v -0.894763 0.035665 -2.39398
v -0.899199 0.03165 -2.388137
v -0.89708 0.033521 -2.388123
v -0.89413 0.038739 -2.393958
v -0.895302 0.037644 -2.388415
v -0.895662 0.035968 -2.388105
v -0.894706 0.042611 -2.393909
v -0.895214 0.040124 -2.388347
v -0.895718 0.042118 -2.388329
v -0.896574 0.045282 -2.393281
v -0.898388 0.046948 -2.393358
v -0.896637 0.044099 -2.388044
v -0.900266 0.047982 -2.393261
v -0.89772 0.045439 -2.38769
v -0.903882 0.048925 -2.39388
v -0.903157 0.048185 -2.390548
v -0.899788 0.0469 -2.388021
v -0.906962 0.048159 -2.39325
v -0.902471 0.0478 -2.388015
v -0.909072 0.047104 -2.393267
v -0.905295 0.047805 -2.388015
v -0.910799 0.045703 -2.393266
v -0.908007 0.046934 -2.387717
v -0.912721 0.043357 -2.393922
v -0.915545 0.039729 -2.397518
v -0.913709 0.039568 -2.393932
v -0.911892 0.042586 -2.388378
v -0.911141 0.044122 -2.388043
v -0.910162 0.045356 -2.387692
v -0.912571 0.040201 -2.388346
v -0.904522 0.048564 -2.386962
v -0.908597 0.047721 -2.386883
v -0.912135 0.043811 -2.386991
v -0.905195 0.050671 -2.386392
v -0.908797 0.049621 -2.386422
v -0.898317 0.049236 -2.386466
v -0.901858 0.051189 -2.385737
v -0.900401 0.047936 -2.386956
v -0.897361 0.046168 -2.386922
v -0.895076 0.042594 -2.387009
v -0.894747 0.038057 -2.387381
v -0.894078 0.038862 -2.38695
v -0.895938 0.033902 -2.387064
v -0.898307 0.031433 -2.387093
v -0.902339 0.02972 -2.387103
v -0.901803 0.030545 -2.388145
v -0.904624 0.030323 -2.388147
v -0.903779 0.02965 -2.393401
v -0.906128 0.029889 -2.393386
v -0.905842 0.027679 -2.39761
v -0.902784 0.023801 -2.400849
v -0.906671 0.030008 -2.387094
v -0.907656 0.028423 -2.386704
v -0.903122 0.027471 -2.386543
v -0.898798 0.028993 -2.386699
v -0.898346 0.028028 -2.385836
v -0.894141 0.033215 -2.386671
v -0.892344 0.039087 -2.386507
v -0.892668 0.042172 -2.386434
v -0.89396 0.044951 -2.386472
v -0.894801 0.047217 -2.385854
v -0.8974 0.049928 -2.385074
v -0.893646 0.046445 -2.384178
v -0.896336 0.04917 -2.38405
v -0.902828 0.051683 -2.38402
v -0.892643 0.044387 -2.385397
v -0.892417 0.044221 -2.383977
v -0.905899 0.051535 -2.384916
v -0.891372 0.040578 -2.385002
v -0.891887 0.036561 -2.385847
v -0.891535 0.036571 -2.384143
v -0.892963 0.032786 -2.384175
v -0.893304 0.03289 -2.385875
v -0.895346 0.029787 -2.384303
v -0.895568 0.03017 -2.385982
v -0.897405 0.028298 -2.384099
v -0.900856 0.026834 -2.384218
v -0.90293 0.026683 -2.385531
v -0.904889 0.0265 -2.384222
v -0.906904 0.027189 -2.385918
v -0.908624 0.027369 -2.384321
v -0.911258 0.029159 -2.385848
v -0.912386 0.029737 -2.384285
v -0.914809 0.032747 -2.384173
v -0.91456 0.033011 -2.385874
v -0.912338 0.031269 -2.386602
v -0.916251 0.036532 -2.384144
v -0.916092 0.036626 -2.385456
v -0.916421 0.040575 -2.384115
v -0.914951 0.035786 -2.386539
v -0.915975 0.041782 -2.385731
v -0.915539 0.038791 -2.386458
v -0.915659 0.04352 -2.384094
v -0.914289 0.046224 -2.384071
v -0.913958 0.046118 -2.385773
v -0.91441 0.043281 -2.38659
v -0.911491 0.049146 -2.38405
v -0.911347 0.049047 -2.385361
v -0.908812 0.050655 -2.384922
v -0.911628 0.047656 -2.386451
v -0.913036 0.041745 -2.386982
v -0.913339 0.038095 -2.387038
v -0.912631 0.036598 -2.390637
v -0.912534 0.037355 -2.388094
v -0.911734 0.034988 -2.387854
v -0.911403 0.032762 -2.386996
v -0.909983 0.032112 -2.387439
v -0.907362 0.031002 -2.388143
v -0.909749 0.032517 -2.38813
v -0.911239 0.033083 -2.393364
v -0.908943 0.03107 -2.393378
v -0.913042 0.035693 -2.393981
v -0.91477 0.03511 -2.397565
v -0.912921 0.031877 -2.39759
v -0.913199 0.026815 -2.400809
v -0.91015 0.029396 -2.397608
v -0.907715 0.024239 -2.400847
v -0.905706 0.016492 -2.404173
v -0.899674 0.013336 -2.406219
v -0.909655 0.02831 -2.383176
v -0.891828 0.040627 -2.383095
v -0.907841 0.050579 -2.383018
v -0.899985 0.050881 -2.383611
v -0.899305 0.050041 -2.382771
v -0.903946 0.050907 -2.382771
v -0.911847 0.047918 -2.382788
v -0.91505 0.043207 -2.382823
v -0.915726 0.038532 -2.382864
v -0.914953 0.03482 -2.382894
v -0.912419 0.030763 -2.382917
v -0.904799 0.027257 -2.38295
v -0.900057 0.027804 -2.38294
v -0.895264 0.030878 -2.382916
v -0.892447 0.035832 -2.382879
v -0.893217 0.044184 -2.382823
v -0.895383 0.047299 -2.3828
v -0.899204 0.047448 -2.381684
v -0.895579 0.043761 -2.381702
v -0.903385 0.048553 -2.381663
v -0.907206 0.048025 -2.381666
v -0.894345 0.039351 -2.381735
v -0.911556 0.044895 -2.381689
v -0.895304 0.034876 -2.381769
v -0.897604 0.031931 -2.381792
v -0.913527 0.039123 -2.381732
v -0.901668 0.029697 -2.381812
v -0.911956 0.033895 -2.381766
v -0.906022 0.029749 -2.381791
v -0.909127 0.031133 -2.381806
v -0.907477 0.029177 -2.20535
v -0.903127 0.028605 -2.205347
v -0.899581 0.0296 -2.205342
v -0.911439 0.032458 -2.20532
v -0.8963 0.032537 -2.20532
v -0.91302 0.036566 -2.205289
v -0.89464 0.037404 -2.205287
v -0.912289 0.041638 -2.205255
v -0.896307 0.043027 -2.205245
v -0.908854 0.045463 -2.205222
v -0.90034 0.046198 -2.205216
v -0.904688 0.04688 -2.205211
v -0.903127 0.028605 -2.205347
v -0.907477 0.029177 -2.20535
v -0.90734 0.029775 -2.206056
v -0.901876 0.0293 -2.20606
v -0.899581 0.0296 -2.205342
v -0.910541 0.032333 -2.20603
v -0.911439 0.032458 -2.20532
v -0.897728 0.031731 -2.206038
v -0.8963 0.032537 -2.20532
v -0.912171 0.035373 -2.206009
v -0.91302 0.036566 -2.205289
v -0.895648 0.035284 -2.20601
v -0.89464 0.037404 -2.205287
v -0.912387 0.038788 -2.205981
v -0.912289 0.041638 -2.205255
v -0.895561 0.040084 -2.205978
v -0.911324 0.042062 -2.205959
v -0.896307 0.043027 -2.205245
v -0.907879 0.045419 -2.205938
v -0.908854 0.045463 -2.205222
v -0.898157 0.044131 -2.205943
v -0.90034 0.046198 -2.205216
v -0.904688 0.04688 -2.205211
v -0.902452 0.046266 -2.205932
v -0.901876 0.0293 -2.20606
v -0.90734 0.029775 -2.206056
v -0.903002 0.028738 -2.157347
v -0.907735 0.029659 -2.157339
v -0.898591 0.030587 -2.157332
v -0.910442 0.031846 -2.157323
v -0.897728 0.031731 -2.206038
v -0.910541 0.032333 -2.20603
v -0.912106 0.034792 -2.157301
v -0.912171 0.035373 -2.206009
v -0.895727 0.034471 -2.157303
v -0.895648 0.035284 -2.20601
v -0.912272 0.039574 -2.157264
v -0.912387 0.038788 -2.205981
v -0.895561 0.040084 -2.205978
v -0.895508 0.039249 -2.157267
v -0.911324 0.042062 -2.205959
v -0.90926 0.044161 -2.15723
v -0.897788 0.043499 -2.157234
v -0.898157 0.044131 -2.205943
v -0.907879 0.045419 -2.205938
v -0.904757 0.045913 -2.157216
v -0.902452 0.046266 -2.205932
v -0.901299 0.045507 -2.157219
v -0.907735 0.029659 -2.157339
v -0.903002 0.028738 -2.157347
v -0.898591 0.030587 -2.157332
v -0.910442 0.031846 -2.157323
v -0.912106 0.034792 -2.157301
v -0.895727 0.034471 -2.157303
v -0.912272 0.039574 -2.157264
v -0.895508 0.039249 -2.157267
v -0.897788 0.043499 -2.157234
vt 0.73857 0.50091702
vt 0.712737 0.501087
vt 0.75827 0.49890697
vt 0.726647 0.49825
vt 0.763168 0.49668896
vt 0.751362 0.41735303
vt 0.749598 0.434851
vt 0.697392 0.414528
vt 0.716257 0.406255
vt 0.693633 0.41863096
vt 0.701953 0.416103
vt 0.738925 0.404238
vt 0.699677 0.37749398
vt 0.717757 0.360371
vt 0.64206 0.33591497
vt 0.701755 0.326204
vt 0.697482 0.33519304
vt 0.659124 0.362473
vt 0.609272 0.315135
vt 0.664373 0.29938102
vt 0.619538 0.29482
vt 0.638292 0.27220702
vt 0.636836 0.28248203
vt 0.605866 0.28991103
vt 0.594119 0.312792
vt 0.594676 0.25789702
vt 0.525154 0.247962
vt 0.561178 0.24053699
vt 0.518774 0.282547
vt 0.49427 0.25953197
vt 0.51536 0.24001098
vt 0.515405 0.289751
vt 0.480053 0.28684103
vt 0.498395 0.26548302
vt 0.478171 0.234352
vt 0.434282 0.24761802
vt 0.449746 0.295223
vt 0.376616 0.304133
vt 0.373046 0.282143
vt 0.387162 0.3122
vt 0.36879 0.299469
vt 0.39735 0.25419903
vt 0.35947 0.280028
vt 0.388995 0.32079196
vt 0.359376 0.33994
vt 0.326687 0.298095
vt 0.298233 0.334175
vt 0.339109 0.36398
vt 0.29782 0.41421402
vt 0.274903 0.41562998
vt 0.27309 0.361722
vt 0.270655 0.398862
vt 0.286278 0.415644
vt 0.300802 0.419608
vt 0.256794 0.40460098
vt 0.305072 0.420457
vt 0.241814 0.438888
vt 0.286321 0.48522198
vt 0.290158 0.48484302
vt 0.239137 0.4846
vt 0.267931 0.56539
vt 0.285579 0.54995698
vt 0.235977 0.521806
vt 0.256628 0.552989
vt 0.279506 0.558093
vt 0.292848 0.55212402
vt 0.295918 0.55070198
vt 0.247131 0.56628197
vt 0.256121 0.60253602
vt 0.321805 0.61157697
vt 0.319707 0.613586
vt 0.28001 0.641465
vt 0.33564 0.68528402
vt 0.300254 0.672983
vt 0.357693 0.67621398
vt 0.355882 0.66741198
vt 0.351154 0.69083202
vt 0.334629 0.70287198
vt 0.365241 0.66141802
vt 0.364263 0.66368097
vt 0.363906 0.72617602
vt 0.405624 0.74436998
vt 0.437769 0.699876
vt 0.421972 0.697397
vt 0.489714 0.72497302
vt 0.47683 0.745368
vt 0.482632 0.721215
vt 0.492875 0.74302
vt 0.440788 0.756993
vt 0.486185 0.76185602
vt 0.487207 0.711554
vt 0.520006 0.709691
vt 0.523395 0.76247501
vt 0.585233 0.74724197
vt 0.568256 0.699439
vt 0.623574 0.689081
vt 0.586614 0.69307703
vt 0.64409 0.70160103
vt 0.604712 0.74234998
vt 0.631436 0.71041203
vt 0.630252 0.68647403
vt 0.644749 0.66023898
vt 0.678741 0.69934797
vt 0.675629 0.702173
vt 0.645482 0.660026
vt 0.735914 0.63638598
vt 0.742697 0.585181
vt 0.703382 0.619498
vt 0.733402 0.63984603
vt 0.734978 0.59978902
vt 0.720789 0.579782
vt 0.691688 0.60910702
vt 0.69141 0.60986698
vt 0.769422 0.561302
vt 0.771185 0.55732
vt 0.720222 0.54514998
vt 0.720653 0.546045
vt 0.738489 0.53421003
vt 0.755888 0.439856
vt 0.77926 0.47424197
vt 0.780153 0.469985
vt 0.732639 0.43208396
vt 0.727517 0.474104
vt 0.728671 0.474963
vt 0.755597 0.423095
vt 0.734852 0.419546
vt 0.761208 0.3873
vt 0.712072 0.40331197
vt 0.713853 0.40359497
vt 0.761152 0.382824
vt 0.674734 0.33982098
vt 0.652448 0.302468
vt 0.675718 0.29497004
vt 0.676911 0.33932
vt 0.677328 0.31667197
vt 0.667097 0.28019702
vt 0.715287 0.304852
vt 0.71642 0.309398
vt 0.62078 0.28886902
vt 0.618524 0.290321
vt 0.64646 0.24424702
vt 0.629068 0.238742
vt 0.576559 0.249762
vt 0.550549 0.257941
vt 0.548734 0.260435
vt 0.506405 0.21560097
vt 0.561112 0.20767999
vt 0.521645 0.22439098
vt 0.50754 0.244147
vt 0.518835 0.203323
vt 0.45343 0.236305
vt 0.473175 0.250351
vt 0.46744 0.19945699
vt 0.472092 0.25372
vt 0.403848 0.21622002
vt 0.374808 0.221111
vt 0.375604 0.23406804
vt 0.352 0.260024
vt 0.352687 0.28393
vt 0.396209 0.271455
vt 0.396037 0.26752996
vt 0.335166 0.28196704
vt 0.29862 0.271429
vt 0.292692 0.27106202
vt 0.297125 0.282982
vt 0.328628 0.31258297
vt 0.313408 0.32252204
vt 0.234508 0.392056
vt 0.225309 0.36457098
vt 0.229381 0.34511197
vt 0.249302 0.41025
vt 0.276637 0.37345004
vt 0.249341 0.37882698
vt 0.237021 0.354864
vt 0.248888 0.42528498
vt 0.245847 0.448335
vt 0.201935 0.44279397
vt 0.191973 0.43598497
vt 0.189811 0.481036
vt 0.216359 0.485543
vt 0.239827 0.52988398
vt 0.229078 0.53250903
vt 0.211884 0.549568
vt 0.238099 0.54853803
vt 0.195895 0.53859
vt 0.184629 0.53492898
vt 0.197052 0.578829
vt 0.230229 0.59578001
vt 0.259673 0.61010802
vt 0.250626 0.615898
vt 0.220183 0.63224
vt 0.208648 0.63212502
vt 0.23469 0.67024797
vt 0.264294 0.67797798
vt 0.273174 0.649009
vt 0.319031 0.72581702
vt 0.30395 0.680906
vt 0.272858 0.714427
vt 0.2622 0.71778
vt 0.297466 0.68905902
vt 0.299316 0.74586302
vt 0.328827 0.71415
vt 0.349381 0.776856
vt 0.34041 0.78302997
vt 0.393006 0.776546
vt 0.365193 0.744353
vt 0.368737 0.73493803
vt 0.422742 0.76509398
vt 0.384686 0.797881
vt 0.435755 0.82093197
vt 0.44223 0.812594
vt 0.488192 0.794765
vt 0.447267 0.77601701
vt 0.447702 0.76631999
vt 0.482848 0.82092798
vt 0.538866 0.82727098
vt 0.54238 0.81768
vt 0.533251 0.801148
vt 0.535881 0.78058797
vt 0.533192 0.77159399
vt 0.532232 0.77889001
vt 0.583866 0.81217903
vt 0.646864 0.76550299
vt 0.639373 0.80103499
vt 0.622083 0.75714701
vt 0.616772 0.749798
vt 0.618145 0.757415
vt 0.648957 0.76252598
vt 0.639824 0.791161
vt 0.677568 0.77221799
vt 0.697034 0.707797
vt 0.689966 0.702695
vt 0.69383 0.709812
vt 0.724924 0.73515397
vt 0.727315 0.74443698
vt 0.754674 0.70461798
vt 0.766978 0.64540797
vt 0.765351 0.648036
vt 0.745255 0.63466197
vt 0.753268 0.637115
vt 0.751451 0.640383
vt 0.788947 0.654674
vt 0.793731 0.66271
vt 0.807072 0.616139
vt 0.784827 0.555919
vt 0.776842 0.55224502
vt 0.784867 0.55207098
vt 0.824905 0.557778
vt 0.831596 0.56392598
vt 0.829497 0.515162
vt 0.808286 0.485754
vt 0.805868 0.45801604
vt 0.790337 0.464675
vt 0.781254 0.463574
vt 0.828985 0.45397496
vt 0.836894 0.457628
vt 0.78848 0.46094704
vt 0.81939 0.411906
vt 0.800445 0.35345
vt 0.767041 0.375571
vt 0.808774 0.354586
vt 0.754215 0.325162
vt 0.763478 0.37285697
vt 0.757745 0.37745798
vt 0.777582 0.316629
vt 0.724693 0.28197098
vt 0.749791 0.265055
vt 0.741668 0.266213
vt 0.712149 0.296654
vt 0.708419 0.302608
vt 0.716896 0.297678
vt 0.707929 0.23875499
vt 0.665508 0.19802499
vt 0.658411 0.20140201
vt 0.602214 0.20681703
vt 0.639402 0.24000299
vt 0.637961 0.24656403
vt 0.644687 0.238976
vt 0.553014 0.18773699
vt 0.61729 0.186311
vt 0.564335 0.16048098
vt 0.552422 0.20873797
vt 0.553106 0.21506703
vt 0.557213 0.205446
vt 0.558631 0.165542
vt 0.514601 0.16465199
vt 0.459791 0.20610398
vt 0.409106 0.20202804
vt 0.462389 0.211555
vt 0.463227 0.20081902
vt 0.452308 0.162516
vt 0.482737 0.15305197
vt 0.402875 0.16700202
vt 0.410113 0.176072
vt 0.357265 0.21431899
vt 0.374784 0.23654902
vt 0.37084 0.23246402
vt 0.372212 0.22575098
vt 0.349812 0.19290102
vt 0.304375 0.212883
vt 0.314278 0.21948802
vt 0.293043 0.278058
vt 0.299143 0.28766704
vt 0.29433 0.285304
vt 0.261755 0.25375104
vt 0.250587 0.31318402
vt 0.236574 0.29069102
vt 0.241198 0.266185
vt 0.214531 0.352996
vt 0.233956 0.35253203
vt 0.242931 0.36005902
vt 0.196726 0.33929396
vt 0.194801 0.33308804
vt 0.237982 0.359389
vt 0.184855 0.38252997
vt 0.161406 0.44114697
vt 0.200794 0.442065
vt 0.162883 0.40958202
vt 0.188939 0.49687397
vt 0.207397 0.44745398
vt 0.211966 0.44645596
vt 0.164216 0.485999
vt 0.152166 0.490291
vt 0.181688 0.55047202
vt 0.159497 0.54907
vt 0.205702 0.540811
vt 0.214696 0.560696
vt 0.197075 0.53762603
vt 0.176784 0.590854
vt 0.166363 0.59870702
vt 0.191286 0.652443
vt 0.248111 0.68105102
vt 0.233121 0.630055
vt 0.223389 0.63008898
vt 0.272651 0.72969598
vt 0.258748 0.66683197
vt 0.22122 0.686386
vt 0.213529 0.69727898
vt 0.286889 0.706276
vt 0.277169 0.70977598
vt 0.253675 0.74086303
vt 0.289079 0.77636403
vt 0.32245 0.73352402
vt 0.293223 0.76341999
vt 0.361625 0.76193398
vt 0.404384 0.79392701
vt 0.353241 0.76889497
vt 0.340571 0.805565
vt 0.385373 0.82794201
vt 0.385345 0.814067
vt 0.452516 0.820292
vt 0.403688 0.77706301
vt 0.449779 0.791516
vt 0.443921 0.80138499
vt 0.443277 0.84000099
vt 0.492819 0.846964
vt 0.488521 0.83350402
vt 0.494464 0.793163
vt 0.540171 0.80405003
vt 0.542649 0.79220003
vt 0.551603 0.84075499
vt 0.596177 0.79220998
vt 0.592425 0.81987399
vt 0.600772 0.83159602
vt 0.651224 0.78657198
vt 0.585638 0.780227
vt 0.669857 0.75079799
vt 0.654743 0.80776203
vt 0.631 0.76398098
vt 0.668275 0.73954803
vt 0.686706 0.77467
vt 0.698337 0.783512
vt 0.74239 0.744398
vt 0.748802 0.67782402
vt 0.70603 0.70976597
vt 0.734107 0.675193
vt 0.762004 0.70259303
vt 0.776053 0.70749998
vt 0.791247 0.641764
vt 0.805972 0.65694898
vt 0.760309 0.63511902
vt 0.784988 0.602064
vt 0.776542 0.59375
vt 0.811081 0.61072397
vt 0.826119 0.61137998
vt 0.839181 0.55415797
vt 0.803741 0.49659503
vt 0.788607 0.547535
vt 0.818415 0.44257104
vt 0.791525 0.50335598
vt 0.822195 0.460948
vt 0.843789 0.50470197
vt 0.782123 0.433109
vt 0.78993 0.414459
vt 0.838782 0.44632602
vt 0.827466 0.39811802
vt 0.777718 0.41303003
vt 0.741474 0.31965303
vt 0.789818 0.321155
vt 0.779018 0.30229497
vt 0.735426 0.280178
vt 0.722871 0.266505
vt 0.736566 0.33159804
vt 0.719732 0.313133
vt 0.683412 0.26081204
vt 0.703432 0.22656101
vt 0.700099 0.223485
vt 0.672404 0.267308
vt 0.631928 0.24356604
vt 0.588311 0.21500999
vt 0.560408 0.18685603
vt 0.608573 0.17838001
vt 0.604567 0.17614603
vt 0.596372 0.18877101
vt 0.591794 0.22636104
vt 0.507548 0.20032
vt 0.546011 0.21679497
vt 0.502778 0.21259403
vt 0.503878 0.16218603
vt 0.499412 0.16093898
vt 0.495368 0.17521703
vt 0.40537 0.22117901
vt 0.456487 0.21812403
vt 0.414319 0.22716498
vt 0.366448 0.21500301
vt 0.399891 0.17930502
vt 0.370515 0.19068402
vt 0.395613 0.19373703
vt 0.353713 0.259789
vt 0.331169 0.255435
vt 0.33519 0.268349
vt 0.306861 0.242266
vt 0.30688 0.22771102
vt 0.24631 0.285038
vt 0.263497 0.33288097
vt 0.238017 0.315598
vt 0.273148 0.331766
vt 0.274278 0.33436096
vt 0.228596 0.3509
vt 0.234081 0.302104
vt 0.222626 0.403188
vt 0.195533 0.406438
vt 0.184289 0.398475
vt 0.188251 0.394996
vt 0.234118 0.410936
vt 0.236357 0.41316998
vt 0.2159 0.504049
vt 0.170634 0.50135398
vt 0.173693 0.49676
vt 0.198564 0.539271
vt 0.183492 0.505387
vt 0.221735 0.497688
vt 0.224937 0.49914098
vt 0.222771 0.58485103
vt 0.191404 0.59738702
vt 0.18955 0.60277998
vt 0.202709 0.60264498
vt 0.236856 0.583484
vt 0.240705 0.583731
vt 0.277577 0.66731697
vt 0.284515 0.70583302
vt 0.281639 0.65851903
vt 0.239145 0.68673497
vt 0.238777 0.69269198
vt 0.250965 0.688626
vt 0.277558 0.65965998
vt 0.329382 0.72930998
vt 0.343148 0.716232
vt 0.33954 0.71899402
vt 0.311702 0.756176
vt 0.31283 0.76215899
vt 0.323157 0.75489402
vt 0.376535 0.74835002
vt 0.418874 0.751602
vt 0.416202 0.755723
vt 0.449487 0.78726
vt 0.401271 0.79911101
vt 0.404289 0.804869
vt 0.41167 0.79504102
vt 0.460171 0.77129501
vt 0.498577 0.78140903
vt 0.499717 0.76664501
vt 0.507584 0.80554003
vt 0.501075 0.761504
vt 0.4992 0.811916
vt 0.503716 0.81683898
vt 0.545773 0.76707703
vt 0.60124 0.78579098
vt 0.60101 0.79739302
vt 0.581697 0.75115699
vt 0.581238 0.745489
vt 0.626695 0.755261
vt 0.595029 0.79376602
vt 0.624812 0.73677403
vt 0.663125 0.7235
vt 0.683448 0.738212
vt 0.686636 0.74902302
vt 0.679521 0.74718302
vt 0.654188 0.711205
vt 0.651652 0.705728
vt 0.689752 0.683926
vt 0.752323 0.67703903
vt 0.744624 0.67734998
vt 0.747185 0.62707102
vt 0.7463 0.667848
vt 0.71002 0.65126997
vt 0.705554 0.64667302
vt 0.741045 0.593733
vt 0.759222 0.58139402
vt 0.784357 0.59151298
vt 0.791921 0.589045
vt 0.783653 0.58242702
vt 0.744008 0.57777798
vt 0.737957 0.57467097
vt 0.767153 0.45691204
vt 0.755455 0.495286
vt 0.746205 0.49722397
vt 0.795221 0.49885297
vt 0.802035 0.49412298
vt 0.792495 0.49043202
vt 0.753318 0.498244
vt 0.751933 0.41326296
vt 0.738002 0.41761
vt 0.7302 0.42226
vt 0.737642 0.420848
vt 0.776929 0.408567
vt 0.782343 0.401905
vt 0.772455 0.40115798
vt 0.692119 0.356821
vt 0.699048 0.352884
vt 0.69789 0.35035396
vt 0.684198 0.31253302
vt 0.732038 0.329552
vt 0.735415 0.321275
vt 0.726117 0.323434
vt 0.648101 0.285406
vt 0.641964 0.301058
vt 0.658532 0.26463902
vt 0.636449 0.30734003
vt 0.639783 0.29978704
vt 0.665744 0.269354
vt 0.666626 0.26011896
vt 0.577177 0.230376
vt 0.583089 0.22388399
vt 0.537142 0.26643896
vt 0.569282 0.278193
vt 0.57002 0.270382
vt 0.536443 0.248357
vt 0.585137 0.23335499
vt 0.49245 0.245857
vt 0.490144 0.223293
vt 0.493786 0.21569699
vt 0.498701 0.224464
vt 0.497557 0.271569
vt 0.476782 0.267933
vt 0.407666 0.23552
vt 0.415129 0.24273401
vt 0.385233 0.283841
vt 0.386659 0.25417602
vt 0.396325 0.29570103
vt 0.428465 0.28743804
vt 0.378054 0.309475
vt 0.34804 0.30547798
vt 0.34275 0.285428
vt 0.333187 0.28055298
vt 0.369019 0.323358
vt 0.304603 0.31818104
vt 0.290604 0.39321
vt 0.307165 0.40147197
vt 0.324599 0.375062
vt 0.288341 0.3474
vt 0.277355 0.34557903
vt 0.304665 0.395541
vt 0.257281 0.40521002
vt 0.274658 0.41173697
vt 0.299071 0.435282
vt 0.252906 0.44133198
vt 0.245611 0.42017698
vt 0.290053 0.504071
vt 0.284456 0.53557003
vt 0.265831 0.54825097
vt 0.291491 0.53922403
vt 0.273836 0.54253602
vt 0.234673 0.504664
vt 0.239924 0.508722
vt 0.249235 0.54023802
vt 0.255267 0.588854
vt 0.301802 0.568969
vt 0.258305 0.60523897
vt 0.297087 0.64569598
vt 0.339467 0.67838103
vt 0.294786 0.66054702
vt 0.346485 0.656362
vt 0.333116 0.62712997
vt 0.330135 0.630163
vt 0.344303 0.66731697
vt 0.316653 0.69082397
vt 0.354679 0.716551
vt 0.380938 0.672741
vt 0.379335 0.676171
vt 0.385014 0.7381
vt 0.422446 0.736162
vt 0.473925 0.72570598
vt 0.42896 0.751216
vt 0.476373 0.73992997
vt 0.468326 0.717766
vt 0.440438 0.701244
vt 0.440124 0.704549
vt 0.464667 0.76185101
vt 0.50664 0.71268702
vt 0.51044 0.76116502
vt 0.505923 0.70992798
vt 0.547683 0.759722
vt 0.576358 0.735426
vt 0.612108 0.69632697
vt 0.572338 0.69981802
vt 0.58571 0.690836
vt 0.591094 0.745341
vt 0.623626 0.708466
vt 0.603586 0.695436
vt 0.62587 0.73198098
vt 0.630746 0.66724998
vt 0.662904 0.705288
vt 0.691566 0.681405
vt 0.699844 0.64442903
vt 0.653764 0.64395303
vt 0.700236 0.59718
vt 0.724306 0.59560102
vt 0.676145 0.61821997
vt 0.705695 0.591568
vt 0.718948 0.64476103
vt 0.738379 0.612921
vt 0.691219 0.589198
vt 0.753482 0.56984502
vt 0.704052 0.55772
vt 0.745843 0.498613
vt 0.761625 0.533503
vt 0.709902 0.525419
vt 0.739102 0.44437003
vt 0.763143 0.48784602
vt 0.720561 0.459948
vt 0.71187 0.491511
vt 0.719415 0.452581
vt 0.707905 0.45890903
vt 0.759146 0.450727
vt 0.746923 0.40675104
vt 0.69882 0.426228
vt 0.685417 0.39629996
vt 0.731233 0.37297404
vt 0.697355 0.35440397
vt 0.648973 0.33291
vt 0.706338 0.33459103
vt 0.661648 0.31301904
vt 0.655802 0.33646798
vt 0.666219 0.36825097
vt 0.644635 0.343696
vt 0.680584 0.30765498
vt 0.617392 0.32334
vt 0.645355 0.27853203
vt 0.589397 0.306206
vt 0.612439 0.26139903
vt 0.573624 0.266909
vt 0.522361 0.27811503
vt 0.557162 0.29580104
vt 0.570064 0.24415302
vt 0.521162 0.252348
vt 0.529899 0.27462804
vt 0.533176 0.23850703
vt 0.52515 0.287683
vt 0.491349 0.28827798
vt 0.48767 0.23478603
vt 0.45103 0.24131203
vt 0.42272 0.26936603
vt 0.458351 0.29000604
vt 0.391041 0.299249
vt 0.371245 0.286299
vt 0.426474 0.30153203
vt 0.388436 0.30833602
vt 0.406509 0.25139904
vt 0.373618 0.26953602
vt 0.395564 0.31290102
vt 0.334243 0.29249597
vt 0.368932 0.334243
vt 0.302925 0.360219
vt 0.309076 0.32013702
vt 0.342752 0.354281
vt 0.269707 0.402542
vt 0.278342 0.35389996
vt 0.292938 0.401864
vt 0.324417 0.383124
vt 0.29851 0.41111302
vt 0.305344 0.40999198
vt 0.263385 0.38819897
vt 0.244145 0.42973
vt 0.29725 0.443348
vt 0.286948 0.474846
vt 0.241026 0.466941
vt 0.260211 0.50384802
vt 0.286375 0.54663098
vt 0.235103 0.512339
vt 0.256 0.556988
vt 0.274368 0.543728
vt 0.290062 0.508972
vt 0.289528 0.542095
vt 0.244153 0.54883498
vt 0.30356 0.57364702
vt 0.252134 0.59393698
vt 0.333027 0.63103402
vt 0.272421 0.625521
vt 0.310582 0.64437902
vt 0.355961 0.662722
vt 0.336385 0.63087898
vt 0.308376 0.681063
vt 0.336086 0.69041002
vt 0.32996 0.658378
vt 0.322873 0.689488
vt 0.385272 0.675081
vt 0.390601 0.734663
vt 0.391964 0.74195302
vt 0.433852 0.727287
vt 0.442393 0.70489
vt 0.439067 0.723383
vt 0.437827 0.74732602
vt 0.445428 0.701948
vt 0.44382 0.711877
vt 0.468789 0.75658298
vt 0.47231 0.76355201
vt 0.533187 0.75407201
vt 0.531964 0.76109701
vt 0.531925 0.721923
vt 0.528473 0.72577798
vt 0.529247 0.707887
vt 0.694578 0.654589
vt 0.474095 0.75914103
vt 0.532301 0.57066298
vt 0.680926 0.91905701
vt 0.59116 0.46182096
vt 0.788933 0.490453
vt 0.705038 0.330312
vt 0.502331 0.243851
vt 0.383984 0.375804
vt 0.412558 0.54434198
vt 0.212358 0.490578
vt 0.308615 0.65906298
vt 0.067897 0.666991
vt 0.143287 0.79538101
vt 0.540962 0.961270988
vt 0.392555 0.95039898
vt 0.25539 0.89320701
vt 0.205694 0.89115602
vt 0.122975 0.80974299
vt 0.310328 0.94950497
vt 0.46256 0.986459017
vt 0.419999 0.991852999
vt 0.342071 0.972627997
vt 0.5 0.998314023
vt 0.268231 0.941146016
vt 0.200397 0.898211
vt 0.14032 0.84494603
vt 0.044115 0.674228
vt 0.036673 0.461587
vt 0.012184 0.520734
vt 0.079803 0.30351496
vt 0.163214 0.18043
vt 0.041951 0.325332
vt 0.097091 0.22310501
vt 0.33514 0.064208984
vt 0.205133 0.109643996
vt 0.496561 0.03530401
vt 0.30797 0.048111975
vt 0.643489 0.058090985
vt 0.46058 0.010493994
vt 0.576452 0.016520977
vt 0.775503 0.12609303
vt 0.725249 0.06557
vt 0.911597 0.283023
vt 0.824871 0.13218701
vt 0.900781 0.22001302
vt 0.959653 0.43989503
vt 0.954814 0.588475
vt 0.979972 0.40112102
vt 0.987985 0.516922
vt 0.903169 0.72800398
vt 0.97054 0.63559198
vt 0.810152 0.843957
vt 0.923855 0.741835
vt 0.825221 0.863738
vt 0.727654 0.933299005
vt 0.618655 0.973239005
vt 0.580001 0.991852999
vt 0.657929 0.972625017
vt 0.731769 0.941145003
vt 0.799602 0.898208976
vt 0.859679 0.84494501
vt 0.910436 0.782722
vt 0.950566 0.713158
vt 0.97903 0.638054
vt 0.995084 0.55935103
vt 0.998322 0.47908998
vt 0.988646 0.39934897
vt 0.965037 0.32267904
vt 0.931911 0.24962103
vt 0.886316 0.183514
vt 0.830717 0.125583
vt 0.766551 0.07732999
vt 0.695483 0.039997995
vt 0.619351 0.014569998
vt 0.54013 0.0016809702
vt 0.459869 0.0016800165
vt 0.380975 0.015895009
vt 0.304516 0.03999901
vt 0.233449 0.07732999
vt 0.169283 0.125583
vt 0.113683 0.18351501
vt 0.068089 0.24962199
vt 0.033688 0.322196
vt 0.012691 0.39962304
vt 0.001685 0.479091
vt 0.00491 0.55935103
vt 0.020969 0.638054
vt 0.049429 0.71315998
vt 0.089559 0.78272498
vt 0.310989 0.939884007
vt 0.211194 0.88383001
vt 0.021993 0.401523
vt 0.128037 0.80149603
vt 0.051533 0.668113
vt 0.021123 0.51726198
vt 0.383241 0.025094986
vt 0.067618 0.29241502
vt 0.155274 0.16606498
vt 0.278424 0.073930025
vt 0.501238 0.019640982
vt 0.956181 0.32604098
vt 0.652942 0.044674993
vt 0.756952 0.092522025
vt 0.84644 0.167849
vt 0.916351 0.25861204
vt 0.975885 0.44255
vt 0.969258 0.596323
vt 0.934293 0.70542997
vt 0.870406 0.80341703
vt 0.537374 0.977308989
vt 0.755089 0.90520698
vt 0.652236 0.955560982
vt 0.199338 0.78558701
vt 0.366896 0.892464995
vt 0.390682 0.75997698
vt 0.109459 0.646096
vt 0.29804 0.69464302
vt 0.08306 0.51487702
vt 0.23632 0.60077298
vt 0.112618 0.350259
vt 0.217711 0.512066
vt 0.226239 0.18700302
vt 0.22816 0.4221
vt 0.253253 0.35171402
vt 0.369061 0.102579
vt 0.319619 0.28384
vt 0.501232 0.08156097
vt 0.409129 0.23147297
vt 0.636901 0.110506
vt 0.498469 0.216411
vt 0.751572 0.16601002
vt 0.860305 0.293145
vt 0.617062 0.24378401
vt 0.702738 0.30222702
vt 0.914358 0.449912
vt 0.762138 0.39852202
vt 0.898087 0.616484
vt 0.782403 0.509072
vt 0.822374 0.76432502
vt 0.754234 0.618851
vt 0.750791 0.823515
vt 0.662387 0.883822024
vt 0.651926 0.351677
vt 0.690755 0.40736198
vt 0.59738 0.311091
vt 0.515516 0.28902304
vt 0.431972 0.298581
vt 0.371962 0.33049297
vt 0.316969 0.39512098
vt 0.289623 0.49212003
vt 0.302441 0.57525003
vt 0.33662 0.633879
vt 0.387675 0.67874497
vt 0.406337 0.64781702
vt 0.362126 0.61223203
vt 0.450314 0.705114
vt 0.458169 0.66984499
vt 0.364978 0.59266502
vt 0.333469 0.562761
vt 0.413349 0.63533998
vt 0.374736 0.60088003
vt 0.321923 0.506671
vt 0.339199 0.520729
vt 0.348996 0.555919
vt 0.334109 0.43660903
vt 0.339558 0.479195
vt 0.348341 0.441625
vt 0.369556 0.382769
vt 0.401607 0.35332
vt 0.367557 0.407058
vt 0.43856 0.335436
vt 0.386621 0.380224
vt 0.499729 0.320809
vt 0.486581 0.33542204
vt 0.425485 0.356022
vt 0.555421 0.332447
vt 0.474656 0.339769
vt 0.594142 0.35019398
vt 0.526362 0.339934
vt 0.626489 0.377325
vt 0.576549 0.35471702
vt 0.660881 0.422413
vt 0.710327 0.48924804
vt 0.67712 0.49166596
vt 0.650975 0.43975198
vt 0.633034 0.407915
vt 0.615119 0.381325
vt 0.660554 0.48012304
vt 0.508839 0.325643
vt 0.583475 0.345509
vt 0.648692 0.41271698
vt 0.522529 0.28670204
vt 0.588105 0.30774796
vt 0.401195 0.31764102
vt 0.463411 0.279482
vt 0.436991 0.337202
vt 0.381032 0.371592
vt 0.341057 0.43305004
vt 0.334839 0.51796198
vt 0.325304 0.50355
vt 0.354118 0.59340203
vt 0.399768 0.641064
vt 0.470475 0.66923702
vt 0.460924 0.65580398
vt 0.512536 0.660123
vt 0.5 0.67548198
vt 0.542298 0.66973102
vt 0.535195 0.706892
vt 0.47886 0.78117299
vt 0.549763 0.66564602
vt 0.567862 0.69207698
vt 0.484759 0.71033
vt 0.407897 0.681741
vt 0.399897 0.69882
vt 0.326399 0.60394597
vt 0.288403 0.500444
vt 0.296413 0.44202697
vt 0.318291 0.3875
vt 0.334752 0.35129297
vt 0.384187 0.304775
vt 0.314567 0.364545
vt 0.363003 0.31628203
vt 0.480838 0.272111
vt 0.294837 0.40245402
vt 0.291747 0.406569
vt 0.536353 0.273506
vt 0.273223 0.47197998
vt 0.282117 0.54469
vt 0.276169 0.544671
vt 0.302051 0.61323202
vt 0.307704 0.61133897
vt 0.344116 0.66719902
vt 0.348684 0.661008
vt 0.383043 0.69494098
vt 0.445041 0.721057
vt 0.48238 0.72547698
vt 0.518054 0.72706503
vt 0.554133 0.715249
vt 0.584849 0.71215898
vt 0.632683 0.678797
vt 0.655492 0.6677
vt 0.697635 0.61376798
vt 0.693172 0.60983098
vt 0.651644 0.641406
vt 0.723728 0.545183
vt 0.722315 0.544057
vt 0.726772 0.471897
vt 0.70319 0.56404102
vt 0.717832 0.45055497
vt 0.711387 0.50592
vt 0.714247 0.41786897
vt 0.688108 0.36953604
vt 0.682673 0.37192
vt 0.689843 0.42355096
vt 0.63744 0.316615
vt 0.63581 0.31741
vt 0.589815 0.288213
vt 0.645725 0.343345
vt 0.670042 0.452641
vt 0.671896 0.517183
vt 0.657737 0.54478103
vt 0.657926 0.53200197
vt 0.64378 0.574825
vt 0.63363 0.61184603
vt 0.608359 0.62372398
vt 0.562708 0.64791298
vt 0.606529 0.62039602
vt 0.636151 0.61014903
vt 0.594067 0.647565
vt 0.666725 0.56224698
vt 0.698262 0.573394
vt 0.664575 0.632415
vt 0.662554 0.728293
vt 0.614018 0.677674
vt 0.569169 0.773377
vt 0.532423 0.91550702
vt 0.422885 0.974081993
vt 0.603073 0.69457197
vt 0.281894 0.471784
vt 0.570479 0.29081404
vt 0.428693 0.283724
vt 0.417557 0.30113602
vt 0.501137 0.28341198
vt 0.643436 0.339642
vt 0.701101 0.42465997
vt 0.71536 0.509113
vt 0.701209 0.57676798
vt 0.653476 0.64909
vt 0.516173 0.71435797
vt 0.430487 0.702147
vt 0.34429 0.64673
vt 0.293563 0.557315
vt 0.305674 0.40571404
vt 0.345202 0.348975
vt 0.414974 0.34971702
vt 0.348834 0.415066
vt 0.490667 0.32571697
vt 0.558787 0.336693
vt 0.327214 0.495246
vt 0.636291 0.39526796
vt 0.345205 0.576097
vt 0.385139 0.630072
vt 0.67135 0.49804604
vt 0.461193 0.66618901
vt 0.645574 0.59242302
vt 0.540309 0.668069
vt 0.597187 0.642776
vt 0.563601 0.65111202
vt 0.485971 0.665474
vt 0.422185 0.64578402
vt 0.635968 0.59418702
vt 0.363004 0.592767
vt 0.664507 0.52007997
vt 0.335506 0.504785
vt 0.649134 0.429505
vt 0.365135 0.40477896
vt 0.589386 0.359357
vt 0.435797 0.34613
vt 0.514234 0.333803
vt 0.485971 0.665474
vt 0.563601 0.65111202
vt 0.561208 0.640575
vt 0.464094 0.64901102
vt 0.422185 0.64578402
vt 0.621112 0.59754598
vt 0.635968 0.59418702
vt 0.388694 0.607363
vt 0.363004 0.592767
vt 0.649212 0.541561
vt 0.664507 0.52007997
vt 0.351213 0.54319698
vt 0.335506 0.504785
vt 0.654761 0.47978103
vt 0.649134 0.429505
vt 0.351858 0.457242
vt 0.633908 0.42084396
vt 0.365135 0.40477896
vt 0.570741 0.362338
vt 0.589386 0.359357
vt 0.396505 0.38351
vt 0.435797 0.34613
vt 0.514234 0.333803
vt 0.474312 0.347273
vt 0.464094 0.64901102
vt 0.561208 0.640575
vt 0.484041 0.652458
vt 0.5693 0.63819897
vt 0.404249 0.621459
vt 0.619323 0.59973902
vt 0.388694 0.607363
vt 0.621112 0.59754598
vt 0.648164 0.545479
vt 0.649212 0.541561
vt 0.354785 0.55044502
vt 0.351213 0.54319698
vt 0.648861 0.459777
vt 0.654761 0.47978103
vt 0.351858 0.457242
vt 0.348581 0.464998
vt 0.633908 0.42084396
vt 0.595413 0.37831402
vt 0.391465 0.38987398
vt 0.396505 0.38351
vt 0.570741 0.362338
vt 0.515594 0.34477103
vt 0.474312 0.347273
vt 0.452649 0.35044396
vt 0.5693 0.63819897
vt 0.484041 0.652458
vt 0.404249 0.621459
vt 0.619323 0.59973902
vt 0.648164 0.545479
vt 0.354785 0.55044502
vt 0.648861 0.459777
vt 0.348581 0.464998
vt 0.391465 0.38987398
vn 0.0037 -0.6797 0.7335
vn 0.6804 -0.7171 0.1508
vn -0.6485 -0.5857 0.4862
vn 0.2301 -0.5876 -0.7757
vn -0.7703 -0.5107 -0.3819
vn -0.9495 0.3122 0.0299
vn -0.6545 0.1777 -0.7349
vn 0.6462 -0.3126 0.6962
vn -0.1066 0.1297 -0.9858
vn 0.9276 -0.3729 0.0231
vn 0.6326 -0.1844 -0.7522
vn -0.6554 0.2256 0.7208
vn -0.1252 -0.031 0.9917
vn -0.616 0.4557 -0.6426
vn 0.5045 -0.4485 -0.7378
vn -0.7616 0.6475 0.0263
vn -0.5568 0.3958 0.7303
vn 0.7835 -0.6059 -0.1381
vn 0.3555 -0.6484 0.6732
vn -0.4679 0.6064 -0.6429
vn -0.0478 0.2126 -0.976
vn -0.5086 0.8592 0.056
vn -0.4012 0.5348 0.7437
vn -0.076 -0.0299 0.9967
vn 0.3895 -0.9183 0.0713
vn -0.2284 0.7461 -0.6254
vn -0.1138 0.6964 0.7086
vn -0.2773 0.9534 0.1188
vn 0.1357 -0.5929 -0.7937
vn 0.0661 0.1977 -0.978
vn -0.0296 0.8034 -0.5947
vn 0.1368 -0.9566 -0.2573
vn -0.1471 -0.7604 0.6325
vn -0.0111 -0.0043 0.9999
vn 0.1116 0.9783 0.1746
vn 0.2407 0.7641 -0.5985
vn -0.2764 -0.9599 -0.0472
vn -0.0612 -0.0179 0.998
vn 0.3013 0.6101 0.7328
vn -0.2109 -0.503 -0.8382
vn 0.1876 0.1711 -0.9672
vn 0.3348 0.9288 0.1589
vn 0.4842 0.7052 -0.518
vn -0.4505 -0.8401 -0.3019
vn -0.6114 -0.5704 0.5485
vn 0.659 0.7218 0.2115
vn 0.6512 0.4893 -0.5802
vn -0.7845 -0.6134 -0.0906
vn -0.4341 -0.2664 -0.8606
vn 0.2893 0.0434 -0.9563
vn 0.812 0.5498 0.1961
vn 0.5758 0.3033 0.7592
vn -0.1195 0.0079 0.9928
vn -0.7486 -0.274 0.6038
vn 0.8243 0.2976 -0.4816
vn -0.8864 -0.385 -0.2572
vn 0.9491 0.1968 0.2458
vn -0.9013 -0.0195 0.4327
vn -0.9943 -0.0844 -0.065
vn 0.8339 0.0153 -0.5516
vn 0.2962 -0.1468 -0.9438
vn -0.4713 0.0329 -0.8814
vn 0.9723 -0.0327 0.2316
vn 0.6152 -0.0871 0.7835
vn -0.1318 0.0931 0.9869
vn -0.7864 0.2406 0.5689
vn -0.9323 0.2197 -0.2874
vn 0.8612 -0.2463 -0.4446
vn 0.876 -0.3926 0.2802
vn -0.8516 0.5129 -0.108
vn -0.7566 0.5243 0.3908
vn 0.6988 -0.4884 -0.5227
vn 0.4276 -0.4076 0.8069
vn 0.7601 -0.5928 0.2662
vn -0.0732 0.1895 0.9791
vn -0.3346 0.2746 -0.9015
vn 0.1734 -0.3255 -0.9295
vn 0.565 -0.7176 -0.4071
vn -0.6089 0.7229 -0.3266
vn -0.5032 0.6759 0.5385
vn 0.4755 -0.8216 0.3144
vn 0.2837 -0.8232 -0.4918
vn -0.3353 0.9234 -0.1869
vn -0.3374 0.8715 0.356
vn 0.0606 0.2394 0.969
vn 0.1068 -0.5469 0.8303
vn -0.1052 0.361 -0.9266
vn -0.0599 -0.4078 -0.9111
vn 0.2648 -0.9153 0.3034
vn 0.0309 -0.9291 -0.3685
vn -0.0184 0.8496 0.5271
vn 0.1144 0.9538 -0.2778
vn -0.101 -0.9381 0.3313
vn -0.2893 -0.8449 -0.45
vn 0.2942 0.8991 0.3242
vn 0.1005 0.3339 -0.9372
vn 0.3197 0.8934 -0.3155
vn -0.2975 -0.3759 -0.8776
vn -0.3275 -0.8758 0.3547
vn -0.1917 -0.4752 0.8588
vn 0.2049 0.1963 0.9589
vn 0.5736 0.7443 -0.342
vn -0.6134 -0.6751 -0.4099
vn -0.5563 -0.7271 0.4023
vn 0.6284 0.6814 0.3752
vn -0.7628 -0.4882 -0.424
vn -0.4997 -0.1451 -0.8539
vn 0.2458 0.2557 -0.935
vn -0.7178 -0.5627 0.41
vn -0.4114 -0.2687 0.871
vn 0.3244 0.0553 0.9443
vn 0.7885 0.5371 0.2996
vn 0.7482 0.5316 -0.3969
vn -0.8548 -0.2497 0.4549
vn -0.9079 -0.1729 -0.3819
vn 0.9362 0.1743 0.3052
vn 0.8584 0.3028 -0.4141
vn 0.2628 0.1293 -0.9561
vn -0.4544 0.0225 0.8905
vn -0.8916 -0.0287 0.4519
vn -0.919 0.0547 -0.3904
vn 0.3375 -0.1589 0.9278
vn 0.9708 -0.0276 0.2381
vn 0.9272 -0.0068 -0.3746
vn -0.5309 0.1863 -0.8267
vn 0.269 0.0076 -0.9631
vn -0.8179 0.2961 0.4934
vn 0.8719 -0.4183 0.2546
vn 0.84 -0.3153 -0.4416
vn -0.8488 0.4031 -0.3422
vn 0.7783 -0.6005 0.1835
vn 0.2063 -0.3595 0.9101
vn -0.3356 0.285 0.8978
vn 0.7221 -0.5017 -0.4763
vn 0.1877 -0.1021 -0.9769
vn -0.3449 0.4898 -0.8007
vn -0.7195 0.6001 -0.3497
vn -0.7141 0.4995 0.4905
vn 0.5183 -0.7357 -0.436
vn 0.4625 -0.8625 0.2053
vn -0.4948 0.817 -0.2962
vn -0.4194 0.7498 0.5117
vn 0.1032 -0.0978 -0.9898
vn 0.2242 -0.8355 -0.5017
vn 0.2778 -0.9513 0.1334
vn -0.0007 0.6312 -0.7756
vn -0.2637 0.9283 -0.262
vn -0.1028 0.334 0.9369
vn -0.0406 -0.4495 0.8924
vn -0.1059 0.8967 0.4298
vn 0.0458 -0.1439 -0.9885
vn 0.0123 -0.8481 -0.5298
vn 0.1276 0.9693 -0.2104
vn -0.1362 -0.9777 0.1599
vn 0.1892 0.8237 0.5345
vn 0.4013 0.8974 -0.1834
vn 0.2554 0.501 -0.8269
vn 0.1444 0.3549 0.9237
vn -0.3133 -0.3687 0.8752
vn -0.3431 -0.9348 0.0914
vn -0.2941 -0.819 -0.4928
vn -0.014 -0.1248 -0.9921
vn 0.5111 0.6295 0.5852
vn 0.6501 0.7377 -0.182
vn 0.4194 0.3931 -0.8183
vn -0.6618 -0.738 0.1314
vn -0.5867 -0.6076 -0.5353
vn 0.254 0.1334 0.958
vn 0.7323 0.4301 0.5279
vn 0.8232 0.545 -0.1592
vn -0.4886 -0.1322 0.8624
vn -0.8181 -0.5573 0.1416
vn -0.0407 -0.0951 -0.9946
vn 0.5313 0.2686 -0.8035
vn -0.7612 -0.2833 -0.5833
vn -0.9848 -0.13 0.1153
vn 0.5944 0.0879 -0.7994
vn 0.9666 0.2394 -0.0919
vn 0.8061 0.1029 0.5828
vn -0.0633 -0.059 -0.9963
vn -0.9873 0.038 0.1542
vn -0.5698 0.0734 0.8185
vn 0.2328 0.0261 0.9722
vn -0.7947 0.0819 -0.6014
vn 0.6034 -0.1045 -0.7906
vn 0.9916 -0.0814 -0.1006
vn 0.8053 -0.183 0.5639
vn -0.0483 -0.0279 -0.9984
vn -0.9055 0.3782 0.1926
vn -0.556 0.2858 0.7805
vn 0.5466 -0.3006 -0.7816
vn 0.9186 -0.3859 -0.0848
vn 0.7221 -0.3888 0.5722
vn 0.1879 -0.0861 0.9784
vn -0.7175 0.4121 -0.5616
vn -0.0226 -0.0581 -0.9981
vn -0.7448 0.6505 0.1487
vn 0.4498 -0.447 -0.7732
vn 0.7542 -0.6531 -0.069
vn -0.4222 0.4634 0.7791
vn 0.5307 -0.5832 0.615
vn -0.4877 0.527 -0.696
vn 0.2645 -0.5747 -0.7744
vn 0.5147 -0.8557 -0.053
vn 0.1252 -0.1618 0.9789
vn -0.3048 0.5654 0.7664
vn -0.4986 0.8522 0.1587
vn -0.3198 0.783 -0.5335
vn 0.341 -0.7592 0.5544
vn 0.2237 -0.974 -0.036
vn 0.1032 -0.6443 -0.7577
vn -0.0539 -0.0871 -0.9947
vn -0.0697 0.7101 0.7007
vn -0.1839 0.9773 0.105
vn 0.0934 -0.7735 0.6269
vn -0.09 -0.9958 -0.0193
vn -0.1326 -0.6432 -0.7542
vn 0.0409 -0.1318 0.9904
vn 0.1144 0.6371 0.7623
vn 0.099 0.9932 0.061
vn 0.0566 0.771 -0.6343
vn -0.1576 -0.7587 0.6321
vn 0.0037 -0.1403 0.9901
vn -0.3945 -0.9189 -0.0014
vn 0.3013 0.5878 0.7508
vn 0.4028 0.9143 0.042
vn 0.2234 0.7036 -0.6746
vn -0.0787 -0.0132 -0.9968
vn -0.313 -0.6137 -0.7249
vn -0.3943 -0.6598 0.6397
vn 0.5392 0.5204 0.6622
vn 0.6672 0.7446 0.022
vn 0.4882 0.6072 -0.6269
vn -0.4967 -0.4671 -0.7315
vn -0.66 -0.7511 0.0171
vn -0.5323 -0.5143 0.6724
vn -0.1204 -0.0023 -0.9927
vn -0.0989 -0.1305 0.9865
vn 0.8653 0.5012 0.002
vn 0.6037 0.2801 0.7464
vn 0.5459 0.3856 -0.7438
vn -0.6742 -0.3221 -0.6646
vn -0.8598 -0.5094 0.0357
vn -0.6766 -0.293 0.6755
vn 0.7676 0.209 -0.6058
vn 0.978 0.2077 -0.0182
vn 0.7694 0.1201 0.6274
vn -0.6928 -0.0871 -0.7158
vn -0.9745 -0.2174 0.0549
vn -0.7253 -0.0977 0.6814
vn -0.062 -0.0513 0.9968
vn -0.139 0.0756 -0.9874
vn 0.6403 -0.0064 -0.7681
vn 0.9936 -0.1061 -0.0387
vn -0.7624 0.1392 -0.632
vn -0.9927 0.0957 0.074
vn 0.7197 -0.1588 0.6759
vn -0.689 0.1422 0.7107
vn -0.6321 0.3475 -0.6926
vn 0.715 -0.2726 -0.6438
vn -0.9126 0.3982 0.0925
vn -0.0731 -0.0192 0.9971
vn 0.698 -0.3355 0.6326
vn 0.9109 -0.4084 -0.0586
vn -0.6414 0.3612 0.6769
vn -0.0966 0.1694 -0.9808
vn -0.7429 0.6601 0.1111
vn -0.5543 0.5772 -0.5996
vn 0.5341 -0.6135 0.5817
vn 0.7384 -0.6698 -0.0785
vn 0.4913 -0.3648 -0.7909
vn -0.4534 0.4975 0.7396
vn -0.4999 0.8565 0.1284
vn -0.3171 0.6714 -0.6698
vn -0.0533 -0.0045 0.9986
vn 0.402 -0.7151 0.5718
vn 0.4935 -0.8643 -0.0975
vn 0.3979 -0.6145 -0.6813
vn 0.0129 0.2294 -0.9733
vn -0.293 0.6454 0.7054
vn -0.2168 0.965 0.1477
vn 0.0746 -0.8301 0.5526
vn 0.2003 -0.9729 -0.1159
vn 0.1725 -0.5577 -0.8119
vn -0.1217 0.8104 -0.5732
vn -0.0714 0.6245 0.7777
vn -0.0955 -0.8401 0.5339
vn -0.0504 -0.0063 0.9987
vn -0.1113 -0.9847 -0.134
vn -0.0414 -0.6963 -0.7165
vn 0.1345 0.7647 -0.6302
vn 0.032 0.9923 0.1199
vn 0.2832 0.955 0.0878
vn 0.1244 0.6263 0.7696
vn 0.158 0.2092 -0.965
vn -0.4109 -0.8992 -0.1504
vn -0.4351 -0.7304 0.5265
vn -0.183 -0.5274 -0.8297
vn 0.3923 0.7763 -0.4934
vn 0.5566 0.8241 0.1046
vn 0.2854 0.5136 0.8092
vn -0.4233 -0.5104 -0.7485
vn -0.6676 -0.7257 -0.1663
vn -0.5848 -0.641 0.4971
vn 0.5673 0.552 -0.6111
vn -0.0673 0.0025 0.9977
vn 0.468 0.4241 0.7753
vn 0.7302 0.666 0.1527
vn 0.2773 0.0905 -0.9565
vn -0.4397 -0.3032 -0.8454
vn -0.8579 -0.4806 -0.1815
vn 0.763 0.3874 -0.5175
vn 0.8463 0.4908 0.2072
vn -0.7946 -0.3409 0.5024
vn 0.5368 0.2377 0.8096
vn 0.7983 0.1122 -0.5917
vn -0.6085 -0.1544 -0.7784
vn 0.9465 0.2688 0.1784
vn -0.0828 0.0401 0.9958
vn -0.8673 -0.1724 0.4671
vn -0.9624 -0.1834 -0.2002
vn 0.5828 0.065 0.81
vn 0.9895 0.0193 0.1434
vn 0.3055 -0.0959 -0.9473
vn 0.8885 -0.1362 -0.4381
vn -0.8548 0.1558 0.4951
vn -0.9537 0.2153 -0.2101
vn -0.4998 -0.0088 -0.8661
vn 0.5368 -0.1078 0.8368
vn 0.9465 -0.2809 0.1589
vn 0.7406 -0.3905 -0.5468
vn -0.0664 0.1011 0.9927
vn -0.8007 0.353 0.4841
vn -0.5161 0.2016 -0.8325
vn 0.2071 -0.2805 -0.9372
vn -0.8083 0.5406 -0.2333
vn 0.4944 -0.2736 0.8251
vn 0.8108 -0.5593 0.1724
vn -0.5757 0.6583 0.4849
vn -0.3687 0.2843 -0.885
vn 0.6469 -0.643 -0.41
vn 0.5959 -0.7812 0.1861
vn -0.5958 0.7636 -0.2488
vn 0.3588 -0.3864 0.8497
vn -0.446 0.7852 0.4297
vn 0.0001 0.1536 0.9881
vn -0.2852 0.4463 -0.8482
vn 0.3714 -0.7647 -0.5266
vn 0.3236 -0.9246 0.2012
vn 0.2304 -0.486 0.843
vn 0.0008 -0.3786 -0.9256
vn -0.3284 0.9068 -0.2644
vn -0.076 0.8855 0.4584
vn -0.1285 0.4217 -0.8976
vn 0.1448 -0.9128 -0.3819
vn 0.0212 -0.9762 0.216
vn 0.0651 -0.5001 0.8635
vn -0.0317 0.9593 -0.2808
vn 0.024 0.4844 -0.8745
vn 0.1062 0.9124 0.3953
vn -0.1565 -0.8496 -0.5038
vn 0.1074 0.1554 0.982
vn -0.0892 -0.5002 0.8613
vn -0.2811 -0.9312 0.232
vn -0.2452 -0.3308 -0.9113
vn 0.2861 0.9274 -0.2408
vn 0.1879 0.3536 -0.9163
vn -0.4278 -0.8337 -0.3492
vn 0.4705 0.7722 0.427
vn 0.5178 0.7515 -0.4087
vn -0.2245 -0.423 0.8779
vn -0.5532 -0.7951 0.2484
vn -0.6398 -0.6024 -0.4772
vn 0.2127 0.0808 0.9738
vn 0.635 0.6841 0.3589
vn 0.7872 0.6022 -0.1327
vn -0.339 -0.3329 0.8799
vn -0.7685 -0.5819 0.2659
vn -0.4247 -0.1335 -0.8954
vn -0.8479 -0.4265 -0.3147
vn 0.85 0.3511 0.3928
vn 0.315 0.1695 -0.9338
vn 0.8468 0.2978 -0.4408
vn -0.4096 -0.1935 0.8915
vn -0.9068 -0.3059 0.2901
vn -0.8867 -0.1098 -0.4492
vn 0.246 -0.0667 0.967
vn 0.9308 0.1768 0.32
vn -0.4575 0.1565 -0.8753
vn 0.9795 0.0167 -0.2007
vn -0.552 0.0288 0.8333
vn -0.9344 -0.0612 0.351
vn 0.9353 -0.2774 0.2198
vn 0.3125 -0.0305 -0.9494
vn -0.946 0.1635 -0.2801
vn -0.8781 0.305 0.3687
vn 0.8403 -0.2919 -0.4568
vn 0.2173 -0.2229 0.9503
vn -0.7723 0.4813 -0.4145
vn -0.7441 0.5242 0.4142
vn -0.4064 0.3256 0.8537
vn -0.3755 0.4465 -0.8122
vn 0.8246 -0.5223 -0.2174
vn 0.6363 -0.6526 0.4113
vn 0.2092 -0.1748 -0.9621
vn -0.529 0.7087 0.4668
vn -0.4857 0.782 -0.3906
vn 0.519 -0.6722 -0.5281
vn 0.4684 -0.8495 0.2428
vn 0.0514 -0.344 0.9376
vn -0.1287 0.472 0.8722
vn -0.3328 0.8226 0.461
vn -0.2671 0.9044 -0.3328
vn -0.0873 0.4482 -0.8896
vn 0.315 -0.9143 -0.2546
vn 0.0573 -0.2302 -0.9715
vn 0.0697 -0.9562 0.2843
vn 0.0135 -0.8454 -0.534
vn -0.0014 0.867 0.4983
vn 0.039 0.9492 -0.3123
vn 0.0742 0.4763 -0.8762
vn -0.1638 -0.3372 0.9271
vn -0.1287 -0.9695 0.2086
vn -0.2859 -0.9044 -0.3169
vn 0.1633 0.4281 0.8889
vn 0.1888 0.8696 0.4562
vn 0.4204 0.8687 -0.262
vn 0.1694 0.4673 -0.8677
vn -0.5655 -0.8161 0.119
vn -0.0731 -0.1877 -0.9795
vn -0.5131 -0.6622 -0.5462
vn 0.408 0.4631 -0.7868
vn 0.554 0.7254 0.4086
vn 0.7428 0.6189 -0.2556
vn -0.3799 -0.2166 0.8993
vn 0.4772 0.232 -0.8476
vn -0.7594 -0.5763 -0.302
vn -0.7714 -0.539 0.3384
vn 0.3589 0.2351 0.9033
vn 0.7033 0.5063 0.4991
vn -0.1399 -0.0953 -0.9856
vn 0.5272 0.0982 -0.8441
vn 0.9301 0.2711 -0.2477
vn 0.8002 0.2632 0.5389
vn -0.7857 -0.2689 -0.5571
vn -0.9613 -0.2726 0.0405
vn -0.4725 0.0483 0.88
vn 0.971 -0.0387 -0.236
vn 0.8412 0.0467 0.5387
vn 0.3989 -0.0163 0.9168
vn 0.5213 -0.0655 -0.8509
vn -0.9421 -0.0106 -0.3353
vn -0.9504 0.0337 0.3093
vn -0.138 -0.004 -0.9904
vn 0.7838 -0.2604 0.5638
vn 0.9142 -0.3396 -0.2213
vn 0.5092 -0.2425 -0.8258
vn -0.7775 0.2395 -0.5814
vn -0.9374 0.348 0.0128
vn -0.3857 0.3371 0.8588
vn 0.2879 -0.2208 0.9319
vn -0.7543 0.5947 0.2782
vn 0.6937 -0.45 0.5625
vn 0.766 -0.6089 -0.2059
vn 0.3986 -0.3759 -0.8366
vn -0.755 0.5386 -0.374
vn -0.097 0.0499 -0.994
vn -0.5577 0.8221 0.1143
vn -0.4784 0.6351 -0.6064
vn 0.4725 -0.6586 0.5856
vn 0.5413 -0.819 -0.1905
vn 0.28 -0.522 -0.8057
vn -0.2181 0.56 0.7993
vn -0.2572 0.9545 0.1507
vn -0.2878 0.8629 -0.4154
vn 0.0961 -0.3104 0.9457
vn 0.2903 -0.7548 0.5882
vn 0.2602 -0.9498 -0.1735
vn 0.1019 -0.5626 -0.8204
vn -0.0046 0.5219 0.853
vn -0.0545 0.0621 -0.9966
vn -0.0172 0.7742 -0.6327
vn -0.0878 -0.6161 -0.7828
vn 0.0527 0.9898 0.1324
vn -0.0025 -0.7934 0.6087
vn -0.0479 -0.9866 -0.1562
vn 0.1696 0.6172 0.7683
vn -0.2631 -0.5368 -0.8016
vn -0.3535 -0.9253 -0.1374
vn 0.2676 0.8468 -0.4598
vn 0.3584 0.9266 0.1136
vn -0.0802 -0.2726 0.9588
vn -0.2029 -0.7614 0.6157
vn 0.324 0.4486 0.8329
vn -0.0352 0.0549 -0.9979
vn -0.4578 -0.468 -0.7559
vn -0.6248 -0.7717 -0.1185
vn -0.4542 -0.626 0.6339
vn 0.4245 0.6189 -0.6609
vn 0.6296 0.7713 0.0936
vn 0.5338 0.4191 0.7345
vn -0.8354 -0.5409 -0.0979
vn -0.5924 -0.4828 0.6449
vn -0.187 -0.1564 0.9698
vn -0.5556 -0.2898 -0.7793
vn 0.693 0.5119 -0.5077
vn 0.8443 0.534 0.0452
vn 0.622 0.1268 0.7727
vn -0.0375 0.0575 -0.9976
vn -0.7131 -0.2341 0.6608
vn -0.9638 -0.2551 -0.0773
vn -0.6783 -0.1139 -0.7259
vn 0.6806 0.2452 -0.6904
vn 0.9733 0.2187 0.0699
vn -0.197 -0.0309 0.9799
vn 0.6771 -0.0595 0.7335
vn 0.9972 -0.0505 0.055
vn -0.7367 -0.0407 0.675
vn -0.9968 0.0567 -0.0559
vn -0.649 0.0974 -0.7545
vn 0.8297 0.0066 -0.5582
vn -0.0359 0.0856 -0.9957
vn 0.6428 -0.3518 0.6805
vn 0.9311 -0.3629 0.037
vn 0.6675 -0.1907 -0.7197
vn -0.6908 0.2216 0.6882
vn -0.9311 0.3631 -0.0341
vn -0.6459 0.3205 -0.6929
vn 0.7727 -0.6347 0.0135
vn 0.6459 -0.4625 -0.6074
vn 0.5407 -0.4744 0.6947
vn -0.1432 0.0549 0.9882
vn -0.596 0.3863 0.704
vn -0.7728 0.6345 -0.0126
vn -0.4882 0.4805 -0.7285
vn -0.0043 0.1266 -0.9919
vn 0.3949 -0.5274 -0.7522
vn -0.3495 0.6648 -0.6602
vn 0.5264 -0.8502 -0.0006
vn 0.3251 -0.6853 0.6517
vn -0.4126 0.5645 0.7149
vn -0.5378 0.843 0.0085
vn -0.118 0.7026 -0.7018
vn -0.2485 0.9682 0.03
vn 0.1546 -0.6926 -0.7046
vn 0.299 -0.9531 0.0462
vn 0.1663 -0.7352 0.6571
vn -0.0765 0.0842 0.9935
vn -0.242 0.6366 0.7323
vn 0.0729 0.1621 -0.9841
vn 0.1131 0.7695 -0.6286
vn 0.0647 0.9966 0.0503
vn -0.0004 0.6728 0.7398
vn -0.0929 -0.9946 0.0453
vn -0.1962 -0.782 0.5916
vn 0.3484 0.9361 0.0481
vn 0.1748 0.629 0.7575
vn -0.0338 0.0655 0.9973
vn 0.3961 0.6682 -0.6298
vn -0.2666 -0.6143 -0.7427
vn -0.3256 -0.9418 -0.0837
vn -0.5196 -0.5578 0.6472
vn 0.205 0.1553 -0.9664
vn 0.3808 0.5231 0.7624
vn 0.6444 0.7635 0.0416
vn -0.7041 -0.7101 -0.0027
vn 0.6386 0.4593 -0.6174
vn -0.0401 0.0501 0.9979
vn -0.7025 -0.2512 0.6659
vn -0.7906 -0.598 -0.1317
vn 0.4984 0.3844 0.7771
vn 0.8555 0.513 0.0705
vn -0.5058 -0.3059 -0.8066
vn 0.7831 0.2418 -0.5729
vn 0.1885 0.0195 -0.9819
vn -0.9772 -0.1838 -0.1061
vn 0.614 0.1618 0.7726
vn 0.9553 0.2643 0.1323
vn -0.9788 -0.0853 -0.1861
vn -0.5281 0.0152 -0.849
vn 0.2639 -0.1124 -0.958
vn -0.744 0.1761 0.6446
vn -0.0631 0.0697 0.9956
vn 0.9847 -0.0029 0.1742
vn 0.8008 -0.0521 -0.5967
vn 0.6555 -0.0686 0.7521
vn 0.7591 -0.2955 -0.58
vn -0.9016 0.409 -0.141
vn 0.9041 -0.3793 0.1968
vn 0.5686 -0.355 0.7421
vn 0.1736 -0.2773 -0.945
vn 0.6661 -0.5198 -0.5349
vn -0.3962 0.2958 -0.8692
vn -0.8296 0.5399 -0.1426
vn -0.6863 0.513 0.5156
vn 0.0039 0.069 0.9976
vn 0.6573 -0.7139 0.2414
vn 0.4259 -0.7345 -0.5283
vn -0.5335 0.8378 -0.1161
vn -0.4167 0.7556 0.5053
vn 0.4682 -0.8534 0.229
vn 0.2396 -0.5698 0.7861
vn 0.0459 0.1127 0.9926
vn 0.2252 -0.8212 -0.5243
vn -0.0229 -0.368 -0.9296
vn -0.1429 0.4328 -0.8901
vn -0.3415 0.9229 -0.1782
vn -0.2506 0.8482 0.4666
vn 0.1101 -0.9542 0.2782
vn 0.1153 0.8746 0.471
vn -0.0911 -0.8659 -0.4919
vn 0.0642 0.9839 -0.1666
vn -0.121 -0.9562 0.2667
vn -0.1273 -0.5718 0.8104
vn 0.1424 0.1143 0.9832
vn 0.272 0.8617 0.4284
vn 0.3346 0.8904 -0.3085
vn -0.3072 -0.8156 -0.4904
vn -0.2599 -0.3179 -0.9118
vn 0.1255 0.4011 -0.9074
vn -0.4626 -0.8283 0.3163
vn 0.603 0.654 0.4567
vn -0.5976 -0.6618 -0.4527
vn -0.6504 -0.6945 0.3077
vn -0.4082 -0.3693 0.8349
vn 0.6969 0.6924 -0.1869
vn 0.2922 0.2371 -0.9265
vn -0.4382 -0.119 -0.8909
vn 0.7572 0.5256 0.3878
vn 0.2449 0.0289 0.9691
vn -0.744 -0.4909 -0.4532
vn -0.8463 -0.3955 0.357
vn 0.8183 0.4121 -0.4008
vn -0.8919 -0.1881 -0.4113
vn 0.9013 0.1783 0.3948
vn -0.5086 -0.0603 0.8589
vn -0.9193 -0.1779 0.351
vn 0.9602 0.1478 -0.2372
vn -0.466 0.1714 -0.868
vn -0.9098 0.0384 -0.4134
vn 0.3265 0.0258 -0.9448
vn 0.9411 -0.0179 0.3376
vn 0.2778 -0.1382 0.9506
vn 0.8837 -0.1415 -0.4461
vn -0.9015 0.1713 0.3974
vn -0.8492 0.3788 -0.3679
vn 0.8521 -0.3917 0.3471
vn 0.8519 -0.4369 -0.2887
vn -0.833 0.389 0.3934
vn -0.4138 0.2272 0.8815
vn 0.1847 -0.3231 0.9282
vn -0.729 0.5738 -0.3731
vn -0.3047 0.4419 -0.8438
vn 0.2405 -0.1395 -0.9606
vn 0.7658 -0.5753 0.2873
vn 0.6173 -0.6164 -0.4888
vn -0.6176 0.6537 0.4374
vn 0.4698 -0.8303 0.2997
vn -0.4735 0.8182 -0.3262
vn 0.4261 -0.8395 -0.337
vn -0.4357 0.7879 0.4352
vn -0.1859 0.3904 0.9017
vn -0.0338 -0.429 0.9027
vn 0.2886 -0.9272 0.2386
vn -0.2606 0.9058 -0.334
vn 0.0067 0.5731 -0.8195
vn 0.0979 -0.2076 -0.9733
vn -0.1135 0.8733 0.4737
vn 0.1338 -0.838 -0.529
vn -0.1066 -0.9613 0.2539
vn 0.0976 0.9532 -0.2862
vn 0.1096 0.8736 0.4741
vn 0.0711 0.3861 0.9197
vn -0.1461 -0.9118 -0.3838
vn -0.0286 -0.1807 -0.9831
vn 0.3569 0.4912 -0.7946
vn -0.312 -0.9305 0.1918
vn -0.3056 -0.3741 0.8756
vn 0.322 0.899 -0.2968
vn 0.4124 0.7567 0.5072
vn -0.3729 -0.7359 -0.5651
vn 0.6457 0.7221 -0.2481
vn -0.6564 -0.7248 0.2093
vn 0.2559 0.246 0.9349
vn 0.5898 0.6269 0.509
vn -0.6404 -0.6381 -0.4274
vn 0.6043 0.2017 -0.7708
vn 0.7954 0.5467 -0.2618
vn -0.094 -0.1052 -0.99
vn -0.8041 -0.5756 0.1484
vn -0.5115 -0.1422 0.8474
vn -0.7122 -0.3665 -0.5988
vn 0.7611 0.3627 0.5377
vn 0.955 0.207 -0.2124
vn -0.9647 -0.2037 0.1668
vn -0.873 -0.1369 -0.4681
vn 0.8252 0.156 0.5428
vn 0.3145 0.0471 0.9481
vn -0.5408 0.198 0.8175
vn 0.9734 -0.0226 -0.228
vn 0.6355 -0.1997 -0.7458
vn -0.0947 -0.0325 -0.995
vn -0.9945 0.005 0.105
vn -0.7674 0.1279 -0.6283
vn 0.8106 -0.1487 0.5664
vn -0.8948 0.4148 0.1651
vn 0.8934 -0.4068 -0.1907
vn -0.6663 0.4395 -0.6024
vn 0.7481 -0.364 0.5548
vn 0.2518 -0.1227 0.96
vn -0.3474 0.5112 0.7861
vn -0.8042 0.5942 -0.0116
vn 0.7492 -0.6455 -0.1483
vn 0.3916 -0.5625 -0.7282
vn -0.0216 0.0122 -0.9997
vn 0.5209 -0.5946 0.6125
vn -0.4852 0.8489 0.2097
vn 0.3921 -0.6725 0.6277
vn 0.4033 -0.9008 -0.1606
vn 0.1268 -0.1982 0.9719
vn -0.2553 0.6911 -0.6762
vn -0.0645 -0.0095 -0.9979
vn 0.1242 -0.6788 -0.7237
vn -0.2478 0.9678 0.0434
vn -0.081 0.5949 0.7997
vn 0.1167 -0.7303 0.6731
vn 0.1027 -0.9853 -0.1367
vn -0.665 -0.4742 -0.577
vn -0.6205 -0.7127 0.3271
vn -0.6575 0.4183 -0.6266
vn -0.5581 0.2264 0.7983
vn -0.6215 0.7763 0.1055
vn -0.0581 -0.0406 -0.9975
vn 0.0076 -0.0685 -0.9976
vn -0.0119 -0.0183 -0.9998
vn -0.1177 -0.2691 -0.9559
vn -0.0314 0.0224 -0.9993
vn -0.0824 0.0112 -0.9965
vn -0.058 0.0631 -0.9963
vn 0.0035 0.0837 -0.9965
vn 0.0393 0.0489 -0.998
vn 0.031 -0.0081 -0.9995
vn 0.0839 0.0111 -0.9964
vn 0.0597 -0.0435 -0.9973
vn 0.2908 -0.1015 -0.9514
vn 0.238 -0.1882 -0.9529
vn -0.0293 -0.3395 -0.9402
vn 0.0808 -0.3297 -0.9406
vn 0.1705 -0.271 -0.9474
vn 0.4766 -0.6109 -0.6322
vn 0.6156 -0.497 -0.6116
vn 0.298 -0.7173 -0.6299
vn 0.058 -0.7746 -0.6298
vn 0.1755 -0.9788 0.106
vn 0.2843 -0.9514 0.1185
vn -0.0028 -0.9918 0.1275
vn 0.4871 -0.863 0.1339
vn 0.5965 -0.7922 0.1291
vn 0.6933 -0.7105 0.1206
vn 0.7397 -0.2762 -0.6136
vn 0.4521 0.054 -0.8903
vn 0.7747 -0.0597 -0.6295
vn 0.2905 0.1445 -0.9459
vn 0.2469 0.2445 -0.9377
vn 0.7244 0.2866 -0.627
vn 0.6444 0.4464 -0.6208
vn 0.1327 0.3998 -0.907
vn 0.4677 0.6191 -0.6309
vn 0.0014 0.3323 -0.9432
vn 0.3417 0.7484 -0.5685
vn -0.1078 0.335 -0.936
vn 0.0561 0.78 -0.6233
vn -0.1228 0.7764 -0.6181
vn -0.1941 0.269 -0.9434
vn -0.3552 0.7008 -0.6186
vn -0.4065 0.2069 -0.8899
vn -0.5244 0.5723 -0.6304
vn -0.6284 0.4727 -0.6178
vn -0.3218 0.0482 -0.9456
vn -0.3206 -0.0549 -0.9456
vn -0.7626 0.1538 -0.6283
vn -0.781 -0.0202 -0.6242
vn -0.2663 -0.145 -0.9529
vn -0.7444 -0.2225 -0.6296
vn -0.209 -0.2247 -0.9518
vn -0.6872 -0.3929 -0.6111
vn -0.5295 -0.5844 -0.6149
vn -0.3655 -0.6699 -0.6462
vn -0.1902 -0.7537 -0.6291
vn -0.149 -0.9827 0.1103
vn -0.3383 -0.934 0.1152
vn -0.4382 -0.8878 0.1406
vn -0.5984 -0.7893 0.1372
vn -0.7168 -0.6851 0.1299
vn -0.8112 -0.5736 0.1137
vn -0.9073 -0.4033 0.1193
vn -0.943 -0.2992 0.1456
vn -0.983 -0.1156 0.1425
vn -0.9901 0.0419 0.1343
vn -0.9744 0.1848 0.1284
vn -0.89 0.3446 -0.2987
vn -0.8534 0.5015 0.1422
vn -0.7656 0.6281 0.1391
vn -0.6534 0.7431 0.1447
vn -0.5369 0.8329 0.134
vn -0.3856 0.9118 0.1414
vn -0.2406 0.9609 0.1369
vn -0.0768 0.9868 0.1424
vn 0.0669 0.9886 0.1351
vn 0.2295 0.9279 -0.2938
vn 0.3935 0.9086 0.1402
vn 0.533 0.8327 0.1497
vn 0.6593 0.7387 0.14
vn 0.7659 0.6289 0.1336
vn 0.8598 0.4917 0.1376
vn 0.9228 0.3628 0.13
vn 0.9352 0.1888 -0.2997
vn 0.9901 0.0454 0.1325
vn 0.9779 -0.1588 0.1359
vn 0.963 -0.2389 0.1248
vn 0.8776 -0.4602 0.134
vn 0.838 -0.5318 0.1223
vn 0.2871 -0.6506 0.7031
vn 0.4067 -0.5651 0.7178
vn 0.7931 0.1556 0.5889
vn 0.5549 -0.438 0.7073
vn 0.658 -0.255 0.7086
vn 0.7038 -0.0382 0.7094
vn 0.1881 0.7856 0.5895
vn 0.6267 0.3125 0.7138
vn 0.5117 0.4771 0.7145
vn 0.3322 0.6137 0.7162
vn -0.0089 0.6988 0.7153
vn -0.7586 0.2713 0.5923
vn -0.2213 0.6636 0.7146
vn -0.3666 0.59 0.7194
vn -0.5109 0.4783 0.7143
vn -0.5975 0.3591 0.717
vn -0.6991 0.0731 0.7113
vn -0.6938 -0.1393 0.7066
vn -0.6191 -0.306 0.7232
vn -0.5427 -0.4531 0.7072
vn -0.0552 -0.71 0.7021
vn -0.3807 -0.6005 0.7032
vn -0.2184 -0.6676 0.7118
vn 0.3258 -0.3194 0.8898
vn 0.1482 -0.4339 0.8887
vn 0.21 -0.4828 0.8502
vn 0.4245 -0.1745 0.8885
vn 0.3705 -0.3674 0.8531
vn 0.4542 -0.0206 0.8907
vn 0.4818 -0.2 0.8532
vn 0.4253 0.1561 0.8915
vn 0.5218 -0.033 0.8524
vn 0.3032 0.3335 0.8927
vn 0.5037 0.1256 0.8547
vn 0.4414 0.2739 0.8545
vn 0.143 0.4275 0.8926
vn 0.3335 0.3862 0.86
vn -0.0018 0.4486 0.8937
vn 0.173 0.4829 0.8584
vn -0.1429 0.4216 0.8954
vn 0.001 0.513 0.8584
vn -0.2752 0.3558 0.8931
vn -0.3978 0.2173 0.8914
vn -0.1991 0.467 0.8615
vn -0.3688 0.351 0.8607
vn -0.455 0.0513 0.889
vn -0.4762 0.1788 0.861
vn -0.436 -0.1357 0.8896
vn -0.5119 -0.0283 0.8586
vn -0.3525 -0.2888 0.8901
vn -0.4605 -0.2275 0.858
vn -0.289 -0.3581 0.8878
vn -0.1736 -0.4291 0.8864
vn -0.5635 0.5354 0.6292
vn -0.6978 0.3289 0.6363
vn -0.356 0.6872 0.6333
vn -0.0516 0.765 0.642
vn 0.2376 0.7308 0.6399
vn 0.4708 0.6143 0.6332
vn 0.6755 0.371 0.6373
vn 0.7663 0.0229 0.6421
vn 0.7222 -0.2743 0.635
vn 0.6012 -0.4899 0.6313
vn 0.4117 -0.6622 0.6262
vn 0.5179 -0.8017 0.2984
vn 0.7189 -0.6027 0.3463
vn 0.1756 -0.7592 0.6267
vn 0.2452 -0.9239 0.2938
vn 0.8075 -0.5692 0.1545
vn 0.8837 -0.3374 0.3245
vn 0.5074 -0.8332 -0.2198
vn 0.7344 -0.6334 -0.2438
vn 0.9458 -0.0431 0.3218
vn 0.9742 -0.1864 -0.1273
vn 0.9226 -0.3121 -0.2269
vn 0.8862 0.3177 0.3373
vn 0.9911 0.1042 -0.0827
vn 0.921 0.3499 -0.171
vn 0.7308 0.6075 0.3113
vn 0.5496 0.7742 0.314
vn 0.8125 0.5781 -0.0754
vn 0.3404 0.891 0.3005
vn 0.6843 0.6402 -0.3492
vn 0.0169 0.9318 0.3625
vn 0.0844 0.9852 0.1491
vn 0.4465 0.8668 -0.2219
vn -0.2862 0.9088 0.3037
vn 0.1706 0.9652 -0.1984
vn -0.5246 0.7969 0.2996
vn -0.1908 0.9676 -0.1653
vn -0.7009 0.6468 0.3005
vn -0.4081 0.839 -0.3599
vn -0.8532 0.393 0.3429
vn -0.7694 0.0256 0.6382
vn -0.9431 0.0371 0.3304
vn -0.9236 0.36 -0.132
vn -0.8009 0.5662 -0.1951
vn -0.6848 0.6877 -0.241
vn -0.9795 0.1187 -0.163
vn -0.0303 0.5665 -0.8235
vn -0.2 0.3839 -0.9014
vn -0.4844 0.3096 -0.8182
vn -0.0652 0.5953 -0.8008
vn -0.235 0.5455 -0.8045
vn 0.2596 0.4985 -0.8271
vn 0.1659 0.8269 -0.5373
vn 0.1846 0.5381 -0.8224
vn 0.3503 0.3415 -0.8721
vn 0.5347 0.2213 -0.8156
vn 0.8069 -0.138 -0.5743
vn 0.3519 0.0159 -0.9359
vn 0.4555 -0.2894 -0.8419
vn 0.3453 -0.4457 -0.8259
vn 0.0873 -0.5406 -0.8367
vn 0.2584 -0.9419 -0.2149
vn -0.0739 -0.9806 -0.1817
vn 0.0174 -0.9566 0.291
vn -0.2422 -0.9275 0.2848
vn -0.1327 -0.766 0.6289
vn 0.0378 -0.5242 0.8507
vn -0.1569 -0.5162 -0.842
vn -0.1726 -0.4287 -0.8868
vn 0.0399 -0.5618 -0.8263
vn 0.201 -0.3964 -0.8958
vn 0.3842 -0.7911 -0.4759
vn 0.4 -0.2306 -0.887
vn 0.5717 0.009 -0.8204
vn 0.5818 0.1547 -0.7985
vn 0.4595 0.2836 -0.8417
vn 0.6057 0.5721 -0.553
vn 0.4789 0.8421 -0.248
vn 0.7933 0.5899 0.151
vn 0.6128 0.7575 0.225
vn 0.0948 0.9763 0.1943
vn 0.8389 0.3869 -0.3829
vn 0.8955 0.3782 0.2346
vn -0.1687 0.9739 -0.1517
vn 0.976 0.1129 -0.1864
vn 0.8211 -0.1862 -0.5396
vn 0.9676 -0.1909 0.1653
vn 0.8516 -0.4838 0.2019
vn 0.7605 -0.4306 -0.486
vn 0.6794 -0.7249 0.1137
vn 0.5586 -0.5852 -0.5878
vn 0.5018 -0.8269 0.2539
vn 0.2244 -0.9612 0.1602
vn 0.0822 -0.9277 -0.3643
vn -0.0859 -0.9824 0.1659
vn -0.2041 -0.8325 -0.5151
vn -0.3533 -0.9303 0.0982
vn -0.507 -0.6995 -0.5036
vn -0.6945 -0.7136 0.0922
vn -0.8448 -0.5043 0.1789
vn -0.7411 -0.4279 -0.5173
vn -0.397 -0.3567 -0.8456
vn -0.9577 -0.2057 0.2011
vn -0.9071 -0.1807 -0.3802
vn -0.9774 0.0919 0.1903
vn -0.5133 -0.1577 -0.8436
vn -0.8503 0.198 -0.4876
vn -0.6026 -0.0021 -0.798
vn -0.9182 0.3781 0.1179
vn -0.8084 0.5516 0.2054
vn -0.7034 0.4862 -0.5184
vn -0.4469 0.192 -0.8737
vn -0.5951 0.7777 0.2025
vn -0.5654 0.7285 -0.3868
vn -0.3718 0.9118 -0.1744
vn -0.3662 0.4026 -0.8389
vn -0.5146 0.1554 -0.8432
vn -0.5584 -0.065 -0.827
vn -0.9541 -0.2644 0.1407
vn -0.9563 -0.2008 -0.2127
vn -0.8741 -0.4212 -0.2422
vn -0.3217 -0.2621 -0.9098
vn -0.5187 -0.6966 -0.4956
vn -0.4054 -0.8923 -0.1987
vn -0.6631 -0.7167 -0.216
vn -0.7437 -0.6028 0.2892
vn -0.5046 -0.8159 0.2823
vn -0.8761 -0.3362 0.3456
vn -0.7318 -0.2558 0.6317
vn -0.6061 -0.4926 0.6245
vn -0.3188 -0.413 0.8531
vn -0.4053 -0.6633 0.6291
vn -0.1348 -0.5058 0.852
vn -0.0356 -0.4613 0.8866
vn 0.1036 -0.6932 0.7132
vn -0.3693 -0.6928 0.6194
vn 0.7893 0.0935 0.6069
vn -0.2563 0.756 0.6023
vn 0.2698 0.9138 0.3037
vn 0.2768 0.6268 0.7284
vn -0.0183 0.6854 0.728
vn -0.4704 0.5084 0.7213
vn -0.6437 0.2353 0.7282
vn -0.6996 -0.0355 0.7137
vn -0.6459 -0.2533 0.7202
vn -0.5112 -0.4828 0.711
vn -0.0432 -0.6822 0.7299
vn 0.2294 -0.6546 0.7203
vn 0.5091 -0.4832 0.7123
vn 0.6672 -0.2041 0.7164
vn 0.6043 0.2872 0.7432
vn 0.4969 0.4773 0.7247
vn 0.4094 0.6981 0.5874
vn 0.7066 0.3998 0.5838
vn 0.0509 0.8177 0.5734
vn -0.3018 0.7614 0.5738
vn 0.822 0.0249 0.5689
vn -0.6519 0.4787 0.5881
vn 0.7428 -0.3589 0.5652
vn 0.5235 -0.646 0.5556
vn -0.8074 0.0093 0.5899
vn 0.184 -0.8116 0.5545
vn -0.6982 -0.4294 0.5728
vn -0.1773 -0.8158 0.5505
vn -0.4586 -0.6899 0.56
vn -0.3991 -0.9169 -0.0052
vn 0.0704 -0.9975 -0.0056
vn 0.4811 -0.8767 -0.0031
vn -0.8122 -0.5834 -0.0014
vn 0.8338 -0.552 -0.0007
vn -0.9937 -0.1124 0.0024
vn 0.9998 -0.0205 0.0031
vn -0.9059 0.4235 0.0073
vn 0.8275 0.5615 0.0077
vn -0.5507 0.8346 0.0103
vn 0.3992 0.9168 0.0103
vn -0.0859 0.9962 0.0109
vn 0.0069 0.7188 0.6952
vn 0.2895 0.7053 0.6472
vn 0.3122 0.6879 0.6552
vn -0.1982 0.8062 0.5574
vn -0.3421 0.5965 0.726
vn 0.5632 0.5432 0.6227
vn 0.621 0.423 0.6599
vn -0.5736 0.6007 0.557
vn -0.6153 0.3871 0.6867
vn 0.7925 0.2648 0.5494
vn 0.7469 0.0692 0.6613
vn -0.8335 0.2675 0.4835
vn -0.6845 0.0133 0.7289
vn 0.8622 -0.1211 0.4919
vn 0.6689 -0.3128 0.6744
vn -0.9028 -0.2669 0.3373
vn 0.6395 -0.5286 0.5582
vn -0.5683 -0.3891 0.725
vn 0.3473 -0.7478 0.5659
vn 0.4655 -0.5779 0.6704
vn -0.5493 -0.6741 0.4938
vn -0.2979 -0.6451 0.7036
vn 0.0832 -0.6726 0.7353
vn -0.1364 -0.8597 0.4922
vn 0.2202 -0.9754 -0.0127
vn -0.3728 -0.9279 -0.0102
vn 0.1016 -0.9948 -0.0033
vn -0.4235 -0.9059 -0.0056
vn 0.6181 -0.7861 -0.001
vn -0.7628 -0.6467 -0.0051
vn 0.7076 -0.7066 -0.0092
vn -0.7684 -0.64 -0.0056
vn -0.9625 -0.2712 -0.0012
vn -0.9621 -0.2727 -0.0006
vn 0.9432 -0.3322 -0.0009
vn 0.9631 -0.269 -0.0029
vn -0.9635 0.2678 0.0065
vn -0.9925 0.1222 0.0004
vn 0.9625 0.2711 0.0011
vn 0.9755 0.2199 0.0027
vn -0.8495 0.5276 -0.0016
vn -0.4797 0.5876 0.6516
vn 0.7148 0.6993 0.0047
vn 0.6664 0.7456 0.0046
vn -0.4474 0.8943 -0.0003
vn -0.095 0.7414 0.6643
vn 0.1554 0.9878 0.0043
vn 0.2359 0.7037 0.6702
vn -0 -0.0076 1
vn -0 -0.0076 1
vn 0.0001 -0.0079 1
vn -0.0001 -0.0075 1
vn -0 -0.0076 1
vn 0.0001 -0.0075 1
vn 0.0001 -0.0077 1
vn 0.0002 -0.0076 1
vn -0.0002 -0.0075 1
f 1067/1067/1067 1066/1066/1066 1069/1069/1069
f 1067/1067/1067 1069/1069/1069 1071/1071/1071
f 1066/1066/1066 1067/1067/1067 1063/1063/1063
f 1071/1071/1071 1072/1072/1072 1067/1067/1067
f 1063/1063/1063 1062/1062/1062 1066/1066/1066
f 1071/1071/1071 1075/1075/1075 1072/1072/1072
f 1062/1062/1062 1063/1063/1063 1059/1059/1059
f 1075/1075/1075 1071/1071/1071 1076/1076/1076
f 1059/1059/1059 1058/1058/1058 1062/1062/1062
f 1076/1076/1076 1074/1074/1074 1075/1075/1075
f 1058/1058/1058 1059/1059/1059 1054/1054/1054
f 1074/1074/1074 1076/1076/1076 1073/1073/1073
f 1054/1054/1054 1055/1055/1055 1058/1058/1058
f 1073/1073/1073 1070/1070/1070 1074/1074/1074
f 1055/1055/1055 1054/1054/1054 1053/1053/1053
f 1070/1070/1070 1073/1073/1073 1068/1068/1068
f 1053/1053/1053 1056/1056/1056 1055/1055/1055
f 1068/1068/1068 1065/1065/1065 1070/1070/1070
f 1056/1056/1056 1053/1053/1053 1057/1057/1057
f 1065/1065/1065 1068/1068/1068 1064/1064/1064
f 1057/1057/1057 1060/1060/1060 1056/1056/1056
f 1064/1064/1064 1061/1061/1061 1065/1065/1065
f 1060/1060/1060 1057/1057/1057 1061/1061/1061
f 1061/1061/1061 1064/1064/1064 1060/1060/1060
f 3/3/3 2/2/2 1/1/1
f 1/1/1 2/2/2 8/8/8
f 3/3/3 1/1/1 13/13/13
f 8/8/8 13/13/13 1/1/1
f 3/3/3 4/4/4 2/2/2
f 8/8/8 2/2/2 10/10/10
f 2/2/2 4/4/4 11/11/11
f 11/11/11 10/10/10 2/2/2
f 3/3/3 5/5/5 4/4/4
f 8/8/8 10/10/10 18/18/18
f 4/4/4 5/5/5 7/7/7
f 10/10/10 11/11/11 15/15/15
f 15/15/15 18/18/18 10/10/10
f 9/9/9 11/11/11 4/4/4
f 7/7/7 9/9/9 4/4/4
f 9/9/9 15/15/15 11/11/11
f 6/6/6 7/7/7 5/5/5
f 3/3/3 6/6/6 5/5/5
f 9/9/9 7/7/7 14/14/14
f 6/6/6 14/14/14 7/7/7
f 6/6/6 3/3/3 12/12/12
f 13/13/13 12/12/12 3/3/3
f 6/6/6 12/12/12 17/17/17
f 13/13/13 17/17/17 12/12/12
f 14/14/14 6/6/6 16/16/16
f 17/17/17 16/16/16 6/6/6
f 9/9/9 14/14/14 20/20/20
f 16/16/16 20/20/20 14/14/14
f 15/15/15 9/9/9 21/21/21
f 20/20/20 21/21/21 9/9/9
f 16/16/16 17/17/17 23/23/23
f 20/20/20 16/16/16 22/22/22
f 23/23/23 22/22/22 16/16/16
f 21/21/21 20/20/20 26/26/26
f 22/22/22 26/26/26 20/20/20
f 24/24/24 23/23/23 17/17/17
f 17/17/17 13/13/13 24/24/24
f 22/22/22 23/23/23 27/27/27
f 24/24/24 27/27/27 23/23/23
f 26/26/26 22/22/22 28/28/28
f 27/27/27 28/28/28 22/22/22
f 28/28/28 31/31/31 26/26/26
f 21/21/21 26/26/26 31/31/31
f 27/27/27 35/35/35 28/28/28
f 31/31/31 28/28/28 35/35/35
f 13/13/13 8/8/8 19/19/19
f 19/19/19 24/24/24 13/13/13
f 18/18/18 19/19/19 8/8/8
f 27/27/27 24/24/24 34/34/34
f 19/19/19 18/18/18 25/25/25
f 15/15/15 25/25/25 18/18/18
f 24/24/24 19/19/19 33/33/33
f 33/33/33 34/34/34 24/24/24
f 19/19/19 25/25/25 32/32/32
f 32/32/32 33/33/33 19/19/19
f 25/25/25 15/15/15 29/29/29
f 29/29/29 32/32/32 25/25/25
f 21/21/21 29/29/29 15/15/15
f 33/33/33 32/32/32 37/37/37
f 29/29/29 37/37/37 32/32/32
f 31/31/31 30/30/30 21/21/21
f 29/29/29 21/21/21 30/30/30
f 30/30/30 31/31/31 36/36/36
f 35/35/35 36/36/36 31/31/31
f 29/29/29 30/30/30 41/41/41
f 36/36/36 41/41/41 30/30/30
f 37/37/37 29/29/29 40/40/40
f 41/41/41 40/40/40 29/29/29
f 33/33/33 37/37/37 44/44/44
f 40/40/40 44/44/44 37/37/37
f 33/33/33 38/38/38 34/34/34
f 27/27/27 34/34/34 38/38/38
f 44/44/44 45/45/45 33/33/33
f 38/38/38 33/33/33 45/45/45
f 40/40/40 48/48/48 44/44/44
f 45/45/45 44/44/44 48/48/48
f 38/38/38 39/39/39 27/27/27
f 35/35/35 27/27/27 39/39/39
f 45/45/45 53/53/53 38/38/38
f 39/39/39 38/38/38 53/53/53
f 36/36/36 35/35/35 42/42/42
f 39/39/39 42/42/42 35/35/35
f 42/42/42 43/43/43 36/36/36
f 41/41/41 36/36/36 43/43/43
f 39/39/39 46/46/46 42/42/42
f 43/43/43 42/42/42 46/46/46
f 41/41/41 43/43/43 47/47/47
f 46/46/46 47/47/47 43/43/43
f 40/40/40 41/41/41 50/50/50
f 47/47/47 50/50/50 41/41/41
f 46/46/46 39/39/39 52/52/52
f 53/53/53 52/52/52 39/39/39
f 47/47/47 46/46/46 51/51/51
f 52/52/52 51/51/51 46/46/46
f 51/51/51 55/55/55 47/47/47
f 50/50/50 47/47/47 55/55/55
f 52/52/52 57/57/57 51/51/51
f 55/55/55 51/51/51 57/57/57
f 50/50/50 49/49/49 40/40/40
f 48/48/48 40/40/40 49/49/49
f 50/50/50 55/55/55 60/60/60
f 57/57/57 60/60/60 55/55/55
f 49/49/49 56/56/56 48/48/48
f 45/45/45 48/48/48 56/56/56
f 49/49/49 50/50/50 61/61/61
f 60/60/60 61/61/61 50/50/50
f 56/56/56 54/54/54 45/45/45
f 53/53/53 45/45/45 54/54/54
f 49/49/49 59/59/59 56/56/56
f 54/54/54 56/56/56 59/59/59
f 53/53/53 54/54/54 58/58/58
f 59/59/59 58/58/58 54/54/54
f 52/52/52 53/53/53 65/65/65
f 58/58/58 65/65/65 53/53/53
f 59/59/59 49/49/49 62/62/62
f 61/61/61 62/62/62 49/49/49
f 58/58/58 59/59/59 67/67/67
f 62/62/62 67/67/67 59/59/59
f 67/67/67 66/66/66 58/58/58
f 65/65/65 58/58/58 66/66/66
f 62/62/62 70/70/70 67/67/67
f 66/66/66 67/67/67 70/70/70
f 65/65/65 64/64/64 52/52/52
f 57/57/57 52/52/52 64/64/64
f 65/65/65 66/66/66 71/71/71
f 70/70/70 71/71/71 66/66/66
f 64/64/64 63/63/63 57/57/57
f 60/60/60 57/57/57 63/63/63
f 64/64/64 65/65/65 75/75/75
f 71/71/71 75/75/75 65/65/65
f 63/63/63 68/68/68 60/60/60
f 61/61/61 60/60/60 68/68/68
f 64/64/64 69/69/69 63/63/63
f 68/68/68 63/63/63 69/69/69
f 61/61/61 68/68/68 72/72/72
f 69/69/69 72/72/72 68/68/68
f 62/62/62 61/61/61 77/77/77
f 72/72/72 77/77/77 61/61/61
f 69/69/69 64/64/64 73/73/73
f 75/75/75 73/73/73 64/64/64
f 72/72/72 69/69/69 74/74/74
f 73/73/73 74/74/74 69/69/69
f 74/74/74 78/78/78 72/72/72
f 77/77/77 72/72/72 78/78/78
f 73/73/73 81/81/81 74/74/74
f 78/78/78 74/74/74 81/81/81
f 77/77/77 76/76/76 62/62/62
f 70/70/70 62/62/62 76/76/76
f 77/77/77 78/78/78 82/82/82
f 81/81/81 82/82/82 78/78/78
f 76/76/76 79/79/79 70/70/70
f 71/71/71 70/70/70 79/79/79
f 76/76/76 77/77/77 88/88/88
f 82/82/82 88/88/88 77/77/77
f 79/79/79 80/80/80 71/71/71
f 75/75/75 71/71/71 80/80/80
f 76/76/76 83/83/83 79/79/79
f 80/80/80 79/79/79 83/83/83
f 75/75/75 80/80/80 84/84/84
f 83/83/83 84/84/84 80/80/80
f 84/84/84 85/85/85 75/75/75
f 73/73/73 75/75/75 85/85/85
f 83/83/83 91/91/91 84/84/84
f 85/85/85 84/84/84 91/91/91
f 83/83/83 76/76/76 87/87/87
f 88/88/88 87/87/87 76/76/76
f 91/91/91 83/83/83 92/92/92
f 87/87/87 92/92/92 83/83/83
f 85/85/85 91/91/91 95/95/95
f 92/92/92 95/95/95 91/91/91
f 85/85/85 86/86/86 73/73/73
f 81/81/81 73/73/73 86/86/86
f 95/95/95 101/101/101 85/85/85
f 86/86/86 85/85/85 101/101/101
f 82/82/82 81/81/81 89/89/89
f 86/86/86 89/89/89 81/81/81
f 89/89/89 90/90/90 82/82/82
f 88/88/88 82/82/82 90/90/90
f 86/86/86 93/93/93 89/89/89
f 90/90/90 89/89/89 93/93/93
f 88/88/88 90/90/90 94/94/94
f 93/93/93 94/94/94 90/90/90
f 87/87/87 88/88/88 98/98/98
f 94/94/94 98/98/98 88/88/88
f 93/93/93 86/86/86 100/100/100
f 101/101/101 100/100/100 86/86/86
f 94/94/94 93/93/93 99/99/99
f 100/100/100 99/99/99 93/93/93
f 94/94/94 99/99/99 104/104/104
f 100/100/100 104/104/104 99/99/99
f 98/98/98 94/94/94 103/103/103
f 104/104/104 103/103/103 94/94/94
f 98/98/98 96/96/96 87/87/87
f 92/92/92 87/87/87 96/96/96
f 103/103/103 104/104/104 109/109/109
f 96/96/96 97/97/97 92/92/92
f 95/95/95 92/92/92 97/97/97
f 98/98/98 103/103/103 106/106/106
f 109/109/109 106/106/106 103/103/103
f 95/95/95 97/97/97 102/102/102
f 96/96/96 102/102/102 97/97/97
f 110/110/110 109/109/109 104/104/104
f 104/104/104 100/100/100 110/110/110
f 102/102/102 105/105/105 95/95/95
f 101/101/101 95/95/95 105/105/105
f 102/102/102 96/96/96 108/108/108
f 100/100/100 101/101/101 111/111/111
f 111/111/111 110/110/110 100/100/100
f 101/101/101 105/105/105 112/112/112
f 112/112/112 111/111/111 101/101/101
f 105/105/105 102/102/102 113/113/113
f 113/113/113 112/112/112 105/105/105
f 108/108/108 113/113/113 102/102/102
f 96/96/96 98/98/98 107/107/107
f 107/107/107 108/108/108 96/96/96
f 106/106/106 107/107/107 98/98/98
f 113/113/113 108/108/108 118/118/118
f 107/107/107 118/118/118 108/108/108
f 112/112/112 113/113/113 117/117/117
f 118/118/118 117/117/117 113/113/113
f 117/117/117 116/116/116 112/112/112
f 111/111/111 112/112/112 116/116/116
f 118/118/118 124/124/124 117/117/117
f 116/116/116 117/117/117 124/124/124
f 111/111/111 116/116/116 123/123/123
f 124/124/124 123/123/123 116/116/116
f 123/123/123 122/122/122 111/111/111
f 110/110/110 111/111/111 122/122/122
f 123/123/123 124/124/124 129/129/129
f 124/124/124 118/118/118 126/126/126
f 126/126/126 129/129/129 124/124/124
f 122/122/122 123/123/123 128/128/128
f 129/129/129 128/128/128 123/123/123
f 125/125/125 126/126/126 118/118/118
f 118/118/118 107/107/107 125/125/125
f 128/128/128 129/129/129 134/134/134
f 129/129/129 126/126/126 135/135/135
f 135/135/135 134/134/134 129/129/129
f 134/134/134 131/131/131 128/128/128
f 122/122/122 128/128/128 131/131/131
f 135/135/135 139/139/139 134/134/134
f 131/131/131 134/134/134 139/139/139
f 136/136/136 135/135/135 126/126/126
f 126/126/126 125/125/125 136/136/136
f 139/139/139 135/135/135 143/143/143
f 136/136/136 143/143/143 135/135/135
f 139/139/139 140/140/140 131/131/131
f 143/143/143 144/144/144 139/139/139
f 140/140/140 139/139/139 144/144/144
f 131/131/131 132/132/132 122/122/122
f 132/132/132 131/131/131 140/140/140
f 122/122/122 119/119/119 110/110/110
f 119/119/119 122/122/122 132/132/132
f 144/144/144 145/145/145 140/140/140
f 132/132/132 140/140/140 145/145/145
f 114/114/114 110/110/110 119/119/119
f 110/110/110 114/114/114 109/109/109
f 106/106/106 109/109/109 114/114/114
f 114/114/114 115/115/115 106/106/106
f 107/107/107 106/106/106 115/115/115
f 119/119/119 120/120/120 114/114/114
f 115/115/115 114/114/114 120/120/120
f 107/107/107 115/115/115 121/121/121
f 120/120/120 121/121/121 115/115/115
f 121/121/121 125/125/125 107/107/107
f 119/119/119 127/127/127 120/120/120
f 121/121/121 120/120/120 127/127/127
f 125/125/125 121/121/121 130/130/130
f 127/127/127 130/130/130 121/121/121
f 125/125/125 130/130/130 137/137/137
f 137/137/137 136/136/136 125/125/125
f 130/130/130 127/127/127 138/138/138
f 138/138/138 137/137/137 130/130/130
f 127/127/127 119/119/119 133/133/133
f 133/133/133 138/138/138 127/127/127
f 132/132/132 133/133/133 119/119/119
f 137/137/137 138/138/138 142/142/142
f 133/133/133 142/142/142 138/138/138
f 136/136/136 137/137/137 141/141/141
f 142/142/142 141/141/141 137/137/137
f 133/133/133 132/132/132 149/149/149
f 145/145/145 149/149/149 132/132/132
f 136/136/136 141/141/141 147/147/147
f 142/142/142 147/147/147 141/141/141
f 142/142/142 133/133/133 148/148/148
f 149/149/149 148/148/148 133/133/133
f 147/147/147 142/142/142 150/150/150
f 148/148/148 150/150/150 142/142/142
f 147/147/147 146/146/146 136/136/136
f 143/143/143 136/136/136 146/146/146
f 150/150/150 153/153/153 147/147/147
f 146/146/146 147/147/147 153/153/153
f 153/153/153 150/150/150 155/155/155
f 148/148/148 155/155/155 150/150/150
f 146/146/146 153/153/153 156/156/156
f 155/155/155 156/156/156 153/153/153
f 146/146/146 151/151/151 143/143/143
f 144/144/144 143/143/143 151/151/151
f 156/156/156 157/157/157 146/146/146
f 151/151/151 146/146/146 157/157/157
f 145/145/145 144/144/144 152/152/152
f 151/151/151 152/152/152 144/144/144
f 152/152/152 154/154/154 145/145/145
f 149/149/149 145/145/145 154/154/154
f 151/151/151 161/161/161 152/152/152
f 154/154/154 152/152/152 161/161/161
f 149/149/149 154/154/154 160/160/160
f 161/161/161 160/160/160 154/154/154
f 148/148/148 149/149/149 159/159/159
f 160/160/160 159/159/159 149/149/149
f 161/161/161 151/151/151 162/162/162
f 157/157/157 162/162/162 151/151/151
f 160/160/160 161/161/161 167/167/167
f 162/162/162 167/167/167 161/161/161
f 159/159/159 160/160/160 166/166/166
f 167/167/167 166/166/166 160/160/160
f 159/159/159 158/158/158 148/148/148
f 155/155/155 148/148/148 158/158/158
f 159/159/159 166/166/166 172/172/172
f 167/167/167 172/172/172 166/166/166
f 158/158/158 159/159/159 171/171/171
f 172/172/172 171/171/171 159/159/159
f 158/158/158 163/163/163 155/155/155
f 156/156/156 155/155/155 163/163/163
f 171/171/171 168/168/168 158/158/158
f 163/163/163 158/158/158 168/168/168
f 163/163/163 164/164/164 156/156/156
f 157/157/157 156/156/156 164/164/164
f 168/168/168 169/169/169 163/163/163
f 164/164/164 163/163/163 169/169/169
f 164/164/164 165/165/165 157/157/157
f 162/162/162 157/157/157 165/165/165
f 169/169/169 170/170/170 164/164/164
f 165/165/165 164/164/164 170/170/170
f 162/162/162 165/165/165 174/174/174
f 170/170/170 174/174/174 165/165/165
f 169/169/169 178/178/178 170/170/170
f 174/174/174 170/170/170 178/178/178
f 168/168/168 179/179/179 169/169/169
f 178/178/178 169/169/169 179/179/179
f 174/174/174 173/173/173 162/162/162
f 167/167/167 162/162/162 173/173/173
f 178/178/178 177/177/177 174/174/174
f 173/173/173 174/174/174 177/177/177
f 179/179/179 186/186/186 178/178/178
f 177/177/177 178/178/178 186/186/186
f 173/173/173 175/175/175 167/167/167
f 172/172/172 167/167/167 175/175/175
f 177/177/177 180/180/180 173/173/173
f 175/175/175 173/173/173 180/180/180
f 175/175/175 176/176/176 172/172/172
f 171/171/171 172/172/172 176/176/176
f 180/180/180 184/184/184 175/175/175
f 176/176/176 175/175/175 184/184/184
f 180/180/180 177/177/177 185/185/185
f 186/186/186 185/185/185 177/177/177
f 171/171/171 176/176/176 181/181/181
f 184/184/184 181/181/181 176/176/176
f 181/181/181 182/182/182 171/171/171
f 168/168/168 171/171/171 182/182/182
f 184/184/184 189/189/189 181/181/181
f 182/182/182 181/181/181 189/189/189
f 184/184/184 180/180/180 188/188/188
f 185/185/185 188/188/188 180/180/180
f 189/189/189 184/184/184 195/195/195
f 188/188/188 195/195/195 184/184/184
f 182/182/182 183/183/183 168/168/168
f 179/179/179 168/168/168 183/183/183
f 189/189/189 190/190/190 182/182/182
f 183/183/183 182/182/182 190/190/190
f 195/195/195 197/197/197 189/189/189
f 190/190/190 189/189/189 197/197/197
f 183/183/183 187/187/187 179/179/179
f 186/186/186 179/179/179 187/187/187
f 190/190/190 194/194/194 183/183/183
f 187/187/187 183/183/183 194/194/194
f 197/197/197 200/200/200 190/190/190
f 194/194/194 190/190/190 200/200/200
f 187/187/187 192/192/192 186/186/186
f 185/185/185 186/186/186 192/192/192
f 194/194/194 193/193/193 187/187/187
f 192/192/192 187/187/187 193/193/193
f 192/192/192 191/191/191 185/185/185
f 188/188/188 185/185/185 191/191/191
f 193/193/193 199/199/199 192/192/192
f 191/191/191 192/192/192 199/199/199
f 194/194/194 201/201/201 193/193/193
f 199/199/199 193/193/193 201/201/201
f 188/188/188 191/191/191 198/198/198
f 199/199/199 198/198/198 191/191/191
f 201/201/201 204/204/204 199/199/199
f 198/198/198 199/199/199 204/204/204
f 198/198/198 196/196/196 188/188/188
f 195/195/195 188/188/188 196/196/196
f 204/204/204 203/203/203 198/198/198
f 196/196/196 198/198/198 203/203/203
f 204/204/204 201/201/201 209/209/209
f 203/203/203 204/204/204 210/210/210
f 209/209/209 210/210/210 204/204/204
f 196/196/196 203/203/203 211/211/211
f 210/210/210 211/211/211 203/203/203
f 196/196/196 202/202/202 195/195/195
f 197/197/197 195/195/195 202/202/202
f 205/205/205 209/209/209 201/201/201
f 201/201/201 194/194/194 205/205/205
f 202/202/202 207/207/207 197/197/197
f 200/200/200 197/197/197 207/207/207
f 194/194/194 200/200/200 206/206/206
f 207/207/207 206/206/206 200/200/200
f 206/206/206 205/205/205 194/194/194
f 207/207/207 202/202/202 208/208/208
f 196/196/196 208/208/208 202/202/202
f 206/206/206 207/207/207 214/214/214
f 208/208/208 214/214/214 207/207/207
f 205/205/205 206/206/206 213/213/213
f 214/214/214 213/213/213 206/206/206
f 208/208/208 196/196/196 212/212/212
f 211/211/211 212/212/212 196/196/196
f 214/214/214 208/208/208 221/221/221
f 212/212/212 221/221/221 208/208/208
f 213/213/213 214/214/214 220/220/220
f 221/221/221 220/220/220 214/214/214
f 205/205/205 213/213/213 219/219/219
f 220/220/220 219/219/219 213/213/213
f 205/205/205 215/215/215 209/209/209
f 210/210/210 209/209/209 215/215/215
f 219/219/219 218/218/218 205/205/205
f 215/215/215 205/205/205 218/218/218
f 211/211/211 210/210/210 216/216/216
f 215/215/215 216/216/216 210/210/210
f 212/212/212 211/211/211 217/217/217
f 216/216/216 217/217/217 211/211/211
f 218/218/218 222/222/222 215/215/215
f 216/216/216 215/215/215 222/222/222
f 217/217/217 216/216/216 224/224/224
f 222/222/222 224/224/224 216/216/216
f 212/212/212 217/217/217 229/229/229
f 224/224/224 229/229/229 217/217/217
f 221/221/221 212/212/212 228/228/228
f 229/229/229 228/228/228 212/212/212
f 220/220/220 221/221/221 227/227/227
f 228/228/228 227/227/227 221/221/221
f 227/227/227 226/226/226 220/220/220
f 219/219/219 220/220/220 226/226/226
f 228/228/228 233/233/233 227/227/227
f 226/226/226 227/227/227 233/233/233
f 226/226/226 225/225/225 219/219/219
f 218/218/218 219/219/219 225/225/225
f 233/233/233 232/232/232 226/226/226
f 225/225/225 226/226/226 232/232/232
f 225/225/225 223/223/223 218/218/218
f 222/222/222 218/218/218 223/223/223
f 232/232/232 231/231/231 225/225/225
f 223/223/223 225/225/225 231/231/231
f 232/232/232 233/233/233 241/241/241
f 223/223/223 230/230/230 222/222/222
f 224/224/224 222/222/222 230/230/230
f 241/241/241 239/239/239 232/232/232
f 231/231/231 232/232/232 239/239/239
f 237/237/237 241/241/241 233/233/233
f 233/233/233 228/228/228 237/237/237
f 239/239/239 241/241/241 245/245/245
f 237/237/237 245/245/245 241/241/241
f 239/239/239 240/240/240 231/231/231
f 231/231/231 238/238/238 223/223/223
f 238/238/238 231/231/231 240/240/240
f 230/230/230 223/223/223 238/238/238
f 240/240/240 239/239/239 246/246/246
f 245/245/245 246/246/246 239/239/239
f 238/238/238 240/240/240 247/247/247
f 246/246/246 247/247/247 240/240/240
f 230/230/230 235/235/235 224/224/224
f 229/229/229 224/224/224 235/235/235
f 238/238/238 236/236/236 230/230/230
f 235/235/235 230/230/230 236/236/236
f 228/228/228 229/229/229 234/234/234
f 235/235/235 234/234/234 229/229/229
f 234/234/234 237/237/237 228/228/228
f 236/236/236 243/243/243 235/235/235
f 234/234/234 235/235/235 243/243/243
f 238/238/238 244/244/244 236/236/236
f 243/243/243 236/236/236 244/244/244
f 243/243/243 242/242/242 234/234/234
f 237/237/237 234/234/234 242/242/242
f 244/244/244 249/249/249 243/243/243
f 242/242/242 243/243/243 249/249/249
f 244/244/244 238/238/238 251/251/251
f 247/247/247 251/251/251 238/238/238
f 249/249/249 244/244/244 250/250/250
f 251/251/251 250/250/250 244/244/244
f 249/249/249 248/248/248 242/242/242
f 237/237/237 242/242/242 248/248/248
f 250/250/250 256/256/256 249/249/249
f 248/248/248 249/249/249 256/256/256
f 251/251/251 258/258/258 250/250/250
f 256/256/256 250/250/250 258/258/258
f 248/248/248 252/252/252 237/237/237
f 245/245/245 237/237/237 252/252/252
f 256/256/256 255/255/255 248/248/248
f 252/252/252 248/248/248 255/255/255
f 258/258/258 261/261/261 256/256/256
f 255/255/255 256/256/256 261/261/261
f 252/252/252 253/253/253 245/245/245
f 246/246/246 245/245/245 253/253/253
f 252/252/252 255/255/255 259/259/259
f 261/261/261 259/259/259 255/255/255
f 253/253/253 254/254/254 246/246/246
f 247/247/247 246/246/246 254/254/254
f 252/252/252 260/260/260 253/253/253
f 254/254/254 253/253/253 260/260/260
f 254/254/254 257/257/257 247/247/247
f 251/251/251 247/247/247 257/257/257
f 260/260/260 264/264/264 254/254/254
f 257/257/257 254/254/254 264/264/264
f 260/260/260 252/252/252 266/266/266
f 259/259/259 266/266/266 252/252/252
f 264/264/264 260/260/260 271/271/271
f 266/266/266 271/271/271 260/260/260
f 264/264/264 263/263/263 257/257/257
f 251/251/251 257/257/257 263/263/263
f 271/271/271 270/270/270 264/264/264
f 263/263/263 264/264/264 270/270/270
f 266/266/266 278/278/278 271/271/271
f 270/270/270 271/271/271 278/278/278
f 263/263/263 262/262/262 251/251/251
f 258/258/258 251/251/251 262/262/262
f 270/270/270 269/269/269 263/263/263
f 262/262/262 263/263/263 269/269/269
f 278/278/278 277/277/277 270/270/270
f 269/269/269 270/270/270 277/277/277
f 262/262/262 265/265/265 258/258/258
f 261/261/261 258/258/258 265/265/265
f 262/262/262 269/269/269 276/276/276
f 277/277/277 276/276/276 269/269/269
f 265/265/265 267/267/267 261/261/261
f 259/259/259 261/261/261 267/267/267
f 262/262/262 272/272/272 265/265/265
f 267/267/267 265/265/265 272/272/272
f 267/267/267 268/268/268 259/259/259
f 266/266/266 259/259/259 268/268/268
f 272/272/272 273/273/273 267/267/267
f 268/268/268 267/267/267 273/273/273
f 272/272/272 262/262/262 275/275/275
f 276/276/276 275/275/275 262/262/262
f 273/273/273 272/272/272 280/280/280
f 275/275/275 280/280/280 272/272/272
f 273/273/273 274/274/274 268/268/268
f 266/266/266 268/268/268 274/274/274
f 280/280/280 281/281/281 273/273/273
f 274/274/274 273/273/273 281/281/281
f 275/275/275 286/286/286 280/280/280
f 281/281/281 280/280/280 286/286/286
f 274/274/274 279/279/279 266/266/266
f 278/278/278 266/266/266 279/279/279
f 281/281/281 285/285/285 274/274/274
f 279/279/279 274/274/274 285/285/285
f 286/286/286 292/292/292 281/281/281
f 285/285/285 281/281/281 292/292/292
f 279/279/279 284/284/284 278/278/278
f 277/277/277 278/278/278 284/284/284
f 279/279/279 285/285/285 291/291/291
f 292/292/292 291/291/291 285/285/285
f 284/284/284 283/283/283 277/277/277
f 276/276/276 277/277/277 283/283/283
f 279/279/279 290/290/290 284/284/284
f 283/283/283 284/284/284 290/290/290
f 283/283/283 282/282/282 276/276/276
f 275/275/275 276/276/276 282/282/282
f 290/290/290 289/289/289 283/283/283
f 282/282/282 283/283/283 289/289/289
f 290/290/290 279/279/279 295/295/295
f 291/291/291 295/295/295 279/279/279
f 289/289/289 290/290/290 298/298/298
f 295/295/295 298/298/298 290/290/290
f 289/289/289 287/287/287 282/282/282
f 275/275/275 282/282/282 287/287/287
f 298/298/298 296/296/296 289/289/289
f 287/287/287 289/289/289 296/296/296
f 295/295/295 302/302/302 298/298/298
f 296/296/296 298/298/298 302/302/302
f 287/287/287 288/288/288 275/275/275
f 286/286/286 275/275/275 288/288/288
f 296/296/296 297/297/297 287/287/287
f 288/288/288 287/287/287 297/297/297
f 302/302/302 303/303/303 296/296/296
f 297/297/297 296/296/296 303/303/303
f 288/288/288 294/294/294 286/286/286
f 292/292/292 286/286/286 294/294/294
f 288/288/288 297/297/297 304/304/304
f 303/303/303 304/304/304 297/297/297
f 294/294/294 293/293/293 292/292/292
f 291/291/291 292/292/292 293/293/293
f 288/288/288 301/301/301 294/294/294
f 293/293/293 294/294/294 301/301/301
f 293/293/293 299/299/299 291/291/291
f 295/295/295 291/291/291 299/299/299
f 301/301/301 300/300/300 293/293/293
f 299/299/299 293/293/293 300/300/300
f 301/301/301 288/288/288 306/306/306
f 304/304/304 306/306/306 288/288/288
f 300/300/300 301/301/301 307/307/307
f 306/306/306 307/307/307 301/301/301
f 300/300/300 305/305/305 299/299/299
f 295/295/295 299/299/299 305/305/305
f 307/307/307 308/308/308 300/300/300
f 305/305/305 300/300/300 308/308/308
f 307/307/307 313/313/313 308/308/308
f 305/305/305 308/308/308 313/313/313
f 306/306/306 315/315/315 307/307/307
f 313/313/313 307/307/307 315/315/315
f 305/305/305 309/309/309 295/295/295
f 302/302/302 295/295/295 309/309/309
f 313/313/313 312/312/312 305/305/305
f 309/309/309 305/305/305 312/312/312
f 315/315/315 318/318/318 313/313/313
f 312/312/312 313/313/313 318/318/318
f 309/309/309 310/310/310 302/302/302
f 303/303/303 302/302/302 310/310/310
f 309/309/309 312/312/312 316/316/316
f 318/318/318 316/316/316 312/312/312
f 310/310/310 311/311/311 303/303/303
f 304/304/304 303/303/303 311/311/311
f 309/309/309 317/317/317 310/310/310
f 311/311/311 310/310/310 317/317/317
f 311/311/311 314/314/314 304/304/304
f 306/306/306 304/304/304 314/314/314
f 317/317/317 321/321/321 311/311/311
f 314/314/314 311/311/311 321/321/321
f 317/317/317 309/309/309 324/324/324
f 316/316/316 324/324/324 309/309/309
f 321/321/321 317/317/317 328/328/328
f 324/324/324 328/328/328 317/317/317
f 321/321/321 320/320/320 314/314/314
f 306/306/306 314/314/314 320/320/320
f 328/328/328 327/327/327 321/321/321
f 320/320/320 321/321/321 327/327/327
f 324/324/324 334/334/334 328/328/328
f 327/327/327 328/328/328 334/334/334
f 320/320/320 319/319/319 306/306/306
f 315/315/315 306/306/306 319/319/319
f 327/327/327 326/326/326 320/320/320
f 319/319/319 320/320/320 326/326/326
f 327/327/327 333/333/333 326/326/326
f 319/319/319 326/326/326 333/333/333
f 334/334/334 336/336/336 327/327/327
f 333/333/333 327/327/327 336/336/336
f 319/319/319 322/322/322 315/315/315
f 318/318/318 315/315/315 322/322/322
f 336/336/336 339/339/339 333/333/333
f 322/322/322 323/323/323 318/318/318
f 316/316/316 318/318/318 323/323/323
f 319/319/319 329/329/329 322/322/322
f 323/323/323 322/322/322 329/329/329
f 333/333/333 332/332/332 319/319/319
f 329/329/329 319/319/319 332/332/332
f 332/332/332 333/333/333 339/339/339
f 323/323/323 325/325/325 316/316/316
f 324/324/324 316/316/316 325/325/325
f 329/329/329 330/330/330 323/323/323
f 325/325/325 323/323/323 330/330/330
f 324/324/324 325/325/325 331/331/331
f 330/330/330 331/331/331 325/325/325
f 330/330/330 329/329/329 337/337/337
f 332/332/332 337/337/337 329/329/329
f 331/331/331 330/330/330 338/338/338
f 337/337/337 338/338/338 330/330/330
f 331/331/331 335/335/335 324/324/324
f 334/334/334 324/324/324 335/335/335
f 338/338/338 341/341/341 331/331/331
f 335/335/335 331/331/331 341/341/341
f 338/338/338 337/337/337 344/344/344
f 332/332/332 344/344/344 337/337/337
f 341/341/341 338/338/338 342/342/342
f 344/344/344 342/342/342 338/338/338
f 335/335/335 341/341/341 348/348/348
f 342/342/342 348/348/348 341/341/341
f 335/335/335 340/340/340 334/334/334
f 336/336/336 334/334/334 340/340/340
f 342/342/342 344/344/344 350/350/350
f 340/340/340 343/343/343 336/336/336
f 339/339/339 336/336/336 343/343/343
f 335/335/335 347/347/347 340/340/340
f 343/343/343 340/340/340 347/347/347
f 343/343/343 345/345/345 339/339/339
f 332/332/332 339/339/339 345/345/345
f 347/347/347 352/352/352 343/343/343
f 345/345/345 343/343/343 352/352/352
f 344/344/344 332/332/332 346/346/346
f 345/345/345 346/346/346 332/332/332
f 346/346/346 350/350/350 344/344/344
f 352/352/352 353/353/353 345/345/345
f 346/346/346 345/345/345 353/353/353
f 350/350/350 349/349/349 342/342/342
f 348/348/348 342/342/342 349/349/349
f 346/346/346 357/357/357 350/350/350
f 349/349/349 350/350/350 357/357/357
f 346/346/346 353/353/353 360/360/360
f 349/349/349 355/355/355 348/348/348
f 353/353/353 352/352/352 358/358/358
f 358/358/358 360/360/360 353/353/353
f 352/352/352 347/347/347 354/354/354
f 354/354/354 358/358/358 352/352/352
f 347/347/347 335/335/335 351/351/351
f 348/348/348 351/351/351 335/335/335
f 351/351/351 354/354/354 347/347/347
f 351/351/351 348/348/348 355/355/355
f 358/358/358 354/354/354 359/359/359
f 351/351/351 359/359/359 354/354/354
f 355/355/355 349/349/349 356/356/356
f 357/357/357 356/356/356 349/349/349
f 351/351/351 355/355/355 361/361/361
f 356/356/356 361/361/361 355/355/355
f 359/359/359 351/351/351 365/365/365
f 361/361/361 365/365/365 351/351/351
f 359/359/359 366/366/366 358/358/358
f 360/360/360 358/358/358 366/366/366
f 365/365/365 367/367/367 359/359/359
f 366/366/366 359/359/359 367/367/367
f 365/365/365 361/361/361 368/368/368
f 366/366/366 369/369/369 360/360/360
f 364/364/364 368/368/368 361/361/361
f 361/361/361 356/356/356 364/364/364
f 369/369/369 366/366/366 370/370/370
f 367/367/367 370/370/370 366/366/366
f 363/363/363 364/364/364 356/356/356
f 356/356/356 357/357/357 363/363/363
f 362/362/362 360/360/360 369/369/369
f 360/360/360 362/362/362 346/346/346
f 357/357/357 346/346/346 362/362/362
f 362/362/362 363/363/363 357/357/357
f 370/370/370 375/375/375 369/369/369
f 362/362/362 369/369/369 375/375/375
f 364/364/364 363/363/363 371/371/371
f 362/362/362 371/371/371 363/363/363
f 375/375/375 370/370/370 376/376/376
f 367/367/367 376/376/376 370/370/370
f 375/375/375 374/374/374 362/362/362
f 371/371/371 362/362/362 374/374/374
f 376/376/376 381/381/381 375/375/375
f 374/374/374 375/375/375 381/381/381
f 371/371/371 372/372/372 364/364/364
f 368/368/368 364/364/364 372/372/372
f 374/374/374 377/377/377 371/371/371
f 372/372/372 371/371/371 377/377/377
f 372/372/372 373/373/373 368/368/368
f 365/365/365 368/368/368 373/373/373
f 377/377/377 378/378/378 372/372/372
f 373/373/373 372/372/372 378/378/378
f 374/374/374 384/384/384 377/377/377
f 378/378/378 377/377/377 384/384/384
f 373/373/373 379/379/379 365/365/365
f 367/367/367 365/365/365 379/379/379
f 378/378/378 380/380/380 373/373/373
f 379/379/379 373/373/373 380/380/380
f 384/384/384 385/385/385 378/378/378
f 380/380/380 378/378/378 385/385/385
f 379/379/379 382/382/382 367/367/367
f 376/376/376 367/367/367 382/382/382
f 379/379/379 380/380/380 386/386/386
f 385/385/385 386/386/386 380/380/380
f 382/382/382 383/383/383 376/376/376
f 381/381/381 376/376/376 383/383/383
f 382/382/382 379/379/379 389/389/389
f 386/386/386 389/389/389 379/379/379
f 383/383/383 388/388/388 381/381/381
f 374/374/374 381/381/381 388/388/388
f 382/382/382 390/390/390 383/383/383
f 388/388/388 383/383/383 390/390/390
f 388/388/388 387/387/387 374/374/374
f 384/384/384 374/374/374 387/387/387
f 390/390/390 393/393/393 388/388/388
f 387/387/387 388/388/388 393/393/393
f 390/390/390 382/382/382 394/394/394
f 389/389/389 394/394/394 382/382/382
f 393/393/393 390/390/390 397/397/397
f 394/394/394 397/397/397 390/390/390
f 387/387/387 391/391/391 384/384/384
f 385/385/385 384/384/384 391/391/391
f 394/394/394 403/403/403 397/397/397
f 393/393/393 397/397/397 403/403/403
f 391/391/391 392/392/392 385/385/385
f 386/386/386 385/385/385 392/392/392
f 393/393/393 398/398/398 387/387/387
f 391/391/391 387/387/387 398/398/398
f 392/392/392 395/395/395 386/386/386
f 389/389/389 386/386/386 395/395/395
f 391/391/391 396/396/396 392/392/392
f 395/395/395 392/392/392 396/396/396
f 389/389/389 395/395/395 399/399/399
f 396/396/396 399/399/399 395/395/395
f 394/394/394 389/389/389 402/402/402
f 399/399/399 402/402/402 389/389/389
f 396/396/396 391/391/391 401/401/401
f 398/398/398 401/401/401 391/391/391
f 399/399/399 396/396/396 400/400/400
f 401/401/401 400/400/400 396/396/396
f 399/399/399 400/400/400 406/406/406
f 401/401/401 406/406/406 400/400/400
f 402/402/402 399/399/399 407/407/407
f 406/406/406 407/407/407 399/399/399
f 402/402/402 405/405/405 394/394/394
f 403/403/403 394/394/394 405/405/405
f 407/407/407 406/406/406 412/412/412
f 403/403/403 404/404/404 393/393/393
f 398/398/398 393/393/393 404/404/404
f 404/404/404 403/403/403 408/408/408
f 405/405/405 408/408/408 403/403/403
f 398/398/398 404/404/404 409/409/409
f 408/408/408 409/409/409 404/404/404
f 401/401/401 398/398/398 410/410/410
f 409/409/409 410/410/410 398/398/398
f 406/406/406 401/401/401 411/411/411
f 410/410/410 411/411/411 401/401/401
f 411/411/411 412/412/412 406/406/406
f 409/409/409 408/408/408 415/415/415
f 405/405/405 415/415/415 408/408/408
f 410/410/410 409/409/409 417/417/417
f 415/415/415 417/417/417 409/409/409
f 412/412/412 413/413/413 407/407/407
f 402/402/402 407/407/407 413/413/413
f 417/417/417 415/415/415 418/418/418
f 413/413/413 414/414/414 402/402/402
f 405/405/405 402/402/402 414/414/414
f 413/413/413 412/412/412 419/419/419
f 411/411/411 419/419/419 412/412/412
f 415/415/415 405/405/405 416/416/416
f 414/414/414 416/416/416 405/405/405
f 416/416/416 418/418/418 415/415/415
f 414/414/414 413/413/413 420/420/420
f 419/419/419 420/420/420 413/413/413
f 418/418/418 423/423/423 417/417/417
f 410/410/410 417/417/417 423/423/423
f 420/420/420 421/421/421 414/414/414
f 416/416/416 414/414/414 421/421/421
f 423/423/423 422/422/422 410/410/410
f 411/411/411 410/410/410 422/422/422
f 423/423/423 418/418/418 424/424/424
f 416/416/416 424/424/424 418/418/418
f 422/422/422 423/423/423 429/429/429
f 424/424/424 429/429/429 423/423/423
f 422/422/422 425/425/425 411/411/411
f 419/419/419 411/411/411 425/425/425
f 429/429/429 435/435/435 422/422/422
f 425/425/425 422/422/422 435/435/435
f 420/420/420 419/419/419 426/426/426
f 425/425/425 426/426/426 419/419/419
f 421/421/421 420/420/420 427/427/427
f 426/426/426 427/427/427 420/420/420
f 416/416/416 421/421/421 428/428/428
f 427/427/427 428/428/428 421/421/421
f 425/425/425 433/433/433 426/426/426
f 427/427/427 426/426/426 433/433/433
f 428/428/428 430/430/430 416/416/416
f 424/424/424 416/416/416 430/430/430
f 427/427/427 432/432/432 428/428/428
f 430/430/430 428/428/428 432/432/432
f 429/429/429 424/424/424 431/431/431
f 430/430/430 431/431/431 424/424/424
f 432/432/432 427/427/427 434/434/434
f 433/433/433 434/434/434 427/427/427
f 429/429/429 431/431/431 437/437/437
f 430/430/430 437/437/437 431/431/431
f 437/437/437 438/438/438 429/429/429
f 435/435/435 429/429/429 438/438/438
f 430/430/430 432/432/432 436/436/436
f 434/434/434 436/436/436 432/432/432
f 437/437/437 430/430/430 441/441/441
f 436/436/436 441/441/441 430/430/430
f 438/438/438 437/437/437 445/445/445
f 441/441/441 445/445/445 437/437/437
f 445/445/445 446/446/446 438/438/438
f 435/435/435 438/438/438 446/446/446
f 441/441/441 452/452/452 445/445/445
f 446/446/446 445/445/445 452/452/452
f 441/441/441 436/436/436 442/442/442
f 452/452/452 453/453/453 446/446/446
f 443/443/443 442/442/442 436/436/436
f 436/436/436 434/434/434 443/443/443
f 446/446/446 447/447/447 435/435/435
f 447/447/447 446/446/446 453/453/453
f 435/435/435 439/439/439 425/425/425
f 439/439/439 435/435/435 447/447/447
f 433/433/433 425/425/425 439/439/439
f 434/434/434 433/433/433 440/440/440
f 439/439/439 440/440/440 433/433/433
f 434/434/434 440/440/440 444/444/444
f 439/439/439 444/444/444 440/440/440
f 444/444/444 443/443/443 434/434/434
f 444/444/444 439/439/439 450/450/450
f 447/447/447 450/450/450 439/439/439
f 443/443/443 444/444/444 449/449/449
f 450/450/450 449/449/449 444/444/444
f 449/449/449 448/448/448 443/443/443
f 442/442/442 443/443/443 448/448/448
f 450/450/450 455/455/455 449/449/449
f 448/448/448 449/449/449 455/455/455
f 448/448/448 451/451/451 442/442/442
f 441/441/441 442/442/442 451/451/451
f 455/455/455 456/456/456 448/448/448
f 451/451/451 448/448/448 456/456/456
f 451/451/451 454/454/454 441/441/441
f 452/452/452 441/441/441 454/454/454
f 456/456/456 457/457/457 451/451/451
f 454/454/454 451/451/451 457/457/457
f 456/456/456 455/455/455 463/463/463
f 457/457/457 456/456/456 464/464/464
f 463/463/463 464/464/464 456/456/456
f 455/455/455 450/450/450 461/461/461
f 461/461/461 463/463/463 455/455/455
f 464/464/464 465/465/465 457/457/457
f 454/454/454 457/457/457 465/465/465
f 464/464/464 463/463/463 470/470/470
f 461/461/461 470/470/470 463/463/463
f 465/465/465 464/464/464 471/471/471
f 470/470/470 471/471/471 464/464/464
f 460/460/460 461/461/461 450/450/450
f 450/450/450 447/447/447 460/460/460
f 470/470/470 461/461/461 476/476/476
f 459/459/459 460/460/460 447/447/447
f 447/447/447 453/453/453 459/459/459
f 461/461/461 460/460/460 473/473/473
f 473/473/473 476/476/476 461/461/461
f 453/453/453 452/452/452 458/458/458
f 458/458/458 459/459/459 453/453/453
f 454/454/454 458/458/458 452/452/452
f 459/459/459 458/458/458 466/466/466
f 454/454/454 466/466/466 458/458/458
f 460/460/460 459/459/459 462/462/462
f 466/466/466 462/462/462 459/459/459
f 460/460/460 462/462/462 468/468/468
f 468/468/468 473/473/473 460/460/460
f 462/462/462 466/466/466 469/469/469
f 469/469/469 468/468/468 462/462/462
f 466/466/466 454/454/454 467/467/467
f 467/467/467 469/469/469 466/466/466
f 465/465/465 467/467/467 454/454/454
f 468/468/468 469/469/469 475/475/475
f 467/467/467 475/475/475 469/469/469
f 473/473/473 468/468/468 474/474/474
f 475/475/475 474/474/474 468/468/468
f 467/467/467 465/465/465 472/472/472
f 471/471/471 472/472/472 465/465/465
f 474/474/474 480/480/480 473/473/473
f 476/476/476 473/473/473 480/480/480
f 474/474/474 475/475/475 482/482/482
f 480/480/480 474/474/474 484/484/484
f 482/482/482 484/484/484 474/474/474
f 475/475/475 467/467/467 481/481/481
f 481/481/481 482/482/482 475/475/475
f 467/467/467 472/472/472 479/479/479
f 479/479/479 481/481/481 467/467/467
f 472/472/472 471/471/471 478/478/478
f 478/478/478 479/479/479 472/472/472
f 471/471/471 470/470/470 477/477/477
f 477/477/477 478/478/478 471/471/471
f 476/476/476 477/477/477 470/470/470
f 478/478/478 477/477/477 485/485/485
f 476/476/476 485/485/485 477/477/477
f 479/479/479 478/478/478 486/486/486
f 485/485/485 486/486/486 478/478/478
f 486/486/486 483/483/483 479/479/479
f 481/481/481 479/479/479 483/483/483
f 486/486/486 485/485/485 493/493/493
f 483/483/483 486/486/486 489/489/489
f 493/493/493 489/489/489 486/486/486
f 481/481/481 483/483/483 488/488/488
f 489/489/489 488/488/488 483/483/483
f 492/492/492 493/493/493 485/485/485
f 485/485/485 476/476/476 492/492/492
f 489/489/489 493/493/493 498/498/498
f 492/492/492 498/498/498 493/493/493
f 476/476/476 480/480/480 487/487/487
f 487/487/487 492/492/492 476/476/476
f 484/484/484 487/487/487 480/480/480
f 498/498/498 497/497/497 489/489/489
f 488/488/488 489/489/489 497/497/497
f 487/487/487 484/484/484 491/491/491
f 497/497/497 496/496/496 488/488/488
f 491/491/491 494/494/494 487/487/487
f 492/492/492 487/487/487 494/494/494
f 490/490/490 491/491/491 484/484/484
f 484/484/484 482/482/482 490/490/490
f 481/481/481 490/490/490 482/482/482
f 488/488/488 495/495/495 481/481/481
f 490/490/490 481/481/481 495/495/495
f 495/495/495 488/488/488 496/496/496
f 491/491/491 490/490/490 499/499/499
f 495/495/495 499/499/499 490/490/490
f 494/494/494 491/491/491 500/500/500
f 499/499/499 500/500/500 491/491/491
f 492/492/492 494/494/494 501/501/501
f 500/500/500 501/501/501 494/494/494
f 500/500/500 499/499/499 506/506/506
f 495/495/495 506/506/506 499/499/499
f 501/501/501 500/500/500 507/507/507
f 506/506/506 507/507/507 500/500/500
f 501/501/501 504/504/504 492/492/492
f 498/498/498 492/492/492 504/504/504
f 507/507/507 508/508/508 501/501/501
f 504/504/504 501/501/501 508/508/508
f 507/507/507 506/506/506 513/513/513
f 508/508/508 507/507/507 514/514/514
f 513/513/513 514/514/514 507/507/507
f 506/506/506 495/495/495 509/509/509
f 509/509/509 513/513/513 506/506/506
f 514/514/514 513/513/513 521/521/521
f 509/509/509 521/521/521 513/513/513
f 508/508/508 514/514/514 517/517/517
f 521/521/521 517/517/517 514/514/514
f 517/517/517 516/516/516 508/508/508
f 504/504/504 508/508/508 516/516/516
f 517/517/517 521/521/521 525/525/525
f 504/504/504 503/503/503 498/498/498
f 497/497/497 498/498/498 503/503/503
f 525/525/525 524/524/524 517/517/517
f 516/516/516 517/517/517 524/524/524
f 503/503/503 502/502/502 497/497/497
f 496/496/496 497/497/497 502/502/502
f 504/504/504 510/510/510 503/503/503
f 502/502/502 503/503/503 510/510/510
f 495/495/495 496/496/496 505/505/505
f 502/502/502 505/505/505 496/496/496
f 505/505/505 509/509/509 495/495/495
f 510/510/510 511/511/511 502/502/502
f 505/505/505 502/502/502 511/511/511
f 510/510/510 504/504/504 515/515/515
f 516/516/516 515/515/515 504/504/504
f 511/511/511 510/510/510 518/518/518
f 515/515/515 518/518/518 510/510/510
f 511/511/511 512/512/512 505/505/505
f 509/509/509 505/505/505 512/512/512
f 518/518/518 519/519/519 511/511/511
f 512/512/512 511/511/511 519/519/519
f 509/509/509 512/512/512 520/520/520
f 519/519/519 520/520/520 512/512/512
f 521/521/521 509/509/509 522/522/522
f 520/520/520 522/522/522 509/509/509
f 522/522/522 525/525/525 521/521/521
f 519/519/519 518/518/518 526/526/526
f 515/515/515 526/526/526 518/518/518
f 520/520/520 519/519/519 527/527/527
f 526/526/526 527/527/527 519/519/519
f 522/522/522 520/520/520 528/528/528
f 527/527/527 528/528/528 520/520/520
f 522/522/522 530/530/530 525/525/525
f 524/524/524 525/525/525 530/530/530
f 522/522/522 528/528/528 535/535/535
f 524/524/524 523/523/523 516/516/516
f 515/515/515 516/516/516 523/523/523
f 528/528/528 527/527/527 534/534/534
f 534/534/534 535/535/535 528/528/528
f 523/523/523 524/524/524 529/529/529
f 530/530/530 529/529/529 524/524/524
f 515/515/515 523/523/523 531/531/531
f 529/529/529 531/531/531 523/523/523
f 533/533/533 534/534/534 527/527/527
f 527/527/527 526/526/526 533/533/533
f 526/526/526 515/515/515 532/532/532
f 532/532/532 533/533/533 526/526/526
f 531/531/531 532/532/532 515/515/515
f 534/534/534 533/533/533 541/541/541
f 532/532/532 541/541/541 533/533/533
f 535/535/535 534/534/534 542/542/542
f 541/541/541 542/542/542 534/534/534
f 535/535/535 536/536/536 522/522/522
f 530/530/530 522/522/522 536/536/536
f 542/542/542 538/538/538 535/535/535
f 536/536/536 535/535/535 538/538/538
f 529/529/529 530/530/530 537/537/537
f 536/536/536 537/537/537 530/530/530
f 531/531/531 529/529/529 539/539/539
f 537/537/537 539/539/539 529/529/529
f 532/532/532 531/531/531 540/540/540
f 539/539/539 540/540/540 531/531/531
f 539/539/539 537/537/537 545/545/545
f 536/536/536 545/545/545 537/537/537
f 540/540/540 539/539/539 546/546/546
f 545/545/545 546/546/546 539/539/539
f 532/532/532 540/540/540 547/547/547
f 546/546/546 547/547/547 540/540/540
f 541/541/541 532/532/532 548/548/548
f 547/547/547 548/548/548 532/532/532
f 542/542/542 541/541/541 549/549/549
f 548/548/548 549/549/549 541/541/541
f 547/547/547 546/546/546 554/554/554
f 545/545/545 554/554/554 546/546/546
f 549/549/549 544/544/544 542/542/542
f 538/538/538 542/542/542 544/544/544
f 548/548/548 553/553/553 549/549/549
f 544/544/544 549/549/549 553/553/553
f 548/548/548 547/547/547 555/555/555
f 554/554/554 555/555/555 547/547/547
f 544/544/544 543/543/543 538/538/538
f 536/536/536 538/538/538 543/543/543
f 553/553/553 552/552/552 544/544/544
f 543/543/543 544/544/544 552/552/552
f 553/553/553 548/548/548 558/558/558
f 555/555/555 558/558/558 548/548/548
f 552/552/552 553/553/553 557/557/557
f 558/558/558 557/557/557 553/553/553
f 552/552/552 551/551/551 543/543/543
f 543/543/543 550/550/550 536/536/536
f 550/550/550 543/543/543 551/551/551
f 545/545/545 536/536/536 550/550/550
f 551/551/551 552/552/552 556/556/556
f 557/557/557 556/556/556 552/552/552
f 550/550/550 551/551/551 559/559/559
f 556/556/556 559/559/559 551/551/551
f 550/550/550 560/560/560 545/545/545
f 554/554/554 545/545/545 560/560/560
f 556/556/556 557/557/557 564/564/564
f 558/558/558 564/564/564 557/557/557
f 555/555/555 554/554/554 561/561/561
f 560/560/560 561/561/561 554/554/554
f 558/558/558 555/555/555 562/562/562
f 561/561/561 562/562/562 555/555/555
f 564/564/564 565/565/565 556/556/556
f 559/559/559 556/556/556 565/565/565
f 562/562/562 561/561/561 566/566/566
f 560/560/560 566/566/566 561/561/561
f 559/559/559 563/563/563 550/550/550
f 560/560/560 550/550/550 563/563/563
f 565/565/565 567/567/567 559/559/559
f 563/563/563 559/559/559 567/567/567
f 566/566/566 560/560/560 573/573/573
f 563/563/563 573/573/573 560/560/560
f 562/562/562 566/566/566 570/570/570
f 573/573/573 570/570/570 566/566/566
f 570/570/570 569/569/569 562/562/562
f 558/558/558 562/562/562 569/569/569
f 573/573/573 576/576/576 570/570/570
f 569/569/569 570/570/570 576/576/576
f 564/564/564 558/558/558 568/568/568
f 569/569/569 568/568/568 558/558/558
f 565/565/565 564/564/564 571/571/571
f 568/568/568 571/571/571 564/564/564
f 567/567/567 565/565/565 572/572/572
f 571/571/571 572/572/572 565/565/565
f 563/563/563 567/567/567 574/574/574
f 572/572/572 574/574/574 567/567/567
f 573/573/573 563/563/563 575/575/575
f 574/574/574 575/575/575 563/563/563
f 572/572/572 571/571/571 577/577/577
f 568/568/568 577/577/577 571/571/571
f 574/574/574 572/572/572 578/578/578
f 577/577/577 578/578/578 572/572/572
f 574/574/574 578/578/578 584/584/584
f 577/577/577 584/584/584 578/578/578
f 575/575/575 574/574/574 585/585/585
f 584/584/584 585/585/585 574/574/574
f 573/573/573 575/575/575 581/581/581
f 585/585/585 581/581/581 575/575/575
f 584/584/584 577/577/577 586/586/586
f 585/585/585 584/584/584 589/589/589
f 586/586/586 589/589/589 584/584/584
f 581/581/581 585/585/585 587/587/587
f 589/589/589 587/587/587 585/585/585
f 583/583/583 586/586/586 577/577/577
f 577/577/577 568/568/568 583/583/583
f 589/589/589 586/586/586 590/590/590
f 583/583/583 590/590/590 586/586/586
f 589/589/589 592/592/592 587/587/587
f 581/581/581 587/587/587 592/592/592
f 590/590/590 597/597/597 589/589/589
f 592/592/592 589/589/589 597/597/597
f 581/581/581 580/580/580 573/573/573
f 576/576/576 573/573/573 580/580/580
f 592/592/592 591/591/591 581/581/581
f 580/580/580 581/581/581 591/591/591
f 597/597/597 598/598/598 592/592/592
f 591/591/591 592/592/592 598/598/598
f 580/580/580 579/579/579 576/576/576
f 569/569/569 576/576/576 579/579/579
f 598/598/598 597/597/597 601/601/601
f 579/579/579 582/582/582 569/569/569
f 568/568/568 569/569/569 582/582/582
f 582/582/582 583/583/583 568/568/568
f 580/580/580 588/588/588 579/579/579
f 582/582/582 579/579/579 588/588/588
f 588/588/588 580/580/580 593/593/593
f 591/591/591 593/593/593 580/580/580
f 582/582/582 588/588/588 594/594/594
f 593/593/593 594/594/594 588/588/588
f 583/583/583 582/582/582 595/595/595
f 594/594/594 595/595/595 582/582/582
f 591/591/591 598/598/598 604/604/604
f 601/601/601 604/604/604 598/598/598
f 595/595/595 594/594/594 599/599/599
f 593/593/593 599/599/599 594/594/594
f 595/595/595 596/596/596 583/583/583
f 590/590/590 583/583/583 596/596/596
f 599/599/599 600/600/600 595/595/595
f 596/596/596 595/595/595 600/600/600
f 597/597/597 590/590/590 602/602/602
f 596/596/596 602/602/602 590/590/590
f 602/602/602 601/601/601 597/597/597
f 600/600/600 599/599/599 607/607/607
f 602/602/602 609/609/609 601/601/601
f 604/604/604 601/601/601 609/609/609
f 596/596/596 600/600/600 608/608/608
f 607/607/607 608/608/608 600/600/600
f 602/602/602 596/596/596 603/603/603
f 608/608/608 603/603/603 596/596/596
f 606/606/606 607/607/607 599/599/599
f 599/599/599 593/593/593 606/606/606
f 608/608/608 607/607/607 612/612/612
f 606/606/606 612/612/612 607/607/607
f 593/593/593 591/591/591 605/605/605
f 605/605/605 606/606/606 593/593/593
f 604/604/604 605/605/605 591/591/591
f 612/612/612 610/610/610 608/608/608
f 603/603/603 608/608/608 610/610/610
f 605/605/605 604/604/604 611/611/611
f 609/609/609 611/611/611 604/604/604
f 610/610/610 612/612/612 617/617/617
f 611/611/611 609/609/609 613/613/613
f 617/617/617 616/616/616 610/610/610
f 603/603/603 610/610/610 616/616/616
f 609/609/609 602/602/602 614/614/614
f 603/603/603 614/614/614 602/602/602
f 614/614/614 613/613/613 609/609/609
f 616/616/616 615/615/615 603/603/603
f 614/614/614 603/603/603 615/615/615
f 613/613/613 618/618/618 611/611/611
f 605/605/605 611/611/611 618/618/618
f 614/614/614 621/621/621 613/613/613
f 618/618/618 613/613/613 621/621/621
f 618/618/618 619/619/619 605/605/605
f 606/606/606 605/605/605 619/619/619
f 621/621/621 623/623/623 618/618/618
f 619/619/619 618/618/618 623/623/623
f 612/612/612 606/606/606 620/620/620
f 619/619/619 620/620/620 606/606/606
f 620/620/620 617/617/617 612/612/612
f 621/621/621 614/614/614 625/625/625
f 615/615/615 625/625/625 614/614/614
f 623/623/623 621/621/621 624/624/624
f 625/625/625 624/624/624 621/621/621
f 619/619/619 623/623/623 631/631/631
f 624/624/624 631/631/631 623/623/623
f 620/620/620 619/619/619 628/628/628
f 631/631/631 628/628/628 619/619/619
f 631/631/631 624/624/624 632/632/632
f 625/625/625 632/632/632 624/624/624
f 628/628/628 631/631/631 634/634/634
f 632/632/632 634/634/634 631/631/631
f 617/617/617 622/622/622 616/616/616
f 615/615/615 616/616/616 622/622/622
f 620/620/620 626/626/626 617/617/617
f 622/622/622 617/617/617 626/626/626
f 615/615/615 622/622/622 629/629/629
f 626/626/626 629/629/629 622/622/622
f 625/625/625 615/615/615 630/630/630
f 629/629/629 630/630/630 615/615/615
f 626/626/626 620/620/620 627/627/627
f 628/628/628 627/627/627 620/620/620
f 629/629/629 626/626/626 633/633/633
f 627/627/627 633/633/633 626/626/626
f 633/633/633 635/635/635 629/629/629
f 630/630/630 629/629/629 635/635/635
f 627/627/627 638/638/638 633/633/633
f 635/635/635 633/633/633 638/638/638
f 630/630/630 636/636/636 625/625/625
f 632/632/632 625/625/625 636/636/636
f 630/630/630 635/635/635 642/642/642
f 638/638/638 642/642/642 635/635/635
f 636/636/636 637/637/637 632/632/632
f 634/634/634 632/632/632 637/637/637
f 636/636/636 630/630/630 643/643/643
f 642/642/642 643/643/643 630/630/630
f 637/637/637 640/640/640 634/634/634
f 628/628/628 634/634/634 640/640/640
f 636/636/636 645/645/645 637/637/637
f 640/640/640 637/637/637 645/645/645
f 640/640/640 639/639/639 628/628/628
f 627/627/627 628/628/628 639/639/639
f 645/645/645 646/646/646 640/640/640
f 639/639/639 640/640/640 646/646/646
f 645/645/645 636/636/636 650/650/650
f 643/643/643 650/650/650 636/636/636
f 646/646/646 645/645/645 649/649/649
f 650/650/650 649/649/649 645/645/645
f 649/649/649 652/652/652 646/646/646
f 639/639/639 646/646/646 652/652/652
f 650/650/650 657/657/657 649/649/649
f 652/652/652 649/649/649 657/657/657
f 639/639/639 641/641/641 627/627/627
f 638/638/638 627/627/627 641/641/641
f 652/652/652 653/653/653 639/639/639
f 641/641/641 639/639/639 653/653/653
f 657/657/657 659/659/659 652/652/652
f 653/653/653 652/652/652 659/659/659
f 641/641/641 644/644/644 638/638/638
f 642/642/642 638/638/638 644/644/644
f 659/659/659 657/657/657 661/661/661
f 644/644/644 647/647/647 642/642/642
f 643/643/643 642/642/642 647/647/647
f 641/641/641 648/648/648 644/644/644
f 647/647/647 644/644/644 648/648/648
f 643/643/643 647/647/647 655/655/655
f 648/648/648 655/655/655 647/647/647
f 648/648/648 641/641/641 654/654/654
f 653/653/653 654/654/654 641/641/641
f 655/655/655 648/648/648 656/656/656
f 654/654/654 656/656/656 648/648/648
f 655/655/655 651/651/651 643/643/643
f 650/650/650 643/643/643 651/651/651
f 656/656/656 658/658/658 655/655/655
f 651/651/651 655/655/655 658/658/658
f 657/657/657 650/650/650 662/662/662
f 651/651/651 662/662/662 650/650/650
f 662/662/662 661/661/661 657/657/657
f 658/658/658 656/656/656 660/660/660
f 654/654/654 660/660/660 656/656/656
f 651/651/651 658/658/658 664/664/664
f 660/660/660 664/664/664 658/658/658
f 662/662/662 651/651/651 663/663/663
f 664/664/664 663/663/663 651/651/651
f 662/662/662 668/668/668 661/661/661
f 664/664/664 660/660/660 669/669/669
f 661/661/661 665/665/665 659/659/659
f 665/665/665 661/661/661 668/668/668
f 653/653/653 659/659/659 665/665/665
f 669/669/669 670/670/670 664/664/664
f 663/663/663 664/664/664 670/670/670
f 665/665/665 666/666/666 653/653/653
f 654/654/654 653/653/653 666/666/666
f 668/668/668 671/671/671 665/665/665
f 666/666/666 665/665/665 671/671/671
f 660/660/660 654/654/654 667/667/667
f 667/667/667 669/669/669 660/660/660
f 666/666/666 667/667/667 654/654/654
f 670/670/670 669/669/669 674/674/674
f 667/667/667 674/674/674 669/669/669
f 663/663/663 670/670/670 677/677/677
f 674/674/674 677/677/677 670/670/670
f 663/663/663 673/673/673 662/662/662
f 668/668/668 662/662/662 673/673/673
f 677/677/677 678/678/678 663/663/663
f 673/673/673 663/663/663 678/678/678
f 671/671/671 668/668/668 672/672/672
f 673/673/673 672/672/672 668/668/668
f 666/666/666 671/671/671 679/679/679
f 672/672/672 679/679/679 671/671/671
f 667/667/667 666/666/666 676/676/676
f 679/679/679 676/676/676 666/666/666
f 673/673/673 680/680/680 672/672/672
f 679/679/679 672/672/672 680/680/680
f 674/674/674 667/667/667 675/675/675
f 676/676/676 675/675/675 667/667/667
f 677/677/677 674/674/674 681/681/681
f 675/675/675 681/681/681 674/674/674
f 681/681/681 683/683/683 677/677/677
f 678/678/678 677/677/677 683/683/683
f 675/675/675 686/686/686 681/681/681
f 683/683/683 681/681/681 686/686/686
f 676/676/676 679/679/679 682/682/682
f 680/680/680 682/682/682 679/679/679
f 686/686/686 690/690/690 683/683/683
f 678/678/678 683/683/683 690/690/690
f 682/682/682 680/680/680 685/685/685
f 680/680/680 673/673/673 684/684/684
f 678/678/678 684/684/684 673/673/673
f 684/684/684 685/685/685 680/680/680
f 676/676/676 682/682/682 688/688/688
f 685/685/685 688/688/688 682/682/682
f 675/675/675 676/676/676 687/687/687
f 688/688/688 687/687/687 676/676/676
f 686/686/686 675/675/675 689/689/689
f 687/687/687 689/689/689 675/675/675
f 688/688/688 685/685/685 693/693/693
f 684/684/684 693/693/693 685/685/685
f 687/687/687 688/688/688 694/694/694
f 693/693/693 694/694/694 688/688/688
f 684/684/684 678/678/678 691/691/691
f 690/690/690 691/691/691 678/678/678
f 693/693/693 684/684/684 698/698/698
f 691/691/691 698/698/698 684/684/684
f 694/694/694 693/693/693 697/697/697
f 698/698/698 697/697/697 693/693/693
f 687/687/687 694/694/694 700/700/700
f 697/697/697 700/700/700 694/694/694
f 690/690/690 686/686/686 692/692/692
f 689/689/689 692/692/692 686/686/686
f 692/692/692 695/695/695 690/690/690
f 691/691/691 690/690/690 695/695/695
f 689/689/689 696/696/696 692/692/692
f 695/695/695 692/692/692 696/696/696
f 689/689/689 687/687/687 701/701/701
f 700/700/700 701/701/701 687/687/687
f 691/691/691 695/695/695 703/703/703
f 696/696/696 703/703/703 695/695/695
f 700/700/700 697/697/697 705/705/705
f 698/698/698 705/705/705 697/697/697
f 696/696/696 689/689/689 702/702/702
f 701/701/701 702/702/702 689/689/689
f 703/703/703 696/696/696 704/704/704
f 702/702/702 704/704/704 696/696/696
f 703/703/703 699/699/699 691/691/691
f 698/698/698 691/691/691 699/699/699
f 704/704/704 706/706/706 703/703/703
f 699/699/699 703/703/703 706/706/706
f 706/706/706 704/704/704 708/708/708
f 702/702/702 708/708/708 704/704/704
f 699/699/699 706/706/706 712/712/712
f 708/708/708 712/712/712 706/706/706
f 699/699/699 710/710/710 698/698/698
f 705/705/705 698/698/698 710/710/710
f 712/712/712 711/711/711 699/699/699
f 710/710/710 699/699/699 711/711/711
f 705/705/705 707/707/707 700/700/700
f 701/701/701 700/700/700 707/707/707
f 710/710/710 709/709/709 705/705/705
f 707/707/707 705/705/705 709/709/709
f 701/701/701 707/707/707 713/713/713
f 709/709/709 713/713/713 707/707/707
f 710/710/710 716/716/716 709/709/709
f 713/713/713 709/709/709 716/716/716
f 716/716/716 710/710/710 720/720/720
f 711/711/711 720/720/720 710/710/710
f 713/713/713 716/716/716 718/718/718
f 720/720/720 718/718/718 716/716/716
f 713/713/713 714/714/714 701/701/701
f 702/702/702 701/701/701 714/714/714
f 718/718/718 719/719/719 713/713/713
f 714/714/714 713/713/713 719/719/719
f 720/720/720 726/726/726 718/718/718
f 719/719/719 718/718/718 726/726/726
f 714/714/714 715/715/715 702/702/702
f 708/708/708 702/702/702 715/715/715
f 719/719/719 723/723/723 714/714/714
f 714/714/714 722/722/722 715/715/715
f 722/722/722 714/714/714 723/723/723
f 708/708/708 715/715/715 722/722/722
f 723/723/723 719/719/719 727/727/727
f 726/726/726 727/727/727 719/719/719
f 722/722/722 723/723/723 728/728/728
f 727/727/727 728/728/728 723/723/723
f 727/727/727 726/726/726 729/729/729
f 728/728/728 727/727/727 729/729/729
f 726/726/726 720/720/720 731/731/731
f 731/731/731 729/729/729 726/726/726
f 720/720/720 725/725/725 731/731/731
f 720/720/720 711/711/711 725/725/725
f 732/732/732 729/729/729 731/731/731
f 732/732/732 731/731/731 725/725/725
f 732/732/732 728/728/728 729/729/729
f 724/724/724 725/725/725 711/711/711
f 725/725/725 724/724/724 732/732/732
f 728/728/728 730/730/730 722/722/722
f 732/732/732 730/730/730 728/728/728
f 721/721/721 722/722/722 730/730/730
f 732/732/732 721/721/721 730/730/730
f 721/721/721 732/732/732 724/724/724
f 722/722/722 721/721/721 708/708/708
f 711/711/711 717/717/717 724/724/724
f 721/721/721 724/724/724 717/717/717
f 717/717/717 708/708/708 721/721/721
f 711/711/711 712/712/712 717/717/717
f 708/708/708 717/717/717 712/712/712
f 735/735/735 734/734/734 733/733/733
f 734/734/734 735/735/735 742/742/742
f 733/733/733 737/737/737 735/735/735
f 735/735/735 741/741/741 742/742/742
f 735/735/735 737/737/737 741/741/741
f 742/742/742 744/744/744 734/734/734
f 742/742/742 741/741/741 743/743/743
f 742/742/742 743/743/743 744/744/744
f 740/740/740 741/741/741 737/737/737
f 745/745/745 744/744/744 743/743/743
f 763/763/763 743/743/743 741/741/741
f 744/744/744 745/745/745 746/746/746
f 741/741/741 764/764/764 763/763/763
f 764/764/764 741/741/741 740/740/740
f 744/744/744 746/746/746 749/749/749
f 749/749/749 734/734/734 744/744/744
f 743/743/743 763/763/763 761/761/761
f 743/743/743 761/761/761 745/745/745
f 750/750/750 749/749/749 746/746/746
f 751/751/751 746/746/746 745/745/745
f 746/746/746 751/751/751 750/750/750
f 760/760/760 745/745/745 761/761/761
f 745/745/745 760/760/760 751/751/751
f 763/763/763 765/765/765 761/761/761
f 822/822/822 751/751/751 760/760/760
f 763/763/763 766/766/766 765/765/765
f 766/766/766 763/763/763 764/764/764
f 817/817/817 761/761/761 765/765/765
f 761/761/761 762/762/762 760/760/760
f 761/761/761 817/817/817 762/762/762
f 816/816/816 765/765/765 766/766/766
f 765/765/765 816/816/816 817/817/817
f 820/820/820 760/760/760 762/762/762
f 818/818/818 762/762/762 817/817/817
f 760/760/760 820/820/820 821/821/821
f 760/760/760 821/821/821 822/822/822
f 762/762/762 819/819/819 820/820/820
f 762/762/762 818/818/818 819/819/819
f 827/827/827 821/821/821 820/820/820
f 827/827/827 820/820/820 819/819/819
f 826/826/826 822/822/822 821/821/821
f 821/821/821 827/827/827 826/826/826
f 828/828/828 819/819/819 818/818/818
f 819/819/819 828/828/828 827/827/827
f 817/817/817 825/825/825 818/818/818
f 828/828/828 818/818/818 825/825/825
f 825/825/825 817/817/817 816/816/816
f 826/826/826 759/759/759 822/822/822
f 751/751/751 822/822/822 759/759/759
f 846/846/846 826/826/826 827/827/827
f 751/751/751 759/759/759 758/758/758
f 758/758/758 750/750/750 751/751/751
f 759/759/759 826/826/826 824/824/824
f 824/824/824 758/758/758 759/759/759
f 846/846/846 824/824/824 826/826/826
f 750/750/750 758/758/758 757/757/757
f 758/758/758 824/824/824 823/823/823
f 823/823/823 757/757/757 758/758/758
f 757/757/757 752/752/752 750/750/750
f 749/749/749 750/750/750 752/752/752
f 823/823/823 755/755/755 757/757/757
f 752/752/752 757/757/757 755/755/755
f 847/847/847 823/823/823 824/824/824
f 824/824/824 846/846/846 847/847/847
f 755/755/755 823/823/823 1010/1010/1010
f 847/847/847 1010/1010/1010 823/823/823
f 752/752/752 755/755/755 754/754/754
f 1010/1010/1010 754/754/754 755/755/755
f 752/752/752 748/748/748 749/749/749
f 734/734/734 749/749/749 748/748/748
f 754/754/754 753/753/753 752/752/752
f 748/748/748 752/752/752 753/753/753
f 734/734/734 748/748/748 747/747/747
f 753/753/753 747/747/747 748/748/748
f 747/747/747 736/736/736 734/734/734
f 736/736/736 733/733/733 734/734/734
f 747/747/747 753/753/753 789/789/789
f 789/789/789 736/736/736 747/747/747
f 753/753/753 754/754/754 756/756/756
f 753/753/753 756/756/756 790/790/790
f 790/790/790 789/789/789 753/753/753
f 843/843/843 756/756/756 754/754/754
f 843/843/843 790/790/790 756/756/756
f 754/754/754 1010/1010/1010 843/843/843
f 789/789/789 790/790/790 791/791/791
f 1009/1009/1009 843/843/843 1010/1010/1010
f 1010/1010/1010 847/847/847 1009/1009/1009
f 790/790/790 843/843/843 845/845/845
f 845/845/845 791/791/791 790/790/790
f 843/843/843 1009/1009/1009 875/875/875
f 875/875/875 845/845/845 843/843/843
f 942/942/942 1009/1009/1009 847/847/847
f 791/791/791 845/845/845 844/844/844
f 875/875/875 844/844/844 845/845/845
f 789/789/789 791/791/791 792/792/792
f 844/844/844 792/792/792 791/791/791
f 792/792/792 788/788/788 789/789/789
f 736/736/736 789/789/789 788/788/788
f 788/788/788 792/792/792 793/793/793
f 844/844/844 793/793/793 792/792/792
f 736/736/736 788/788/788 787/787/787
f 793/793/793 787/787/787 788/788/788
f 787/787/787 785/785/785 736/736/736
f 785/785/785 733/733/733 736/736/736
f 787/787/787 793/793/793 794/794/794
f 733/733/733 785/785/785 783/783/783
f 842/842/842 794/794/794 793/793/793
f 793/793/793 844/844/844 842/842/842
f 787/787/787 794/794/794 795/795/795
f 842/842/842 795/795/795 794/794/794
f 785/785/785 787/787/787 786/786/786
f 795/795/795 786/786/786 787/787/787
f 786/786/786 783/783/783 785/785/785
f 795/795/795 842/842/842 841/841/841
f 786/786/786 795/795/795 796/796/796
f 841/841/841 796/796/796 795/795/795
f 783/783/783 786/786/786 784/784/784
f 786/786/786 796/796/796 797/797/797
f 797/797/797 784/784/784 786/786/786
f 796/796/796 841/841/841 840/840/840
f 840/840/840 797/797/797 796/796/796
f 870/870/870 841/841/841 842/842/842
f 870/870/870 840/840/840 841/841/841
f 872/872/872 842/842/842 844/844/844
f 842/842/842 872/872/872 870/870/870
f 844/844/844 874/874/874 872/872/872
f 844/844/844 875/875/875 874/874/874
f 873/873/873 870/870/870 872/872/872
f 872/872/872 874/874/874 873/873/873
f 1006/1006/1006 874/874/874 875/875/875
f 874/874/874 1006/1006/1006 873/873/873
f 1008/1008/1008 875/875/875 1009/1009/1009
f 875/875/875 1008/1008/1008 1006/1006/1006
f 1009/1009/1009 942/942/942 1008/1008/1008
f 1007/1007/1007 1006/1006/1006 1008/1008/1008
f 941/941/941 1008/1008/1008 942/942/942
f 1008/1008/1008 941/941/941 1007/1007/1007
f 1005/1005/1005 873/873/873 1006/1006/1006
f 1006/1006/1006 1007/1007/1007 1005/1005/1005
f 870/870/870 873/873/873 871/871/871
f 1001/1001/1001 1005/1005/1005 1007/1007/1007
f 871/871/871 868/868/868 870/870/870
f 840/840/840 870/870/870 868/868/868
f 873/873/873 1005/1005/1005 1004/1004/1004
f 916/916/916 871/871/871 873/873/873
f 873/873/873 1004/1004/1004 916/916/916
f 1003/1003/1003 1004/1004/1004 1005/1005/1005
f 1005/1005/1005 1001/1001/1001 1003/1003/1003
f 1004/1004/1004 1003/1003/1003 917/917/917
f 917/917/917 916/916/916 1004/1004/1004
f 994/994/994 1003/1003/1003 1001/1001/1001
f 994/994/994 917/917/917 1003/1003/1003
f 1007/1007/1007 1002/1002/1002 1001/1001/1001
f 1002/1002/1002 1007/1007/1007 941/941/941
f 916/916/916 869/869/869 871/871/871
f 868/868/868 871/871/871 869/869/869
f 916/916/916 917/917/917 915/915/915
f 869/869/869 916/916/916 877/877/877
f 915/915/915 877/877/877 916/916/916
f 918/918/918 915/915/915 917/917/917
f 877/877/877 915/915/915 913/913/913
f 915/915/915 918/918/918 913/913/913
f 869/869/869 877/877/877 876/876/876
f 913/913/913 876/876/876 877/877/877
f 917/917/917 921/921/921 918/918/918
f 917/917/917 994/994/994 921/921/921
f 919/919/919 913/913/913 918/918/918
f 994/994/994 995/995/995 921/921/921
f 924/924/924 919/919/919 918/918/918
f 924/924/924 918/918/918 921/921/921
f 994/994/994 996/996/996 995/995/995
f 996/996/996 994/994/994 1001/1001/1001
f 993/993/993 921/921/921 995/995/995
f 995/995/995 996/996/996 993/993/993
f 921/921/921 992/992/992 924/924/924
f 921/921/921 993/993/993 992/992/992
f 1001/1001/1001 1000/1000/1000 996/996/996
f 1000/1000/1000 1001/1001/1001 1002/1002/1002
f 987/987/987 992/992/992 993/993/993
f 987/987/987 924/924/924 992/992/992
f 998/998/998 996/996/996 1000/1000/1000
f 919/919/919 924/924/924 920/920/920
f 913/913/913 919/919/919 920/920/920
f 1002/1002/1002 999/999/999 1000/1000/1000
f 998/998/998 1000/1000/1000 999/999/999
f 999/999/999 1002/1002/1002 940/940/940
f 941/941/941 940/940/940 1002/1002/1002
f 997/997/997 996/996/996 998/998/998
f 996/996/996 997/997/997 993/993/993
f 999/999/999 943/943/943 998/998/998
f 998/998/998 943/943/943 997/997/997
f 940/940/940 938/938/938 999/999/999
f 943/943/943 999/999/999 938/938/938
f 941/941/941 939/939/939 940/940/940
f 938/938/938 940/940/940 939/939/939
f 939/939/939 941/941/941 889/889/889
f 942/942/942 889/889/889 941/941/941
f 938/938/938 939/939/939 890/890/890
f 889/889/889 890/890/890 939/939/939
f 889/889/889 942/942/942 848/848/848
f 847/847/847 848/848/848 942/942/942
f 848/848/848 847/847/847 846/846/846
f 890/890/890 889/889/889 886/886/886
f 848/848/848 886/886/886 889/889/889
f 846/846/846 850/850/850 848/848/848
f 886/886/886 848/848/848 850/850/850
f 890/890/890 937/937/937 938/938/938
f 850/850/850 846/846/846 849/849/849
f 827/827/827 849/849/849 846/846/846
f 849/849/849 827/827/827 828/828/828
f 886/886/886 887/887/887 890/890/890
f 937/937/937 890/890/890 887/887/887
f 828/828/828 851/851/851 849/849/849
f 851/851/851 828/828/828 825/825/825
f 849/849/849 852/852/852 850/850/850
f 852/852/852 849/849/849 851/851/851
f 850/850/850 885/885/885 886/886/886
f 885/885/885 850/850/850 852/852/852
f 887/887/887 886/886/886 885/885/885
f 851/851/851 854/854/854 852/852/852
f 852/852/852 884/884/884 885/885/885
f 884/884/884 852/852/852 854/854/854
f 885/885/885 888/888/888 887/887/887
f 888/888/888 885/885/885 884/884/884
f 825/825/825 853/853/853 851/851/851
f 854/854/854 851/851/851 853/853/853
f 884/884/884 892/892/892 888/888/888
f 854/854/854 883/883/883 884/884/884
f 892/892/892 884/884/884 883/883/883
f 888/888/888 891/891/891 887/887/887
f 891/891/891 888/888/888 892/892/892
f 883/883/883 854/854/854 856/856/856
f 853/853/853 856/856/856 854/854/854
f 883/883/883 895/895/895 892/892/892
f 893/893/893 887/887/887 891/891/891
f 887/887/887 893/893/893 937/937/937
f 892/892/892 896/896/896 891/891/891
f 896/896/896 892/892/892 895/895/895
f 936/936/936 937/937/937 893/893/893
f 936/936/936 938/938/938 937/937/937
f 938/938/938 936/936/936 943/943/943
f 891/891/891 894/894/894 893/893/893
f 893/893/893 935/935/935 936/936/936
f 935/935/935 893/893/893 894/894/894
f 891/891/891 897/897/897 894/894/894
f 897/897/897 891/891/891 896/896/896
f 894/894/894 934/934/934 935/935/935
f 934/934/934 894/894/894 897/897/897
f 932/932/932 897/897/897 896/896/896
f 897/897/897 932/932/932 934/934/934
f 895/895/895 899/899/899 896/896/896
f 932/932/932 896/896/896 899/899/899
f 883/883/883 898/898/898 895/895/895
f 899/899/899 895/895/895 898/898/898
f 856/856/856 882/882/882 883/883/883
f 898/898/898 883/883/883 882/882/882
f 882/882/882 856/856/856 857/857/857
f 853/853/853 857/857/857 856/856/856
f 898/898/898 900/900/900 899/899/899
f 882/882/882 901/901/901 898/898/898
f 898/898/898 901/901/901 900/900/900
f 882/882/882 857/857/857 859/859/859
f 931/931/931 899/899/899 900/900/900
f 899/899/899 931/931/931 932/932/932
f 901/901/901 903/903/903 900/900/900
f 931/931/931 900/900/900 903/903/903
f 901/901/901 882/882/882 881/881/881
f 859/859/859 881/881/881 882/882/882
f 903/903/903 901/901/901 902/902/902
f 881/881/881 902/902/902 901/901/901
f 855/855/855 859/859/859 857/857/857
f 857/857/857 853/853/853 855/855/855
f 902/902/902 905/905/905 903/903/903
f 903/903/903 905/905/905 931/931/931
f 902/902/902 881/881/881 880/880/880
f 881/881/881 859/859/859 861/861/861
f 861/861/861 880/880/880 881/881/881
f 905/905/905 902/902/902 904/904/904
f 880/880/880 904/904/904 902/902/902
f 858/858/858 861/861/861 859/859/859
f 859/859/859 855/855/855 858/858/858
f 880/880/880 861/861/861 863/863/863
f 861/861/861 858/858/858 860/860/860
f 860/860/860 863/863/863 861/861/861
f 832/832/832 858/858/858 855/855/855
f 863/863/863 879/879/879 880/880/880
f 904/904/904 880/880/880 879/879/879
f 831/831/831 855/855/855 853/853/853
f 855/855/855 831/831/831 832/832/832
f 853/853/853 830/830/830 831/831/831
f 853/853/853 825/825/825 830/830/830
f 816/816/816 830/830/830 825/825/825
f 830/830/830 816/816/816 815/815/815
f 766/766/766 815/815/815 816/816/816
f 830/830/830 815/815/815 814/814/814
f 766/766/766 814/814/814 815/815/815
f 814/814/814 831/831/831 830/830/830
f 814/814/814 766/766/766 768/768/768
f 764/764/764 768/768/768 766/766/766
f 831/831/831 814/814/814 813/813/813
f 768/768/768 813/813/813 814/814/814
f 831/831/831 813/813/813 812/812/812
f 768/768/768 812/812/812 813/813/813
f 812/812/812 832/832/832 831/831/831
f 768/768/768 764/764/764 767/767/767
f 740/740/740 767/767/767 764/764/764
f 812/812/812 768/768/768 770/770/770
f 767/767/767 770/770/770 768/768/768
f 832/832/832 812/812/812 811/811/811
f 770/770/770 811/811/811 812/812/812
f 832/832/832 811/811/811 829/829/829
f 858/858/858 832/832/832 829/829/829
f 811/811/811 770/770/770 810/810/810
f 810/810/810 829/829/829 811/811/811
f 767/767/767 810/810/810 770/770/770
f 858/858/858 829/829/829 833/833/833
f 833/833/833 860/860/860 858/858/858
f 829/829/829 810/810/810 809/809/809
f 809/809/809 833/833/833 829/829/829
f 810/810/810 767/767/767 772/772/772
f 772/772/772 809/809/809 810/810/810
f 769/769/769 772/772/772 767/767/767
f 740/740/740 769/769/769 767/767/767
f 809/809/809 772/772/772 773/773/773
f 769/769/769 773/773/773 772/772/772
f 833/833/833 809/809/809 808/808/808
f 773/773/773 808/808/808 809/809/809
f 740/740/740 771/771/771 769/769/769
f 773/773/773 769/769/769 771/771/771
f 833/833/833 808/808/808 807/807/807
f 773/773/773 807/807/807 808/808/808
f 771/771/771 740/740/740 739/739/739
f 737/737/737 739/739/739 740/740/740
f 771/771/771 775/775/775 773/773/773
f 807/807/807 773/773/773 775/775/775
f 739/739/739 774/774/774 771/771/771
f 775/775/775 771/771/771 774/774/774
f 737/737/737 738/738/738 739/739/739
f 737/737/737 733/733/733 738/738/738
f 739/739/739 776/776/776 774/774/774
f 776/776/776 739/739/739 738/738/738
f 774/774/774 777/777/777 775/775/775
f 777/777/777 774/774/774 776/776/776
f 780/780/780 738/738/738 733/733/733
f 733/733/733 783/783/783 780/780/780
f 784/784/784 780/780/780 783/783/783
f 738/738/738 780/780/780 779/779/779
f 738/738/738 779/779/779 776/776/776
f 780/780/780 784/784/784 782/782/782
f 782/782/782 779/779/779 780/780/780
f 779/779/779 781/781/781 776/776/776
f 779/779/779 782/782/782 781/781/781
f 798/798/798 782/782/782 784/784/784
f 784/784/784 797/797/797 798/798/798
f 840/840/840 798/798/798 797/797/797
f 800/800/800 781/781/781 782/782/782
f 782/782/782 798/798/798 799/799/799
f 782/782/782 799/799/799 800/800/800
f 798/798/798 840/840/840 839/839/839
f 839/839/839 799/799/799 798/798/798
f 839/839/839 800/800/800 799/799/799
f 868/868/868 839/839/839 840/840/840
f 781/781/781 800/800/800 801/801/801
f 801/801/801 776/776/776 781/781/781
f 800/800/800 839/839/839 834/834/834
f 834/834/834 801/801/801 800/800/800
f 839/839/839 868/868/868 865/865/865
f 865/865/865 834/834/834 839/839/839
f 869/869/869 865/865/865 868/868/868
f 776/776/776 801/801/801 778/778/778
f 776/776/776 778/778/778 777/777/777
f 801/801/801 834/834/834 802/802/802
f 802/802/802 778/778/778 801/801/801
f 865/865/865 838/838/838 834/834/834
f 838/838/838 802/802/802 834/834/834
f 865/865/865 869/869/869 867/867/867
f 876/876/876 867/867/867 869/869/869
f 865/865/865 837/837/837 838/838/838
f 802/802/802 838/838/838 837/837/837
f 867/867/867 864/864/864 865/865/865
f 837/837/837 865/865/865 864/864/864
f 778/778/778 802/802/802 803/803/803
f 837/837/837 803/803/803 802/802/802
f 778/778/778 803/803/803 804/804/804
f 837/837/837 804/804/804 803/803/803
f 804/804/804 777/777/777 778/778/778
f 864/864/864 836/836/836 837/837/837
f 804/804/804 837/837/837 836/836/836
f 777/777/777 804/804/804 805/805/805
f 836/836/836 805/805/805 804/804/804
f 805/805/805 775/775/775 777/777/777
f 775/775/775 805/805/805 806/806/806
f 775/775/775 806/806/806 807/807/807
f 835/835/835 806/806/806 805/805/805
f 835/835/835 807/807/807 806/806/806
f 805/805/805 836/836/836 835/835/835
f 807/807/807 835/835/835 833/833/833
f 860/860/860 833/833/833 835/835/835
f 862/862/862 835/835/835 836/836/836
f 835/835/835 862/862/862 860/860/860
f 836/836/836 864/864/864 862/862/862
f 863/863/863 860/860/860 862/862/862
f 866/866/866 862/862/862 864/864/864
f 862/862/862 866/866/866 863/863/863
f 864/864/864 867/867/867 866/866/866
f 879/879/879 863/863/863 866/866/866
f 878/878/878 866/866/866 867/867/867
f 866/866/866 878/878/878 879/879/879
f 867/867/867 876/876/876 878/878/878
f 911/911/911 878/878/878 876/876/876
f 876/876/876 913/913/913 911/911/911
f 909/909/909 879/879/879 878/878/878
f 878/878/878 911/911/911 909/909/909
f 914/914/914 911/911/911 913/913/913
f 914/914/914 909/909/909 911/911/911
f 913/913/913 920/920/920 914/914/914
f 879/879/879 909/909/909 906/906/906
f 879/879/879 906/906/906 904/904/904
f 907/907/907 906/906/906 909/909/909
f 907/907/907 904/904/904 906/906/906
f 909/909/909 914/914/914 912/912/912
f 912/912/912 907/907/907 909/909/909
f 923/923/923 914/914/914 920/920/920
f 920/920/920 924/924/924 923/923/923
f 922/922/922 912/912/912 914/914/914
f 923/923/923 922/922/922 914/914/914
f 907/907/907 912/912/912 910/910/910
f 922/922/922 910/910/910 912/912/912
f 908/908/908 904/904/904 907/907/907
f 907/907/907 910/910/910 908/908/908
f 904/904/904 908/908/908 905/905/905
f 910/910/910 922/922/922 929/929/929
f 929/929/929 908/908/908 910/910/910
f 908/908/908 930/930/930 905/905/905
f 908/908/908 929/929/929 930/930/930
f 905/905/905 930/930/930 931/931/931
f 927/927/927 929/929/929 922/922/922
f 927/927/927 930/930/930 929/929/929
f 925/925/925 922/922/922 923/923/923
f 922/922/922 925/925/925 927/927/927
f 991/991/991 923/923/923 924/924/924
f 924/924/924 987/987/987 991/991/991
f 923/923/923 926/926/926 925/925/925
f 923/923/923 991/991/991 926/926/926
f 951/951/951 931/931/931 930/930/930
f 930/930/930 927/927/927 951/951/951
f 989/989/989 926/926/926 991/991/991
f 928/928/928 927/927/927 925/925/925
f 989/989/989 991/991/991 986/986/986
f 986/986/986 991/991/991 987/987/987
f 959/959/959 925/925/925 926/926/926
f 925/925/925 959/959/959 928/928/928
f 926/926/926 989/989/989 990/990/990
f 926/926/926 990/990/990 959/959/959
f 989/989/989 988/988/988 990/990/990
f 988/988/988 989/989/989 986/986/986
f 1013/1013/1013 959/959/959 990/990/990
f 1013/1013/1013 990/990/990 988/988/988
f 956/956/956 928/928/928 959/959/959
f 959/959/959 1013/1013/1013 956/956/956
f 953/953/953 927/927/927 928/928/928
f 928/928/928 956/956/956 953/953/953
f 952/952/952 951/951/951 927/927/927
f 953/953/953 952/952/952 927/927/927
f 957/957/957 951/951/951 952/952/952
f 1014/1014/1014 953/953/953 956/956/956
f 954/954/954 952/952/952 953/953/953
f 954/954/954 957/957/957 952/952/952
f 953/953/953 1014/1014/1014 955/955/955
f 953/953/953 955/955/955 954/954/954
f 1015/1015/1015 1014/1014/1014 956/956/956
f 1015/1015/1015 955/955/955 1014/1014/1014
f 1016/1016/1016 956/956/956 1013/1013/1013
f 956/956/956 1016/1016/1016 1015/1015/1015
f 1027/1027/1027 954/954/954 955/955/955
f 955/955/955 1015/1015/1015 1027/1027/1027
f 1031/1031/1031 1016/1016/1016 1013/1013/1013
f 1030/1030/1030 1015/1015/1015 1016/1016/1016
f 1016/1016/1016 1031/1031/1031 1030/1030/1030
f 1028/1028/1028 1027/1027/1027 1015/1015/1015
f 1015/1015/1015 1030/1030/1030 1028/1028/1028
f 1031/1031/1031 1013/1013/1013 1017/1017/1017
f 988/988/988 1017/1017/1017 1013/1013/1013
f 1052/1052/1052 1030/1030/1030 1031/1031/1031
f 1030/1030/1030 1052/1052/1052 1051/1051/1051
f 1051/1051/1051 1028/1028/1028 1030/1030/1030
f 1031/1031/1031 1050/1050/1050 1052/1052/1052
f 1028/1028/1028 1051/1051/1051 1049/1049/1049
f 1050/1050/1050 1031/1031/1031 1033/1033/1033
f 1017/1017/1017 1033/1033/1033 1031/1031/1031
f 1033/1033/1033 1048/1048/1048 1050/1050/1050
f 1049/1049/1049 1029/1029/1029 1028/1028/1028
f 1027/1027/1027 1028/1028/1028 1029/1029/1029
f 1029/1029/1029 1049/1049/1049 1047/1047/1047
f 1048/1048/1048 1033/1033/1033 1036/1036/1036
f 1036/1036/1036 1046/1046/1046 1048/1048/1048
f 1029/1029/1029 1026/1026/1026 1027/1027/1027
f 954/954/954 1027/1027/1027 1026/1026/1026
f 1047/1047/1047 1032/1032/1032 1029/1029/1029
f 1026/1026/1026 1029/1029/1029 1032/1032/1032
f 1026/1026/1026 958/958/958 954/954/954
f 957/957/957 954/954/954 958/958/958
f 1032/1032/1032 1012/1012/1012 1026/1026/1026
f 958/958/958 1026/1026/1026 1012/1012/1012
f 1047/1047/1047 1034/1034/1034 1032/1032/1032
f 1034/1034/1034 1047/1047/1047 1045/1045/1045
f 1032/1032/1032 1025/1025/1025 1012/1012/1012
f 1025/1025/1025 1032/1032/1032 1034/1034/1034
f 1012/1012/1012 960/960/960 958/958/958
f 957/957/957 958/958/958 960/960/960
f 1045/1045/1045 1035/1035/1035 1034/1034/1034
f 1035/1035/1035 1045/1045/1045 1043/1043/1043
f 960/960/960 1012/1012/1012 962/962/962
f 1025/1025/1025 962/962/962 1012/1012/1012
f 1043/1043/1043 1037/1037/1037 1035/1035/1035
f 1037/1037/1037 1043/1043/1043 1042/1042/1042
f 1037/1037/1037 1042/1042/1042 1041/1041/1041
f 1024/1024/1024 1034/1034/1034 1035/1035/1035
f 1034/1034/1034 1024/1024/1024 1025/1025/1025
f 1024/1024/1024 1035/1035/1035 1037/1037/1037
f 1025/1025/1025 963/963/963 962/962/962
f 963/963/963 1025/1025/1025 1024/1024/1024
f 962/962/962 961/961/961 960/960/960
f 961/961/961 962/962/962 963/963/963
f 950/950/950 957/957/957 960/960/960
f 957/957/957 950/950/950 951/951/951
f 931/931/931 951/951/951 950/950/950
f 960/960/960 949/949/949 950/950/950
f 949/949/949 960/960/960 961/961/961
f 950/950/950 933/933/933 931/931/931
f 933/933/933 950/950/950 949/949/949
f 933/933/933 932/932/932 931/931/931
f 932/932/932 933/933/933 934/934/934
f 933/933/933 949/949/949 948/948/948
f 948/948/948 934/934/934 933/933/933
f 961/961/961 948/948/948 949/949/949
f 963/963/963 964/964/964 961/961/961
f 948/948/948 961/961/961 964/964/964
f 964/964/964 963/963/963 965/965/965
f 1024/1024/1024 965/965/965 963/963/963
f 948/948/948 964/964/964 966/966/966
f 965/965/965 966/966/966 964/964/964
f 934/934/934 948/948/948 946/946/946
f 966/966/966 946/946/946 948/948/948
f 946/946/946 935/935/935 934/934/934
f 946/946/946 936/936/936 935/935/935
f 965/965/965 947/947/947 966/966/966
f 946/946/946 966/966/966 947/947/947
f 1024/1024/1024 967/967/967 965/965/965
f 947/947/947 965/965/965 967/967/967
f 936/936/936 946/946/946 945/945/945
f 946/946/946 947/947/947 945/945/945
f 967/967/967 1024/1024/1024 1023/1023/1023
f 1037/1037/1037 1023/1023/1023 1024/1024/1024
f 947/947/947 967/967/967 968/968/968
f 1023/1023/1023 968/968/968 967/967/967
f 969/969/969 945/945/945 947/947/947
f 968/968/968 969/969/969 947/947/947
f 936/936/936 945/945/945 944/944/944
f 944/944/944 943/943/943 936/936/936
f 945/945/945 969/969/969 971/971/971
f 971/971/971 944/944/944 945/945/945
f 969/969/969 968/968/968 970/970/970
f 970/970/970 971/971/971 969/969/969
f 968/968/968 1023/1023/1023 1022/1022/1022
f 1022/1022/1022 970/970/970 968/968/968
f 1023/1023/1023 1037/1037/1037 1039/1039/1039
f 1039/1039/1039 1022/1022/1022 1023/1023/1023
f 1041/1041/1041 1039/1039/1039 1037/1037/1037
f 970/970/970 1022/1022/1022 1011/1011/1011
f 1039/1039/1039 1011/1011/1011 1022/1022/1022
f 1041/1041/1041 1040/1040/1040 1039/1039/1039
f 1011/1011/1011 1039/1039/1039 1040/1040/1040
f 1040/1040/1040 1041/1041/1041 1044/1044/1044
f 1011/1011/1011 972/972/972 970/970/970
f 971/971/971 970/970/970 972/972/972
f 1044/1044/1044 1038/1038/1038 1040/1040/1040
f 1038/1038/1038 1044/1044/1044 1046/1046/1046
f 1046/1046/1046 1036/1036/1036 1038/1038/1038
f 1040/1040/1040 1021/1021/1021 1011/1011/1011
f 1021/1021/1021 1040/1040/1040 1038/1038/1038
f 1011/1011/1011 974/974/974 972/972/972
f 1021/1021/1021 974/974/974 1011/1011/1011
f 972/972/972 973/973/973 971/971/971
f 973/973/973 972/972/972 974/974/974
f 944/944/944 971/971/971 973/973/973
f 1021/1021/1021 975/975/975 974/974/974
f 973/973/973 974/974/974 975/975/975
f 1038/1038/1038 1020/1020/1020 1021/1021/1021
f 975/975/975 1021/1021/1021 1020/1020/1020
f 1020/1020/1020 1038/1038/1038 1036/1036/1036
f 973/973/973 977/977/977 944/944/944
f 943/943/943 944/944/944 977/977/977
f 977/977/977 997/997/997 943/943/943
f 975/975/975 976/976/976 973/973/973
f 977/977/977 973/973/973 976/976/976
f 997/997/997 977/977/977 981/981/981
f 976/976/976 981/981/981 977/977/977
f 981/981/981 993/993/993 997/997/997
f 976/976/976 975/975/975 978/978/978
f 1020/1020/1020 978/978/978 975/975/975
f 993/993/993 981/981/981 983/983/983
f 993/993/993 983/983/983 987/987/987
f 979/979/979 981/981/981 976/976/976
f 979/979/979 983/983/983 981/981/981
f 978/978/978 979/979/979 976/976/976
f 982/982/982 987/987/987 983/983/983
f 983/983/983 979/979/979 982/982/982
f 987/987/987 982/982/982 986/986/986
f 979/979/979 978/978/978 980/980/980
f 980/980/980 982/982/982 979/979/979
f 978/978/978 1020/1020/1020 1019/1019/1019
f 1019/1019/1019 980/980/980 978/978/978
f 1036/1036/1036 1019/1019/1019 1020/1020/1020
f 985/985/985 986/986/986 982/982/982
f 986/986/986 985/985/985 988/988/988
f 1017/1017/1017 988/988/988 985/985/985
f 1036/1036/1036 1018/1018/1018 1019/1019/1019
f 980/980/980 1019/1019/1019 1018/1018/1018
f 985/985/985 1018/1018/1018 1017/1017/1017
f 1018/1018/1018 1036/1036/1036 1033/1033/1033
f 1033/1033/1033 1017/1017/1017 1018/1018/1018
f 982/982/982 984/984/984 985/985/985
f 1018/1018/1018 985/985/985 984/984/984
f 982/982/982 980/980/980 984/984/984
f 1018/1018/1018 984/984/984 980/980/980
f 1079/1079/1079 1078/1078/1078 1077/1077/1077
f 1077/1077/1077 1081/1081/1081 1079/1079/1079
f 1078/1078/1078 1079/1079/1079 1080/1080/1080
f 1081/1081/1081 1077/1077/1077 1083/1083/1083
f 1078/1078/1078 1080/1080/1080 1082/1082/1082
f 1083/1083/1083 1087/1087/1087 1081/1081/1081
f 1082/1082/1082 1084/1084/1084 1078/1078/1078
f 1087/1087/1087 1083/1083/1083 1088/1088/1088
f 1084/1084/1084 1082/1082/1082 1085/1085/1085
f 1087/1087/1087 1088/1088/1088 1091/1091/1091
f 1085/1085/1085 1086/1086/1086 1084/1084/1084
f 1091/1091/1091 1092/1092/1092 1087/1087/1087
f 1086/1086/1086 1085/1085/1085 1089/1089/1089
f 1091/1091/1091 1095/1095/1095 1092/1092/1092
f 1089/1089/1089 1090/1090/1090 1086/1086/1086
f 1095/1095/1095 1091/1091/1091 1096/1096/1096
f 1089/1089/1089 1093/1093/1093 1090/1090/1090
f 1095/1095/1095 1096/1096/1096 1099/1099/1099
f 1093/1093/1093 1089/1089/1089 1094/1094/1094
f 1099/1099/1099 1100/1100/1100 1095/1095/1095
f 1094/1094/1094 1097/1097/1097 1093/1093/1093
f 1099/1099/1099 1098/1098/1098 1100/1100/1100
f 1098/1098/1098 1099/1099/1099 1097/1097/1097
f 1097/1097/1097 1094/1094/1094 1098/1098/1098
f 1100/1100/1100 1098/1098/1098 1109/1109/1109
f 1107/1107/1107 1098/1098/1098 1094/1094/1094
f 1109/1109/1109 1098/1098/1098 1108/1108/1108
f 1105/1105/1105 1098/1098/1098 1107/1107/1107
f 1108/1108/1108 1098/1098/1098 1106/1106/1106
f 1104/1104/1104 1098/1098/1098 1105/1105/1105
f 1106/1106/1106 1098/1098/1098 1103/1103/1103
f 1101/1101/1101 1098/1098/1098 1104/1104/1104
f 1103/1103/1103 1098/1098/1098 1102/1102/1102
f 1102/1102/1102 1098/1098/1098 1101/1101/1101
